2026-10-10T19:48:40.050452+00:00  INFO honk_core: honk-core v0.0.1.beta.82-253-gf65f0548 starting
2026-10-10T19:48:40.050468+00:00  INFO honk_core: Config: /root/honk-bench-abc-20261011/honk-lab.dae
2026-10-10T19:48:40.050471+00:00  INFO honk_core: Runtime data directory configured directory=/root/honk-bench-abc-20261011/state
2026-10-10T19:48:40.061613+00:00  INFO honk_core: Raised NOFILE rlimit to 524288 (hard=524288)
2026-10-10T19:48:40.067783+00:00 DEBUG rustls::webpki::anchors: add_parsable_certificates processed 121 valid and 0 invalid certs
2026-10-10T19:48:40.067790+00:00 DEBUG rustls_platform_verifier::verification::others: Loaded 121 CA root certificates from the system
2026-10-10T19:48:40.067994+00:00  INFO honk_core: Group 'proxy-hy2' resolved 1 node(s)
2026-10-10T19:48:40.067998+00:00  INFO honk_core: Group 'proxy-tuic' resolved 1 node(s)
2026-10-10T19:48:40.067999+00:00  INFO honk_core: Group 'proxy-ss2022' resolved 1 node(s)
2026-10-10T19:48:40.068000+00:00  INFO honk_core: Group 'proxy-trojan' resolved 1 node(s)
2026-10-10T19:48:40.068001+00:00  INFO honk_core: Group 'proxy-anytls-sb' resolved 1 node(s)
2026-10-10T19:48:40.068002+00:00  INFO honk_core: Group 'proxy-anytls-go' resolved 1 node(s)
2026-10-10T19:48:40.068003+00:00  INFO honk_core: Loaded 8 nodes, 6 groups, 7 routing rules
2026-10-10T19:48:40.068574+00:00  INFO honk_core: daens FD source: /proc/thread-self/ns/net -> net:[4026532290]
2026-10-10T19:48:40.069237+00:00  INFO honk_core: Created daens network namespace (FD-owned)
2026-10-10T19:48:40.069551+00:00  INFO honk_core: Created dae0/dae0peer link pair kind=Netkit
2026-10-10T19:48:40.070093+00:00  INFO honk_core: net.ipv4.conf.dae0.rp_filter = 0
2026-10-10T19:48:40.070102+00:00  INFO honk_core: net.ipv4.conf.dae0.accept_local = 1
2026-10-10T19:48:40.070179+00:00  INFO honk_core: dae0 link created before eBPF load (ifindex=1101)
2026-10-10T19:48:40.070181+00:00  INFO honk_core: Loading real eBPF backend from built-in object
2026-10-10T19:48:40.087964+00:00 DEBUG aya::bpf: BPF Feature Detection: Features {
    bpf_name: true,
    bpf_probe_read_kernel: true,
    bpf_perf_link: true,
    bpf_global_data: true,
    bpf_cookie: true,
    cpumap_prog_id: true,
    devmap_prog_id: true,
    btf: Some(
        BtfFeatures {
            btf_func: true,
            btf_func_global: true,
            btf_datasec: true,
            btf_datasec_zero: false,
            btf_float: true,
            btf_decl_tag: true,
            btf_type_tag: true,
            btf_enum64: true,
        },
    ),
}
2026-10-10T19:48:40.087998+00:00 DEBUG aya_obj::btf::btf: changing FUNC memcpy linkage to BTF_FUNC_STATIC
2026-10-10T19:48:40.087999+00:00 DEBUG aya_obj::btf::btf: changing FUNC memmove linkage to BTF_FUNC_STATIC
2026-10-10T19:48:40.088001+00:00 DEBUG aya_obj::btf::btf: changing FUNC memset linkage to BTF_FUNC_STATIC
2026-10-10T19:48:40.088004+00:00 DEBUG aya_obj::btf::btf: [DATASEC] .data: fixup size to 8
2026-10-10T19:48:40.088009+00:00 DEBUG aya_obj::btf::btf: [DATASEC] .data: VAR ROUTING_SLOT0_ERROR: fixup offset 0
2026-10-10T19:48:40.088010+00:00 DEBUG aya_obj::btf::btf: [DATASEC] .data: VAR ROUTING_SLOT1_ERROR: fixup offset 4
2026-10-10T19:48:40.088011+00:00 DEBUG aya_obj::btf::btf: [DATASEC] .maps: fixup size to 968
2026-10-10T19:48:40.088013+00:00 DEBUG aya_obj::btf::btf: [DATASEC] .maps: VAR EVENT_RINGBUF: fixup offset 0
2026-10-10T19:48:40.088014+00:00 DEBUG aya_obj::btf::btf: [DATASEC] .maps: VAR OUTBOUND_STATS: fixup offset 48
2026-10-10T19:48:40.088015+00:00 DEBUG aya_obj::btf::btf: [DATASEC] .maps: VAR LISTEN_SOCKET_MAP: fixup offset 88
2026-10-10T19:48:40.088016+00:00 DEBUG aya_obj::btf::btf: [DATASEC] .maps: VAR CLIENT_REPLY_TRACK: fixup offset 128
2026-10-10T19:48:40.088017+00:00 DEBUG aya_obj::btf::btf: [DATASEC] .maps: VAR UDP_DECISION_SCRATCH_MAP: fixup offset 168
2026-10-10T19:48:40.088018+00:00 DEBUG aya_obj::btf::btf: [DATASEC] .maps: VAR UDP_DECISION_SEQUENCE: fixup offset 208
2026-10-10T19:48:40.088019+00:00 DEBUG aya_obj::btf::btf: [DATASEC] .maps: VAR DATAPATH_FLAGS_MAP: fixup offset 248
2026-10-10T19:48:40.088026+00:00 DEBUG aya_obj::btf::btf: [DATASEC] .maps: VAR DATAPATH_STATE_MAP: fixup offset 288
2026-10-10T19:48:40.088027+00:00 DEBUG aya_obj::btf::btf: [DATASEC] .maps: VAR UDP_DECISION_INFLIGHT: fixup offset 328
2026-10-10T19:48:40.088028+00:00 DEBUG aya_obj::btf::btf: [DATASEC] .maps: VAR UDP_DECISION_EPOCH: fixup offset 368
2026-10-10T19:48:40.088029+00:00 DEBUG aya_obj::btf::btf: [DATASEC] .maps: VAR BPF_STATS_MAP: fixup offset 408
2026-10-10T19:48:40.088030+00:00 DEBUG aya_obj::btf::btf: [DATASEC] .maps: VAR ROUTING_POLICY_ROOT: fixup offset 448
2026-10-10T19:48:40.088031+00:00 DEBUG aya_obj::btf::btf: [DATASEC] .maps: VAR ROUTE_TRACE_SEQUENCE: fixup offset 488
2026-10-10T19:48:40.088032+00:00 DEBUG aya_obj::btf::btf: [DATASEC] .maps: VAR ROUTE_TRACE_MAP: fixup offset 528
2026-10-10T19:48:40.088033+00:00 DEBUG aya_obj::btf::btf: [DATASEC] .maps: VAR ROUTING_HANDOFF_MAP: fixup offset 568
2026-10-10T19:48:40.088034+00:00 DEBUG aya_obj::btf::btf: [DATASEC] .maps: VAR PKT_SCRATCH_KEY: fixup offset 608
2026-10-10T19:48:40.088036+00:00 DEBUG aya_obj::btf::btf: [DATASEC] .maps: VAR UDP_DECISION_RETIRE_FENCE: fixup offset 648
2026-10-10T19:48:40.088037+00:00 DEBUG aya_obj::btf::btf: [DATASEC] .maps: VAR COOKIE_PID_MAP: fixup offset 688
2026-10-10T19:48:40.088038+00:00 DEBUG aya_obj::btf::btf: [DATASEC] .maps: VAR OUTBOUND_CONNECTIVITY_MAP: fixup offset 728
2026-10-10T19:48:40.088039+00:00 DEBUG aya_obj::btf::btf: [DATASEC] .maps: VAR CONN_STATE_MAP: fixup offset 768
2026-10-10T19:48:40.088040+00:00 DEBUG aya_obj::btf::btf: [DATASEC] .maps: VAR REDIRECT_TRACK: fixup offset 808
2026-10-10T19:48:40.088041+00:00 DEBUG aya_obj::btf::btf: [DATASEC] .maps: VAR CONNTRACK_ARGS_MAP: fixup offset 848
2026-10-10T19:48:40.088042+00:00 DEBUG aya_obj::btf::btf: [DATASEC] .maps: VAR CONN_STATE_OCCUPANCY: fixup offset 888
2026-10-10T19:48:40.088043+00:00 DEBUG aya_obj::btf::btf: [DATASEC] .maps: VAR PARSE_CTX_MAP: fixup offset 928
2026-10-10T19:48:40.088044+00:00 DEBUG aya_obj::btf::btf: [DATASEC] .rodata: fixup size to 72
2026-10-10T19:48:40.088045+00:00 DEBUG aya_obj::btf::btf: [DATASEC] .rodata: VAR DAE0PEER_IFINDEX: fixup offset 0
2026-10-10T19:48:40.088046+00:00 DEBUG aya_obj::btf::btf: [DATASEC] .rodata: VAR MM_ARG_START_OFFSET: fixup offset 4
2026-10-10T19:48:40.088047+00:00 DEBUG aya_obj::btf::btf: [DATASEC] .rodata: VAR RECEIVE_OWNER_TGID: fixup offset 8
2026-10-10T19:48:40.088048+00:00 DEBUG aya_obj::btf::btf: [DATASEC] .rodata: VAR RECEIVE_SKB_MARK_OFFSET: fixup offset 12
2026-10-10T19:48:40.088049+00:00 DEBUG aya_obj::btf::btf: [DATASEC] .rodata: VAR RECEIVE_SKB_PRIORITY_OFFSET: fixup offset 16
2026-10-10T19:48:40.088050+00:00 DEBUG aya_obj::btf::btf: [DATASEC] .rodata: VAR RECEIVE_SOCK_COOKIE_OFFSET: fixup offset 20
2026-10-10T19:48:40.088051+00:00 DEBUG aya_obj::btf::btf: [DATASEC] .rodata: VAR TASK_MM_OFFSET: fixup offset 24
2026-10-10T19:48:40.088052+00:00 DEBUG aya_obj::btf::btf: [DATASEC] .rodata: VAR WAN_IFINDEX: fixup offset 28
2026-10-10T19:48:40.088053+00:00 DEBUG aya_obj::btf::btf: [DATASEC] .rodata: VAR PARAM: fixup offset 32
2026-10-10T19:48:40.088054+00:00 DEBUG aya_obj::btf::btf: [DATASEC] maps: fixup size to 28
2026-10-10T19:48:40.088055+00:00 DEBUG aya_obj::btf::btf: [DATASEC] maps: VAR RECEIVE_TRACE: fixup offset 0
2026-10-10T19:48:40.089783+00:00 DEBUG aya_obj::relocation: relocating map by section index 26, kind Data at insn 60 in section 2
2026-10-10T19:48:40.089792+00:00 DEBUG aya_obj::relocation: relocating map by section index 26, kind Data at insn 60 in section 2
2026-10-10T19:48:40.089796+00:00 DEBUG aya_obj::relocation: relocating map by symbol index Some(73), kind BtfMaps at insn 617 in section 2
2026-10-10T19:48:40.089799+00:00 DEBUG aya_obj::relocation: relocating map by symbol index Some(72), kind BtfMaps at insn 16 in section 2
2026-10-10T19:48:40.089801+00:00 DEBUG aya_obj::relocation: relocating map by symbol index Some(75), kind BtfMaps at insn 733 in section 2
2026-10-10T19:48:40.089802+00:00 DEBUG aya_obj::relocation: relocating map by symbol index Some(71), kind BtfMaps at insn 6 in section 2
2026-10-10T19:48:40.089806+00:00 DEBUG aya_obj::relocation: relocating map by symbol index Some(74), kind BtfMaps at insn 635 in section 2
2026-10-10T19:48:40.089808+00:00 DEBUG aya_obj::relocation: relocating map by symbol index Some(51), kind BtfMaps at insn 183 in section 2
2026-10-10T19:48:40.089810+00:00 DEBUG aya_obj::relocation: relocating map by symbol index Some(80), kind BtfMaps at insn 874 in section 2
2026-10-10T19:48:40.089811+00:00 DEBUG aya_obj::relocation: relocating map by symbol index Some(83), kind BtfMaps at insn 1990 in section 2
2026-10-10T19:48:40.089813+00:00 DEBUG aya_obj::relocation: relocating map by symbol index Some(85), kind BtfMaps at insn 1090 in section 2
2026-10-10T19:48:40.089814+00:00 DEBUG aya_obj::relocation: relocating map by symbol index Some(79), kind BtfMaps at insn 846 in section 2
2026-10-10T19:48:40.089815+00:00 DEBUG aya_obj::relocation: relocating map by symbol index Some(83), kind BtfMaps at insn 1854 in section 2
2026-10-10T19:48:40.089816+00:00 DEBUG aya_obj::relocation: relocating map by section index 24, kind Rodata at insn 2215 in section 2
2026-10-10T19:48:40.089817+00:00 DEBUG aya_obj::relocation: relocating map by symbol index Some(92), kind BtfMaps at insn 4135 in section 2
2026-10-10T19:48:40.089818+00:00 DEBUG aya_obj::relocation: relocating map by symbol index Some(82), kind BtfMaps at insn 2892 in section 2
2026-10-10T19:48:40.089820+00:00 DEBUG aya_obj::relocation: relocating map by symbol index Some(92), kind BtfMaps at insn 3431 in section 2
2026-10-10T19:48:40.089821+00:00 DEBUG aya_obj::relocation: relocating map by symbol index Some(74), kind BtfMaps at insn 3615 in section 2
2026-10-10T19:48:40.089822+00:00 DEBUG aya_obj::relocation: relocating map by symbol index Some(57), kind BtfMaps at insn 4605 in section 2
2026-10-10T19:48:40.089823+00:00 DEBUG aya_obj::relocation: relocating map by symbol index Some(82), kind BtfMaps at insn 1360 in section 2
2026-10-10T19:48:40.089824+00:00 DEBUG aya_obj::relocation: relocating map by symbol index Some(73), kind BtfMaps at insn 5351 in section 2
2026-10-10T19:48:40.089825+00:00 DEBUG aya_obj::relocation: relocating map by symbol index Some(86), kind BtfMaps at insn 1335 in section 2
2026-10-10T19:48:40.089826+00:00 DEBUG aya_obj::relocation: relocating map by symbol index Some(80), kind BtfMaps at insn 2610 in section 2
2026-10-10T19:48:40.089828+00:00 DEBUG aya_obj::relocation: relocating map by symbol index Some(91), kind BtfMaps at insn 5095 in section 2
2026-10-10T19:48:40.089829+00:00 DEBUG aya_obj::relocation: relocating map by section index 24, kind Rodata at insn 828 in section 2
2026-10-10T19:48:40.089830+00:00 DEBUG aya_obj::relocation: relocating map by symbol index Some(90), kind BtfMaps at insn 3208 in section 2
2026-10-10T19:48:40.089831+00:00 DEBUG aya_obj::relocation: relocating map by symbol index Some(83), kind BtfMaps at insn 989 in section 2
2026-10-10T19:48:40.089832+00:00 DEBUG aya_obj::relocation: relocating map by section index 24, kind Rodata at insn 3933 in section 2
2026-10-10T19:48:40.089833+00:00 DEBUG aya_obj::relocation: relocating map by symbol index Some(57), kind BtfMaps at insn 1663 in section 2
2026-10-10T19:48:40.089834+00:00 DEBUG aya_obj::relocation: relocating map by symbol index Some(87), kind BtfMaps at insn 4305 in section 2
2026-10-10T19:48:40.089836+00:00 DEBUG aya_obj::relocation: relocating map by symbol index Some(83), kind BtfMaps at insn 1934 in section 2
2026-10-10T19:48:40.089837+00:00 DEBUG aya_obj::relocation: relocating map by symbol index Some(57), kind BtfMaps at insn 3529 in section 2
2026-10-10T19:48:40.089838+00:00 DEBUG aya_obj::relocation: relocating map by symbol index Some(74), kind BtfMaps at insn 3162 in section 2
2026-10-10T19:48:40.089839+00:00 DEBUG aya_obj::relocation: relocating map by symbol index Some(92), kind BtfMaps at insn 3749 in section 2
2026-10-10T19:48:40.089840+00:00 DEBUG aya_obj::relocation: relocating map by section index 24, kind Rodata at insn 4624 in section 2
2026-10-10T19:48:40.089841+00:00 DEBUG aya_obj::relocation: relocating map by symbol index Some(81), kind BtfMaps at insn 2583 in section 2
2026-10-10T19:48:40.089843+00:00 DEBUG aya_obj::relocation: relocating map by symbol index Some(91), kind BtfMaps at insn 5122 in section 2
2026-10-10T19:48:40.089845+00:00 DEBUG aya_obj::relocation: relocating map by symbol index Some(87), kind BtfMaps at insn 5180 in section 2
2026-10-10T19:48:40.089846+00:00 DEBUG aya_obj::relocation: relocating map by symbol index Some(84), kind BtfMaps at insn 3899 in section 2
2026-10-10T19:48:40.089847+00:00 DEBUG aya_obj::relocation: relocating map by symbol index Some(92), kind BtfMaps at insn 5236 in section 2
2026-10-10T19:48:40.089848+00:00 DEBUG aya_obj::relocation: relocating map by symbol index Some(84), kind BtfMaps at insn 3072 in section 2
2026-10-10T19:48:40.089850+00:00 DEBUG aya_obj::relocation: relocating map by symbol index Some(75), kind BtfMaps at insn 4594 in section 2
2026-10-10T19:48:40.089851+00:00 DEBUG aya_obj::relocation: relocating map by symbol index Some(83), kind BtfMaps at insn 2333 in section 2
2026-10-10T19:48:40.089852+00:00 DEBUG aya_obj::relocation: relocating map by symbol index Some(91), kind BtfMaps at insn 4941 in section 2
2026-10-10T19:48:40.089853+00:00 DEBUG aya_obj::relocation: relocating map by symbol index Some(80), kind BtfMaps at insn 2817 in section 2
2026-10-10T19:48:40.089854+00:00 DEBUG aya_obj::relocation: relocating map by symbol index Some(75), kind BtfMaps at insn 4223 in section 2
2026-10-10T19:48:40.089856+00:00 DEBUG aya_obj::relocation: relocating map by section index 24, kind Rodata at insn 743 in section 2
2026-10-10T19:48:40.089857+00:00 DEBUG aya_obj::relocation: relocating map by symbol index Some(91), kind BtfMaps at insn 4245 in section 2
2026-10-10T19:48:40.089862+00:00 DEBUG aya_obj::relocation: relocating map by symbol index Some(81), kind BtfMaps at insn 823 in section 2
2026-10-10T19:48:40.089864+00:00 DEBUG aya_obj::relocation: relocating map by symbol index Some(79), kind BtfMaps at insn 2727 in section 2
2026-10-10T19:48:40.089865+00:00 DEBUG aya_obj::relocation: relocating map by symbol index Some(84), kind BtfMaps at insn 1842 in section 2
2026-10-10T19:48:40.089866+00:00 DEBUG aya_obj::relocation: relocating map by symbol index Some(82), kind BtfMaps at insn 1789 in section 2
2026-10-10T19:48:40.089867+00:00 DEBUG aya_obj::relocation: relocating map by section index 24, kind Rodata at insn 669 in section 2
2026-10-10T19:48:40.089868+00:00 DEBUG aya_obj::relocation: relocating map by symbol index Some(82), kind BtfMaps at insn 2879 in section 2
2026-10-10T19:48:40.089869+00:00 DEBUG aya_obj::relocation: relocating map by symbol index Some(92), kind BtfMaps at insn 4504 in section 2
2026-10-10T19:48:40.089870+00:00 DEBUG aya_obj::relocation: relocating map by symbol index Some(75), kind BtfMaps at insn 4919 in section 2
2026-10-10T19:48:40.089871+00:00 DEBUG aya_obj::relocation: relocating map by symbol index Some(73), kind BtfMaps at insn 4473 in section 2
2026-10-10T19:48:40.089873+00:00 DEBUG aya_obj::relocation: relocating map by symbol index Some(57), kind BtfMaps at insn 5190 in section 2
2026-10-10T19:48:40.089874+00:00 DEBUG aya_obj::relocation: relocating map by symbol index Some(84), kind BtfMaps at insn 2321 in section 2
2026-10-10T19:48:40.089875+00:00 DEBUG aya_obj::relocation: relocating map by section index 24, kind Rodata at insn 1029 in section 2
2026-10-10T19:48:40.089876+00:00 DEBUG aya_obj::relocation: relocating map by symbol index Some(82), kind BtfMaps at insn 1237 in section 2
2026-10-10T19:48:40.089877+00:00 DEBUG aya_obj::relocation: relocating map by symbol index Some(87), kind BtfMaps at insn 5000 in section 2
2026-10-10T19:48:40.089878+00:00 DEBUG aya_obj::relocation: relocating map by symbol index Some(78), kind BtfMaps at insn 7 in section 2
2026-10-10T19:48:40.089879+00:00 DEBUG aya_obj::relocation: relocating map by symbol index Some(57), kind BtfMaps at insn 5382 in section 2
2026-10-10T19:48:40.089880+00:00 DEBUG aya_obj::relocation: relocating map by symbol index Some(57), kind BtfMaps at insn 4328 in section 2
2026-10-10T19:48:40.089882+00:00 DEBUG aya_obj::relocation: relocating map by symbol index Some(80), kind BtfMaps at insn 2011 in section 2
2026-10-10T19:48:40.089883+00:00 DEBUG aya_obj::relocation: relocating map by symbol index Some(74), kind BtfMaps at insn 4403 in section 2
2026-10-10T19:48:40.089884+00:00 DEBUG aya_obj::relocation: relocating map by symbol index Some(80), kind BtfMaps at insn 1098 in section 2
2026-10-10T19:48:40.089886+00:00 DEBUG aya_obj::relocation: relocating map by symbol index Some(81), kind BtfMaps at insn 2513 in section 2
2026-10-10T19:48:40.089887+00:00 DEBUG aya_obj::relocation: relocating map by symbol index Some(73), kind BtfMaps at insn 4093 in section 2
2026-10-10T19:48:40.089888+00:00 DEBUG aya_obj::relocation: relocating map by symbol index Some(73), kind BtfMaps at insn 3814 in section 2
2026-10-10T19:48:40.089889+00:00 DEBUG aya_obj::relocation: relocating map by symbol index Some(87), kind BtfMaps at insn 4043 in section 2
2026-10-10T19:48:40.089890+00:00 DEBUG aya_obj::relocation: relocating map by symbol index Some(80), kind BtfMaps at insn 2884 in section 2
2026-10-10T19:48:40.089891+00:00 DEBUG aya_obj::relocation: relocating map by section index 24, kind Rodata at insn 4112 in section 2
2026-10-10T19:48:40.089892+00:00 DEBUG aya_obj::relocation: relocating map by symbol index Some(87), kind BtfMaps at insn 4737 in section 2
2026-10-10T19:48:40.089893+00:00 DEBUG aya_obj::relocation: relocating map by section index 24, kind Rodata at insn 4806 in section 2
2026-10-10T19:48:40.089895+00:00 DEBUG aya_obj::relocation: relocating map by symbol index Some(83), kind BtfMaps at insn 954 in section 2
2026-10-10T19:48:40.089896+00:00 DEBUG aya_obj::relocation: relocating map by symbol index Some(74), kind BtfMaps at insn 3250 in section 2
2026-10-10T19:48:40.089897+00:00 DEBUG aya_obj::relocation: relocating map by symbol index Some(85), kind BtfMaps at insn 1180 in section 2
2026-10-10T19:48:40.089898+00:00 DEBUG aya_obj::relocation: relocating map by section index 24, kind Rodata at insn 2098 in section 2
2026-10-10T19:48:40.089899+00:00 DEBUG aya_obj::relocation: relocating map by symbol index Some(80), kind BtfMaps at insn 2834 in section 2
2026-10-10T19:48:40.089900+00:00 DEBUG aya_obj::relocation: relocating map by symbol index Some(57), kind BtfMaps at insn 3538 in section 2
2026-10-10T19:48:40.089901+00:00 DEBUG aya_obj::relocation: relocating map by symbol index Some(80), kind BtfMaps at insn 2844 in section 2
2026-10-10T19:48:40.089902+00:00 DEBUG aya_obj::relocation: relocating map by symbol index Some(83), kind BtfMaps at insn 1833 in section 2
2026-10-10T19:48:40.089903+00:00 DEBUG aya_obj::relocation: relocating map by symbol index Some(88), kind BtfMaps at insn 1616 in section 2
2026-10-10T19:48:40.089905+00:00 DEBUG aya_obj::relocation: relocating map by section index 24, kind Rodata at insn 3868 in section 2
2026-10-10T19:48:40.089906+00:00 DEBUG aya_obj::relocation: relocating map by symbol index Some(75), kind BtfMaps at insn 3838 in section 2
2026-10-10T19:48:40.089907+00:00 DEBUG aya_obj::relocation: relocating map by symbol index Some(73), kind BtfMaps at insn 4896 in section 2
2026-10-10T19:48:40.089908+00:00 DEBUG aya_obj::relocation: relocating map by symbol index Some(80), kind BtfMaps at insn 2826 in section 2
2026-10-10T19:48:40.089909+00:00 DEBUG aya_obj::relocation: relocating map by symbol index Some(57), kind BtfMaps at insn 5010 in section 2
2026-10-10T19:48:40.089910+00:00 DEBUG aya_obj::relocation: relocating map by symbol index Some(87), kind BtfMaps at insn 2454 in section 2
2026-10-10T19:48:40.089911+00:00 DEBUG aya_obj::relocation: relocating map by symbol index Some(74), kind BtfMaps at insn 3730 in section 2
2026-10-10T19:48:40.089912+00:00 DEBUG aya_obj::relocation: relocating map by symbol index Some(84), kind BtfMaps at insn 2652 in section 2
2026-10-10T19:48:40.089913+00:00 DEBUG aya_obj::relocation: relocating map by symbol index Some(81), kind BtfMaps at insn 3052 in section 2
2026-10-10T19:48:40.089915+00:00 DEBUG aya_obj::relocation: relocating map by symbol index Some(74), kind BtfMaps at insn 3332 in section 2
2026-10-10T19:48:40.089925+00:00 DEBUG aya_obj::relocation: relocating map by symbol index Some(82), kind BtfMaps at insn 2619 in section 2
2026-10-10T19:48:40.089926+00:00 DEBUG aya_obj::relocation: relocating map by symbol index Some(90), kind BtfMaps at insn 3304 in section 2
2026-10-10T19:48:40.089927+00:00 DEBUG aya_obj::relocation: relocating map by symbol index Some(88), kind BtfMaps at insn 2193 in section 2
2026-10-10T19:48:40.089928+00:00 DEBUG aya_obj::relocation: relocating map by symbol index Some(80), kind BtfMaps at insn 2485 in section 2
2026-10-10T19:48:40.089929+00:00 DEBUG aya_obj::relocation: relocating map by symbol index Some(80), kind BtfMaps at insn 2601 in section 2
2026-10-10T19:48:40.089931+00:00 DEBUG aya_obj::relocation: relocating map by symbol index Some(57), kind BtfMaps at insn 5019 in section 2
2026-10-10T19:48:40.089932+00:00 DEBUG aya_obj::relocation: relocating map by symbol index Some(73), kind BtfMaps at insn 3496 in section 2
2026-10-10T19:48:40.089933+00:00 DEBUG aya_obj::relocation: relocating map by symbol index Some(75), kind BtfMaps at insn 5323 in section 2
2026-10-10T19:48:40.089934+00:00 DEBUG aya_obj::relocation: relocating map by symbol index Some(83), kind BtfMaps at insn 2373 in section 2
2026-10-10T19:48:40.089935+00:00 DEBUG aya_obj::relocation: relocating map by symbol index Some(89), kind BtfMaps at insn 1750 in section 2
2026-10-10T19:48:40.089936+00:00 DEBUG aya_obj::relocation: relocating map by symbol index Some(82), kind BtfMaps at insn 2853 in section 2
2026-10-10T19:48:40.089937+00:00 DEBUG aya_obj::relocation: relocating map by symbol index Some(57), kind BtfMaps at insn 5028 in section 2
2026-10-10T19:48:40.089938+00:00 DEBUG aya_obj::relocation: relocating map by symbol index Some(80), kind BtfMaps at insn 1781 in section 2
2026-10-10T19:48:40.089939+00:00 DEBUG aya_obj::relocation: relocating map by symbol index Some(74), kind BtfMaps at insn 2234 in section 2
2026-10-10T19:48:40.089940+00:00 DEBUG aya_obj::relocation: relocating map by symbol index Some(84), kind BtfMaps at insn 1807 in section 2
2026-10-10T19:48:40.089942+00:00 DEBUG aya_obj::relocation: relocating map by symbol index Some(73), kind BtfMaps at insn 5300 in section 2
2026-10-10T19:48:40.089943+00:00 DEBUG aya_obj::relocation: relocating map by symbol index Some(74), kind BtfMaps at insn 3992 in section 2
2026-10-10T19:48:40.089944+00:00 DEBUG aya_obj::relocation: relocating map by symbol index Some(80), kind BtfMaps at insn 1342 in section 2
2026-10-10T19:48:40.089945+00:00 DEBUG aya_obj::relocation: relocating map by symbol index Some(80), kind BtfMaps at insn 1757 in section 2
2026-10-10T19:48:40.089946+00:00 DEBUG aya_obj::relocation: relocating map by section index 24, kind Rodata at insn 5406 in section 2
2026-10-10T19:48:40.089947+00:00 DEBUG aya_obj::relocation: relocating map by symbol index Some(73), kind BtfMaps at insn 4787 in section 2
2026-10-10T19:48:40.089948+00:00 DEBUG aya_obj::relocation: relocating map by symbol index Some(71), kind BtfMaps at insn 22 in section 2
2026-10-10T19:48:40.089950+00:00 DEBUG aya_obj::relocation: relocating map by symbol index Some(83), kind BtfMaps at insn 1955 in section 2
2026-10-10T19:48:40.089951+00:00 DEBUG aya_obj::relocation: relocating map by symbol index Some(85), kind BtfMaps at insn 2477 in section 2
2026-10-10T19:48:40.089952+00:00 DEBUG aya_obj::relocation: relocating map by symbol index Some(92), kind BtfMaps at insn 4832 in section 2
2026-10-10T19:48:40.089953+00:00 DEBUG aya_obj::relocation: relocating map by symbol index Some(57), kind BtfMaps at insn 3849 in section 2
2026-10-10T19:48:40.089954+00:00 DEBUG aya_obj::relocation: relocating map by symbol index Some(83), kind BtfMaps at insn 2350 in section 2
2026-10-10T19:48:40.089955+00:00 DEBUG aya_obj::relocation: relocating map by symbol index Some(84), kind BtfMaps at insn 4358 in section 2
2026-10-10T19:48:40.089957+00:00 DEBUG aya_obj::relocation: relocating map by symbol index Some(84), kind BtfMaps at insn 1943 in section 2
2026-10-10T19:48:40.089959+00:00 DEBUG aya_obj::relocation: relocating map by symbol index Some(57), kind BtfMaps at insn 4614 in section 2
2026-10-10T19:48:40.089960+00:00 DEBUG aya_obj::relocation: relocating map by section index 24, kind Rodata at insn 922 in section 2
2026-10-10T19:48:40.089961+00:00 DEBUG aya_obj::relocation: relocating map by symbol index Some(84), kind BtfMaps at insn 2361 in section 2
2026-10-10T19:48:40.089962+00:00 DEBUG aya_obj::relocation: relocating map by symbol index Some(90), kind BtfMaps at insn 2267 in section 2
2026-10-10T19:48:40.089963+00:00 DEBUG aya_obj::relocation: relocating map by symbol index Some(83), kind BtfMaps at insn 1010 in section 2
2026-10-10T19:48:40.089964+00:00 DEBUG aya_obj::relocation: relocating map by symbol index Some(82), kind BtfMaps at insn 2020 in section 2
2026-10-10T19:48:40.089965+00:00 DEBUG aya_obj::relocation: relocating map by symbol index Some(83), kind BtfMaps at insn 1798 in section 2
2026-10-10T19:48:40.089966+00:00 DEBUG aya_obj::relocation: relocating map by symbol index Some(80), kind BtfMaps at insn 796 in section 2
2026-10-10T19:48:40.089968+00:00 DEBUG aya_obj::relocation: relocating map by symbol index Some(74), kind BtfMaps at insn 2400 in section 2
2026-10-10T19:48:40.089969+00:00 DEBUG aya_obj::relocation: relocating map by symbol index Some(57), kind BtfMaps at insn 3858 in section 2
2026-10-10T19:48:40.089970+00:00 DEBUG aya_obj::relocation: relocating map by symbol index Some(73), kind BtfMaps at insn 3400 in section 2
2026-10-10T19:48:40.089971+00:00 DEBUG aya_obj::relocation: relocating map by symbol index Some(91), kind BtfMaps at insn 2683 in section 2
2026-10-10T19:48:40.089972+00:00 DEBUG aya_obj::relocation: relocating map by symbol index Some(83), kind BtfMaps at insn 2310 in section 2
2026-10-10T19:48:40.089973+00:00 DEBUG aya_obj::relocation: relocating map by symbol index Some(87), kind BtfMaps at insn 1592 in section 2
2026-10-10T19:48:40.089974+00:00 DEBUG aya_obj::relocation: relocating map by symbol index Some(74), kind BtfMaps at insn 4686 in section 2
2026-10-10T19:48:40.089975+00:00 DEBUG aya_obj::relocation: relocating map by symbol index Some(84), kind BtfMaps at insn 963 in section 2
2026-10-10T19:48:40.089976+00:00 DEBUG aya_obj::relocation: relocating map by symbol index Some(73), kind BtfMaps at insn 4570 in section 2
2026-10-10T19:48:40.089977+00:00 DEBUG aya_obj::relocation: relocating map by symbol index Some(84), kind BtfMaps at insn 998 in section 2
2026-10-10T19:48:40.089979+00:00 DEBUG aya_obj::relocation: relocating map by symbol index Some(80), kind BtfMaps at insn 2861 in section 2
2026-10-10T19:48:40.089980+00:00 DEBUG aya_obj::relocation: relocating map by symbol index Some(80), kind BtfMaps at insn 1653 in section 2
2026-10-10T19:48:40.089981+00:00 DEBUG aya_obj::relocation: relocating map by symbol index Some(80), kind BtfMaps at insn 2870 in section 2
2026-10-10T19:48:40.089982+00:00 DEBUG aya_obj::relocation: relocating map by symbol index Some(81), kind BtfMaps at insn 1137 in section 2
2026-10-10T19:48:40.089983+00:00 DEBUG aya_obj::relocation: relocating map by symbol index Some(81), kind BtfMaps at insn 2905 in section 2
2026-10-10T19:48:40.089984+00:00 DEBUG aya_obj::relocation: relocating map by symbol index Some(57), kind BtfMaps at insn 4340 in section 2
2026-10-10T19:48:40.089985+00:00 DEBUG aya_obj::relocation: relocating map by symbol index Some(73), kind BtfMaps at insn 4200 in section 2
2026-10-10T19:48:40.089986+00:00 DEBUG aya_obj::relocation: relocating map by symbol index Some(82), kind BtfMaps at insn 882 in section 2
2026-10-10T19:48:40.089987+00:00 DEBUG aya_obj::relocation: relocating map by symbol index Some(83), kind BtfMaps at insn 1819 in section 2
2026-10-10T19:48:40.089988+00:00 DEBUG aya_obj::relocation: relocating map by symbol index Some(90), kind BtfMaps at insn 3122 in section 2
2026-10-10T19:48:40.089989+00:00 DEBUG aya_obj::relocation: relocating map by symbol index Some(80), kind BtfMaps at insn 1228 in section 2
2026-10-10T19:48:40.089991+00:00 DEBUG aya_obj::relocation: relocating map by symbol index Some(80), kind BtfMaps at insn 2002 in section 2
2026-10-10T19:48:40.089992+00:00 DEBUG aya_obj::relocation: relocating map by symbol index Some(83), kind BtfMaps at insn 1969 in section 2
2026-10-10T19:48:40.089993+00:00 DEBUG aya_obj::relocation: relocating map by symbol index Some(73), kind BtfMaps at insn 3685 in section 2
2026-10-10T19:48:40.089994+00:00 DEBUG aya_obj::relocation: relocating map by symbol index Some(84), kind BtfMaps at insn 2472 in section 2
2026-10-10T19:48:40.089996+00:00 DEBUG aya_obj::relocation: relocating map by symbol index Some(79), kind BtfMaps at insn 704 in section 2
2026-10-10T19:48:40.089997+00:00 DEBUG aya_obj::relocation: relocating map by symbol index Some(57), kind BtfMaps at insn 4315 in section 2
2026-10-10T19:48:40.089998+00:00 DEBUG aya_obj::relocation: relocating map by symbol index Some(74), kind BtfMaps at insn 3269 in section 2
2026-10-10T19:48:40.089999+00:00 DEBUG aya_obj::relocation: relocating map by symbol index Some(72), kind BtfMaps at insn 33 in section 2
2026-10-10T19:48:40.090000+00:00 DEBUG aya_obj::relocation: relocating map by symbol index Some(80), kind BtfMaps at insn 2542 in section 2
2026-10-10T19:48:40.090001+00:00 DEBUG aya_obj::relocation: relocating map by symbol index Some(84), kind BtfMaps at insn 1978 in section 2
2026-10-10T19:48:40.090002+00:00 DEBUG aya_obj::relocation: relocating map by symbol index Some(80), kind BtfMaps at insn 1351 in section 2
2026-10-10T19:48:40.090004+00:00 DEBUG aya_obj::relocation: relocating map by symbol index Some(74), kind BtfMaps at insn 3579 in section 2
2026-10-10T19:48:40.090005+00:00 DEBUG aya_obj::relocation: relocating map by symbol index Some(92), kind BtfMaps at insn 2785 in section 2
2026-10-10T19:48:40.090006+00:00 DEBUG aya_obj::relocation: relocating map by symbol index Some(82), kind BtfMaps at insn 2550 in section 2
2026-10-10T19:48:40.090007+00:00 DEBUG aya_obj::relocation: relocating map by symbol index Some(83), kind BtfMaps at insn 975 in section 2
2026-10-10T19:48:40.090008+00:00 DEBUG aya_obj::relocation: relocating map by symbol index Some(75), kind BtfMaps at insn 3518 in section 2
2026-10-10T19:48:40.090009+00:00 DEBUG aya_obj::relocation: relocating map by symbol index Some(57), kind BtfMaps at insn 5391 in section 2
2026-10-10T19:48:40.090010+00:00 DEBUG aya_obj::relocation: relocating map by symbol index Some(80), kind BtfMaps at insn 6 in section 2
2026-10-10T19:48:40.090012+00:00 DEBUG aya_obj::relocation: relocating map by symbol index Some(82), kind BtfMaps at insn 409 in section 2
2026-10-10T19:48:40.090013+00:00 DEBUG aya_obj::relocation: relocating map by symbol index Some(89), kind BtfMaps at insn 399 in section 2
2026-10-10T19:48:40.090014+00:00 DEBUG aya_obj::relocation: relocating map by symbol index Some(57), kind BtfMaps at insn 294 in section 2
2026-10-10T19:48:40.090016+00:00 DEBUG aya_obj::relocation: relocating map by symbol index Some(80), kind BtfMaps at insn 284 in section 2
2026-10-10T19:48:40.090017+00:00 DEBUG aya_obj::relocation: relocating map by symbol index Some(80), kind BtfMaps at insn 421 in section 2
2026-10-10T19:48:40.090018+00:00 DEBUG aya_obj::relocation: relocating map by symbol index Some(82), kind BtfMaps at insn 131 in section 2
2026-10-10T19:48:40.090019+00:00 DEBUG aya_obj::relocation: relocating map by symbol index Some(82), kind BtfMaps at insn 429 in section 2
2026-10-10T19:48:40.090020+00:00 DEBUG aya_obj::relocation: relocating map by symbol index Some(80), kind BtfMaps at insn 416 in section 2
2026-10-10T19:48:40.090022+00:00 DEBUG aya_obj::relocation: relocating map by symbol index Some(80), kind BtfMaps at insn 123 in section 2
2026-10-10T19:48:40.090025+00:00 DEBUG aya_obj::relocation: relocating map by symbol index Some(87), kind BtfMaps at insn 627 in section 2
2026-10-10T19:48:40.090026+00:00 DEBUG aya_obj::relocation: relocating map by symbol index Some(91), kind BtfMaps at insn 224 in section 2
2026-10-10T19:48:40.090027+00:00 DEBUG aya_obj::relocation: relocating map by symbol index Some(92), kind BtfMaps at insn 9 in section 2
2026-10-10T19:48:40.090029+00:00 DEBUG aya_obj::relocation: relocating map by symbol index Some(80), kind BtfMaps at insn 721 in section 2
2026-10-10T19:48:40.090030+00:00 DEBUG aya_obj::relocation: relocating map by symbol index Some(87), kind BtfMaps at insn 474 in section 2
2026-10-10T19:48:40.090032+00:00 DEBUG aya_obj::relocation: relocating map by symbol index Some(87), kind BtfMaps at insn 484 in section 2
2026-10-10T19:48:40.090033+00:00 DEBUG aya_obj::relocation: relocating map by symbol index Some(80), kind BtfMaps at insn 146 in section 2
2026-10-10T19:48:40.090034+00:00 DEBUG aya_obj::relocation: relocating map by symbol index Some(80), kind BtfMaps at insn 711 in section 2
2026-10-10T19:48:40.090035+00:00 DEBUG aya_obj::relocation: relocating map by symbol index Some(80), kind BtfMaps at insn 567 in section 2
2026-10-10T19:48:40.090036+00:00 DEBUG aya_obj::relocation: relocating map by symbol index Some(87), kind BtfMaps at insn 456 in section 2
2026-10-10T19:48:40.090037+00:00 DEBUG aya_obj::relocation: relocating map by symbol index Some(88), kind BtfMaps at insn 181 in section 2
2026-10-10T19:48:40.090038+00:00 DEBUG aya_obj::relocation: relocating map by symbol index Some(73), kind BtfMaps at insn 707 in section 2
2026-10-10T19:48:40.090040+00:00 DEBUG aya_obj::relocation: relocating map by symbol index Some(82), kind BtfMaps at insn 34 in section 2
2026-10-10T19:48:40.090041+00:00 DEBUG aya_obj::relocation: relocating map by symbol index Some(80), kind BtfMaps at insn 620 in section 2
2026-10-10T19:48:40.090042+00:00 DEBUG aya_obj::relocation: relocating map by symbol index Some(87), kind BtfMaps at insn 637 in section 2
2026-10-10T19:48:40.090043+00:00 DEBUG aya_obj::relocation: relocating map by symbol index Some(80), kind BtfMaps at insn 348 in section 2
2026-10-10T19:48:40.090044+00:00 DEBUG aya_obj::relocation: relocating map by symbol index Some(80), kind BtfMaps at insn 136 in section 2
2026-10-10T19:48:40.090045+00:00 DEBUG aya_obj::relocation: relocating map by symbol index Some(73), kind BtfMaps at insn 553 in section 2
2026-10-10T19:48:40.090046+00:00 DEBUG aya_obj::relocation: relocating map by symbol index Some(80), kind BtfMaps at insn 357 in section 2
2026-10-10T19:48:40.090047+00:00 DEBUG aya_obj::relocation: relocating map by symbol index Some(82), kind BtfMaps at insn 366 in section 2
2026-10-10T19:48:40.090048+00:00 DEBUG aya_obj::relocation: relocating map by symbol index Some(89), kind BtfMaps at insn 128 in section 2
2026-10-10T19:48:40.090050+00:00 DEBUG aya_obj::relocation: relocating map by symbol index Some(82), kind BtfMaps at insn 576 in section 2
2026-10-10T19:48:40.090051+00:00 DEBUG aya_obj::relocation: relocating map by symbol index Some(80), kind BtfMaps at insn 25 in section 2
2026-10-10T19:48:40.090052+00:00 DEBUG aya_obj::relocation: relocating map by symbol index Some(93), kind BtfMaps at insn 54 in section 2
2026-10-10T19:48:40.090053+00:00 DEBUG aya_obj::relocation: relocating map by symbol index Some(73), kind BtfMaps at insn 522 in section 2
2026-10-10T19:48:40.090054+00:00 DEBUG aya_obj::relocation: relocating map by symbol index Some(82), kind BtfMaps at insn 155 in section 2
2026-10-10T19:48:40.090055+00:00 DEBUG aya_obj::relocation: relocating map by symbol index Some(80), kind BtfMaps at insn 557 in section 2
2026-10-10T19:48:40.090056+00:00 DEBUG aya_obj::relocation: relocating map by symbol index Some(73), kind BtfMaps at insn 676 in section 2
2026-10-10T19:48:40.090057+00:00 DEBUG aya_obj::relocation: relocating map by symbol index Some(57), kind BtfMaps at insn 341 in section 2
2026-10-10T19:48:40.090058+00:00 DEBUG aya_obj::relocation: relocating map by symbol index Some(80), kind BtfMaps at insn 15 in section 2
2026-10-10T19:48:40.090060+00:00 DEBUG aya_obj::relocation: relocating map by symbol index Some(57), kind BtfMaps at insn 466 in section 2
2026-10-10T19:48:40.090061+00:00 DEBUG aya_obj::relocation: relocating map by symbol index Some(75), kind BtfMaps at insn 387 in section 2
2026-10-10T19:48:40.090062+00:00 DEBUG aya_obj::relocation: relocating map by symbol index Some(80), kind BtfMaps at insn 611 in section 2
2026-10-10T19:48:40.090064+00:00 DEBUG aya_obj::relocation: relocating map by symbol index Some(82), kind BtfMaps at insn 730 in section 2
2026-10-10T19:48:40.090065+00:00 DEBUG aya_obj::relocation: relocating map by symbol index Some(73), kind BtfMaps at insn 332 in section 2
2026-10-10T19:48:40.090066+00:00 DEBUG aya_obj::relocation: relocating map by symbol index Some(57), kind BtfMaps at insn 272 in section 2
2026-10-10T19:48:40.090067+00:00 DEBUG aya_obj::relocation: relocating map by symbol index Some(80), kind BtfMaps at insn 6 in section 2
2026-10-10T19:48:40.090069+00:00 DEBUG aya_obj::relocation: relocating map by symbol index Some(80), kind BtfMaps at insn 110 in section 2
2026-10-10T19:48:40.090070+00:00 DEBUG aya_obj::relocation: relocating map by symbol index Some(89), kind BtfMaps at insn 378 in section 2
2026-10-10T19:48:40.090071+00:00 DEBUG aya_obj::relocation: relocating map by symbol index Some(82), kind BtfMaps at insn 387 in section 2
2026-10-10T19:48:40.090073+00:00 DEBUG aya_obj::relocation: relocating map by symbol index Some(80), kind BtfMaps at insn 263 in section 2
2026-10-10T19:48:40.090074+00:00 DEBUG aya_obj::relocation: relocating map by symbol index Some(80), kind BtfMaps at insn 394 in section 2
2026-10-10T19:48:40.090075+00:00 DEBUG aya_obj::relocation: relocating map by symbol index Some(82), kind BtfMaps at insn 118 in section 2
2026-10-10T19:48:40.090077+00:00 DEBUG aya_obj::relocation: relocating map by symbol index Some(79), kind BtfMaps at insn 746 in section 2
2026-10-10T19:48:40.090078+00:00 DEBUG aya_obj::relocation: relocating map by symbol index Some(71), kind BtfMaps at insn 7 in section 2
2026-10-10T19:48:40.090079+00:00 DEBUG aya_obj::relocation: relocating map by symbol index Some(79), kind BtfMaps at insn 783 in section 2
2026-10-10T19:48:40.090081+00:00 DEBUG aya_obj::relocation: relocating map by symbol index Some(72), kind BtfMaps at insn 17 in section 2
2026-10-10T19:48:40.090083+00:00 DEBUG aya_obj::relocation: relocating map by symbol index Some(80), kind BtfMaps at insn 872 in section 2
2026-10-10T19:48:40.090084+00:00 DEBUG aya_obj::relocation: relocating map by symbol index Some(82), kind BtfMaps at insn 879 in section 2
2026-10-10T19:48:40.090086+00:00 DEBUG aya_obj::relocation: relocating map by symbol index Some(71), kind BtfMaps at insn 7 in section 2
2026-10-10T19:48:40.090087+00:00 DEBUG aya_obj::relocation: relocating map by section index 24, kind Rodata at insn 813 in section 2
2026-10-10T19:48:40.090088+00:00 DEBUG aya_obj::relocation: relocating map by symbol index Some(79), kind BtfMaps at insn 714 in section 2
2026-10-10T19:48:40.090089+00:00 DEBUG aya_obj::relocation: relocating map by symbol index Some(72), kind BtfMaps at insn 18 in section 2
2026-10-10T19:48:40.090091+00:00 DEBUG aya_obj::relocation: relocating map by symbol index Some(80), kind BtfMaps at insn 856 in section 2
2026-10-10T19:48:40.090092+00:00 DEBUG aya_obj::relocation: relocating map by symbol index Some(79), kind BtfMaps at insn 833 in section 2
2026-10-10T19:48:40.090093+00:00 DEBUG aya_obj::relocation: relocating map by section index 24, kind Rodata at insn 9 in section 4
2026-10-10T19:48:40.090094+00:00 DEBUG aya_obj::relocation: relocating map by symbol index Some(43), kind Maps at insn 24 in section 4
2026-10-10T19:48:40.090096+00:00 DEBUG aya_obj::relocation: relocating map by section index 24, kind Rodata at insn 4 in section 4
2026-10-10T19:48:40.090097+00:00 DEBUG aya_obj::relocation: relocating map by section index 24, kind Rodata at insn 9 in section 4
2026-10-10T19:48:40.090098+00:00 DEBUG aya_obj::relocation: relocating map by section index 24, kind Rodata at insn 4 in section 4
2026-10-10T19:48:40.090099+00:00 DEBUG aya_obj::relocation: relocating map by symbol index Some(43), kind Maps at insn 24 in section 4
2026-10-10T19:48:40.090100+00:00 DEBUG aya_obj::relocation: relocating map by section index 24, kind Rodata at insn 15 in section 6
2026-10-10T19:48:40.090104+00:00 DEBUG aya_obj::relocation: relocating map by section index 24, kind Rodata at insn 20 in section 6
2026-10-10T19:48:40.090105+00:00 DEBUG aya_obj::relocation: relocating map by symbol index Some(43), kind Maps at insn 35 in section 6
2026-10-10T19:48:40.090107+00:00 DEBUG aya_obj::relocation: relocating map by section index 24, kind Rodata at insn 59 in section 6
2026-10-10T19:48:40.090108+00:00 DEBUG aya_obj::relocation: relocating map by section index 24, kind Rodata at insn 4 in section 6
2026-10-10T19:48:40.090109+00:00 DEBUG aya_obj::relocation: relocating map by section index 24, kind Rodata at insn 9 in section 6
2026-10-10T19:48:40.090110+00:00 DEBUG aya_obj::relocation: relocating map by section index 24, kind Rodata at insn 69 in section 6
2026-10-10T19:48:40.090111+00:00 DEBUG aya_obj::relocation: relocating map by symbol index Some(43), kind Maps at insn 24 in section 6
2026-10-10T19:48:40.090112+00:00 DEBUG aya_obj::relocation: relocating map by section index 24, kind Rodata at insn 20 in section 6
2026-10-10T19:48:40.090113+00:00 DEBUG aya_obj::relocation: relocating map by symbol index Some(43), kind Maps at insn 35 in section 6
2026-10-10T19:48:40.090114+00:00 DEBUG aya_obj::relocation: relocating map by section index 24, kind Rodata at insn 15 in section 6
2026-10-10T19:48:40.090115+00:00 DEBUG aya_obj::relocation: relocating map by symbol index Some(51), kind BtfMaps at insn 22 in section 8
2026-10-10T19:48:40.090117+00:00 DEBUG aya_obj::relocation: relocating map by section index 24, kind Rodata at insn 32 in section 10
2026-10-10T19:48:40.090118+00:00 DEBUG aya_obj::relocation: relocating map by symbol index Some(53), kind BtfMaps at insn 121 in section 10
2026-10-10T19:48:40.090119+00:00 DEBUG aya_obj::relocation: relocating map by section index 24, kind Rodata at insn 63 in section 10
2026-10-10T19:48:40.090120+00:00 DEBUG aya_obj::relocation: relocating map by symbol index Some(53), kind BtfMaps at insn 158 in section 10
2026-10-10T19:48:40.090121+00:00 DEBUG aya_obj::relocation: relocating map by symbol index Some(53), kind BtfMaps at insn 6 in section 10
2026-10-10T19:48:40.090122+00:00 DEBUG aya_obj::relocation: relocating map by section index 24, kind Rodata at insn 49 in section 10
2026-10-10T19:48:40.090124+00:00 DEBUG aya_obj::relocation: relocating map by symbol index Some(57), kind BtfMaps at insn 167 in section 10
2026-10-10T19:48:40.090125+00:00 DEBUG aya_obj::relocation: relocating map by symbol index Some(57), kind BtfMaps at insn 97 in section 10
2026-10-10T19:48:40.090126+00:00 DEBUG aya_obj::relocation: relocating map by symbol index Some(53), kind BtfMaps at insn 52 in section 10
2026-10-10T19:48:40.090127+00:00 DEBUG aya_obj::relocation: relocating map by symbol index Some(53), kind BtfMaps at insn 88 in section 10
2026-10-10T19:48:40.090128+00:00 DEBUG aya_obj::relocation: relocating map by symbol index Some(53), kind BtfMaps at insn 6 in section 10
2026-10-10T19:48:40.090130+00:00 DEBUG aya_obj::relocation: relocating map by symbol index Some(53), kind BtfMaps at insn 158 in section 12
2026-10-10T19:48:40.090131+00:00 DEBUG aya_obj::relocation: relocating map by symbol index Some(57), kind BtfMaps at insn 167 in section 12
2026-10-10T19:48:40.090132+00:00 DEBUG aya_obj::relocation: relocating map by symbol index Some(53), kind BtfMaps at insn 121 in section 12
2026-10-10T19:48:40.090133+00:00 DEBUG aya_obj::relocation: relocating map by symbol index Some(53), kind BtfMaps at insn 6 in section 12
2026-10-10T19:48:40.090134+00:00 DEBUG aya_obj::relocation: relocating map by section index 24, kind Rodata at insn 32 in section 12
2026-10-10T19:48:40.090135+00:00 DEBUG aya_obj::relocation: relocating map by section index 24, kind Rodata at insn 49 in section 12
2026-10-10T19:48:40.090136+00:00 DEBUG aya_obj::relocation: relocating map by section index 24, kind Rodata at insn 63 in section 12
2026-10-10T19:48:40.090137+00:00 DEBUG aya_obj::relocation: relocating map by symbol index Some(53), kind BtfMaps at insn 52 in section 12
2026-10-10T19:48:40.090139+00:00 DEBUG aya_obj::relocation: relocating map by symbol index Some(53), kind BtfMaps at insn 6 in section 12
2026-10-10T19:48:40.090141+00:00 DEBUG aya_obj::relocation: relocating map by symbol index Some(53), kind BtfMaps at insn 88 in section 12
2026-10-10T19:48:40.090142+00:00 DEBUG aya_obj::relocation: relocating map by symbol index Some(57), kind BtfMaps at insn 97 in section 12
2026-10-10T19:48:40.090143+00:00 DEBUG aya_obj::relocation: relocating map by symbol index Some(53), kind BtfMaps at insn 158 in section 14
2026-10-10T19:48:40.090144+00:00 DEBUG aya_obj::relocation: relocating map by symbol index Some(53), kind BtfMaps at insn 121 in section 14
2026-10-10T19:48:40.090145+00:00 DEBUG aya_obj::relocation: relocating map by section index 24, kind Rodata at insn 32 in section 14
2026-10-10T19:48:40.090147+00:00 DEBUG aya_obj::relocation: relocating map by symbol index Some(53), kind BtfMaps at insn 6 in section 14
2026-10-10T19:48:40.090148+00:00 DEBUG aya_obj::relocation: relocating map by section index 24, kind Rodata at insn 49 in section 14
2026-10-10T19:48:40.090149+00:00 DEBUG aya_obj::relocation: relocating map by section index 24, kind Rodata at insn 63 in section 14
2026-10-10T19:48:40.090150+00:00 DEBUG aya_obj::relocation: relocating map by symbol index Some(57), kind BtfMaps at insn 167 in section 14
2026-10-10T19:48:40.090151+00:00 DEBUG aya_obj::relocation: relocating map by symbol index Some(53), kind BtfMaps at insn 52 in section 14
2026-10-10T19:48:40.090152+00:00 DEBUG aya_obj::relocation: relocating map by symbol index Some(53), kind BtfMaps at insn 6 in section 14
2026-10-10T19:48:40.090153+00:00 DEBUG aya_obj::relocation: relocating map by symbol index Some(53), kind BtfMaps at insn 88 in section 14
2026-10-10T19:48:40.090154+00:00 DEBUG aya_obj::relocation: relocating map by symbol index Some(57), kind BtfMaps at insn 97 in section 14
2026-10-10T19:48:40.090156+00:00 DEBUG aya_obj::relocation: relocating map by symbol index Some(53), kind BtfMaps at insn 6 in section 16
2026-10-10T19:48:40.090157+00:00 DEBUG aya_obj::relocation: relocating map by symbol index Some(57), kind BtfMaps at insn 167 in section 16
2026-10-10T19:48:40.090158+00:00 DEBUG aya_obj::relocation: relocating map by section index 24, kind Rodata at insn 63 in section 16
2026-10-10T19:48:40.090159+00:00 DEBUG aya_obj::relocation: relocating map by section index 24, kind Rodata at insn 32 in section 16
2026-10-10T19:48:40.090160+00:00 DEBUG aya_obj::relocation: relocating map by section index 24, kind Rodata at insn 49 in section 16
2026-10-10T19:48:40.090161+00:00 DEBUG aya_obj::relocation: relocating map by symbol index Some(53), kind BtfMaps at insn 121 in section 16
2026-10-10T19:48:40.090162+00:00 DEBUG aya_obj::relocation: relocating map by symbol index Some(53), kind BtfMaps at insn 158 in section 16
2026-10-10T19:48:40.090164+00:00 DEBUG aya_obj::relocation: relocating map by symbol index Some(53), kind BtfMaps at insn 6 in section 16
2026-10-10T19:48:40.090165+00:00 DEBUG aya_obj::relocation: relocating map by symbol index Some(53), kind BtfMaps at insn 88 in section 16
2026-10-10T19:48:40.090166+00:00 DEBUG aya_obj::relocation: relocating map by symbol index Some(57), kind BtfMaps at insn 97 in section 16
2026-10-10T19:48:40.090167+00:00 DEBUG aya_obj::relocation: relocating map by symbol index Some(53), kind BtfMaps at insn 52 in section 16
2026-10-10T19:48:40.090168+00:00 DEBUG aya_obj::relocation: relocating map by symbol index Some(53), kind BtfMaps at insn 6 in section 18
2026-10-10T19:48:40.090169+00:00 DEBUG aya_obj::relocation: relocating map by section index 24, kind Rodata at insn 32 in section 18
2026-10-10T19:48:40.090170+00:00 DEBUG aya_obj::relocation: relocating map by section index 24, kind Rodata at insn 63 in section 18
2026-10-10T19:48:40.090171+00:00 DEBUG aya_obj::relocation: relocating map by section index 24, kind Rodata at insn 49 in section 18
2026-10-10T19:48:40.090173+00:00 DEBUG aya_obj::relocation: relocating map by symbol index Some(53), kind BtfMaps at insn 121 in section 18
2026-10-10T19:48:40.090174+00:00 DEBUG aya_obj::relocation: relocating map by symbol index Some(53), kind BtfMaps at insn 158 in section 18
2026-10-10T19:48:40.090176+00:00 DEBUG aya_obj::relocation: relocating map by symbol index Some(57), kind BtfMaps at insn 167 in section 18
2026-10-10T19:48:40.090177+00:00 DEBUG aya_obj::relocation: relocating map by symbol index Some(57), kind BtfMaps at insn 97 in section 18
2026-10-10T19:48:40.090178+00:00 DEBUG aya_obj::relocation: relocating map by symbol index Some(53), kind BtfMaps at insn 52 in section 18
2026-10-10T19:48:40.090179+00:00 DEBUG aya_obj::relocation: relocating map by symbol index Some(53), kind BtfMaps at insn 6 in section 18
2026-10-10T19:48:40.090180+00:00 DEBUG aya_obj::relocation: relocating map by symbol index Some(53), kind BtfMaps at insn 88 in section 18
2026-10-10T19:48:40.090181+00:00 DEBUG aya_obj::relocation: relocating map by symbol index Some(53), kind BtfMaps at insn 5 in section 20
2026-10-10T19:48:40.090186+00:00 DEBUG aya_obj::relocation: relocating map by section index 24, kind Rodata at insn 1042 in section 22
2026-10-10T19:48:40.090187+00:00 DEBUG aya_obj::relocation: relocating map by symbol index Some(83), kind BtfMaps at insn 828 in section 22
2026-10-10T19:48:40.090188+00:00 DEBUG aya_obj::relocation: relocating map by symbol index Some(73), kind BtfMaps at insn 2874 in section 22
2026-10-10T19:48:40.090189+00:00 DEBUG aya_obj::relocation: relocating map by symbol index Some(79), kind BtfMaps at insn 1509 in section 22
2026-10-10T19:48:40.090190+00:00 DEBUG aya_obj::relocation: relocating map by symbol index Some(90), kind BtfMaps at insn 2535 in section 22
2026-10-10T19:48:40.090191+00:00 DEBUG aya_obj::relocation: relocating map by symbol index Some(88), kind BtfMaps at insn 2072 in section 22
2026-10-10T19:48:40.090193+00:00 DEBUG aya_obj::relocation: relocating map by symbol index Some(83), kind BtfMaps at insn 807 in section 22
2026-10-10T19:48:40.090194+00:00 DEBUG aya_obj::relocation: relocating map by symbol index Some(73), kind BtfMaps at insn 1851 in section 22
2026-10-10T19:48:40.090195+00:00 DEBUG aya_obj::relocation: relocating map by section index 24, kind Rodata at insn 1198 in section 22
2026-10-10T19:48:40.090196+00:00 DEBUG aya_obj::relocation: relocating map by symbol index Some(79), kind BtfMaps at insn 2366 in section 22
2026-10-10T19:48:40.090197+00:00 DEBUG aya_obj::relocation: relocating map by symbol index Some(79), kind BtfMaps at insn 715 in section 22
2026-10-10T19:48:40.090198+00:00 DEBUG aya_obj::relocation: relocating map by symbol index Some(87), kind BtfMaps at insn 3072 in section 22
2026-10-10T19:48:40.090199+00:00 DEBUG aya_obj::relocation: relocating map by section index 24, kind Rodata at insn 3094 in section 22
2026-10-10T19:48:40.090201+00:00 DEBUG aya_obj::relocation: relocating map by symbol index Some(73), kind BtfMaps at insn 2672 in section 22
2026-10-10T19:48:40.090202+00:00 DEBUG aya_obj::relocation: relocating map by symbol index Some(80), kind BtfMaps at insn 1677 in section 22
2026-10-10T19:48:40.090203+00:00 DEBUG aya_obj::relocation: relocating map by symbol index Some(57), kind BtfMaps at insn 1316 in section 22
2026-10-10T19:48:40.090204+00:00 DEBUG aya_obj::relocation: relocating map by symbol index Some(91), kind BtfMaps at insn 2311 in section 22
2026-10-10T19:48:40.090205+00:00 DEBUG aya_obj::relocation: relocating map by symbol index Some(72), kind BtfMaps at insn 14 in section 22
2026-10-10T19:48:40.090206+00:00 DEBUG aya_obj::relocation: relocating map by symbol index Some(83), kind BtfMaps at insn 864 in section 22
2026-10-10T19:48:40.090207+00:00 DEBUG aya_obj::relocation: relocating map by symbol index Some(87), kind BtfMaps at insn 3169 in section 22
2026-10-10T19:48:40.090208+00:00 DEBUG aya_obj::relocation: relocating map by symbol index Some(91), kind BtfMaps at insn 3346 in section 22
2026-10-10T19:48:40.090210+00:00 DEBUG aya_obj::relocation: relocating map by symbol index Some(90), kind BtfMaps at insn 1192 in section 22
2026-10-10T19:48:40.090212+00:00 DEBUG aya_obj::relocation: relocating map by symbol index Some(73), kind BtfMaps at insn 2817 in section 22
2026-10-10T19:48:40.090213+00:00 DEBUG aya_obj::relocation: relocating map by section index 24, kind Rodata at insn 897 in section 22
2026-10-10T19:48:40.090214+00:00 DEBUG aya_obj::relocation: relocating map by symbol index Some(81), kind BtfMaps at insn 1766 in section 22
2026-10-10T19:48:40.090215+00:00 DEBUG aya_obj::relocation: relocating map by symbol index Some(90), kind BtfMaps at insn 2482 in section 22
2026-10-10T19:48:40.090216+00:00 DEBUG aya_obj::relocation: relocating map by symbol index Some(84), kind BtfMaps at insn 816 in section 22
2026-10-10T19:48:40.090217+00:00 DEBUG aya_obj::relocation: relocating map by symbol index Some(73), kind BtfMaps at insn 2621 in section 22
2026-10-10T19:48:40.090218+00:00 DEBUG aya_obj::relocation: relocating map by symbol index Some(85), kind BtfMaps at insn 1011 in section 22
2026-10-10T19:48:40.090220+00:00 DEBUG aya_obj::relocation: relocating map by section index 24, kind Rodata at insn 658 in section 22
2026-10-10T19:48:40.090221+00:00 DEBUG aya_obj::relocation: relocating map by symbol index Some(57), kind BtfMaps at insn 3081 in section 22
2026-10-10T19:48:40.090222+00:00 DEBUG aya_obj::relocation: relocating map by symbol index Some(88), kind BtfMaps at insn 1649 in section 22
2026-10-10T19:48:40.090223+00:00 DEBUG aya_obj::relocation: relocating map by symbol index Some(86), kind BtfMaps at insn 1005 in section 22
2026-10-10T19:48:40.090224+00:00 DEBUG aya_obj::relocation: relocating map by symbol index Some(91), kind BtfMaps at insn 2974 in section 22
2026-10-10T19:48:40.090225+00:00 DEBUG aya_obj::relocation: relocating map by symbol index Some(57), kind BtfMaps at insn 2884 in section 22
2026-10-10T19:48:40.090226+00:00 DEBUG aya_obj::relocation: relocating map by symbol index Some(87), kind BtfMaps at insn 1825 in section 22
2026-10-10T19:48:40.090228+00:00 DEBUG aya_obj::relocation: relocating map by symbol index Some(80), kind BtfMaps at insn 1068 in section 22
2026-10-10T19:48:40.090229+00:00 DEBUG aya_obj::relocation: relocating map by symbol index Some(82), kind BtfMaps at insn 1685 in section 22
2026-10-10T19:48:40.090230+00:00 DEBUG aya_obj::relocation: relocating map by symbol index Some(87), kind BtfMaps at insn 3288 in section 22
2026-10-10T19:48:40.090231+00:00 DEBUG aya_obj::relocation: relocating map by symbol index Some(81), kind BtfMaps at insn 992 in section 22
2026-10-10T19:48:40.090232+00:00 DEBUG aya_obj::relocation: relocating map by symbol index Some(53), kind BtfMaps at insn 881 in section 22
2026-10-10T19:48:40.090233+00:00 DEBUG aya_obj::relocation: relocating map by symbol index Some(57), kind BtfMaps at insn 2681 in section 22
2026-10-10T19:48:40.090234+00:00 DEBUG aya_obj::relocation: relocating map by section index 24, kind Rodata at insn 2541 in section 22
2026-10-10T19:48:40.090235+00:00 DEBUG aya_obj::relocation: relocating map by symbol index Some(78), kind BtfMaps at insn 615 in section 22
2026-10-10T19:48:40.090237+00:00 DEBUG aya_obj::relocation: relocating map by symbol index Some(80), kind BtfMaps at insn 1492 in section 22
2026-10-10T19:48:40.090238+00:00 DEBUG aya_obj::relocation: relocating map by symbol index Some(84), kind BtfMaps at insn 851 in section 22
2026-10-10T19:48:40.090239+00:00 DEBUG aya_obj::relocation: relocating map by section index 24, kind Rodata at insn 2741 in section 22
2026-10-10T19:48:40.090240+00:00 DEBUG aya_obj::relocation: relocating map by symbol index Some(91), kind BtfMaps at insn 3202 in section 22
2026-10-10T19:48:40.090241+00:00 DEBUG aya_obj::relocation: relocating map by symbol index Some(57), kind BtfMaps at insn 3296 in section 22
2026-10-10T19:48:40.090242+00:00 DEBUG aya_obj::relocation: relocating map by symbol index Some(87), kind BtfMaps at insn 2243 in section 22
2026-10-10T19:48:40.090243+00:00 DEBUG aya_obj::relocation: relocating map by symbol index Some(84), kind BtfMaps at insn 3119 in section 22
2026-10-10T19:48:40.090245+00:00 DEBUG aya_obj::relocation: relocating map by symbol index Some(53), kind BtfMaps at insn 1026 in section 22
2026-10-10T19:48:40.090246+00:00 DEBUG aya_obj::relocation: relocating map by symbol index Some(73), kind BtfMaps at insn 1307 in section 22
2026-10-10T19:48:40.090247+00:00 DEBUG aya_obj::relocation: relocating map by symbol index Some(57), kind BtfMaps at insn 2253 in section 22
2026-10-10T19:48:40.090249+00:00 DEBUG aya_obj::relocation: relocating map by symbol index Some(86), kind BtfMaps at insn 1779 in section 22
2026-10-10T19:48:40.090250+00:00 DEBUG aya_obj::relocation: relocating map by symbol index Some(83), kind BtfMaps at insn 842 in section 22
2026-10-10T19:48:40.090251+00:00 DEBUG aya_obj::relocation: relocating map by symbol index Some(71), kind BtfMaps at insn 5 in section 22
2026-10-10T19:48:40.090252+00:00 DEBUG aya_obj::relocation: relocating map by section index 24, kind Rodata at insn 2265 in section 22
2026-10-10T19:48:40.090253+00:00 DEBUG aya_obj::relocation: relocating map by symbol index Some(87), kind BtfMaps at insn 2941 in section 22
2026-10-10T19:48:40.090254+00:00 DEBUG aya_obj::relocation: relocating map by symbol index Some(86), kind BtfMaps at insn 1076 in section 22
2026-10-10T19:48:40.090255+00:00 DEBUG aya_obj::relocation: relocating map by symbol index Some(73), kind BtfMaps at insn 3198 in section 22
2026-10-10T19:48:40.090256+00:00 DEBUG aya_obj::relocation: relocating map by symbol index Some(80), kind BtfMaps at insn 903 in section 22
2026-10-10T19:48:40.090258+00:00 DEBUG aya_obj::relocation: relocating map by symbol index Some(57), kind BtfMaps at insn 3075 in section 22
2026-10-10T19:48:40.090259+00:00 DEBUG aya_obj::relocation: relocating map by section index 24, kind Rodata at insn 877 in section 22
2026-10-10T19:48:40.090260+00:00 DEBUG aya_obj::relocation: relocating map by symbol index Some(90), kind BtfMaps at insn 2463 in section 22
2026-10-10T19:48:40.090261+00:00 DEBUG aya_obj::relocation: relocating map by symbol index Some(87), kind BtfMaps at insn 1397 in section 22
2026-10-10T19:48:40.090262+00:00 DEBUG aya_obj::relocation: relocating map by symbol index Some(90), kind BtfMaps at insn 2411 in section 22
2026-10-10T19:48:40.090263+00:00 DEBUG aya_obj::relocation: relocating map by section index 24, kind Rodata at insn 1137 in section 22
2026-10-10T19:48:40.090264+00:00 DEBUG aya_obj::relocation: relocating map by section index 24, kind Rodata at insn 1420 in section 22
2026-10-10T19:48:40.090266+00:00 DEBUG aya_obj::relocation: relocating map by symbol index Some(57), kind BtfMaps at insn 1407 in section 22
2026-10-10T19:48:40.090267+00:00 DEBUG aya_obj::relocation: relocating map by section index 24, kind Rodata at insn 619 in section 22
2026-10-10T19:48:40.090268+00:00 DEBUG aya_obj::relocation: relocating map by symbol index Some(72), kind BtfMaps at insn 14 in section 22
2026-10-10T19:48:40.090269+00:00 DEBUG aya_obj::relocation: relocating map by symbol index Some(81), kind BtfMaps at insn 1513 in section 22
2026-10-10T19:48:40.090270+00:00 DEBUG aya_obj::relocation: relocating map by symbol index Some(80), kind BtfMaps at insn 1731 in section 22
2026-10-10T19:48:40.090271+00:00 DEBUG aya_obj::relocation: relocating map by symbol index Some(79), kind BtfMaps at insn 1748 in section 22
2026-10-10T19:48:40.090272+00:00 DEBUG aya_obj::relocation: relocating map by symbol index Some(57), kind BtfMaps at insn 2805 in section 22
2026-10-10T19:48:40.090273+00:00 DEBUG aya_obj::relocation: relocating map by symbol index Some(91), kind BtfMaps at insn 2978 in section 22
2026-10-10T19:48:40.090275+00:00 DEBUG aya_obj::relocation: relocating map by symbol index Some(87), kind BtfMaps at insn 2675 in section 22
2026-10-10T19:48:40.090276+00:00 DEBUG aya_obj::relocation: relocating map by symbol index Some(83), kind BtfMaps at insn 835 in section 22
2026-10-10T19:48:40.090277+00:00 DEBUG aya_obj::relocation: relocating map by symbol index Some(87), kind BtfMaps at insn 2797 in section 22
2026-10-10T19:48:40.090278+00:00 DEBUG aya_obj::relocation: relocating map by symbol index Some(84), kind BtfMaps at insn 787 in section 22
2026-10-10T19:48:40.090280+00:00 DEBUG aya_obj::relocation: relocating map by symbol index Some(73), kind BtfMaps at insn 3233 in section 22
2026-10-10T19:48:40.090281+00:00 DEBUG aya_obj::relocation: relocating map by symbol index Some(80), kind BtfMaps at insn 1438 in section 22
2026-10-10T19:48:40.090282+00:00 DEBUG aya_obj::relocation: relocating map by section index 24, kind Rodata at insn 3087 in section 22
2026-10-10T19:48:40.090283+00:00 DEBUG aya_obj::relocation: relocating map by symbol index Some(86), kind BtfMaps at insn 1526 in section 22
2026-10-10T19:48:40.090284+00:00 DEBUG aya_obj::relocation: relocating map by symbol index Some(87), kind BtfMaps at insn 2945 in section 22
2026-10-10T19:48:40.090285+00:00 DEBUG aya_obj::relocation: relocating map by symbol index Some(73), kind BtfMaps at insn 2614 in section 22
2026-10-10T19:48:40.090286+00:00 DEBUG aya_obj::relocation: relocating map by symbol index Some(88), kind BtfMaps at insn 2140 in section 22
2026-10-10T19:48:40.090287+00:00 DEBUG aya_obj::relocation: relocating map by symbol index Some(73), kind BtfMaps at insn 1250 in section 22
2026-10-10T19:48:40.090288+00:00 DEBUG aya_obj::relocation: relocating map by symbol index Some(57), kind BtfMaps at insn 2623 in section 22
2026-10-10T19:48:40.090290+00:00 DEBUG aya_obj::relocation: relocating map by symbol index Some(71), kind BtfMaps at insn 5 in section 22
2026-10-10T19:48:40.090291+00:00 DEBUG aya_obj::relocation: relocating map by symbol index Some(53), kind BtfMaps at insn 984 in section 22
2026-10-10T19:48:40.090292+00:00 DEBUG aya_obj::relocation: relocating map by symbol index Some(90), kind BtfMaps at insn 1131 in section 22
2026-10-10T19:48:40.090293+00:00 DEBUG aya_obj::relocation: relocating map by symbol index Some(87), kind BtfMaps at insn 3066 in section 22
2026-10-10T19:48:40.090294+00:00 DEBUG aya_obj::relocation: relocating map by symbol index Some(84), kind BtfMaps at insn 822 in section 22
2026-10-10T19:48:40.090295+00:00 DEBUG aya_obj::relocation: relocating map by symbol index Some(91), kind BtfMaps at insn 2250 in section 22
2026-10-10T19:48:40.090296+00:00 DEBUG aya_obj::relocation: relocating map by symbol index Some(73), kind BtfMaps at insn 2577 in section 22
2026-10-10T19:48:40.090297+00:00 DEBUG aya_obj::relocation: relocating map by symbol index Some(88), kind BtfMaps at insn 1891 in section 22
2026-10-10T19:48:40.090299+00:00 DEBUG aya_obj::relocation: relocating map by symbol index Some(87), kind BtfMaps at insn 2167 in section 22
2026-10-10T19:48:40.090300+00:00 DEBUG aya_obj::relocation: relocating map by section index 24, kind Rodata at insn 2469 in section 22
2026-10-10T19:48:40.090301+00:00 DEBUG aya_obj::relocation: relocating map by symbol index Some(82), kind BtfMaps at insn 1446 in section 22
2026-10-10T19:48:40.090302+00:00 DEBUG aya_obj::relocation: relocating map by section index 24, kind Rodata at insn 2859 in section 22
2026-10-10T19:48:40.090303+00:00 DEBUG aya_obj::relocation: relocating map by symbol index Some(83), kind BtfMaps at insn 813 in section 22
2026-10-10T19:48:40.090304+00:00 DEBUG aya_obj::relocation: relocating map by symbol index Some(81), kind BtfMaps at insn 1063 in section 22
2026-10-10T19:48:40.090305+00:00 DEBUG aya_obj::relocation: relocating map by symbol index Some(78), kind BtfMaps at insn 580 in section 22
2026-10-10T19:48:40.090306+00:00 DEBUG aya_obj::relocation: relocating map by symbol index Some(79), kind BtfMaps at insn 685 in section 22
2026-10-10T19:48:40.090308+00:00 DEBUG aya_obj::relocation: relocating map by symbol index Some(57), kind BtfMaps at insn 1259 in section 22
2026-10-10T19:48:40.090309+00:00 DEBUG aya_obj::relocation: relocating map by symbol index Some(57), kind BtfMaps at insn 3242 in section 22
2026-10-10T19:48:40.090310+00:00 DEBUG aya_obj::relocation: relocating map by symbol index Some(83), kind BtfMaps at insn 778 in section 22
2026-10-10T19:48:40.090311+00:00 DEBUG aya_obj::relocation: relocating map by symbol index Some(85), kind BtfMaps at insn 846 in section 22
2026-10-10T19:48:40.090313+00:00 DEBUG aya_obj::relocation: relocating map by symbol index Some(91), kind BtfMaps at insn 3306 in section 22
2026-10-10T19:48:40.090314+00:00 DEBUG aya_obj::relocation: relocating map by symbol index Some(73), kind BtfMaps at insn 2193 in section 22
2026-10-10T19:48:40.090315+00:00 DEBUG aya_obj::relocation: relocating map by section index 24, kind Rodata at insn 998 in section 22
2026-10-10T19:48:40.090316+00:00 DEBUG aya_obj::relocation: relocating map by symbol index Some(84), kind BtfMaps at insn 3112 in section 22
2026-10-10T19:48:40.090318+00:00 DEBUG aya_obj::relocation: relocating map by symbol index Some(79), kind BtfMaps at insn 2300 in section 22
2026-10-10T19:48:40.090319+00:00 DEBUG aya_obj::relocation: relocating map by symbol index Some(91), kind BtfMaps at insn 2709 in section 22
2026-10-10T19:48:40.090320+00:00 DEBUG aya_obj::relocation: relocating map by symbol index Some(53), kind BtfMaps at insn 861 in section 22
2026-10-10T19:48:40.090321+00:00 DEBUG aya_obj::relocation: relocating map by symbol index Some(83), kind BtfMaps at insn 799 in section 22
2026-10-10T19:48:40.090323+00:00 DEBUG aya_obj::relocation: relocating program `honk_udp_receive_enter` function `honk_udp_receive_enter` size 55
2026-10-10T19:48:40.090325+00:00 DEBUG aya_obj::relocation: finished relocating program `honk_udp_receive_enter` function `honk_udp_receive_enter`
2026-10-10T19:48:40.090327+00:00 DEBUG aya_obj::relocation: relocating program `dae0_ingress` function `dae0_ingress` size 6
2026-10-10T19:48:40.090328+00:00 DEBUG aya_obj::relocation: relocating call to callee address 0x14f8 in section 2 (relocation) at instruction 3
2026-10-10T19:48:40.090329+00:00 DEBUG aya_obj::relocation: callee is `_RNvNtCs2GI6VrNTxWR_9honk_ebpf7ingress22do_tproxy_dae0_ingress`
2026-10-10T19:48:40.090331+00:00 DEBUG aya_obj::relocation: linked function `_RNvNtCs2GI6VrNTxWR_9honk_ebpf7ingress22do_tproxy_dae0_ingress` at instruction 6
2026-10-10T19:48:40.090333+00:00 DEBUG aya_obj::relocation: relocating program `dae0_ingress` function `_RNvNtCs2GI6VrNTxWR_9honk_ebpf7ingress22do_tproxy_dae0_ingress` size 739
2026-10-10T19:48:40.090335+00:00 DEBUG aya_obj::relocation: relocating call to callee address 0x14b8 in section 2 (relocation) at instruction 38
2026-10-10T19:48:40.090336+00:00 DEBUG aya_obj::relocation: callee is `memset`
2026-10-10T19:48:40.090337+00:00 DEBUG aya_obj::relocation: linked function `memset` at instruction 745
2026-10-10T19:48:40.090340+00:00 DEBUG aya_obj::relocation: relocating program `dae0_ingress` function `memset` size 8
2026-10-10T19:48:40.090341+00:00 DEBUG aya_obj::relocation: finished relocating program `dae0_ingress` function `memset`
2026-10-10T19:48:40.090342+00:00 DEBUG aya_obj::relocation: callee `memset` is at ins 745, 706 from current instruction 38
2026-10-10T19:48:40.090344+00:00 DEBUG aya_obj::relocation: relocating call to callee address 0x14b8 in section 2 (relocation) at instruction 92
2026-10-10T19:48:40.090345+00:00 DEBUG aya_obj::relocation: callee is `memset`
2026-10-10T19:48:40.090346+00:00 DEBUG aya_obj::relocation: callee `memset` is at ins 745, 652 from current instruction 92
2026-10-10T19:48:40.090349+00:00 DEBUG aya_obj::relocation: relocating call to callee address 0x13f0 in section 2 (relocation) at instruction 253
2026-10-10T19:48:40.090350+00:00 DEBUG aya_obj::relocation: callee is `memmove`
2026-10-10T19:48:40.090351+00:00 DEBUG aya_obj::relocation: linked function `memmove` at instruction 753
2026-10-10T19:48:40.090352+00:00 DEBUG aya_obj::relocation: relocating program `dae0_ingress` function `memmove` size 25
2026-10-10T19:48:40.090354+00:00 DEBUG aya_obj::relocation: finished relocating program `dae0_ingress` function `memmove`
2026-10-10T19:48:40.090354+00:00 DEBUG aya_obj::relocation: callee `memmove` is at ins 753, 499 from current instruction 253
2026-10-10T19:48:40.090356+00:00 DEBUG aya_obj::relocation: relocating call to callee address 0x13f0 in section 2 (relocation) at instruction 321
2026-10-10T19:48:40.090357+00:00 DEBUG aya_obj::relocation: callee is `memmove`
2026-10-10T19:48:40.090359+00:00 DEBUG aya_obj::relocation: callee `memmove` is at ins 753, 431 from current instruction 321
2026-10-10T19:48:40.090360+00:00 DEBUG aya_obj::relocation: relocating call to callee address 0x13f0 in section 2 (relocation) at instruction 354
2026-10-10T19:48:40.090361+00:00 DEBUG aya_obj::relocation: callee is `memmove`
2026-10-10T19:48:40.090362+00:00 DEBUG aya_obj::relocation: callee `memmove` is at ins 753, 398 from current instruction 354
2026-10-10T19:48:40.090364+00:00 DEBUG aya_obj::relocation: relocating call to callee address 0x13f0 in section 2 (relocation) at instruction 391
2026-10-10T19:48:40.090365+00:00 DEBUG aya_obj::relocation: callee is `memmove`
2026-10-10T19:48:40.090366+00:00 DEBUG aya_obj::relocation: callee `memmove` is at ins 753, 361 from current instruction 391
2026-10-10T19:48:40.090368+00:00 DEBUG aya_obj::relocation: relocating call to callee address 0x13f0 in section 2 (relocation) at instruction 489
2026-10-10T19:48:40.090369+00:00 DEBUG aya_obj::relocation: callee is `memmove`
2026-10-10T19:48:40.090370+00:00 DEBUG aya_obj::relocation: callee `memmove` is at ins 753, 263 from current instruction 489
2026-10-10T19:48:40.090371+00:00 DEBUG aya_obj::relocation: relocating call to callee address 0x13f0 in section 2 (relocation) at instruction 496
2026-10-10T19:48:40.090372+00:00 DEBUG aya_obj::relocation: callee is `memmove`
2026-10-10T19:48:40.090373+00:00 DEBUG aya_obj::relocation: callee `memmove` is at ins 753, 256 from current instruction 496
2026-10-10T19:48:40.090374+00:00 DEBUG aya_obj::relocation: relocating call to callee address 0x14b8 in section 2 (relocation) at instruction 520
2026-10-10T19:48:40.090375+00:00 DEBUG aya_obj::relocation: callee is `memset`
2026-10-10T19:48:40.090376+00:00 DEBUG aya_obj::relocation: callee `memset` is at ins 745, 224 from current instruction 520
2026-10-10T19:48:40.090377+00:00 DEBUG aya_obj::relocation: relocating call to callee address 0x13f0 in section 2 (relocation) at instruction 555
2026-10-10T19:48:40.090378+00:00 DEBUG aya_obj::relocation: callee is `memmove`
2026-10-10T19:48:40.090379+00:00 DEBUG aya_obj::relocation: callee `memmove` is at ins 753, 197 from current instruction 555
2026-10-10T19:48:40.090380+00:00 DEBUG aya_obj::relocation: relocating call to callee address 0x13f0 in section 2 (relocation) at instruction 560
2026-10-10T19:48:40.090381+00:00 DEBUG aya_obj::relocation: callee is `memmove`
2026-10-10T19:48:40.090382+00:00 DEBUG aya_obj::relocation: callee `memmove` is at ins 753, 192 from current instruction 560
2026-10-10T19:48:40.090384+00:00 DEBUG aya_obj::relocation: relocating call to callee address 0x14b8 in section 2 (relocation) at instruction 606
2026-10-10T19:48:40.090385+00:00 DEBUG aya_obj::relocation: callee is `memset`
2026-10-10T19:48:40.090385+00:00 DEBUG aya_obj::relocation: callee `memset` is at ins 745, 138 from current instruction 606
2026-10-10T19:48:40.090388+00:00 DEBUG aya_obj::relocation: relocating call to callee address 0x14b8 in section 2 (relocation) at instruction 736
2026-10-10T19:48:40.090389+00:00 DEBUG aya_obj::relocation: callee is `memset`
2026-10-10T19:48:40.090390+00:00 DEBUG aya_obj::relocation: callee `memset` is at ins 745, 8 from current instruction 736
2026-10-10T19:48:40.090391+00:00 DEBUG aya_obj::relocation: finished relocating program `dae0_ingress` function `_RNvNtCs2GI6VrNTxWR_9honk_ebpf7ingress22do_tproxy_dae0_ingress`
2026-10-10T19:48:40.090392+00:00 DEBUG aya_obj::relocation: callee `_RNvNtCs2GI6VrNTxWR_9honk_ebpf7ingress22do_tproxy_dae0_ingress` is at ins 6, 2 from current instruction 3
2026-10-10T19:48:40.090393+00:00 DEBUG aya_obj::relocation: finished relocating program `dae0_ingress` function `dae0_ingress`
2026-10-10T19:48:40.090395+00:00 DEBUG aya_obj::relocation: relocating program `lan_ingress_l3` function `lan_ingress_l3` size 7
2026-10-10T19:48:40.090396+00:00 DEBUG aya_obj::relocation: relocating call to callee address 0x3250 in section 2 (relocation) at instruction 4
2026-10-10T19:48:40.090397+00:00 DEBUG aya_obj::relocation: callee is `_RNvNtCs2GI6VrNTxWR_9honk_ebpf7ingress21do_tproxy_lan_ingress`
2026-10-10T19:48:40.090400+00:00 DEBUG aya_obj::relocation: linked function `_RNvNtCs2GI6VrNTxWR_9honk_ebpf7ingress21do_tproxy_lan_ingress` at instruction 7
2026-10-10T19:48:40.090404+00:00 DEBUG aya_obj::relocation: relocating program `lan_ingress_l3` function `_RNvNtCs2GI6VrNTxWR_9honk_ebpf7ingress21do_tproxy_lan_ingress` size 5441
2026-10-10T19:48:40.090406+00:00 DEBUG aya_obj::relocation: relocating call to callee address 0x14b8 in section 2 (relocation) at instruction 56
2026-10-10T19:48:40.090407+00:00 DEBUG aya_obj::relocation: callee is `memset`
2026-10-10T19:48:40.090410+00:00 DEBUG aya_obj::relocation: linked function `memset` at instruction 5448
2026-10-10T19:48:40.090412+00:00 DEBUG aya_obj::relocation: relocating program `lan_ingress_l3` function `memset` size 8
2026-10-10T19:48:40.090413+00:00 DEBUG aya_obj::relocation: finished relocating program `lan_ingress_l3` function `memset`
2026-10-10T19:48:40.090414+00:00 DEBUG aya_obj::relocation: callee `memset` is at ins 5448, 5391 from current instruction 56
2026-10-10T19:48:40.090416+00:00 DEBUG aya_obj::relocation: relocating call to callee address 0x14b8 in section 2 (relocation) at instruction 135
2026-10-10T19:48:40.090417+00:00 DEBUG aya_obj::relocation: callee is `memset`
2026-10-10T19:48:40.090418+00:00 DEBUG aya_obj::relocation: callee `memset` is at ins 5448, 5312 from current instruction 135
2026-10-10T19:48:40.090419+00:00 DEBUG aya_obj::relocation: relocating call to callee address 0x14b8 in section 2 (relocation) at instruction 144
2026-10-10T19:48:40.090420+00:00 DEBUG aya_obj::relocation: callee is `memset`
2026-10-10T19:48:40.090421+00:00 DEBUG aya_obj::relocation: callee `memset` is at ins 5448, 5303 from current instruction 144
2026-10-10T19:48:40.090424+00:00 DEBUG aya_obj::relocation: relocating call to callee address 0x13f0 in section 2 (relocation) at instruction 305
2026-10-10T19:48:40.090425+00:00 DEBUG aya_obj::relocation: callee is `memmove`
2026-10-10T19:48:40.090426+00:00 DEBUG aya_obj::relocation: linked function `memmove` at instruction 5456
2026-10-10T19:48:40.090427+00:00 DEBUG aya_obj::relocation: relocating program `lan_ingress_l3` function `memmove` size 25
2026-10-10T19:48:40.090428+00:00 DEBUG aya_obj::relocation: finished relocating program `lan_ingress_l3` function `memmove`
2026-10-10T19:48:40.090429+00:00 DEBUG aya_obj::relocation: callee `memmove` is at ins 5456, 5150 from current instruction 305
2026-10-10T19:48:40.090431+00:00 DEBUG aya_obj::relocation: relocating call to callee address 0x13f0 in section 2 (relocation) at instruction 372
2026-10-10T19:48:40.090432+00:00 DEBUG aya_obj::relocation: callee is `memmove`
2026-10-10T19:48:40.090433+00:00 DEBUG aya_obj::relocation: callee `memmove` is at ins 5456, 5083 from current instruction 372
2026-10-10T19:48:40.090434+00:00 DEBUG aya_obj::relocation: relocating call to callee address 0x13f0 in section 2 (relocation) at instruction 409
2026-10-10T19:48:40.090435+00:00 DEBUG aya_obj::relocation: callee is `memmove`
2026-10-10T19:48:40.090436+00:00 DEBUG aya_obj::relocation: callee `memmove` is at ins 5456, 5046 from current instruction 409
2026-10-10T19:48:40.090437+00:00 DEBUG aya_obj::relocation: relocating call to callee address 0x13f0 in section 2 (relocation) at instruction 437
2026-10-10T19:48:40.090438+00:00 DEBUG aya_obj::relocation: callee is `memmove`
2026-10-10T19:48:40.090439+00:00 DEBUG aya_obj::relocation: callee `memmove` is at ins 5456, 5018 from current instruction 437
2026-10-10T19:48:40.090441+00:00 DEBUG aya_obj::relocation: relocating call to callee address 0x13f0 in section 2 (relocation) at instruction 535
2026-10-10T19:48:40.090442+00:00 DEBUG aya_obj::relocation: callee is `memmove`
2026-10-10T19:48:40.090443+00:00 DEBUG aya_obj::relocation: callee `memmove` is at ins 5456, 4920 from current instruction 535
2026-10-10T19:48:40.090444+00:00 DEBUG aya_obj::relocation: relocating call to callee address 0x13f0 in section 2 (relocation) at instruction 542
2026-10-10T19:48:40.090446+00:00 DEBUG aya_obj::relocation: callee is `memmove`
2026-10-10T19:48:40.090447+00:00 DEBUG aya_obj::relocation: callee `memmove` is at ins 5456, 4913 from current instruction 542
2026-10-10T19:48:40.090448+00:00 DEBUG aya_obj::relocation: relocating call to callee address 0x14b8 in section 2 (relocation) at instruction 567
2026-10-10T19:48:40.090449+00:00 DEBUG aya_obj::relocation: callee is `memset`
2026-10-10T19:48:40.090450+00:00 DEBUG aya_obj::relocation: callee `memset` is at ins 5448, 4880 from current instruction 567
2026-10-10T19:48:40.090451+00:00 DEBUG aya_obj::relocation: relocating call to callee address 0x13f0 in section 2 (relocation) at instruction 602
2026-10-10T19:48:40.090452+00:00 DEBUG aya_obj::relocation: callee is `memmove`
2026-10-10T19:48:40.090453+00:00 DEBUG aya_obj::relocation: callee `memmove` is at ins 5456, 4853 from current instruction 602
2026-10-10T19:48:40.090454+00:00 DEBUG aya_obj::relocation: relocating call to callee address 0x13f0 in section 2 (relocation) at instruction 607
2026-10-10T19:48:40.090455+00:00 DEBUG aya_obj::relocation: callee is `memmove`
2026-10-10T19:48:40.090456+00:00 DEBUG aya_obj::relocation: callee `memmove` is at ins 5456, 4848 from current instruction 607
2026-10-10T19:48:40.090459+00:00 DEBUG aya_obj::relocation: relocating call to callee address 0x14b8 in section 2 (relocation) at instruction 719
2026-10-10T19:48:40.090460+00:00 DEBUG aya_obj::relocation: callee is `memset`
2026-10-10T19:48:40.090460+00:00 DEBUG aya_obj::relocation: callee `memset` is at ins 5448, 4728 from current instruction 719
2026-10-10T19:48:40.090462+00:00 DEBUG aya_obj::relocation: relocating call to callee address 0xdc58 in section 2 (pc-relative) at instruction 733
2026-10-10T19:48:40.090463+00:00 DEBUG aya_obj::relocation: callee is `_RNvNtCs2GI6VrNTxWR_9honk_ebpf8contrack15___mark_tcp_seen`
2026-10-10T19:48:40.090464+00:00 DEBUG aya_obj::relocation: linked function `_RNvNtCs2GI6VrNTxWR_9honk_ebpf8contrack15___mark_tcp_seen` at instruction 5481
2026-10-10T19:48:40.090465+00:00 DEBUG aya_obj::relocation: relocating program `lan_ingress_l3` function `_RNvNtCs2GI6VrNTxWR_9honk_ebpf8contrack15___mark_tcp_seen` size 460
2026-10-10T19:48:40.090467+00:00 DEBUG aya_obj::relocation: relocating call to callee address 0x14b8 in section 2 (relocation) at instruction 5504
2026-10-10T19:48:40.090468+00:00 DEBUG aya_obj::relocation: callee is `memset`
2026-10-10T19:48:40.090469+00:00 DEBUG aya_obj::relocation: callee `memset` is at ins 5448, -57 from current instruction 5504
2026-10-10T19:48:40.090470+00:00 DEBUG aya_obj::relocation: relocating call to callee address 0x14b8 in section 2 (relocation) at instruction 5509
2026-10-10T19:48:40.090471+00:00 DEBUG aya_obj::relocation: callee is `memset`
2026-10-10T19:48:40.090472+00:00 DEBUG aya_obj::relocation: callee `memset` is at ins 5448, -62 from current instruction 5509
2026-10-10T19:48:40.090473+00:00 DEBUG aya_obj::relocation: relocating call to callee address 0x14b8 in section 2 (relocation) at instruction 5514
2026-10-10T19:48:40.090474+00:00 DEBUG aya_obj::relocation: callee is `memset`
2026-10-10T19:48:40.090475+00:00 DEBUG aya_obj::relocation: callee `memset` is at ins 5448, -67 from current instruction 5514
2026-10-10T19:48:40.090477+00:00 DEBUG aya_obj::relocation: relocating call to callee address 0x14b8 in section 2 (relocation) at instruction 5625
2026-10-10T19:48:40.090478+00:00 DEBUG aya_obj::relocation: callee is `memset`
2026-10-10T19:48:40.090479+00:00 DEBUG aya_obj::relocation: callee `memset` is at ins 5448, -178 from current instruction 5625
2026-10-10T19:48:40.090480+00:00 DEBUG aya_obj::relocation: relocating call to callee address 0x14b8 in section 2 (relocation) at instruction 5630
2026-10-10T19:48:40.090481+00:00 DEBUG aya_obj::relocation: callee is `memset`
2026-10-10T19:48:40.090482+00:00 DEBUG aya_obj::relocation: callee `memset` is at ins 5448, -183 from current instruction 5630
2026-10-10T19:48:40.090483+00:00 DEBUG aya_obj::relocation: relocating call to callee address 0x14b8 in section 2 (relocation) at instruction 5635
2026-10-10T19:48:40.090485+00:00 DEBUG aya_obj::relocation: callee is `memset`
2026-10-10T19:48:40.090486+00:00 DEBUG aya_obj::relocation: callee `memset` is at ins 5448, -188 from current instruction 5635
2026-10-10T19:48:40.090489+00:00 DEBUG aya_obj::relocation: relocating call to callee address 0x14b8 in section 2 (relocation) at instruction 5795
2026-10-10T19:48:40.090490+00:00 DEBUG aya_obj::relocation: callee is `memset`
2026-10-10T19:48:40.090491+00:00 DEBUG aya_obj::relocation: callee `memset` is at ins 5448, -348 from current instruction 5795
2026-10-10T19:48:40.090494+00:00 DEBUG aya_obj::relocation: finished relocating program `lan_ingress_l3` function `_RNvNtCs2GI6VrNTxWR_9honk_ebpf8contrack15___mark_tcp_seen`
2026-10-10T19:48:40.090495+00:00 DEBUG aya_obj::relocation: callee `_RNvNtCs2GI6VrNTxWR_9honk_ebpf8contrack15___mark_tcp_seen` is at ins 5481, 4747 from current instruction 733
2026-10-10T19:48:40.090497+00:00 DEBUG aya_obj::relocation: relocating call to callee address 0x14b8 in section 2 (relocation) at instruction 785
2026-10-10T19:48:40.090498+00:00 DEBUG aya_obj::relocation: callee is `memset`
2026-10-10T19:48:40.090498+00:00 DEBUG aya_obj::relocation: callee `memset` is at ins 5448, 4662 from current instruction 785
2026-10-10T19:48:40.090500+00:00 DEBUG aya_obj::relocation: relocating call to callee address 0x14b8 in section 2 (relocation) at instruction 862
2026-10-10T19:48:40.090502+00:00 DEBUG aya_obj::relocation: callee is `memset`
2026-10-10T19:48:40.090502+00:00 DEBUG aya_obj::relocation: callee `memset` is at ins 5448, 4585 from current instruction 862
2026-10-10T19:48:40.090504+00:00 DEBUG aya_obj::relocation: relocating call to callee address 0xdc58 in section 2 (pc-relative) at instruction 878
2026-10-10T19:48:40.090505+00:00 DEBUG aya_obj::relocation: callee is `_RNvNtCs2GI6VrNTxWR_9honk_ebpf8contrack15___mark_tcp_seen`
2026-10-10T19:48:40.090506+00:00 DEBUG aya_obj::relocation: callee `_RNvNtCs2GI6VrNTxWR_9honk_ebpf8contrack15___mark_tcp_seen` is at ins 5481, 4602 from current instruction 878
2026-10-10T19:48:40.090508+00:00 DEBUG aya_obj::relocation: relocating call to callee address 0xeab8 in section 2 (pc-relative) at instruction 955
2026-10-10T19:48:40.090509+00:00 DEBUG aya_obj::relocation: callee is `_RNvNtCs2GI6VrNTxWR_9honk_ebpf2sk21socket_is_v4_wildcard`
2026-10-10T19:48:40.090510+00:00 DEBUG aya_obj::relocation: linked function `_RNvNtCs2GI6VrNTxWR_9honk_ebpf2sk21socket_is_v4_wildcard` at instruction 5941
2026-10-10T19:48:40.090511+00:00 DEBUG aya_obj::relocation: relocating program `lan_ingress_l3` function `_RNvNtCs2GI6VrNTxWR_9honk_ebpf2sk21socket_is_v4_wildcard` size 6
2026-10-10T19:48:40.090512+00:00 DEBUG aya_obj::relocation: finished relocating program `lan_ingress_l3` function `_RNvNtCs2GI6VrNTxWR_9honk_ebpf2sk21socket_is_v4_wildcard`
2026-10-10T19:48:40.090513+00:00 DEBUG aya_obj::relocation: callee `_RNvNtCs2GI6VrNTxWR_9honk_ebpf2sk21socket_is_v4_wildcard` is at ins 5941, 4985 from current instruction 955
2026-10-10T19:48:40.090515+00:00 DEBUG aya_obj::relocation: relocating call to callee address 0xeae8 in section 2 (pc-relative) at instruction 1030
2026-10-10T19:48:40.090516+00:00 DEBUG aya_obj::relocation: callee is `_RNvNtCs2GI6VrNTxWR_9honk_ebpf2sk21socket_is_v6_wildcard`
2026-10-10T19:48:40.090517+00:00 DEBUG aya_obj::relocation: linked function `_RNvNtCs2GI6VrNTxWR_9honk_ebpf2sk21socket_is_v6_wildcard` at instruction 5947
2026-10-10T19:48:40.090519+00:00 DEBUG aya_obj::relocation: relocating program `lan_ingress_l3` function `_RNvNtCs2GI6VrNTxWR_9honk_ebpf2sk21socket_is_v6_wildcard` size 13
2026-10-10T19:48:40.090520+00:00 DEBUG aya_obj::relocation: finished relocating program `lan_ingress_l3` function `_RNvNtCs2GI6VrNTxWR_9honk_ebpf2sk21socket_is_v6_wildcard`
2026-10-10T19:48:40.090521+00:00 DEBUG aya_obj::relocation: callee `_RNvNtCs2GI6VrNTxWR_9honk_ebpf2sk21socket_is_v6_wildcard` is at ins 5947, 4916 from current instruction 1030
2026-10-10T19:48:40.090522+00:00 DEBUG aya_obj::relocation: relocating call to callee address 0x14b8 in section 2 (relocation) at instruction 1066
2026-10-10T19:48:40.090524+00:00 DEBUG aya_obj::relocation: callee is `memset`
2026-10-10T19:48:40.090525+00:00 DEBUG aya_obj::relocation: callee `memset` is at ins 5448, 4381 from current instruction 1066
2026-10-10T19:48:40.090527+00:00 DEBUG aya_obj::relocation: relocating call to callee address 0x13f0 in section 2 (relocation) at instruction 1127
2026-10-10T19:48:40.090528+00:00 DEBUG aya_obj::relocation: callee is `memmove`
2026-10-10T19:48:40.090529+00:00 DEBUG aya_obj::relocation: callee `memmove` is at ins 5456, 4328 from current instruction 1127
2026-10-10T19:48:40.090530+00:00 DEBUG aya_obj::relocation: relocating call to callee address 0x13f0 in section 2 (relocation) at instruction 1132
2026-10-10T19:48:40.090531+00:00 DEBUG aya_obj::relocation: callee is `memmove`
2026-10-10T19:48:40.090532+00:00 DEBUG aya_obj::relocation: callee `memmove` is at ins 5456, 4323 from current instruction 1132
2026-10-10T19:48:40.090534+00:00 DEBUG aya_obj::relocation: relocating call to callee address 0x14b8 in section 2 (relocation) at instruction 1219
2026-10-10T19:48:40.090535+00:00 DEBUG aya_obj::relocation: callee is `memset`
2026-10-10T19:48:40.090536+00:00 DEBUG aya_obj::relocation: callee `memset` is at ins 5448, 4228 from current instruction 1219
2026-10-10T19:48:40.090537+00:00 DEBUG aya_obj::relocation: relocating call to callee address 0x14b8 in section 2 (relocation) at instruction 1232
2026-10-10T19:48:40.090538+00:00 DEBUG aya_obj::relocation: callee is `memset`
2026-10-10T19:48:40.090539+00:00 DEBUG aya_obj::relocation: callee `memset` is at ins 5448, 4215 from current instruction 1232
2026-10-10T19:48:40.090541+00:00 DEBUG aya_obj::relocation: relocating call to callee address 0x14b8 in section 2 (relocation) at instruction 1288
2026-10-10T19:48:40.090542+00:00 DEBUG aya_obj::relocation: callee is `memset`
2026-10-10T19:48:40.090543+00:00 DEBUG aya_obj::relocation: callee `memset` is at ins 5448, 4159 from current instruction 1288
2026-10-10T19:48:40.090545+00:00 DEBUG aya_obj::relocation: relocating call to callee address 0x14b8 in section 2 (relocation) at instruction 1386
2026-10-10T19:48:40.090546+00:00 DEBUG aya_obj::relocation: callee is `memset`
2026-10-10T19:48:40.090547+00:00 DEBUG aya_obj::relocation: callee `memset` is at ins 5448, 4061 from current instruction 1386
2026-10-10T19:48:40.090548+00:00 DEBUG aya_obj::relocation: relocating call to callee address 0x1070 in section 2 (relocation) at instruction 1422
2026-10-10T19:48:40.090549+00:00 DEBUG aya_obj::relocation: callee is `honk_route_slot1`
2026-10-10T19:48:40.090550+00:00 DEBUG aya_obj::relocation: linked function `honk_route_slot1` at instruction 5960
2026-10-10T19:48:40.090551+00:00 DEBUG aya_obj::relocation: relocating program `lan_ingress_l3` function `honk_route_slot1` size 64
2026-10-10T19:48:40.090553+00:00 DEBUG aya_obj::relocation: finished relocating program `lan_ingress_l3` function `honk_route_slot1`
2026-10-10T19:48:40.090554+00:00 DEBUG aya_obj::relocation: callee `honk_route_slot1` is at ins 5960, 4537 from current instruction 1422
2026-10-10T19:48:40.090555+00:00 DEBUG aya_obj::relocation: relocating call to callee address 0xe70 in section 2 (relocation) at instruction 1426
2026-10-10T19:48:40.090556+00:00 DEBUG aya_obj::relocation: callee is `honk_route_slot0`
2026-10-10T19:48:40.090557+00:00 DEBUG aya_obj::relocation: linked function `honk_route_slot0` at instruction 6024
2026-10-10T19:48:40.090558+00:00 DEBUG aya_obj::relocation: relocating program `lan_ingress_l3` function `honk_route_slot0` size 64
2026-10-10T19:48:40.090560+00:00 DEBUG aya_obj::relocation: finished relocating program `lan_ingress_l3` function `honk_route_slot0`
2026-10-10T19:48:40.090561+00:00 DEBUG aya_obj::relocation: callee `honk_route_slot0` is at ins 6024, 4597 from current instruction 1426
2026-10-10T19:48:40.090565+00:00 DEBUG aya_obj::relocation: relocating call to callee address 0x14b8 in section 2 (relocation) at instruction 1720
2026-10-10T19:48:40.090567+00:00 DEBUG aya_obj::relocation: callee is `memset`
2026-10-10T19:48:40.090568+00:00 DEBUG aya_obj::relocation: callee `memset` is at ins 5448, 3727 from current instruction 1720
2026-10-10T19:48:40.090581+00:00 DEBUG aya_obj::relocation: relocating call to callee address 0xeb50 in section 2 (pc-relative) at instruction 2655
2026-10-10T19:48:40.090582+00:00 DEBUG aya_obj::relocation: callee is `_RNvNtCs2GI6VrNTxWR_9honk_ebpf7ingress18stage_udp_decision`
2026-10-10T19:48:40.090583+00:00 DEBUG aya_obj::relocation: linked function `_RNvNtCs2GI6VrNTxWR_9honk_ebpf7ingress18stage_udp_decision` at instruction 6088
2026-10-10T19:48:40.090584+00:00 DEBUG aya_obj::relocation: relocating program `lan_ingress_l3` function `_RNvNtCs2GI6VrNTxWR_9honk_ebpf7ingress18stage_udp_decision` size 743
2026-10-10T19:48:40.090586+00:00 DEBUG aya_obj::relocation: relocating call to callee address 0x14b8 in section 2 (relocation) at instruction 6138
2026-10-10T19:48:40.090587+00:00 DEBUG aya_obj::relocation: callee is `memset`
2026-10-10T19:48:40.090588+00:00 DEBUG aya_obj::relocation: callee `memset` is at ins 5448, -691 from current instruction 6138
2026-10-10T19:48:40.090590+00:00 DEBUG aya_obj::relocation: relocating call to callee address 0x14b8 in section 2 (relocation) at instruction 6206
2026-10-10T19:48:40.090591+00:00 DEBUG aya_obj::relocation: callee is `memset`
2026-10-10T19:48:40.090592+00:00 DEBUG aya_obj::relocation: callee `memset` is at ins 5448, -759 from current instruction 6206
2026-10-10T19:48:40.090595+00:00 DEBUG aya_obj::relocation: relocating call to callee address 0x14b8 in section 2 (relocation) at instruction 6355
2026-10-10T19:48:40.090596+00:00 DEBUG aya_obj::relocation: callee is `memset`
2026-10-10T19:48:40.090597+00:00 DEBUG aya_obj::relocation: callee `memset` is at ins 5448, -908 from current instruction 6355
2026-10-10T19:48:40.090599+00:00 DEBUG aya_obj::relocation: relocating call to callee address 0x14b8 in section 2 (relocation) at instruction 6474
2026-10-10T19:48:40.090600+00:00 DEBUG aya_obj::relocation: callee is `memset`
2026-10-10T19:48:40.090601+00:00 DEBUG aya_obj::relocation: callee `memset` is at ins 5448, -1027 from current instruction 6474
2026-10-10T19:48:40.090604+00:00 DEBUG aya_obj::relocation: relocating call to callee address 0x14b8 in section 2 (relocation) at instruction 6609
2026-10-10T19:48:40.090605+00:00 DEBUG aya_obj::relocation: callee is `memset`
2026-10-10T19:48:40.090606+00:00 DEBUG aya_obj::relocation: callee `memset` is at ins 5448, -1162 from current instruction 6609
2026-10-10T19:48:40.090608+00:00 DEBUG aya_obj::relocation: relocating call to callee address 0x14b8 in section 2 (relocation) at instruction 6640
2026-10-10T19:48:40.090609+00:00 DEBUG aya_obj::relocation: callee is `memset`
2026-10-10T19:48:40.090609+00:00 DEBUG aya_obj::relocation: callee `memset` is at ins 5448, -1193 from current instruction 6640
2026-10-10T19:48:40.090611+00:00 DEBUG aya_obj::relocation: relocating call to callee address 0x14b8 in section 2 (relocation) at instruction 6674
2026-10-10T19:48:40.090612+00:00 DEBUG aya_obj::relocation: callee is `memset`
2026-10-10T19:48:40.090613+00:00 DEBUG aya_obj::relocation: callee `memset` is at ins 5448, -1227 from current instruction 6674
2026-10-10T19:48:40.090615+00:00 DEBUG aya_obj::relocation: relocating call to callee address 0x14b8 in section 2 (relocation) at instruction 6763
2026-10-10T19:48:40.090616+00:00 DEBUG aya_obj::relocation: callee is `memset`
2026-10-10T19:48:40.090617+00:00 DEBUG aya_obj::relocation: callee `memset` is at ins 5448, -1316 from current instruction 6763
2026-10-10T19:48:40.090618+00:00 DEBUG aya_obj::relocation: relocating call to callee address 0x14b8 in section 2 (relocation) at instruction 6794
2026-10-10T19:48:40.090619+00:00 DEBUG aya_obj::relocation: callee is `memset`
2026-10-10T19:48:40.090620+00:00 DEBUG aya_obj::relocation: callee `memset` is at ins 5448, -1347 from current instruction 6794
2026-10-10T19:48:40.090622+00:00 DEBUG aya_obj::relocation: finished relocating program `lan_ingress_l3` function `_RNvNtCs2GI6VrNTxWR_9honk_ebpf7ingress18stage_udp_decision`
2026-10-10T19:48:40.090623+00:00 DEBUG aya_obj::relocation: callee `_RNvNtCs2GI6VrNTxWR_9honk_ebpf7ingress18stage_udp_decision` is at ins 6088, 3432 from current instruction 2655
2026-10-10T19:48:40.090626+00:00 DEBUG aya_obj::relocation: relocating call to callee address 0x14b8 in section 2 (relocation) at instruction 2744
2026-10-10T19:48:40.090627+00:00 DEBUG aya_obj::relocation: callee is `memset`
2026-10-10T19:48:40.090628+00:00 DEBUG aya_obj::relocation: callee `memset` is at ins 5448, 2703 from current instruction 2744
2026-10-10T19:48:40.090629+00:00 DEBUG aya_obj::relocation: relocating call to callee address 0x10288 in section 2 (pc-relative) at instruction 2776
2026-10-10T19:48:40.090630+00:00 DEBUG aya_obj::relocation: callee is `_RNvNtCs2GI6VrNTxWR_9honk_ebpf8contrack15___mark_udp_seen`
2026-10-10T19:48:40.090631+00:00 DEBUG aya_obj::relocation: linked function `_RNvNtCs2GI6VrNTxWR_9honk_ebpf8contrack15___mark_udp_seen` at instruction 6831
2026-10-10T19:48:40.090633+00:00 DEBUG aya_obj::relocation: relocating program `lan_ingress_l3` function `_RNvNtCs2GI6VrNTxWR_9honk_ebpf8contrack15___mark_udp_seen` size 401
2026-10-10T19:48:40.090635+00:00 DEBUG aya_obj::relocation: relocating call to callee address 0x14b8 in section 2 (relocation) at instruction 6962
2026-10-10T19:48:40.090636+00:00 DEBUG aya_obj::relocation: callee is `memset`
2026-10-10T19:48:40.090637+00:00 DEBUG aya_obj::relocation: callee `memset` is at ins 5448, -1515 from current instruction 6962
2026-10-10T19:48:40.090638+00:00 DEBUG aya_obj::relocation: relocating call to callee address 0x14b8 in section 2 (relocation) at instruction 6967
2026-10-10T19:48:40.090639+00:00 DEBUG aya_obj::relocation: callee is `memset`
2026-10-10T19:48:40.090640+00:00 DEBUG aya_obj::relocation: callee `memset` is at ins 5448, -1520 from current instruction 6967
2026-10-10T19:48:40.090642+00:00 DEBUG aya_obj::relocation: relocating call to callee address 0x14b8 in section 2 (relocation) at instruction 7054
2026-10-10T19:48:40.090643+00:00 DEBUG aya_obj::relocation: callee is `memset`
2026-10-10T19:48:40.090644+00:00 DEBUG aya_obj::relocation: callee `memset` is at ins 5448, -1607 from current instruction 7054
2026-10-10T19:48:40.090646+00:00 DEBUG aya_obj::relocation: relocating call to callee address 0x14b8 in section 2 (relocation) at instruction 7124
2026-10-10T19:48:40.090647+00:00 DEBUG aya_obj::relocation: callee is `memset`
2026-10-10T19:48:40.090648+00:00 DEBUG aya_obj::relocation: callee `memset` is at ins 5448, -1677 from current instruction 7124
2026-10-10T19:48:40.090650+00:00 DEBUG aya_obj::relocation: finished relocating program `lan_ingress_l3` function `_RNvNtCs2GI6VrNTxWR_9honk_ebpf8contrack15___mark_udp_seen`
2026-10-10T19:48:40.090651+00:00 DEBUG aya_obj::relocation: callee `_RNvNtCs2GI6VrNTxWR_9honk_ebpf8contrack15___mark_udp_seen` is at ins 6831, 4054 from current instruction 2776
2026-10-10T19:48:40.090653+00:00 DEBUG aya_obj::relocation: relocating call to callee address 0x14b8 in section 2 (relocation) at instruction 2802
2026-10-10T19:48:40.090654+00:00 DEBUG aya_obj::relocation: callee is `memset`
2026-10-10T19:48:40.090655+00:00 DEBUG aya_obj::relocation: callee `memset` is at ins 5448, 2645 from current instruction 2802
2026-10-10T19:48:40.090663+00:00 DEBUG aya_obj::relocation: relocating call to callee address 0x14b8 in section 2 (relocation) at instruction 3406
2026-10-10T19:48:40.090664+00:00 DEBUG aya_obj::relocation: callee is `memset`
2026-10-10T19:48:40.090665+00:00 DEBUG aya_obj::relocation: callee `memset` is at ins 5448, 2041 from current instruction 3406
2026-10-10T19:48:40.090666+00:00 DEBUG aya_obj::relocation: relocating call to callee address 0x14b8 in section 2 (relocation) at instruction 3461
2026-10-10T19:48:40.090667+00:00 DEBUG aya_obj::relocation: callee is `memset`
2026-10-10T19:48:40.090668+00:00 DEBUG aya_obj::relocation: callee `memset` is at ins 5448, 1986 from current instruction 3461
2026-10-10T19:48:40.090670+00:00 DEBUG aya_obj::relocation: relocating call to callee address 0x14b8 in section 2 (relocation) at instruction 3524
2026-10-10T19:48:40.090672+00:00 DEBUG aya_obj::relocation: callee is `memset`
2026-10-10T19:48:40.090673+00:00 DEBUG aya_obj::relocation: callee `memset` is at ins 5448, 1923 from current instruction 3524
2026-10-10T19:48:40.090676+00:00 DEBUG aya_obj::relocation: relocating call to callee address 0x14b8 in section 2 (relocation) at instruction 3691
2026-10-10T19:48:40.090677+00:00 DEBUG aya_obj::relocation: callee is `memset`
2026-10-10T19:48:40.090677+00:00 DEBUG aya_obj::relocation: callee `memset` is at ins 5448, 1756 from current instruction 3691
2026-10-10T19:48:40.090680+00:00 DEBUG aya_obj::relocation: relocating call to callee address 0x14b8 in section 2 (relocation) at instruction 3781
2026-10-10T19:48:40.090681+00:00 DEBUG aya_obj::relocation: callee is `memset`
2026-10-10T19:48:40.090681+00:00 DEBUG aya_obj::relocation: callee `memset` is at ins 5448, 1666 from current instruction 3781
2026-10-10T19:48:40.090683+00:00 DEBUG aya_obj::relocation: relocating call to callee address 0x14b8 in section 2 (relocation) at instruction 3844
2026-10-10T19:48:40.090684+00:00 DEBUG aya_obj::relocation: callee is `memset`
2026-10-10T19:48:40.090685+00:00 DEBUG aya_obj::relocation: callee `memset` is at ins 5448, 1603 from current instruction 3844
2026-10-10T19:48:40.090689+00:00 DEBUG aya_obj::relocation: relocating call to callee address 0x14b8 in section 2 (relocation) at instruction 4099
2026-10-10T19:48:40.090690+00:00 DEBUG aya_obj::relocation: callee is `memset`
2026-10-10T19:48:40.090691+00:00 DEBUG aya_obj::relocation: callee `memset` is at ins 5448, 1348 from current instruction 4099
2026-10-10T19:48:40.090693+00:00 DEBUG aya_obj::relocation: relocating call to callee address 0x14b8 in section 2 (relocation) at instruction 4166
2026-10-10T19:48:40.090694+00:00 DEBUG aya_obj::relocation: callee is `memset`
2026-10-10T19:48:40.090695+00:00 DEBUG aya_obj::relocation: callee `memset` is at ins 5448, 1281 from current instruction 4166
2026-10-10T19:48:40.090696+00:00 DEBUG aya_obj::relocation: relocating call to callee address 0x14b8 in section 2 (relocation) at instruction 4229
2026-10-10T19:48:40.090697+00:00 DEBUG aya_obj::relocation: callee is `memset`
2026-10-10T19:48:40.090698+00:00 DEBUG aya_obj::relocation: callee `memset` is at ins 5448, 1218 from current instruction 4229
2026-10-10T19:48:40.090700+00:00 DEBUG aya_obj::relocation: relocating call to callee address 0x14b8 in section 2 (relocation) at instruction 4297
2026-10-10T19:48:40.090701+00:00 DEBUG aya_obj::relocation: callee is `memset`
2026-10-10T19:48:40.090702+00:00 DEBUG aya_obj::relocation: callee `memset` is at ins 5448, 1150 from current instruction 4297
2026-10-10T19:48:40.090703+00:00 DEBUG aya_obj::relocation: relocating call to callee address 0x14b8 in section 2 (relocation) at instruction 4303
2026-10-10T19:48:40.090704+00:00 DEBUG aya_obj::relocation: callee is `memset`
2026-10-10T19:48:40.090705+00:00 DEBUG aya_obj::relocation: callee `memset` is at ins 5448, 1144 from current instruction 4303
2026-10-10T19:48:40.090708+00:00 DEBUG aya_obj::relocation: relocating call to callee address 0x14b8 in section 2 (relocation) at instruction 4479
2026-10-10T19:48:40.090709+00:00 DEBUG aya_obj::relocation: callee is `memset`
2026-10-10T19:48:40.090710+00:00 DEBUG aya_obj::relocation: callee `memset` is at ins 5448, 968 from current instruction 4479
2026-10-10T19:48:40.090712+00:00 DEBUG aya_obj::relocation: relocating call to callee address 0x14b8 in section 2 (relocation) at instruction 4536
2026-10-10T19:48:40.090713+00:00 DEBUG aya_obj::relocation: callee is `memset`
2026-10-10T19:48:40.090713+00:00 DEBUG aya_obj::relocation: callee `memset` is at ins 5448, 911 from current instruction 4536
2026-10-10T19:48:40.090715+00:00 DEBUG aya_obj::relocation: relocating call to callee address 0x14b8 in section 2 (relocation) at instruction 4600
2026-10-10T19:48:40.090716+00:00 DEBUG aya_obj::relocation: callee is `memset`
2026-10-10T19:48:40.090717+00:00 DEBUG aya_obj::relocation: callee `memset` is at ins 5448, 847 from current instruction 4600
2026-10-10T19:48:40.090721+00:00 DEBUG aya_obj::relocation: relocating call to callee address 0x14b8 in section 2 (relocation) at instruction 4793
2026-10-10T19:48:40.090722+00:00 DEBUG aya_obj::relocation: callee is `memset`
2026-10-10T19:48:40.090723+00:00 DEBUG aya_obj::relocation: callee `memset` is at ins 5448, 654 from current instruction 4793
2026-10-10T19:48:40.090725+00:00 DEBUG aya_obj::relocation: relocating call to callee address 0x14b8 in section 2 (relocation) at instruction 4863
2026-10-10T19:48:40.090726+00:00 DEBUG aya_obj::relocation: callee is `memset`
2026-10-10T19:48:40.090727+00:00 DEBUG aya_obj::relocation: callee `memset` is at ins 5448, 584 from current instruction 4863
2026-10-10T19:48:40.090729+00:00 DEBUG aya_obj::relocation: relocating call to callee address 0x14b8 in section 2 (relocation) at instruction 4925
2026-10-10T19:48:40.090730+00:00 DEBUG aya_obj::relocation: callee is `memset`
2026-10-10T19:48:40.090731+00:00 DEBUG aya_obj::relocation: callee `memset` is at ins 5448, 522 from current instruction 4925
2026-10-10T19:48:40.090732+00:00 DEBUG aya_obj::relocation: relocating call to callee address 0x14b8 in section 2 (relocation) at instruction 4992
2026-10-10T19:48:40.090733+00:00 DEBUG aya_obj::relocation: callee is `memset`
2026-10-10T19:48:40.090734+00:00 DEBUG aya_obj::relocation: callee `memset` is at ins 5448, 455 from current instruction 4992
2026-10-10T19:48:40.090735+00:00 DEBUG aya_obj::relocation: relocating call to callee address 0x14b8 in section 2 (relocation) at instruction 4998
2026-10-10T19:48:40.090736+00:00 DEBUG aya_obj::relocation: callee is `memset`
2026-10-10T19:48:40.090737+00:00 DEBUG aya_obj::relocation: callee `memset` is at ins 5448, 449 from current instruction 4998
2026-10-10T19:48:40.090740+00:00 DEBUG aya_obj::relocation: relocating call to callee address 0x14b8 in section 2 (relocation) at instruction 5173
2026-10-10T19:48:40.090741+00:00 DEBUG aya_obj::relocation: callee is `memset`
2026-10-10T19:48:40.090742+00:00 DEBUG aya_obj::relocation: callee `memset` is at ins 5448, 274 from current instruction 5173
2026-10-10T19:48:40.090743+00:00 DEBUG aya_obj::relocation: relocating call to callee address 0x14b8 in section 2 (relocation) at instruction 5179
2026-10-10T19:48:40.090744+00:00 DEBUG aya_obj::relocation: callee is `memset`
2026-10-10T19:48:40.090745+00:00 DEBUG aya_obj::relocation: callee `memset` is at ins 5448, 268 from current instruction 5179
2026-10-10T19:48:40.090747+00:00 DEBUG aya_obj::relocation: relocating call to callee address 0x14b8 in section 2 (relocation) at instruction 5266
2026-10-10T19:48:40.090748+00:00 DEBUG aya_obj::relocation: callee is `memset`
2026-10-10T19:48:40.090749+00:00 DEBUG aya_obj::relocation: callee `memset` is at ins 5448, 181 from current instruction 5266
2026-10-10T19:48:40.090751+00:00 DEBUG aya_obj::relocation: relocating call to callee address 0x14b8 in section 2 (relocation) at instruction 5329
2026-10-10T19:48:40.090752+00:00 DEBUG aya_obj::relocation: callee is `memset`
2026-10-10T19:48:40.090753+00:00 DEBUG aya_obj::relocation: callee `memset` is at ins 5448, 118 from current instruction 5329
2026-10-10T19:48:40.090754+00:00 DEBUG aya_obj::relocation: relocating call to callee address 0x14b8 in section 2 (relocation) at instruction 5357
2026-10-10T19:48:40.090755+00:00 DEBUG aya_obj::relocation: callee is `memset`
2026-10-10T19:48:40.090756+00:00 DEBUG aya_obj::relocation: callee `memset` is at ins 5448, 90 from current instruction 5357
2026-10-10T19:48:40.090758+00:00 DEBUG aya_obj::relocation: finished relocating program `lan_ingress_l3` function `_RNvNtCs2GI6VrNTxWR_9honk_ebpf7ingress21do_tproxy_lan_ingress`
2026-10-10T19:48:40.090759+00:00 DEBUG aya_obj::relocation: callee `_RNvNtCs2GI6VrNTxWR_9honk_ebpf7ingress21do_tproxy_lan_ingress` is at ins 7, 2 from current instruction 4
2026-10-10T19:48:40.090760+00:00 DEBUG aya_obj::relocation: finished relocating program `lan_ingress_l3` function `lan_ingress_l3`
2026-10-10T19:48:40.090762+00:00 DEBUG aya_obj::relocation: relocating program `tproxy_wan_cg_sendmsg6` function `tproxy_wan_cg_sendmsg6` size 185
2026-10-10T19:48:40.090764+00:00 DEBUG aya_obj::relocation: relocating call to callee address 0x14b8 in section 2 (relocation) at instruction 23
2026-10-10T19:48:40.090765+00:00 DEBUG aya_obj::relocation: callee is `memset`
2026-10-10T19:48:40.090766+00:00 DEBUG aya_obj::relocation: linked function `memset` at instruction 185
2026-10-10T19:48:40.090767+00:00 DEBUG aya_obj::relocation: relocating program `tproxy_wan_cg_sendmsg6` function `memset` size 8
2026-10-10T19:48:40.090768+00:00 DEBUG aya_obj::relocation: finished relocating program `tproxy_wan_cg_sendmsg6` function `memset`
2026-10-10T19:48:40.090769+00:00 DEBUG aya_obj::relocation: callee `memset` is at ins 185, 161 from current instruction 23
2026-10-10T19:48:40.090771+00:00 DEBUG aya_obj::relocation: relocating call to callee address 0x14b8 in section 2 (relocation) at instruction 80
2026-10-10T19:48:40.090772+00:00 DEBUG aya_obj::relocation: callee is `memset`
2026-10-10T19:48:40.090773+00:00 DEBUG aya_obj::relocation: callee `memset` is at ins 185, 104 from current instruction 80
2026-10-10T19:48:40.090774+00:00 DEBUG aya_obj::relocation: relocating reference to callee address 0x1320 in section 2 (relocation) at instruction 93
2026-10-10T19:48:40.090775+00:00 DEBUG aya_obj::relocation: callee is `_RNvNtCs2GI6VrNTxWR_9honk_ebpf12process_name13find_basename`
2026-10-10T19:48:40.090776+00:00 DEBUG aya_obj::relocation: linked function `_RNvNtCs2GI6VrNTxWR_9honk_ebpf12process_name13find_basename` at instruction 193
2026-10-10T19:48:40.090777+00:00 DEBUG aya_obj::relocation: relocating program `tproxy_wan_cg_sendmsg6` function `_RNvNtCs2GI6VrNTxWR_9honk_ebpf12process_name13find_basename` size 15
2026-10-10T19:48:40.090779+00:00 DEBUG aya_obj::relocation: finished relocating program `tproxy_wan_cg_sendmsg6` function `_RNvNtCs2GI6VrNTxWR_9honk_ebpf12process_name13find_basename`
2026-10-10T19:48:40.090780+00:00 DEBUG aya_obj::relocation: callee `_RNvNtCs2GI6VrNTxWR_9honk_ebpf12process_name13find_basename` is at ins 193, 99 from current instruction 93
2026-10-10T19:48:40.090781+00:00 DEBUG aya_obj::relocation: relocating call to callee address 0x14b8 in section 2 (relocation) at instruction 131
2026-10-10T19:48:40.090782+00:00 DEBUG aya_obj::relocation: callee is `memset`
2026-10-10T19:48:40.090783+00:00 DEBUG aya_obj::relocation: callee `memset` is at ins 185, 53 from current instruction 131
2026-10-10T19:48:40.090785+00:00 DEBUG aya_obj::relocation: finished relocating program `tproxy_wan_cg_sendmsg6` function `tproxy_wan_cg_sendmsg6`
2026-10-10T19:48:40.090786+00:00 DEBUG aya_obj::relocation: relocating program `lan_egress_l3` function `lan_egress_l3` size 7
2026-10-10T19:48:40.090787+00:00 DEBUG aya_obj::relocation: relocating call to callee address 0x12858 in section 2 (relocation) at instruction 4
2026-10-10T19:48:40.090788+00:00 DEBUG aya_obj::relocation: callee is `_RNvNtCs2GI6VrNTxWR_9honk_ebpf6egress20do_tproxy_lan_egress`
2026-10-10T19:48:40.090790+00:00 DEBUG aya_obj::relocation: linked function `_RNvNtCs2GI6VrNTxWR_9honk_ebpf6egress20do_tproxy_lan_egress` at instruction 7
2026-10-10T19:48:40.090792+00:00 DEBUG aya_obj::relocation: relocating program `lan_egress_l3` function `_RNvNtCs2GI6VrNTxWR_9honk_ebpf6egress20do_tproxy_lan_egress` size 887
2026-10-10T19:48:40.090793+00:00 DEBUG aya_obj::relocation: relocating call to callee address 0x14b8 in section 2 (relocation) at instruction 43
2026-10-10T19:48:40.090795+00:00 DEBUG aya_obj::relocation: callee is `memset`
2026-10-10T19:48:40.090796+00:00 DEBUG aya_obj::relocation: linked function `memset` at instruction 894
2026-10-10T19:48:40.090798+00:00 DEBUG aya_obj::relocation: relocating program `lan_egress_l3` function `memset` size 8
2026-10-10T19:48:40.090800+00:00 DEBUG aya_obj::relocation: finished relocating program `lan_egress_l3` function `memset`
2026-10-10T19:48:40.090801+00:00 DEBUG aya_obj::relocation: callee `memset` is at ins 894, 850 from current instruction 43
2026-10-10T19:48:40.090802+00:00 DEBUG aya_obj::relocation: relocating call to callee address 0x14b8 in section 2 (relocation) at instruction 118
2026-10-10T19:48:40.090804+00:00 DEBUG aya_obj::relocation: callee is `memset`
2026-10-10T19:48:40.090805+00:00 DEBUG aya_obj::relocation: callee `memset` is at ins 894, 775 from current instruction 118
2026-10-10T19:48:40.090806+00:00 DEBUG aya_obj::relocation: relocating call to callee address 0x14b8 in section 2 (relocation) at instruction 126
2026-10-10T19:48:40.090807+00:00 DEBUG aya_obj::relocation: callee is `memset`
2026-10-10T19:48:40.090808+00:00 DEBUG aya_obj::relocation: callee `memset` is at ins 894, 767 from current instruction 126
2026-10-10T19:48:40.090810+00:00 DEBUG aya_obj::relocation: relocating call to callee address 0x13f0 in section 2 (relocation) at instruction 182
2026-10-10T19:48:40.090811+00:00 DEBUG aya_obj::relocation: callee is `memmove`
2026-10-10T19:48:40.090812+00:00 DEBUG aya_obj::relocation: linked function `memmove` at instruction 902
2026-10-10T19:48:40.090813+00:00 DEBUG aya_obj::relocation: relocating program `lan_egress_l3` function `memmove` size 25
2026-10-10T19:48:40.090814+00:00 DEBUG aya_obj::relocation: finished relocating program `lan_egress_l3` function `memmove`
2026-10-10T19:48:40.090815+00:00 DEBUG aya_obj::relocation: callee `memmove` is at ins 902, 719 from current instruction 182
2026-10-10T19:48:40.090817+00:00 DEBUG aya_obj::relocation: relocating call to callee address 0x13f0 in section 2 (relocation) at instruction 290
2026-10-10T19:48:40.090818+00:00 DEBUG aya_obj::relocation: callee is `memmove`
2026-10-10T19:48:40.090819+00:00 DEBUG aya_obj::relocation: callee `memmove` is at ins 902, 611 from current instruction 290
2026-10-10T19:48:40.090820+00:00 DEBUG aya_obj::relocation: relocating call to callee address 0x13f0 in section 2 (relocation) at instruction 327
2026-10-10T19:48:40.090821+00:00 DEBUG aya_obj::relocation: callee is `memmove`
2026-10-10T19:48:40.090822+00:00 DEBUG aya_obj::relocation: callee `memmove` is at ins 902, 574 from current instruction 327
2026-10-10T19:48:40.090824+00:00 DEBUG aya_obj::relocation: relocating call to callee address 0x13f0 in section 2 (relocation) at instruction 370
2026-10-10T19:48:40.090825+00:00 DEBUG aya_obj::relocation: callee is `memmove`
2026-10-10T19:48:40.090825+00:00 DEBUG aya_obj::relocation: callee `memmove` is at ins 902, 531 from current instruction 370
2026-10-10T19:48:40.090828+00:00 DEBUG aya_obj::relocation: relocating call to callee address 0x13f0 in section 2 (relocation) at instruction 533
2026-10-10T19:48:40.090829+00:00 DEBUG aya_obj::relocation: callee is `memmove`
2026-10-10T19:48:40.090830+00:00 DEBUG aya_obj::relocation: callee `memmove` is at ins 902, 368 from current instruction 533
2026-10-10T19:48:40.090831+00:00 DEBUG aya_obj::relocation: relocating call to callee address 0x13f0 in section 2 (relocation) at instruction 540
2026-10-10T19:48:40.090832+00:00 DEBUG aya_obj::relocation: callee is `memmove`
2026-10-10T19:48:40.090833+00:00 DEBUG aya_obj::relocation: callee `memmove` is at ins 902, 361 from current instruction 540
2026-10-10T19:48:40.090834+00:00 DEBUG aya_obj::relocation: relocating call to callee address 0x14b8 in section 2 (relocation) at instruction 568
2026-10-10T19:48:40.090835+00:00 DEBUG aya_obj::relocation: callee is `memset`
2026-10-10T19:48:40.090836+00:00 DEBUG aya_obj::relocation: callee `memset` is at ins 894, 325 from current instruction 568
2026-10-10T19:48:40.090838+00:00 DEBUG aya_obj::relocation: relocating call to callee address 0x13f0 in section 2 (relocation) at instruction 612
2026-10-10T19:48:40.090839+00:00 DEBUG aya_obj::relocation: callee is `memmove`
2026-10-10T19:48:40.090840+00:00 DEBUG aya_obj::relocation: callee `memmove` is at ins 902, 289 from current instruction 612
2026-10-10T19:48:40.090841+00:00 DEBUG aya_obj::relocation: relocating call to callee address 0x13f0 in section 2 (relocation) at instruction 617
2026-10-10T19:48:40.090842+00:00 DEBUG aya_obj::relocation: callee is `memmove`
2026-10-10T19:48:40.090843+00:00 DEBUG aya_obj::relocation: callee `memmove` is at ins 902, 284 from current instruction 617
2026-10-10T19:48:40.090846+00:00 DEBUG aya_obj::relocation: relocating call to callee address 0x14b8 in section 2 (relocation) at instruction 729
2026-10-10T19:48:40.090847+00:00 DEBUG aya_obj::relocation: callee is `memset`
2026-10-10T19:48:40.090848+00:00 DEBUG aya_obj::relocation: callee `memset` is at ins 894, 164 from current instruction 729
2026-10-10T19:48:40.090849+00:00 DEBUG aya_obj::relocation: relocating call to callee address 0xdc58 in section 2 (pc-relative) at instruction 744
2026-10-10T19:48:40.090850+00:00 DEBUG aya_obj::relocation: callee is `_RNvNtCs2GI6VrNTxWR_9honk_ebpf8contrack15___mark_tcp_seen`
2026-10-10T19:48:40.090851+00:00 DEBUG aya_obj::relocation: linked function `_RNvNtCs2GI6VrNTxWR_9honk_ebpf8contrack15___mark_tcp_seen` at instruction 927
2026-10-10T19:48:40.090853+00:00 DEBUG aya_obj::relocation: relocating program `lan_egress_l3` function `_RNvNtCs2GI6VrNTxWR_9honk_ebpf8contrack15___mark_tcp_seen` size 460
2026-10-10T19:48:40.090855+00:00 DEBUG aya_obj::relocation: relocating call to callee address 0x14b8 in section 2 (relocation) at instruction 950
2026-10-10T19:48:40.090856+00:00 DEBUG aya_obj::relocation: callee is `memset`
2026-10-10T19:48:40.090857+00:00 DEBUG aya_obj::relocation: callee `memset` is at ins 894, -57 from current instruction 950
2026-10-10T19:48:40.090868+00:00 DEBUG aya_obj::relocation: relocating call to callee address 0x14b8 in section 2 (relocation) at instruction 955
2026-10-10T19:48:40.090869+00:00 DEBUG aya_obj::relocation: callee is `memset`
2026-10-10T19:48:40.090870+00:00 DEBUG aya_obj::relocation: callee `memset` is at ins 894, -62 from current instruction 955
2026-10-10T19:48:40.090871+00:00 DEBUG aya_obj::relocation: relocating call to callee address 0x14b8 in section 2 (relocation) at instruction 960
2026-10-10T19:48:40.090872+00:00 DEBUG aya_obj::relocation: callee is `memset`
2026-10-10T19:48:40.090873+00:00 DEBUG aya_obj::relocation: callee `memset` is at ins 894, -67 from current instruction 960
2026-10-10T19:48:40.090876+00:00 DEBUG aya_obj::relocation: relocating call to callee address 0x14b8 in section 2 (relocation) at instruction 1071
2026-10-10T19:48:40.090877+00:00 DEBUG aya_obj::relocation: callee is `memset`
2026-10-10T19:48:40.090877+00:00 DEBUG aya_obj::relocation: callee `memset` is at ins 894, -178 from current instruction 1071
2026-10-10T19:48:40.090879+00:00 DEBUG aya_obj::relocation: relocating call to callee address 0x14b8 in section 2 (relocation) at instruction 1076
2026-10-10T19:48:40.090880+00:00 DEBUG aya_obj::relocation: callee is `memset`
2026-10-10T19:48:40.090881+00:00 DEBUG aya_obj::relocation: callee `memset` is at ins 894, -183 from current instruction 1076
2026-10-10T19:48:40.090882+00:00 DEBUG aya_obj::relocation: relocating call to callee address 0x14b8 in section 2 (relocation) at instruction 1081
2026-10-10T19:48:40.090883+00:00 DEBUG aya_obj::relocation: callee is `memset`
2026-10-10T19:48:40.090884+00:00 DEBUG aya_obj::relocation: callee `memset` is at ins 894, -188 from current instruction 1081
2026-10-10T19:48:40.090887+00:00 DEBUG aya_obj::relocation: relocating call to callee address 0x14b8 in section 2 (relocation) at instruction 1241
2026-10-10T19:48:40.090888+00:00 DEBUG aya_obj::relocation: callee is `memset`
2026-10-10T19:48:40.090888+00:00 DEBUG aya_obj::relocation: callee `memset` is at ins 894, -348 from current instruction 1241
2026-10-10T19:48:40.090891+00:00 DEBUG aya_obj::relocation: finished relocating program `lan_egress_l3` function `_RNvNtCs2GI6VrNTxWR_9honk_ebpf8contrack15___mark_tcp_seen`
2026-10-10T19:48:40.090892+00:00 DEBUG aya_obj::relocation: callee `_RNvNtCs2GI6VrNTxWR_9honk_ebpf8contrack15___mark_tcp_seen` is at ins 927, 182 from current instruction 744
2026-10-10T19:48:40.090895+00:00 DEBUG aya_obj::relocation: relocating call to callee address 0x14b8 in section 2 (relocation) at instruction 848
2026-10-10T19:48:40.090896+00:00 DEBUG aya_obj::relocation: callee is `memset`
2026-10-10T19:48:40.090897+00:00 DEBUG aya_obj::relocation: callee `memset` is at ins 894, 45 from current instruction 848
2026-10-10T19:48:40.090899+00:00 DEBUG aya_obj::relocation: relocating call to callee address 0x10288 in section 2 (pc-relative) at instruction 854
2026-10-10T19:48:40.090900+00:00 DEBUG aya_obj::relocation: callee is `_RNvNtCs2GI6VrNTxWR_9honk_ebpf8contrack15___mark_udp_seen`
2026-10-10T19:48:40.090901+00:00 DEBUG aya_obj::relocation: linked function `_RNvNtCs2GI6VrNTxWR_9honk_ebpf8contrack15___mark_udp_seen` at instruction 1387
2026-10-10T19:48:40.090902+00:00 DEBUG aya_obj::relocation: relocating program `lan_egress_l3` function `_RNvNtCs2GI6VrNTxWR_9honk_ebpf8contrack15___mark_udp_seen` size 401
2026-10-10T19:48:40.090905+00:00 DEBUG aya_obj::relocation: relocating call to callee address 0x14b8 in section 2 (relocation) at instruction 1518
2026-10-10T19:48:40.090906+00:00 DEBUG aya_obj::relocation: callee is `memset`
2026-10-10T19:48:40.090907+00:00 DEBUG aya_obj::relocation: callee `memset` is at ins 894, -625 from current instruction 1518
2026-10-10T19:48:40.090908+00:00 DEBUG aya_obj::relocation: relocating call to callee address 0x14b8 in section 2 (relocation) at instruction 1523
2026-10-10T19:48:40.090909+00:00 DEBUG aya_obj::relocation: callee is `memset`
2026-10-10T19:48:40.090910+00:00 DEBUG aya_obj::relocation: callee `memset` is at ins 894, -630 from current instruction 1523
2026-10-10T19:48:40.090912+00:00 DEBUG aya_obj::relocation: relocating call to callee address 0x14b8 in section 2 (relocation) at instruction 1610
2026-10-10T19:48:40.090913+00:00 DEBUG aya_obj::relocation: callee is `memset`
2026-10-10T19:48:40.090914+00:00 DEBUG aya_obj::relocation: callee `memset` is at ins 894, -717 from current instruction 1610
2026-10-10T19:48:40.090915+00:00 DEBUG aya_obj::relocation: relocating call to callee address 0x14b8 in section 2 (relocation) at instruction 1680
2026-10-10T19:48:40.090916+00:00 DEBUG aya_obj::relocation: callee is `memset`
2026-10-10T19:48:40.090917+00:00 DEBUG aya_obj::relocation: callee `memset` is at ins 894, -787 from current instruction 1680
2026-10-10T19:48:40.090920+00:00 DEBUG aya_obj::relocation: finished relocating program `lan_egress_l3` function `_RNvNtCs2GI6VrNTxWR_9honk_ebpf8contrack15___mark_udp_seen`
2026-10-10T19:48:40.090921+00:00 DEBUG aya_obj::relocation: callee `_RNvNtCs2GI6VrNTxWR_9honk_ebpf8contrack15___mark_udp_seen` is at ins 1387, 532 from current instruction 854
2026-10-10T19:48:40.090922+00:00 DEBUG aya_obj::relocation: finished relocating program `lan_egress_l3` function `_RNvNtCs2GI6VrNTxWR_9honk_ebpf6egress20do_tproxy_lan_egress`
2026-10-10T19:48:40.090924+00:00 DEBUG aya_obj::relocation: callee `_RNvNtCs2GI6VrNTxWR_9honk_ebpf6egress20do_tproxy_lan_egress` is at ins 7, 2 from current instruction 4
2026-10-10T19:48:40.090925+00:00 DEBUG aya_obj::relocation: finished relocating program `lan_egress_l3` function `lan_egress_l3`
2026-10-10T19:48:40.090926+00:00 DEBUG aya_obj::relocation: relocating program `honk_udp_receive_candidate` function `honk_udp_receive_candidate` size 88
2026-10-10T19:48:40.090928+00:00 DEBUG aya_obj::relocation: finished relocating program `honk_udp_receive_candidate` function `honk_udp_receive_candidate`
2026-10-10T19:48:40.090930+00:00 DEBUG aya_obj::relocation: relocating program `tproxy_wan_cg_connect6` function `tproxy_wan_cg_connect6` size 185
2026-10-10T19:48:40.090931+00:00 DEBUG aya_obj::relocation: relocating call to callee address 0x14b8 in section 2 (relocation) at instruction 23
2026-10-10T19:48:40.090932+00:00 DEBUG aya_obj::relocation: callee is `memset`
2026-10-10T19:48:40.090933+00:00 DEBUG aya_obj::relocation: linked function `memset` at instruction 185
2026-10-10T19:48:40.090934+00:00 DEBUG aya_obj::relocation: relocating program `tproxy_wan_cg_connect6` function `memset` size 8
2026-10-10T19:48:40.090935+00:00 DEBUG aya_obj::relocation: finished relocating program `tproxy_wan_cg_connect6` function `memset`
2026-10-10T19:48:40.090936+00:00 DEBUG aya_obj::relocation: callee `memset` is at ins 185, 161 from current instruction 23
2026-10-10T19:48:40.090938+00:00 DEBUG aya_obj::relocation: relocating call to callee address 0x14b8 in section 2 (relocation) at instruction 80
2026-10-10T19:48:40.090940+00:00 DEBUG aya_obj::relocation: callee is `memset`
2026-10-10T19:48:40.090941+00:00 DEBUG aya_obj::relocation: callee `memset` is at ins 185, 104 from current instruction 80
2026-10-10T19:48:40.090942+00:00 DEBUG aya_obj::relocation: relocating reference to callee address 0x1320 in section 2 (relocation) at instruction 93
2026-10-10T19:48:40.090943+00:00 DEBUG aya_obj::relocation: callee is `_RNvNtCs2GI6VrNTxWR_9honk_ebpf12process_name13find_basename`
2026-10-10T19:48:40.090944+00:00 DEBUG aya_obj::relocation: linked function `_RNvNtCs2GI6VrNTxWR_9honk_ebpf12process_name13find_basename` at instruction 193
2026-10-10T19:48:40.090945+00:00 DEBUG aya_obj::relocation: relocating program `tproxy_wan_cg_connect6` function `_RNvNtCs2GI6VrNTxWR_9honk_ebpf12process_name13find_basename` size 15
2026-10-10T19:48:40.090946+00:00 DEBUG aya_obj::relocation: finished relocating program `tproxy_wan_cg_connect6` function `_RNvNtCs2GI6VrNTxWR_9honk_ebpf12process_name13find_basename`
2026-10-10T19:48:40.090947+00:00 DEBUG aya_obj::relocation: callee `_RNvNtCs2GI6VrNTxWR_9honk_ebpf12process_name13find_basename` is at ins 193, 99 from current instruction 93
2026-10-10T19:48:40.090949+00:00 DEBUG aya_obj::relocation: relocating call to callee address 0x14b8 in section 2 (relocation) at instruction 131
2026-10-10T19:48:40.090950+00:00 DEBUG aya_obj::relocation: callee is `memset`
2026-10-10T19:48:40.090951+00:00 DEBUG aya_obj::relocation: callee `memset` is at ins 185, 53 from current instruction 131
2026-10-10T19:48:40.090952+00:00 DEBUG aya_obj::relocation: finished relocating program `tproxy_wan_cg_connect6` function `tproxy_wan_cg_connect6`
2026-10-10T19:48:40.090954+00:00 DEBUG aya_obj::relocation: relocating program `wan_ingress_l2` function `wan_ingress_l2` size 7
2026-10-10T19:48:40.090955+00:00 DEBUG aya_obj::relocation: relocating call to callee address 0x10f10 in section 2 (relocation) at instruction 4
2026-10-10T19:48:40.090956+00:00 DEBUG aya_obj::relocation: callee is `_RNvNtCs2GI6VrNTxWR_9honk_ebpf7ingress21do_tproxy_wan_ingress`
2026-10-10T19:48:40.090957+00:00 DEBUG aya_obj::relocation: linked function `_RNvNtCs2GI6VrNTxWR_9honk_ebpf7ingress21do_tproxy_wan_ingress` at instruction 7
2026-10-10T19:48:40.090959+00:00 DEBUG aya_obj::relocation: relocating program `wan_ingress_l2` function `_RNvNtCs2GI6VrNTxWR_9honk_ebpf7ingress21do_tproxy_wan_ingress` size 809
2026-10-10T19:48:40.090961+00:00 DEBUG aya_obj::relocation: relocating call to callee address 0x14b8 in section 2 (relocation) at instruction 41
2026-10-10T19:48:40.090962+00:00 DEBUG aya_obj::relocation: callee is `memset`
2026-10-10T19:48:40.090964+00:00 DEBUG aya_obj::relocation: linked function `memset` at instruction 816
2026-10-10T19:48:40.090966+00:00 DEBUG aya_obj::relocation: relocating program `wan_ingress_l2` function `memset` size 8
2026-10-10T19:48:40.090968+00:00 DEBUG aya_obj::relocation: finished relocating program `wan_ingress_l2` function `memset`
2026-10-10T19:48:40.090969+00:00 DEBUG aya_obj::relocation: callee `memset` is at ins 816, 774 from current instruction 41
2026-10-10T19:48:40.090970+00:00 DEBUG aya_obj::relocation: relocating call to callee address 0x14b8 in section 2 (relocation) at instruction 125
2026-10-10T19:48:40.090971+00:00 DEBUG aya_obj::relocation: callee is `memset`
2026-10-10T19:48:40.090972+00:00 DEBUG aya_obj::relocation: callee `memset` is at ins 816, 690 from current instruction 125
2026-10-10T19:48:40.090973+00:00 DEBUG aya_obj::relocation: relocating call to callee address 0x14b8 in section 2 (relocation) at instruction 133
2026-10-10T19:48:40.090974+00:00 DEBUG aya_obj::relocation: callee is `memset`
2026-10-10T19:48:40.090975+00:00 DEBUG aya_obj::relocation: callee `memset` is at ins 816, 682 from current instruction 133
2026-10-10T19:48:40.090978+00:00 DEBUG aya_obj::relocation: relocating call to callee address 0x13f0 in section 2 (relocation) at instruction 251
2026-10-10T19:48:40.090979+00:00 DEBUG aya_obj::relocation: callee is `memmove`
2026-10-10T19:48:40.090982+00:00 DEBUG aya_obj::relocation: linked function `memmove` at instruction 824
2026-10-10T19:48:40.090983+00:00 DEBUG aya_obj::relocation: relocating program `wan_ingress_l2` function `memmove` size 25
2026-10-10T19:48:40.090984+00:00 DEBUG aya_obj::relocation: finished relocating program `wan_ingress_l2` function `memmove`
2026-10-10T19:48:40.090985+00:00 DEBUG aya_obj::relocation: callee `memmove` is at ins 824, 572 from current instruction 251
2026-10-10T19:48:40.090987+00:00 DEBUG aya_obj::relocation: relocating call to callee address 0x13f0 in section 2 (relocation) at instruction 370
2026-10-10T19:48:40.090988+00:00 DEBUG aya_obj::relocation: callee is `memmove`
2026-10-10T19:48:40.090989+00:00 DEBUG aya_obj::relocation: callee `memmove` is at ins 824, 453 from current instruction 370
2026-10-10T19:48:40.090991+00:00 DEBUG aya_obj::relocation: relocating call to callee address 0x13f0 in section 2 (relocation) at instruction 412
2026-10-10T19:48:40.090992+00:00 DEBUG aya_obj::relocation: callee is `memmove`
2026-10-10T19:48:40.090993+00:00 DEBUG aya_obj::relocation: callee `memmove` is at ins 824, 411 from current instruction 412
2026-10-10T19:48:40.090994+00:00 DEBUG aya_obj::relocation: relocating call to callee address 0x13f0 in section 2 (relocation) at instruction 482
2026-10-10T19:48:40.090995+00:00 DEBUG aya_obj::relocation: callee is `memmove`
2026-10-10T19:48:40.090996+00:00 DEBUG aya_obj::relocation: callee `memmove` is at ins 824, 341 from current instruction 482
2026-10-10T19:48:40.090999+00:00 DEBUG aya_obj::relocation: relocating call to callee address 0x13f0 in section 2 (relocation) at instruction 614
2026-10-10T19:48:40.091000+00:00 DEBUG aya_obj::relocation: callee is `memmove`
2026-10-10T19:48:40.091001+00:00 DEBUG aya_obj::relocation: callee `memmove` is at ins 824, 209 from current instruction 614
2026-10-10T19:48:40.091002+00:00 DEBUG aya_obj::relocation: relocating call to callee address 0x13f0 in section 2 (relocation) at instruction 621
2026-10-10T19:48:40.091003+00:00 DEBUG aya_obj::relocation: callee is `memmove`
2026-10-10T19:48:40.091004+00:00 DEBUG aya_obj::relocation: callee `memmove` is at ins 824, 202 from current instruction 621
2026-10-10T19:48:40.091005+00:00 DEBUG aya_obj::relocation: relocating call to callee address 0x14b8 in section 2 (relocation) at instruction 648
2026-10-10T19:48:40.091006+00:00 DEBUG aya_obj::relocation: callee is `memset`
2026-10-10T19:48:40.091007+00:00 DEBUG aya_obj::relocation: callee `memset` is at ins 816, 167 from current instruction 648
2026-10-10T19:48:40.091008+00:00 DEBUG aya_obj::relocation: relocating call to callee address 0x13f0 in section 2 (relocation) at instruction 683
2026-10-10T19:48:40.091009+00:00 DEBUG aya_obj::relocation: callee is `memmove`
2026-10-10T19:48:40.091010+00:00 DEBUG aya_obj::relocation: callee `memmove` is at ins 824, 140 from current instruction 683
2026-10-10T19:48:40.091011+00:00 DEBUG aya_obj::relocation: relocating call to callee address 0x13f0 in section 2 (relocation) at instruction 688
2026-10-10T19:48:40.091012+00:00 DEBUG aya_obj::relocation: callee is `memmove`
2026-10-10T19:48:40.091013+00:00 DEBUG aya_obj::relocation: callee `memmove` is at ins 824, 135 from current instruction 688
2026-10-10T19:48:40.091015+00:00 DEBUG aya_obj::relocation: relocating call to callee address 0x14b8 in section 2 (relocation) at instruction 761
2026-10-10T19:48:40.091016+00:00 DEBUG aya_obj::relocation: callee is `memset`
2026-10-10T19:48:40.091017+00:00 DEBUG aya_obj::relocation: callee `memset` is at ins 816, 54 from current instruction 761
2026-10-10T19:48:40.091018+00:00 DEBUG aya_obj::relocation: relocating call to callee address 0x10288 in section 2 (pc-relative) at instruction 767
2026-10-10T19:48:40.091019+00:00 DEBUG aya_obj::relocation: callee is `_RNvNtCs2GI6VrNTxWR_9honk_ebpf8contrack15___mark_udp_seen`
2026-10-10T19:48:40.091021+00:00 DEBUG aya_obj::relocation: linked function `_RNvNtCs2GI6VrNTxWR_9honk_ebpf8contrack15___mark_udp_seen` at instruction 849
2026-10-10T19:48:40.091023+00:00 DEBUG aya_obj::relocation: relocating program `wan_ingress_l2` function `_RNvNtCs2GI6VrNTxWR_9honk_ebpf8contrack15___mark_udp_seen` size 401
2026-10-10T19:48:40.091026+00:00 DEBUG aya_obj::relocation: relocating call to callee address 0x14b8 in section 2 (relocation) at instruction 980
2026-10-10T19:48:40.091027+00:00 DEBUG aya_obj::relocation: callee is `memset`
2026-10-10T19:48:40.091027+00:00 DEBUG aya_obj::relocation: callee `memset` is at ins 816, -165 from current instruction 980
2026-10-10T19:48:40.091029+00:00 DEBUG aya_obj::relocation: relocating call to callee address 0x14b8 in section 2 (relocation) at instruction 985
2026-10-10T19:48:40.091030+00:00 DEBUG aya_obj::relocation: callee is `memset`
2026-10-10T19:48:40.091030+00:00 DEBUG aya_obj::relocation: callee `memset` is at ins 816, -170 from current instruction 985
2026-10-10T19:48:40.091032+00:00 DEBUG aya_obj::relocation: relocating call to callee address 0x14b8 in section 2 (relocation) at instruction 1072
2026-10-10T19:48:40.091034+00:00 DEBUG aya_obj::relocation: callee is `memset`
2026-10-10T19:48:40.091034+00:00 DEBUG aya_obj::relocation: callee `memset` is at ins 816, -257 from current instruction 1072
2026-10-10T19:48:40.091036+00:00 DEBUG aya_obj::relocation: relocating call to callee address 0x14b8 in section 2 (relocation) at instruction 1142
2026-10-10T19:48:40.091037+00:00 DEBUG aya_obj::relocation: callee is `memset`
2026-10-10T19:48:40.091038+00:00 DEBUG aya_obj::relocation: callee `memset` is at ins 816, -327 from current instruction 1142
2026-10-10T19:48:40.091040+00:00 DEBUG aya_obj::relocation: finished relocating program `wan_ingress_l2` function `_RNvNtCs2GI6VrNTxWR_9honk_ebpf8contrack15___mark_udp_seen`
2026-10-10T19:48:40.091041+00:00 DEBUG aya_obj::relocation: callee `_RNvNtCs2GI6VrNTxWR_9honk_ebpf8contrack15___mark_udp_seen` is at ins 849, 81 from current instruction 767
2026-10-10T19:48:40.091043+00:00 DEBUG aya_obj::relocation: relocating call to callee address 0x14b8 in section 2 (relocation) at instruction 798
2026-10-10T19:48:40.091044+00:00 DEBUG aya_obj::relocation: callee is `memset`
2026-10-10T19:48:40.091045+00:00 DEBUG aya_obj::relocation: callee `memset` is at ins 816, 17 from current instruction 798
2026-10-10T19:48:40.091046+00:00 DEBUG aya_obj::relocation: relocating call to callee address 0xdc58 in section 2 (pc-relative) at instruction 813
2026-10-10T19:48:40.091047+00:00 DEBUG aya_obj::relocation: callee is `_RNvNtCs2GI6VrNTxWR_9honk_ebpf8contrack15___mark_tcp_seen`
2026-10-10T19:48:40.091049+00:00 DEBUG aya_obj::relocation: linked function `_RNvNtCs2GI6VrNTxWR_9honk_ebpf8contrack15___mark_tcp_seen` at instruction 1250
2026-10-10T19:48:40.091050+00:00 DEBUG aya_obj::relocation: relocating program `wan_ingress_l2` function `_RNvNtCs2GI6VrNTxWR_9honk_ebpf8contrack15___mark_tcp_seen` size 460
2026-10-10T19:48:40.091052+00:00 DEBUG aya_obj::relocation: relocating call to callee address 0x14b8 in section 2 (relocation) at instruction 1273
2026-10-10T19:48:40.091053+00:00 DEBUG aya_obj::relocation: callee is `memset`
2026-10-10T19:48:40.091054+00:00 DEBUG aya_obj::relocation: callee `memset` is at ins 816, -458 from current instruction 1273
2026-10-10T19:48:40.091055+00:00 DEBUG aya_obj::relocation: relocating call to callee address 0x14b8 in section 2 (relocation) at instruction 1278
2026-10-10T19:48:40.091056+00:00 DEBUG aya_obj::relocation: callee is `memset`
2026-10-10T19:48:40.091056+00:00 DEBUG aya_obj::relocation: callee `memset` is at ins 816, -463 from current instruction 1278
2026-10-10T19:48:40.091058+00:00 DEBUG aya_obj::relocation: relocating call to callee address 0x14b8 in section 2 (relocation) at instruction 1283
2026-10-10T19:48:40.091059+00:00 DEBUG aya_obj::relocation: callee is `memset`
2026-10-10T19:48:40.091059+00:00 DEBUG aya_obj::relocation: callee `memset` is at ins 816, -468 from current instruction 1283
2026-10-10T19:48:40.091062+00:00 DEBUG aya_obj::relocation: relocating call to callee address 0x14b8 in section 2 (relocation) at instruction 1394
2026-10-10T19:48:40.091064+00:00 DEBUG aya_obj::relocation: callee is `memset`
2026-10-10T19:48:40.091064+00:00 DEBUG aya_obj::relocation: callee `memset` is at ins 816, -579 from current instruction 1394
2026-10-10T19:48:40.091066+00:00 DEBUG aya_obj::relocation: relocating call to callee address 0x14b8 in section 2 (relocation) at instruction 1399
2026-10-10T19:48:40.091067+00:00 DEBUG aya_obj::relocation: callee is `memset`
2026-10-10T19:48:40.091067+00:00 DEBUG aya_obj::relocation: callee `memset` is at ins 816, -584 from current instruction 1399
2026-10-10T19:48:40.091068+00:00 DEBUG aya_obj::relocation: relocating call to callee address 0x14b8 in section 2 (relocation) at instruction 1404
2026-10-10T19:48:40.091070+00:00 DEBUG aya_obj::relocation: callee is `memset`
2026-10-10T19:48:40.091070+00:00 DEBUG aya_obj::relocation: callee `memset` is at ins 816, -589 from current instruction 1404
2026-10-10T19:48:40.091073+00:00 DEBUG aya_obj::relocation: relocating call to callee address 0x14b8 in section 2 (relocation) at instruction 1564
2026-10-10T19:48:40.091074+00:00 DEBUG aya_obj::relocation: callee is `memset`
2026-10-10T19:48:40.091075+00:00 DEBUG aya_obj::relocation: callee `memset` is at ins 816, -749 from current instruction 1564
2026-10-10T19:48:40.091078+00:00 DEBUG aya_obj::relocation: finished relocating program `wan_ingress_l2` function `_RNvNtCs2GI6VrNTxWR_9honk_ebpf8contrack15___mark_tcp_seen`
2026-10-10T19:48:40.091079+00:00 DEBUG aya_obj::relocation: callee `_RNvNtCs2GI6VrNTxWR_9honk_ebpf8contrack15___mark_tcp_seen` is at ins 1250, 436 from current instruction 813
2026-10-10T19:48:40.091080+00:00 DEBUG aya_obj::relocation: finished relocating program `wan_ingress_l2` function `_RNvNtCs2GI6VrNTxWR_9honk_ebpf7ingress21do_tproxy_wan_ingress`
2026-10-10T19:48:40.091081+00:00 DEBUG aya_obj::relocation: callee `_RNvNtCs2GI6VrNTxWR_9honk_ebpf7ingress21do_tproxy_wan_ingress` is at ins 7, 2 from current instruction 4
2026-10-10T19:48:40.091082+00:00 DEBUG aya_obj::relocation: finished relocating program `wan_ingress_l2` function `wan_ingress_l2`
2026-10-10T19:48:40.091089+00:00 DEBUG aya_obj::relocation: relocating program `wan_egress_l2` function `wan_egress_l2` size 3360
2026-10-10T19:48:40.091091+00:00 DEBUG aya_obj::relocation: relocating call to callee address 0x14b8 in section 2 (relocation) at instruction 30
2026-10-10T19:48:40.091092+00:00 DEBUG aya_obj::relocation: callee is `memset`
2026-10-10T19:48:40.091095+00:00 DEBUG aya_obj::relocation: linked function `memset` at instruction 3360
2026-10-10T19:48:40.091096+00:00 DEBUG aya_obj::relocation: relocating program `wan_egress_l2` function `memset` size 8
2026-10-10T19:48:40.091097+00:00 DEBUG aya_obj::relocation: finished relocating program `wan_egress_l2` function `memset`
2026-10-10T19:48:40.091098+00:00 DEBUG aya_obj::relocation: callee `memset` is at ins 3360, 3329 from current instruction 30
2026-10-10T19:48:40.091100+00:00 DEBUG aya_obj::relocation: relocating call to callee address 0x14b8 in section 2 (relocation) at instruction 85
2026-10-10T19:48:40.091101+00:00 DEBUG aya_obj::relocation: callee is `memset`
2026-10-10T19:48:40.091102+00:00 DEBUG aya_obj::relocation: callee `memset` is at ins 3360, 3274 from current instruction 85
2026-10-10T19:48:40.091105+00:00 DEBUG aya_obj::relocation: relocating call to callee address 0x13f0 in section 2 (relocation) at instruction 246
2026-10-10T19:48:40.091106+00:00 DEBUG aya_obj::relocation: callee is `memmove`
2026-10-10T19:48:40.091107+00:00 DEBUG aya_obj::relocation: linked function `memmove` at instruction 3368
2026-10-10T19:48:40.091108+00:00 DEBUG aya_obj::relocation: relocating program `wan_egress_l2` function `memmove` size 25
2026-10-10T19:48:40.091109+00:00 DEBUG aya_obj::relocation: finished relocating program `wan_egress_l2` function `memmove`
2026-10-10T19:48:40.091110+00:00 DEBUG aya_obj::relocation: callee `memmove` is at ins 3368, 3121 from current instruction 246
2026-10-10T19:48:40.091112+00:00 DEBUG aya_obj::relocation: relocating call to callee address 0x13f0 in section 2 (relocation) at instruction 314
2026-10-10T19:48:40.091114+00:00 DEBUG aya_obj::relocation: callee is `memmove`
2026-10-10T19:48:40.091115+00:00 DEBUG aya_obj::relocation: callee `memmove` is at ins 3368, 3053 from current instruction 314
2026-10-10T19:48:40.091116+00:00 DEBUG aya_obj::relocation: relocating call to callee address 0x13f0 in section 2 (relocation) at instruction 347
2026-10-10T19:48:40.091117+00:00 DEBUG aya_obj::relocation: callee is `memmove`
2026-10-10T19:48:40.091118+00:00 DEBUG aya_obj::relocation: callee `memmove` is at ins 3368, 3020 from current instruction 347
2026-10-10T19:48:40.091119+00:00 DEBUG aya_obj::relocation: relocating call to callee address 0x13f0 in section 2 (relocation) at instruction 376
2026-10-10T19:48:40.091120+00:00 DEBUG aya_obj::relocation: callee is `memmove`
2026-10-10T19:48:40.091121+00:00 DEBUG aya_obj::relocation: callee `memmove` is at ins 3368, 2991 from current instruction 376
2026-10-10T19:48:40.091124+00:00 DEBUG aya_obj::relocation: relocating call to callee address 0x13f0 in section 2 (relocation) at instruction 478
2026-10-10T19:48:40.091125+00:00 DEBUG aya_obj::relocation: callee is `memmove`
2026-10-10T19:48:40.091126+00:00 DEBUG aya_obj::relocation: callee `memmove` is at ins 3368, 2889 from current instruction 478
2026-10-10T19:48:40.091127+00:00 DEBUG aya_obj::relocation: relocating call to callee address 0x13f0 in section 2 (relocation) at instruction 485
2026-10-10T19:48:40.091128+00:00 DEBUG aya_obj::relocation: callee is `memmove`
2026-10-10T19:48:40.091129+00:00 DEBUG aya_obj::relocation: callee `memmove` is at ins 3368, 2882 from current instruction 485
2026-10-10T19:48:40.091130+00:00 DEBUG aya_obj::relocation: relocating call to callee address 0x14b8 in section 2 (relocation) at instruction 510
2026-10-10T19:48:40.091131+00:00 DEBUG aya_obj::relocation: callee is `memset`
2026-10-10T19:48:40.091132+00:00 DEBUG aya_obj::relocation: callee `memset` is at ins 3360, 2849 from current instruction 510
2026-10-10T19:48:40.091133+00:00 DEBUG aya_obj::relocation: relocating call to callee address 0x13f0 in section 2 (relocation) at instruction 544
2026-10-10T19:48:40.091134+00:00 DEBUG aya_obj::relocation: callee is `memmove`
2026-10-10T19:48:40.091135+00:00 DEBUG aya_obj::relocation: callee `memmove` is at ins 3368, 2823 from current instruction 544
2026-10-10T19:48:40.091136+00:00 DEBUG aya_obj::relocation: relocating call to callee address 0x13f0 in section 2 (relocation) at instruction 549
2026-10-10T19:48:40.091137+00:00 DEBUG aya_obj::relocation: callee is `memmove`
2026-10-10T19:48:40.091138+00:00 DEBUG aya_obj::relocation: callee `memmove` is at ins 3368, 2818 from current instruction 549
2026-10-10T19:48:40.091141+00:00 DEBUG aya_obj::relocation: relocating call to callee address 0x14b8 in section 2 (relocation) at instruction 723
2026-10-10T19:48:40.091142+00:00 DEBUG aya_obj::relocation: callee is `memset`
2026-10-10T19:48:40.091143+00:00 DEBUG aya_obj::relocation: callee `memset` is at ins 3360, 2636 from current instruction 723
2026-10-10T19:48:40.091144+00:00 DEBUG aya_obj::relocation: relocating call to callee address 0xdc58 in section 2 (relocation) at instruction 737
2026-10-10T19:48:40.091145+00:00 DEBUG aya_obj::relocation: callee is `_RNvNtCs2GI6VrNTxWR_9honk_ebpf8contrack15___mark_tcp_seen`
2026-10-10T19:48:40.091147+00:00 DEBUG aya_obj::relocation: linked function `_RNvNtCs2GI6VrNTxWR_9honk_ebpf8contrack15___mark_tcp_seen` at instruction 3393
2026-10-10T19:48:40.091148+00:00 DEBUG aya_obj::relocation: relocating program `wan_egress_l2` function `_RNvNtCs2GI6VrNTxWR_9honk_ebpf8contrack15___mark_tcp_seen` size 460
2026-10-10T19:48:40.091149+00:00 DEBUG aya_obj::relocation: relocating call to callee address 0x14b8 in section 2 (relocation) at instruction 3416
2026-10-10T19:48:40.091150+00:00 DEBUG aya_obj::relocation: callee is `memset`
2026-10-10T19:48:40.091151+00:00 DEBUG aya_obj::relocation: callee `memset` is at ins 3360, -57 from current instruction 3416
2026-10-10T19:48:40.091152+00:00 DEBUG aya_obj::relocation: relocating call to callee address 0x14b8 in section 2 (relocation) at instruction 3421
2026-10-10T19:48:40.091154+00:00 DEBUG aya_obj::relocation: callee is `memset`
2026-10-10T19:48:40.091155+00:00 DEBUG aya_obj::relocation: callee `memset` is at ins 3360, -62 from current instruction 3421
2026-10-10T19:48:40.091156+00:00 DEBUG aya_obj::relocation: relocating call to callee address 0x14b8 in section 2 (relocation) at instruction 3426
2026-10-10T19:48:40.091157+00:00 DEBUG aya_obj::relocation: callee is `memset`
2026-10-10T19:48:40.091158+00:00 DEBUG aya_obj::relocation: callee `memset` is at ins 3360, -67 from current instruction 3426
2026-10-10T19:48:40.091160+00:00 DEBUG aya_obj::relocation: relocating call to callee address 0x14b8 in section 2 (relocation) at instruction 3537
2026-10-10T19:48:40.091161+00:00 DEBUG aya_obj::relocation: callee is `memset`
2026-10-10T19:48:40.091162+00:00 DEBUG aya_obj::relocation: callee `memset` is at ins 3360, -178 from current instruction 3537
2026-10-10T19:48:40.091163+00:00 DEBUG aya_obj::relocation: relocating call to callee address 0x14b8 in section 2 (relocation) at instruction 3542
2026-10-10T19:48:40.091164+00:00 DEBUG aya_obj::relocation: callee is `memset`
2026-10-10T19:48:40.091165+00:00 DEBUG aya_obj::relocation: callee `memset` is at ins 3360, -183 from current instruction 3542
2026-10-10T19:48:40.091166+00:00 DEBUG aya_obj::relocation: relocating call to callee address 0x14b8 in section 2 (relocation) at instruction 3547
2026-10-10T19:48:40.091167+00:00 DEBUG aya_obj::relocation: callee is `memset`
2026-10-10T19:48:40.091168+00:00 DEBUG aya_obj::relocation: callee `memset` is at ins 3360, -188 from current instruction 3547
2026-10-10T19:48:40.091171+00:00 DEBUG aya_obj::relocation: relocating call to callee address 0x14b8 in section 2 (relocation) at instruction 3707
2026-10-10T19:48:40.091172+00:00 DEBUG aya_obj::relocation: callee is `memset`
2026-10-10T19:48:40.091173+00:00 DEBUG aya_obj::relocation: callee `memset` is at ins 3360, -348 from current instruction 3707
2026-10-10T19:48:40.091175+00:00 DEBUG aya_obj::relocation: finished relocating program `wan_egress_l2` function `_RNvNtCs2GI6VrNTxWR_9honk_ebpf8contrack15___mark_tcp_seen`
2026-10-10T19:48:40.091176+00:00 DEBUG aya_obj::relocation: callee `_RNvNtCs2GI6VrNTxWR_9honk_ebpf8contrack15___mark_tcp_seen` is at ins 3393, 2655 from current instruction 737
2026-10-10T19:48:40.091180+00:00 DEBUG aya_obj::relocation: relocating call to callee address 0x14b8 in section 2 (relocation) at instruction 947
2026-10-10T19:48:40.091181+00:00 DEBUG aya_obj::relocation: callee is `memset`
2026-10-10T19:48:40.091182+00:00 DEBUG aya_obj::relocation: callee `memset` is at ins 3360, 2412 from current instruction 947
2026-10-10T19:48:40.091186+00:00 DEBUG aya_obj::relocation: relocating call to callee address 0x14b8 in section 2 (relocation) at instruction 1175
2026-10-10T19:48:40.091187+00:00 DEBUG aya_obj::relocation: callee is `memset`
2026-10-10T19:48:40.091188+00:00 DEBUG aya_obj::relocation: callee `memset` is at ins 3360, 2184 from current instruction 1175
2026-10-10T19:48:40.091190+00:00 DEBUG aya_obj::relocation: relocating call to callee address 0x14b8 in section 2 (relocation) at instruction 1248
2026-10-10T19:48:40.091191+00:00 DEBUG aya_obj::relocation: callee is `memset`
2026-10-10T19:48:40.091192+00:00 DEBUG aya_obj::relocation: callee `memset` is at ins 3360, 2111 from current instruction 1248
2026-10-10T19:48:40.091194+00:00 DEBUG aya_obj::relocation: relocating call to callee address 0x0 in section 2 (relocation) at instruction 1336
2026-10-10T19:48:40.091195+00:00 DEBUG aya_obj::relocation: callee is `honk_normalize_process_name`
2026-10-10T19:48:40.091196+00:00 DEBUG aya_obj::relocation: linked function `honk_normalize_process_name` at instruction 3853
2026-10-10T19:48:40.091197+00:00 DEBUG aya_obj::relocation: relocating program `wan_egress_l2` function `honk_normalize_process_name` size 145
2026-10-10T19:48:40.091199+00:00 DEBUG aya_obj::relocation: relocating call to callee address 0x14b8 in section 2 (relocation) at instruction 3862
2026-10-10T19:48:40.091200+00:00 DEBUG aya_obj::relocation: callee is `memset`
2026-10-10T19:48:40.091201+00:00 DEBUG aya_obj::relocation: callee `memset` is at ins 3360, -503 from current instruction 3862
2026-10-10T19:48:40.091202+00:00 DEBUG aya_obj::relocation: relocating call to callee address 0x14b8 in section 2 (relocation) at instruction 3868
2026-10-10T19:48:40.091203+00:00 DEBUG aya_obj::relocation: callee is `memset`
2026-10-10T19:48:40.091204+00:00 DEBUG aya_obj::relocation: callee `memset` is at ins 3360, -509 from current instruction 3868
2026-10-10T19:48:40.091205+00:00 DEBUG aya_obj::relocation: relocating call to callee address 0x488 in section 2 (relocation) at instruction 3872
2026-10-10T19:48:40.091206+00:00 DEBUG aya_obj::relocation: callee is `honk_normalize_process_step`
2026-10-10T19:48:40.091208+00:00 DEBUG aya_obj::relocation: linked function `honk_normalize_process_step` at instruction 3998
2026-10-10T19:48:40.091209+00:00 DEBUG aya_obj::relocation: relocating program `wan_egress_l2` function `honk_normalize_process_step` size 317
2026-10-10T19:48:40.091213+00:00 DEBUG aya_obj::relocation: finished relocating program `wan_egress_l2` function `honk_normalize_process_step`
2026-10-10T19:48:40.091214+00:00 DEBUG aya_obj::relocation: callee `honk_normalize_process_step` is at ins 3998, 125 from current instruction 3872
2026-10-10T19:48:40.091215+00:00 DEBUG aya_obj::relocation: relocating call to callee address 0x488 in section 2 (relocation) at instruction 3884
2026-10-10T19:48:40.091217+00:00 DEBUG aya_obj::relocation: callee is `honk_normalize_process_step`
2026-10-10T19:48:40.091217+00:00 DEBUG aya_obj::relocation: callee `honk_normalize_process_step` is at ins 3998, 113 from current instruction 3884
2026-10-10T19:48:40.091219+00:00 DEBUG aya_obj::relocation: relocating call to callee address 0x488 in section 2 (relocation) at instruction 3892
2026-10-10T19:48:40.091220+00:00 DEBUG aya_obj::relocation: callee is `honk_normalize_process_step`
2026-10-10T19:48:40.091221+00:00 DEBUG aya_obj::relocation: callee `honk_normalize_process_step` is at ins 3998, 105 from current instruction 3892
2026-10-10T19:48:40.091222+00:00 DEBUG aya_obj::relocation: relocating call to callee address 0x488 in section 2 (relocation) at instruction 3900
2026-10-10T19:48:40.091223+00:00 DEBUG aya_obj::relocation: callee is `honk_normalize_process_step`
2026-10-10T19:48:40.091224+00:00 DEBUG aya_obj::relocation: callee `honk_normalize_process_step` is at ins 3998, 97 from current instruction 3900
2026-10-10T19:48:40.091225+00:00 DEBUG aya_obj::relocation: relocating call to callee address 0x488 in section 2 (relocation) at instruction 3908
2026-10-10T19:48:40.091226+00:00 DEBUG aya_obj::relocation: callee is `honk_normalize_process_step`
2026-10-10T19:48:40.091227+00:00 DEBUG aya_obj::relocation: callee `honk_normalize_process_step` is at ins 3998, 89 from current instruction 3908
2026-10-10T19:48:40.091228+00:00 DEBUG aya_obj::relocation: relocating call to callee address 0x488 in section 2 (relocation) at instruction 3916
2026-10-10T19:48:40.091229+00:00 DEBUG aya_obj::relocation: callee is `honk_normalize_process_step`
2026-10-10T19:48:40.091230+00:00 DEBUG aya_obj::relocation: callee `honk_normalize_process_step` is at ins 3998, 81 from current instruction 3916
2026-10-10T19:48:40.091231+00:00 DEBUG aya_obj::relocation: relocating call to callee address 0x488 in section 2 (relocation) at instruction 3924
2026-10-10T19:48:40.091232+00:00 DEBUG aya_obj::relocation: callee is `honk_normalize_process_step`
2026-10-10T19:48:40.091233+00:00 DEBUG aya_obj::relocation: callee `honk_normalize_process_step` is at ins 3998, 73 from current instruction 3924
2026-10-10T19:48:40.091234+00:00 DEBUG aya_obj::relocation: relocating call to callee address 0x488 in section 2 (relocation) at instruction 3932
2026-10-10T19:48:40.091235+00:00 DEBUG aya_obj::relocation: callee is `honk_normalize_process_step`
2026-10-10T19:48:40.091236+00:00 DEBUG aya_obj::relocation: callee `honk_normalize_process_step` is at ins 3998, 65 from current instruction 3932
2026-10-10T19:48:40.091238+00:00 DEBUG aya_obj::relocation: relocating call to callee address 0x488 in section 2 (relocation) at instruction 3940
2026-10-10T19:48:40.091239+00:00 DEBUG aya_obj::relocation: callee is `honk_normalize_process_step`
2026-10-10T19:48:40.091240+00:00 DEBUG aya_obj::relocation: callee `honk_normalize_process_step` is at ins 3998, 57 from current instruction 3940
2026-10-10T19:48:40.091241+00:00 DEBUG aya_obj::relocation: relocating call to callee address 0x488 in section 2 (relocation) at instruction 3948
2026-10-10T19:48:40.091242+00:00 DEBUG aya_obj::relocation: callee is `honk_normalize_process_step`
2026-10-10T19:48:40.091243+00:00 DEBUG aya_obj::relocation: callee `honk_normalize_process_step` is at ins 3998, 49 from current instruction 3948
2026-10-10T19:48:40.091245+00:00 DEBUG aya_obj::relocation: relocating call to callee address 0x488 in section 2 (relocation) at instruction 3956
2026-10-10T19:48:40.091246+00:00 DEBUG aya_obj::relocation: callee is `honk_normalize_process_step`
2026-10-10T19:48:40.091246+00:00 DEBUG aya_obj::relocation: callee `honk_normalize_process_step` is at ins 3998, 41 from current instruction 3956
2026-10-10T19:48:40.091248+00:00 DEBUG aya_obj::relocation: relocating call to callee address 0x488 in section 2 (relocation) at instruction 3964
2026-10-10T19:48:40.091249+00:00 DEBUG aya_obj::relocation: callee is `honk_normalize_process_step`
2026-10-10T19:48:40.091250+00:00 DEBUG aya_obj::relocation: callee `honk_normalize_process_step` is at ins 3998, 33 from current instruction 3964
2026-10-10T19:48:40.091251+00:00 DEBUG aya_obj::relocation: relocating call to callee address 0x488 in section 2 (relocation) at instruction 3972
2026-10-10T19:48:40.091252+00:00 DEBUG aya_obj::relocation: callee is `honk_normalize_process_step`
2026-10-10T19:48:40.091253+00:00 DEBUG aya_obj::relocation: callee `honk_normalize_process_step` is at ins 3998, 25 from current instruction 3972
2026-10-10T19:48:40.091254+00:00 DEBUG aya_obj::relocation: relocating call to callee address 0x488 in section 2 (relocation) at instruction 3980
2026-10-10T19:48:40.091255+00:00 DEBUG aya_obj::relocation: callee is `honk_normalize_process_step`
2026-10-10T19:48:40.091256+00:00 DEBUG aya_obj::relocation: callee `honk_normalize_process_step` is at ins 3998, 17 from current instruction 3980
2026-10-10T19:48:40.091257+00:00 DEBUG aya_obj::relocation: relocating call to callee address 0x488 in section 2 (relocation) at instruction 3988
2026-10-10T19:48:40.091258+00:00 DEBUG aya_obj::relocation: callee is `honk_normalize_process_step`
2026-10-10T19:48:40.091259+00:00 DEBUG aya_obj::relocation: callee `honk_normalize_process_step` is at ins 3998, 9 from current instruction 3988
2026-10-10T19:48:40.091260+00:00 DEBUG aya_obj::relocation: relocating call to callee address 0x488 in section 2 (relocation) at instruction 3996
2026-10-10T19:48:40.091261+00:00 DEBUG aya_obj::relocation: callee is `honk_normalize_process_step`
2026-10-10T19:48:40.091262+00:00 DEBUG aya_obj::relocation: callee `honk_normalize_process_step` is at ins 3998, 1 from current instruction 3996
2026-10-10T19:48:40.091263+00:00 DEBUG aya_obj::relocation: finished relocating program `wan_egress_l2` function `honk_normalize_process_name`
2026-10-10T19:48:40.091264+00:00 DEBUG aya_obj::relocation: callee `honk_normalize_process_name` is at ins 3853, 2516 from current instruction 1336
2026-10-10T19:48:40.091266+00:00 DEBUG aya_obj::relocation: relocating call to callee address 0x1070 in section 2 (relocation) at instruction 1367
2026-10-10T19:48:40.091267+00:00 DEBUG aya_obj::relocation: callee is `honk_route_slot1`
2026-10-10T19:48:40.091268+00:00 DEBUG aya_obj::relocation: linked function `honk_route_slot1` at instruction 4315
2026-10-10T19:48:40.091269+00:00 DEBUG aya_obj::relocation: relocating program `wan_egress_l2` function `honk_route_slot1` size 64
2026-10-10T19:48:40.091270+00:00 DEBUG aya_obj::relocation: finished relocating program `wan_egress_l2` function `honk_route_slot1`
2026-10-10T19:48:40.091271+00:00 DEBUG aya_obj::relocation: callee `honk_route_slot1` is at ins 4315, 2947 from current instruction 1367
2026-10-10T19:48:40.091273+00:00 DEBUG aya_obj::relocation: relocating call to callee address 0xe70 in section 2 (relocation) at instruction 1371
2026-10-10T19:48:40.091274+00:00 DEBUG aya_obj::relocation: callee is `honk_route_slot0`
2026-10-10T19:48:40.091275+00:00 DEBUG aya_obj::relocation: linked function `honk_route_slot0` at instruction 4379
2026-10-10T19:48:40.091276+00:00 DEBUG aya_obj::relocation: relocating program `wan_egress_l2` function `honk_route_slot0` size 64
2026-10-10T19:48:40.091278+00:00 DEBUG aya_obj::relocation: finished relocating program `wan_egress_l2` function `honk_route_slot0`
2026-10-10T19:48:40.091279+00:00 DEBUG aya_obj::relocation: callee `honk_route_slot0` is at ins 4379, 3007 from current instruction 1371
2026-10-10T19:48:40.091282+00:00 DEBUG aya_obj::relocation: relocating call to callee address 0x14b8 in section 2 (relocation) at instruction 1517
2026-10-10T19:48:40.091283+00:00 DEBUG aya_obj::relocation: callee is `memset`
2026-10-10T19:48:40.091284+00:00 DEBUG aya_obj::relocation: callee `memset` is at ins 3360, 1842 from current instruction 1517
2026-10-10T19:48:40.091286+00:00 DEBUG aya_obj::relocation: relocating call to callee address 0xdc58 in section 2 (relocation) at instruction 1601
2026-10-10T19:48:40.091287+00:00 DEBUG aya_obj::relocation: callee is `_RNvNtCs2GI6VrNTxWR_9honk_ebpf8contrack15___mark_tcp_seen`
2026-10-10T19:48:40.091288+00:00 DEBUG aya_obj::relocation: callee `_RNvNtCs2GI6VrNTxWR_9honk_ebpf8contrack15___mark_tcp_seen` is at ins 3393, 1791 from current instruction 1601
2026-10-10T19:48:40.091291+00:00 DEBUG aya_obj::relocation: relocating call to callee address 0x14b8 in section 2 (relocation) at instruction 1728
2026-10-10T19:48:40.091292+00:00 DEBUG aya_obj::relocation: callee is `memset`
2026-10-10T19:48:40.091292+00:00 DEBUG aya_obj::relocation: callee `memset` is at ins 3360, 1631 from current instruction 1728
2026-10-10T19:48:40.091295+00:00 DEBUG aya_obj::relocation: relocating call to callee address 0x14b8 in section 2 (relocation) at instruction 1823
2026-10-10T19:48:40.091296+00:00 DEBUG aya_obj::relocation: callee is `memset`
2026-10-10T19:48:40.091297+00:00 DEBUG aya_obj::relocation: callee `memset` is at ins 3360, 1536 from current instruction 1823
2026-10-10T19:48:40.091298+00:00 DEBUG aya_obj::relocation: relocating call to callee address 0x0 in section 2 (relocation) at instruction 1861
2026-10-10T19:48:40.091299+00:00 DEBUG aya_obj::relocation: callee is `honk_normalize_process_name`
2026-10-10T19:48:40.091300+00:00 DEBUG aya_obj::relocation: callee `honk_normalize_process_name` is at ins 3853, 1991 from current instruction 1861
2026-10-10T19:48:40.091301+00:00 DEBUG aya_obj::relocation: relocating call to callee address 0x1070 in section 2 (relocation) at instruction 1892
2026-10-10T19:48:40.091303+00:00 DEBUG aya_obj::relocation: callee is `honk_route_slot1`
2026-10-10T19:48:40.091303+00:00 DEBUG aya_obj::relocation: callee `honk_route_slot1` is at ins 4315, 2422 from current instruction 1892
2026-10-10T19:48:40.091305+00:00 DEBUG aya_obj::relocation: relocating call to callee address 0xe70 in section 2 (relocation) at instruction 1896
2026-10-10T19:48:40.091306+00:00 DEBUG aya_obj::relocation: callee is `honk_route_slot0`
2026-10-10T19:48:40.091306+00:00 DEBUG aya_obj::relocation: callee `honk_route_slot0` is at ins 4379, 2482 from current instruction 1896
2026-10-10T19:48:40.091310+00:00 DEBUG aya_obj::relocation: relocating call to callee address 0x14b8 in section 2 (relocation) at instruction 2138
2026-10-10T19:48:40.091312+00:00 DEBUG aya_obj::relocation: callee is `memset`
2026-10-10T19:48:40.091312+00:00 DEBUG aya_obj::relocation: callee `memset` is at ins 3360, 1221 from current instruction 2138
2026-10-10T19:48:40.091315+00:00 DEBUG aya_obj::relocation: relocating call to callee address 0x14b8 in section 2 (relocation) at instruction 2235
2026-10-10T19:48:40.091316+00:00 DEBUG aya_obj::relocation: callee is `memset`
2026-10-10T19:48:40.091317+00:00 DEBUG aya_obj::relocation: callee `memset` is at ins 3360, 1124 from current instruction 2235
2026-10-10T19:48:40.091320+00:00 DEBUG aya_obj::relocation: relocating call to callee address 0x14b8 in section 2 (relocation) at instruction 2375
2026-10-10T19:48:40.091321+00:00 DEBUG aya_obj::relocation: callee is `memset`
2026-10-10T19:48:40.091322+00:00 DEBUG aya_obj::relocation: callee `memset` is at ins 3360, 984 from current instruction 2375
2026-10-10T19:48:40.091324+00:00 DEBUG aya_obj::relocation: relocating call to callee address 0x10288 in section 2 (relocation) at instruction 2437
2026-10-10T19:48:40.091325+00:00 DEBUG aya_obj::relocation: callee is `_RNvNtCs2GI6VrNTxWR_9honk_ebpf8contrack15___mark_udp_seen`
2026-10-10T19:48:40.091326+00:00 DEBUG aya_obj::relocation: linked function `_RNvNtCs2GI6VrNTxWR_9honk_ebpf8contrack15___mark_udp_seen` at instruction 4443
2026-10-10T19:48:40.091327+00:00 DEBUG aya_obj::relocation: relocating program `wan_egress_l2` function `_RNvNtCs2GI6VrNTxWR_9honk_ebpf8contrack15___mark_udp_seen` size 401
2026-10-10T19:48:40.091330+00:00 DEBUG aya_obj::relocation: relocating call to callee address 0x14b8 in section 2 (relocation) at instruction 4574
2026-10-10T19:48:40.091331+00:00 DEBUG aya_obj::relocation: callee is `memset`
2026-10-10T19:48:40.091332+00:00 DEBUG aya_obj::relocation: callee `memset` is at ins 3360, -1215 from current instruction 4574
2026-10-10T19:48:40.091333+00:00 DEBUG aya_obj::relocation: relocating call to callee address 0x14b8 in section 2 (relocation) at instruction 4579
2026-10-10T19:48:40.091334+00:00 DEBUG aya_obj::relocation: callee is `memset`
2026-10-10T19:48:40.091335+00:00 DEBUG aya_obj::relocation: callee `memset` is at ins 3360, -1220 from current instruction 4579
2026-10-10T19:48:40.091336+00:00 DEBUG aya_obj::relocation: relocating call to callee address 0x14b8 in section 2 (relocation) at instruction 4666
2026-10-10T19:48:40.091338+00:00 DEBUG aya_obj::relocation: callee is `memset`
2026-10-10T19:48:40.091338+00:00 DEBUG aya_obj::relocation: callee `memset` is at ins 3360, -1307 from current instruction 4666
2026-10-10T19:48:40.091340+00:00 DEBUG aya_obj::relocation: relocating call to callee address 0x14b8 in section 2 (relocation) at instruction 4736
2026-10-10T19:48:40.091341+00:00 DEBUG aya_obj::relocation: callee is `memset`
2026-10-10T19:48:40.091342+00:00 DEBUG aya_obj::relocation: callee `memset` is at ins 3360, -1377 from current instruction 4736
2026-10-10T19:48:40.091344+00:00 DEBUG aya_obj::relocation: finished relocating program `wan_egress_l2` function `_RNvNtCs2GI6VrNTxWR_9honk_ebpf8contrack15___mark_udp_seen`
2026-10-10T19:48:40.091345+00:00 DEBUG aya_obj::relocation: callee `_RNvNtCs2GI6VrNTxWR_9honk_ebpf8contrack15___mark_udp_seen` is at ins 4443, 2005 from current instruction 2437
2026-10-10T19:48:40.091348+00:00 DEBUG aya_obj::relocation: relocating call to callee address 0x14b8 in section 2 (relocation) at instruction 2593
2026-10-10T19:48:40.091350+00:00 DEBUG aya_obj::relocation: callee is `memset`
2026-10-10T19:48:40.091350+00:00 DEBUG aya_obj::relocation: callee `memset` is at ins 3360, 766 from current instruction 2593
2026-10-10T19:48:40.091354+00:00 DEBUG aya_obj::relocation: relocating call to callee address 0x14b8 in section 2 (relocation) at instruction 2791
2026-10-10T19:48:40.091355+00:00 DEBUG aya_obj::relocation: callee is `memset`
2026-10-10T19:48:40.091356+00:00 DEBUG aya_obj::relocation: callee `memset` is at ins 3360, 568 from current instruction 2791
2026-10-10T19:48:40.091359+00:00 DEBUG aya_obj::relocation: relocating call to callee address 0x14b8 in section 2 (relocation) at instruction 2958
2026-10-10T19:48:40.091360+00:00 DEBUG aya_obj::relocation: callee is `memset`
2026-10-10T19:48:40.091361+00:00 DEBUG aya_obj::relocation: callee `memset` is at ins 3360, 401 from current instruction 2958
2026-10-10T19:48:40.091363+00:00 DEBUG aya_obj::relocation: relocating call to callee address 0x14b8 in section 2 (relocation) at instruction 3062
2026-10-10T19:48:40.091364+00:00 DEBUG aya_obj::relocation: callee is `memset`
2026-10-10T19:48:40.091366+00:00 DEBUG aya_obj::relocation: callee `memset` is at ins 3360, 297 from current instruction 3062
2026-10-10T19:48:40.091369+00:00 DEBUG aya_obj::relocation: relocating call to callee address 0x14b8 in section 2 (relocation) at instruction 3276
2026-10-10T19:48:40.091370+00:00 DEBUG aya_obj::relocation: callee is `memset`
2026-10-10T19:48:40.091371+00:00 DEBUG aya_obj::relocation: callee `memset` is at ins 3360, 83 from current instruction 3276
2026-10-10T19:48:40.091373+00:00 DEBUG aya_obj::relocation: finished relocating program `wan_egress_l2` function `wan_egress_l2`
2026-10-10T19:48:40.091375+00:00 DEBUG aya_obj::relocation: relocating program `tproxy_wan_cg_sock_create_comm` function `tproxy_wan_cg_sock_create_comm` size 108
2026-10-10T19:48:40.091376+00:00 DEBUG aya_obj::relocation: relocating call to callee address 0x14b8 in section 2 (relocation) at instruction 24
2026-10-10T19:48:40.091377+00:00 DEBUG aya_obj::relocation: callee is `memset`
2026-10-10T19:48:40.091378+00:00 DEBUG aya_obj::relocation: linked function `memset` at instruction 108
2026-10-10T19:48:40.091380+00:00 DEBUG aya_obj::relocation: relocating program `tproxy_wan_cg_sock_create_comm` function `memset` size 8
2026-10-10T19:48:40.091381+00:00 DEBUG aya_obj::relocation: finished relocating program `tproxy_wan_cg_sock_create_comm` function `memset`
2026-10-10T19:48:40.091382+00:00 DEBUG aya_obj::relocation: callee `memset` is at ins 108, 83 from current instruction 24
2026-10-10T19:48:40.091383+00:00 DEBUG aya_obj::relocation: relocating call to callee address 0x14b8 in section 2 (relocation) at instruction 61
2026-10-10T19:48:40.091384+00:00 DEBUG aya_obj::relocation: callee is `memset`
2026-10-10T19:48:40.091385+00:00 DEBUG aya_obj::relocation: callee `memset` is at ins 108, 46 from current instruction 61
2026-10-10T19:48:40.091387+00:00 DEBUG aya_obj::relocation: finished relocating program `tproxy_wan_cg_sock_create_comm` function `tproxy_wan_cg_sock_create_comm`
2026-10-10T19:48:40.091388+00:00 DEBUG aya_obj::relocation: relocating program `dae0peer_ingress` function `dae0peer_ingress` size 6
2026-10-10T19:48:40.091389+00:00 DEBUG aya_obj::relocation: relocating call to callee address 0x2c10 in section 2 (relocation) at instruction 3
2026-10-10T19:48:40.091390+00:00 DEBUG aya_obj::relocation: callee is `_RNvNtCs2GI6VrNTxWR_9honk_ebpf7ingress26do_tproxy_dae0peer_ingress`
2026-10-10T19:48:40.091391+00:00 DEBUG aya_obj::relocation: linked function `_RNvNtCs2GI6VrNTxWR_9honk_ebpf7ingress26do_tproxy_dae0peer_ingress` at instruction 6
2026-10-10T19:48:40.091393+00:00 DEBUG aya_obj::relocation: relocating program `dae0peer_ingress` function `_RNvNtCs2GI6VrNTxWR_9honk_ebpf7ingress26do_tproxy_dae0peer_ingress` size 200
2026-10-10T19:48:40.091396+00:00 DEBUG aya_obj::relocation: finished relocating program `dae0peer_ingress` function `_RNvNtCs2GI6VrNTxWR_9honk_ebpf7ingress26do_tproxy_dae0peer_ingress`
2026-10-10T19:48:40.091397+00:00 DEBUG aya_obj::relocation: callee `_RNvNtCs2GI6VrNTxWR_9honk_ebpf7ingress26do_tproxy_dae0peer_ingress` is at ins 6, 2 from current instruction 3
2026-10-10T19:48:40.091399+00:00 DEBUG aya_obj::relocation: finished relocating program `dae0peer_ingress` function `dae0peer_ingress`
2026-10-10T19:48:40.091400+00:00 DEBUG aya_obj::relocation: relocating program `tproxy_wan_cg_connect6_comm` function `tproxy_wan_cg_connect6_comm` size 108
2026-10-10T19:48:40.091401+00:00 DEBUG aya_obj::relocation: relocating call to callee address 0x14b8 in section 2 (relocation) at instruction 24
2026-10-10T19:48:40.091402+00:00 DEBUG aya_obj::relocation: callee is `memset`
2026-10-10T19:48:40.091403+00:00 DEBUG aya_obj::relocation: linked function `memset` at instruction 108
2026-10-10T19:48:40.091405+00:00 DEBUG aya_obj::relocation: relocating program `tproxy_wan_cg_connect6_comm` function `memset` size 8
2026-10-10T19:48:40.091406+00:00 DEBUG aya_obj::relocation: finished relocating program `tproxy_wan_cg_connect6_comm` function `memset`
2026-10-10T19:48:40.091407+00:00 DEBUG aya_obj::relocation: callee `memset` is at ins 108, 83 from current instruction 24
2026-10-10T19:48:40.091409+00:00 DEBUG aya_obj::relocation: relocating call to callee address 0x14b8 in section 2 (relocation) at instruction 61
2026-10-10T19:48:40.091410+00:00 DEBUG aya_obj::relocation: callee is `memset`
2026-10-10T19:48:40.091411+00:00 DEBUG aya_obj::relocation: callee `memset` is at ins 108, 46 from current instruction 61
2026-10-10T19:48:40.091412+00:00 DEBUG aya_obj::relocation: finished relocating program `tproxy_wan_cg_connect6_comm` function `tproxy_wan_cg_connect6_comm`
2026-10-10T19:48:40.091414+00:00 DEBUG aya_obj::relocation: relocating program `tproxy_wan_cg_sendmsg4_comm` function `tproxy_wan_cg_sendmsg4_comm` size 108
2026-10-10T19:48:40.091415+00:00 DEBUG aya_obj::relocation: relocating call to callee address 0x14b8 in section 2 (relocation) at instruction 24
2026-10-10T19:48:40.091416+00:00 DEBUG aya_obj::relocation: callee is `memset`
2026-10-10T19:48:40.091417+00:00 DEBUG aya_obj::relocation: linked function `memset` at instruction 108
2026-10-10T19:48:40.091418+00:00 DEBUG aya_obj::relocation: relocating program `tproxy_wan_cg_sendmsg4_comm` function `memset` size 8
2026-10-10T19:48:40.091419+00:00 DEBUG aya_obj::relocation: finished relocating program `tproxy_wan_cg_sendmsg4_comm` function `memset`
2026-10-10T19:48:40.091420+00:00 DEBUG aya_obj::relocation: callee `memset` is at ins 108, 83 from current instruction 24
2026-10-10T19:48:40.091422+00:00 DEBUG aya_obj::relocation: relocating call to callee address 0x14b8 in section 2 (relocation) at instruction 61
2026-10-10T19:48:40.091423+00:00 DEBUG aya_obj::relocation: callee is `memset`
2026-10-10T19:48:40.091424+00:00 DEBUG aya_obj::relocation: callee `memset` is at ins 108, 46 from current instruction 61
2026-10-10T19:48:40.091425+00:00 DEBUG aya_obj::relocation: finished relocating program `tproxy_wan_cg_sendmsg4_comm` function `tproxy_wan_cg_sendmsg4_comm`
2026-10-10T19:48:40.091428+00:00 DEBUG aya_obj::relocation: relocating program `tproxy_wan_cg_sendmsg6_comm` function `tproxy_wan_cg_sendmsg6_comm` size 108
2026-10-10T19:48:40.091429+00:00 DEBUG aya_obj::relocation: relocating call to callee address 0x14b8 in section 2 (relocation) at instruction 24
2026-10-10T19:48:40.091430+00:00 DEBUG aya_obj::relocation: callee is `memset`
2026-10-10T19:48:40.091431+00:00 DEBUG aya_obj::relocation: linked function `memset` at instruction 108
2026-10-10T19:48:40.091432+00:00 DEBUG aya_obj::relocation: relocating program `tproxy_wan_cg_sendmsg6_comm` function `memset` size 8
2026-10-10T19:48:40.091433+00:00 DEBUG aya_obj::relocation: finished relocating program `tproxy_wan_cg_sendmsg6_comm` function `memset`
2026-10-10T19:48:40.091434+00:00 DEBUG aya_obj::relocation: callee `memset` is at ins 108, 83 from current instruction 24
2026-10-10T19:48:40.091436+00:00 DEBUG aya_obj::relocation: relocating call to callee address 0x14b8 in section 2 (relocation) at instruction 61
2026-10-10T19:48:40.091437+00:00 DEBUG aya_obj::relocation: callee is `memset`
2026-10-10T19:48:40.091438+00:00 DEBUG aya_obj::relocation: callee `memset` is at ins 108, 46 from current instruction 61
2026-10-10T19:48:40.091439+00:00 DEBUG aya_obj::relocation: finished relocating program `tproxy_wan_cg_sendmsg6_comm` function `tproxy_wan_cg_sendmsg6_comm`
2026-10-10T19:48:40.091441+00:00 DEBUG aya_obj::relocation: relocating program `tproxy_wan_cg_connect4` function `tproxy_wan_cg_connect4` size 185
2026-10-10T19:48:40.091442+00:00 DEBUG aya_obj::relocation: relocating call to callee address 0x14b8 in section 2 (relocation) at instruction 23
2026-10-10T19:48:40.091443+00:00 DEBUG aya_obj::relocation: callee is `memset`
2026-10-10T19:48:40.091444+00:00 DEBUG aya_obj::relocation: linked function `memset` at instruction 185
2026-10-10T19:48:40.091446+00:00 DEBUG aya_obj::relocation: relocating program `tproxy_wan_cg_connect4` function `memset` size 8
2026-10-10T19:48:40.091447+00:00 DEBUG aya_obj::relocation: finished relocating program `tproxy_wan_cg_connect4` function `memset`
2026-10-10T19:48:40.091448+00:00 DEBUG aya_obj::relocation: callee `memset` is at ins 185, 161 from current instruction 23
2026-10-10T19:48:40.091450+00:00 DEBUG aya_obj::relocation: relocating call to callee address 0x14b8 in section 2 (relocation) at instruction 80
2026-10-10T19:48:40.091451+00:00 DEBUG aya_obj::relocation: callee is `memset`
2026-10-10T19:48:40.091452+00:00 DEBUG aya_obj::relocation: callee `memset` is at ins 185, 104 from current instruction 80
2026-10-10T19:48:40.091453+00:00 DEBUG aya_obj::relocation: relocating reference to callee address 0x1320 in section 2 (relocation) at instruction 93
2026-10-10T19:48:40.091454+00:00 DEBUG aya_obj::relocation: callee is `_RNvNtCs2GI6VrNTxWR_9honk_ebpf12process_name13find_basename`
2026-10-10T19:48:40.091455+00:00 DEBUG aya_obj::relocation: linked function `_RNvNtCs2GI6VrNTxWR_9honk_ebpf12process_name13find_basename` at instruction 193
2026-10-10T19:48:40.091457+00:00 DEBUG aya_obj::relocation: relocating program `tproxy_wan_cg_connect4` function `_RNvNtCs2GI6VrNTxWR_9honk_ebpf12process_name13find_basename` size 15
2026-10-10T19:48:40.091458+00:00 DEBUG aya_obj::relocation: finished relocating program `tproxy_wan_cg_connect4` function `_RNvNtCs2GI6VrNTxWR_9honk_ebpf12process_name13find_basename`
2026-10-10T19:48:40.091459+00:00 DEBUG aya_obj::relocation: callee `_RNvNtCs2GI6VrNTxWR_9honk_ebpf12process_name13find_basename` is at ins 193, 99 from current instruction 93
2026-10-10T19:48:40.091461+00:00 DEBUG aya_obj::relocation: relocating call to callee address 0x14b8 in section 2 (relocation) at instruction 131
2026-10-10T19:48:40.091462+00:00 DEBUG aya_obj::relocation: callee is `memset`
2026-10-10T19:48:40.091462+00:00 DEBUG aya_obj::relocation: callee `memset` is at ins 185, 53 from current instruction 131
2026-10-10T19:48:40.091464+00:00 DEBUG aya_obj::relocation: finished relocating program `tproxy_wan_cg_connect4` function `tproxy_wan_cg_connect4`
2026-10-10T19:48:40.091465+00:00 DEBUG aya_obj::relocation: relocating program `honk_udp6_receive_enter` function `honk_udp6_receive_enter` size 55
2026-10-10T19:48:40.091467+00:00 DEBUG aya_obj::relocation: finished relocating program `honk_udp6_receive_enter` function `honk_udp6_receive_enter`
2026-10-10T19:48:40.091468+00:00 DEBUG aya_obj::relocation: relocating program `tproxy_sk_lookup` function `tproxy_sk_lookup` size 45
2026-10-10T19:48:40.091469+00:00 DEBUG aya_obj::relocation: relocating call to callee address 0x12c8 in section 2 (relocation) at instruction 10
2026-10-10T19:48:40.091471+00:00 DEBUG aya_obj::relocation: callee is `_RNvNtCs2GI6VrNTxWR_9honk_ebpf9sk_lookup19udp_listener_key_v6`
2026-10-10T19:48:40.091472+00:00 DEBUG aya_obj::relocation: linked function `_RNvNtCs2GI6VrNTxWR_9honk_ebpf9sk_lookup19udp_listener_key_v6` at instruction 45
2026-10-10T19:48:40.091474+00:00 DEBUG aya_obj::relocation: relocating program `tproxy_sk_lookup` function `_RNvNtCs2GI6VrNTxWR_9honk_ebpf9sk_lookup19udp_listener_key_v6` size 11
2026-10-10T19:48:40.091475+00:00 DEBUG aya_obj::relocation: finished relocating program `tproxy_sk_lookup` function `_RNvNtCs2GI6VrNTxWR_9honk_ebpf9sk_lookup19udp_listener_key_v6`
2026-10-10T19:48:40.091476+00:00 DEBUG aya_obj::relocation: callee `_RNvNtCs2GI6VrNTxWR_9honk_ebpf9sk_lookup19udp_listener_key_v6` is at ins 45, 34 from current instruction 10
2026-10-10T19:48:40.091477+00:00 DEBUG aya_obj::relocation: relocating call to callee address 0x1270 in section 2 (relocation) at instruction 41
2026-10-10T19:48:40.091479+00:00 DEBUG aya_obj::relocation: callee is `_RNvNtCs2GI6VrNTxWR_9honk_ebpf9sk_lookup19udp_listener_key_v4`
2026-10-10T19:48:40.091480+00:00 DEBUG aya_obj::relocation: linked function `_RNvNtCs2GI6VrNTxWR_9honk_ebpf9sk_lookup19udp_listener_key_v4` at instruction 56
2026-10-10T19:48:40.091481+00:00 DEBUG aya_obj::relocation: relocating program `tproxy_sk_lookup` function `_RNvNtCs2GI6VrNTxWR_9honk_ebpf9sk_lookup19udp_listener_key_v4` size 11
2026-10-10T19:48:40.091482+00:00 DEBUG aya_obj::relocation: finished relocating program `tproxy_sk_lookup` function `_RNvNtCs2GI6VrNTxWR_9honk_ebpf9sk_lookup19udp_listener_key_v4`
2026-10-10T19:48:40.091484+00:00 DEBUG aya_obj::relocation: callee `_RNvNtCs2GI6VrNTxWR_9honk_ebpf9sk_lookup19udp_listener_key_v4` is at ins 56, 14 from current instruction 41
2026-10-10T19:48:40.091485+00:00 DEBUG aya_obj::relocation: finished relocating program `tproxy_sk_lookup` function `tproxy_sk_lookup`
2026-10-10T19:48:40.091486+00:00 DEBUG aya_obj::relocation: relocating program `tproxy_wan_cg_connect4_comm` function `tproxy_wan_cg_connect4_comm` size 108
2026-10-10T19:48:40.091488+00:00 DEBUG aya_obj::relocation: relocating call to callee address 0x14b8 in section 2 (relocation) at instruction 24
2026-10-10T19:48:40.091489+00:00 DEBUG aya_obj::relocation: callee is `memset`
2026-10-10T19:48:40.091490+00:00 DEBUG aya_obj::relocation: linked function `memset` at instruction 108
2026-10-10T19:48:40.091491+00:00 DEBUG aya_obj::relocation: relocating program `tproxy_wan_cg_connect4_comm` function `memset` size 8
2026-10-10T19:48:40.091492+00:00 DEBUG aya_obj::relocation: finished relocating program `tproxy_wan_cg_connect4_comm` function `memset`
2026-10-10T19:48:40.091493+00:00 DEBUG aya_obj::relocation: callee `memset` is at ins 108, 83 from current instruction 24
2026-10-10T19:48:40.091494+00:00 DEBUG aya_obj::relocation: relocating call to callee address 0x14b8 in section 2 (relocation) at instruction 61
2026-10-10T19:48:40.091495+00:00 DEBUG aya_obj::relocation: callee is `memset`
2026-10-10T19:48:40.091496+00:00 DEBUG aya_obj::relocation: callee `memset` is at ins 108, 46 from current instruction 61
2026-10-10T19:48:40.091498+00:00 DEBUG aya_obj::relocation: finished relocating program `tproxy_wan_cg_connect4_comm` function `tproxy_wan_cg_connect4_comm`
2026-10-10T19:48:40.091500+00:00 DEBUG aya_obj::relocation: relocating program `tproxy_wan_cg_sendmsg4` function `tproxy_wan_cg_sendmsg4` size 185
2026-10-10T19:48:40.091501+00:00 DEBUG aya_obj::relocation: relocating call to callee address 0x14b8 in section 2 (relocation) at instruction 23
2026-10-10T19:48:40.091502+00:00 DEBUG aya_obj::relocation: callee is `memset`
2026-10-10T19:48:40.091503+00:00 DEBUG aya_obj::relocation: linked function `memset` at instruction 185
2026-10-10T19:48:40.091504+00:00 DEBUG aya_obj::relocation: relocating program `tproxy_wan_cg_sendmsg4` function `memset` size 8
2026-10-10T19:48:40.091505+00:00 DEBUG aya_obj::relocation: finished relocating program `tproxy_wan_cg_sendmsg4` function `memset`
2026-10-10T19:48:40.091506+00:00 DEBUG aya_obj::relocation: callee `memset` is at ins 185, 161 from current instruction 23
2026-10-10T19:48:40.091508+00:00 DEBUG aya_obj::relocation: relocating call to callee address 0x14b8 in section 2 (relocation) at instruction 80
2026-10-10T19:48:40.091509+00:00 DEBUG aya_obj::relocation: callee is `memset`
2026-10-10T19:48:40.091510+00:00 DEBUG aya_obj::relocation: callee `memset` is at ins 185, 104 from current instruction 80
2026-10-10T19:48:40.091511+00:00 DEBUG aya_obj::relocation: relocating reference to callee address 0x1320 in section 2 (relocation) at instruction 93
2026-10-10T19:48:40.091512+00:00 DEBUG aya_obj::relocation: callee is `_RNvNtCs2GI6VrNTxWR_9honk_ebpf12process_name13find_basename`
2026-10-10T19:48:40.091513+00:00 DEBUG aya_obj::relocation: linked function `_RNvNtCs2GI6VrNTxWR_9honk_ebpf12process_name13find_basename` at instruction 193
2026-10-10T19:48:40.091514+00:00 DEBUG aya_obj::relocation: relocating program `tproxy_wan_cg_sendmsg4` function `_RNvNtCs2GI6VrNTxWR_9honk_ebpf12process_name13find_basename` size 15
2026-10-10T19:48:40.091515+00:00 DEBUG aya_obj::relocation: finished relocating program `tproxy_wan_cg_sendmsg4` function `_RNvNtCs2GI6VrNTxWR_9honk_ebpf12process_name13find_basename`
2026-10-10T19:48:40.091516+00:00 DEBUG aya_obj::relocation: callee `_RNvNtCs2GI6VrNTxWR_9honk_ebpf12process_name13find_basename` is at ins 193, 99 from current instruction 93
2026-10-10T19:48:40.091518+00:00 DEBUG aya_obj::relocation: relocating call to callee address 0x14b8 in section 2 (relocation) at instruction 131
2026-10-10T19:48:40.091519+00:00 DEBUG aya_obj::relocation: callee is `memset`
2026-10-10T19:48:40.091520+00:00 DEBUG aya_obj::relocation: callee `memset` is at ins 185, 53 from current instruction 131
2026-10-10T19:48:40.091522+00:00 DEBUG aya_obj::relocation: finished relocating program `tproxy_wan_cg_sendmsg4` function `tproxy_wan_cg_sendmsg4`
2026-10-10T19:48:40.091523+00:00 DEBUG aya_obj::relocation: relocating program `tproxy_wan_cg_sock_release` function `tproxy_wan_cg_sock_release` size 10
2026-10-10T19:48:40.091524+00:00 DEBUG aya_obj::relocation: finished relocating program `tproxy_wan_cg_sock_release` function `tproxy_wan_cg_sock_release`
2026-10-10T19:48:40.091526+00:00 DEBUG aya_obj::relocation: relocating program `honk_udp_receive_exit` function `honk_udp_receive_exit` size 88
2026-10-10T19:48:40.091528+00:00 DEBUG aya_obj::relocation: finished relocating program `honk_udp_receive_exit` function `honk_udp_receive_exit`
2026-10-10T19:48:40.091529+00:00 DEBUG aya_obj::relocation: relocating program `lan_ingress_l2` function `lan_ingress_l2` size 7
2026-10-10T19:48:40.091530+00:00 DEBUG aya_obj::relocation: relocating call to callee address 0x3250 in section 2 (relocation) at instruction 4
2026-10-10T19:48:40.091531+00:00 DEBUG aya_obj::relocation: callee is `_RNvNtCs2GI6VrNTxWR_9honk_ebpf7ingress21do_tproxy_lan_ingress`
2026-10-10T19:48:40.091533+00:00 DEBUG aya_obj::relocation: linked function `_RNvNtCs2GI6VrNTxWR_9honk_ebpf7ingress21do_tproxy_lan_ingress` at instruction 7
2026-10-10T19:48:40.091535+00:00 DEBUG aya_obj::relocation: relocating program `lan_ingress_l2` function `_RNvNtCs2GI6VrNTxWR_9honk_ebpf7ingress21do_tproxy_lan_ingress` size 5441
2026-10-10T19:48:40.091537+00:00 DEBUG aya_obj::relocation: relocating call to callee address 0x14b8 in section 2 (relocation) at instruction 56
2026-10-10T19:48:40.091538+00:00 DEBUG aya_obj::relocation: callee is `memset`
2026-10-10T19:48:40.091542+00:00 DEBUG aya_obj::relocation: linked function `memset` at instruction 5448
2026-10-10T19:48:40.091545+00:00 DEBUG aya_obj::relocation: relocating program `lan_ingress_l2` function `memset` size 8
2026-10-10T19:48:40.091546+00:00 DEBUG aya_obj::relocation: finished relocating program `lan_ingress_l2` function `memset`
2026-10-10T19:48:40.091547+00:00 DEBUG aya_obj::relocation: callee `memset` is at ins 5448, 5391 from current instruction 56
2026-10-10T19:48:40.091549+00:00 DEBUG aya_obj::relocation: relocating call to callee address 0x14b8 in section 2 (relocation) at instruction 135
2026-10-10T19:48:40.091550+00:00 DEBUG aya_obj::relocation: callee is `memset`
2026-10-10T19:48:40.091550+00:00 DEBUG aya_obj::relocation: callee `memset` is at ins 5448, 5312 from current instruction 135
2026-10-10T19:48:40.091552+00:00 DEBUG aya_obj::relocation: relocating call to callee address 0x14b8 in section 2 (relocation) at instruction 144
2026-10-10T19:48:40.091553+00:00 DEBUG aya_obj::relocation: callee is `memset`
2026-10-10T19:48:40.091554+00:00 DEBUG aya_obj::relocation: callee `memset` is at ins 5448, 5303 from current instruction 144
2026-10-10T19:48:40.091556+00:00 DEBUG aya_obj::relocation: relocating call to callee address 0x13f0 in section 2 (relocation) at instruction 305
2026-10-10T19:48:40.091557+00:00 DEBUG aya_obj::relocation: callee is `memmove`
2026-10-10T19:48:40.091558+00:00 DEBUG aya_obj::relocation: linked function `memmove` at instruction 5456
2026-10-10T19:48:40.091559+00:00 DEBUG aya_obj::relocation: relocating program `lan_ingress_l2` function `memmove` size 25
2026-10-10T19:48:40.091560+00:00 DEBUG aya_obj::relocation: finished relocating program `lan_ingress_l2` function `memmove`
2026-10-10T19:48:40.091561+00:00 DEBUG aya_obj::relocation: callee `memmove` is at ins 5456, 5150 from current instruction 305
2026-10-10T19:48:40.091563+00:00 DEBUG aya_obj::relocation: relocating call to callee address 0x13f0 in section 2 (relocation) at instruction 372
2026-10-10T19:48:40.091564+00:00 DEBUG aya_obj::relocation: callee is `memmove`
2026-10-10T19:48:40.091565+00:00 DEBUG aya_obj::relocation: callee `memmove` is at ins 5456, 5083 from current instruction 372
2026-10-10T19:48:40.091567+00:00 DEBUG aya_obj::relocation: relocating call to callee address 0x13f0 in section 2 (relocation) at instruction 409
2026-10-10T19:48:40.091568+00:00 DEBUG aya_obj::relocation: callee is `memmove`
2026-10-10T19:48:40.091569+00:00 DEBUG aya_obj::relocation: callee `memmove` is at ins 5456, 5046 from current instruction 409
2026-10-10T19:48:40.091571+00:00 DEBUG aya_obj::relocation: relocating call to callee address 0x13f0 in section 2 (relocation) at instruction 437
2026-10-10T19:48:40.091572+00:00 DEBUG aya_obj::relocation: callee is `memmove`
2026-10-10T19:48:40.091573+00:00 DEBUG aya_obj::relocation: callee `memmove` is at ins 5456, 5018 from current instruction 437
2026-10-10T19:48:40.091575+00:00 DEBUG aya_obj::relocation: relocating call to callee address 0x13f0 in section 2 (relocation) at instruction 535
2026-10-10T19:48:40.091576+00:00 DEBUG aya_obj::relocation: callee is `memmove`
2026-10-10T19:48:40.091576+00:00 DEBUG aya_obj::relocation: callee `memmove` is at ins 5456, 4920 from current instruction 535
2026-10-10T19:48:40.091578+00:00 DEBUG aya_obj::relocation: relocating call to callee address 0x13f0 in section 2 (relocation) at instruction 542
2026-10-10T19:48:40.091579+00:00 DEBUG aya_obj::relocation: callee is `memmove`
2026-10-10T19:48:40.091580+00:00 DEBUG aya_obj::relocation: callee `memmove` is at ins 5456, 4913 from current instruction 542
2026-10-10T19:48:40.091581+00:00 DEBUG aya_obj::relocation: relocating call to callee address 0x14b8 in section 2 (relocation) at instruction 567
2026-10-10T19:48:40.091582+00:00 DEBUG aya_obj::relocation: callee is `memset`
2026-10-10T19:48:40.091583+00:00 DEBUG aya_obj::relocation: callee `memset` is at ins 5448, 4880 from current instruction 567
2026-10-10T19:48:40.091584+00:00 DEBUG aya_obj::relocation: relocating call to callee address 0x13f0 in section 2 (relocation) at instruction 602
2026-10-10T19:48:40.091585+00:00 DEBUG aya_obj::relocation: callee is `memmove`
2026-10-10T19:48:40.091586+00:00 DEBUG aya_obj::relocation: callee `memmove` is at ins 5456, 4853 from current instruction 602
2026-10-10T19:48:40.091587+00:00 DEBUG aya_obj::relocation: relocating call to callee address 0x13f0 in section 2 (relocation) at instruction 607
2026-10-10T19:48:40.091588+00:00 DEBUG aya_obj::relocation: callee is `memmove`
2026-10-10T19:48:40.091589+00:00 DEBUG aya_obj::relocation: callee `memmove` is at ins 5456, 4848 from current instruction 607
2026-10-10T19:48:40.091591+00:00 DEBUG aya_obj::relocation: relocating call to callee address 0x14b8 in section 2 (relocation) at instruction 719
2026-10-10T19:48:40.091592+00:00 DEBUG aya_obj::relocation: callee is `memset`
2026-10-10T19:48:40.091593+00:00 DEBUG aya_obj::relocation: callee `memset` is at ins 5448, 4728 from current instruction 719
2026-10-10T19:48:40.091595+00:00 DEBUG aya_obj::relocation: relocating call to callee address 0xdc58 in section 2 (pc-relative) at instruction 733
2026-10-10T19:48:40.091596+00:00 DEBUG aya_obj::relocation: callee is `_RNvNtCs2GI6VrNTxWR_9honk_ebpf8contrack15___mark_tcp_seen`
2026-10-10T19:48:40.091597+00:00 DEBUG aya_obj::relocation: linked function `_RNvNtCs2GI6VrNTxWR_9honk_ebpf8contrack15___mark_tcp_seen` at instruction 5481
2026-10-10T19:48:40.091598+00:00 DEBUG aya_obj::relocation: relocating program `lan_ingress_l2` function `_RNvNtCs2GI6VrNTxWR_9honk_ebpf8contrack15___mark_tcp_seen` size 460
2026-10-10T19:48:40.091599+00:00 DEBUG aya_obj::relocation: relocating call to callee address 0x14b8 in section 2 (relocation) at instruction 5504
2026-10-10T19:48:40.091600+00:00 DEBUG aya_obj::relocation: callee is `memset`
2026-10-10T19:48:40.091601+00:00 DEBUG aya_obj::relocation: callee `memset` is at ins 5448, -57 from current instruction 5504
2026-10-10T19:48:40.091602+00:00 DEBUG aya_obj::relocation: relocating call to callee address 0x14b8 in section 2 (relocation) at instruction 5509
2026-10-10T19:48:40.091603+00:00 DEBUG aya_obj::relocation: callee is `memset`
2026-10-10T19:48:40.091604+00:00 DEBUG aya_obj::relocation: callee `memset` is at ins 5448, -62 from current instruction 5509
2026-10-10T19:48:40.091606+00:00 DEBUG aya_obj::relocation: relocating call to callee address 0x14b8 in section 2 (relocation) at instruction 5514
2026-10-10T19:48:40.091607+00:00 DEBUG aya_obj::relocation: callee is `memset`
2026-10-10T19:48:40.091608+00:00 DEBUG aya_obj::relocation: callee `memset` is at ins 5448, -67 from current instruction 5514
2026-10-10T19:48:40.091610+00:00 DEBUG aya_obj::relocation: relocating call to callee address 0x14b8 in section 2 (relocation) at instruction 5625
2026-10-10T19:48:40.091611+00:00 DEBUG aya_obj::relocation: callee is `memset`
2026-10-10T19:48:40.091612+00:00 DEBUG aya_obj::relocation: callee `memset` is at ins 5448, -178 from current instruction 5625
2026-10-10T19:48:40.091613+00:00 DEBUG aya_obj::relocation: relocating call to callee address 0x14b8 in section 2 (relocation) at instruction 5630
2026-10-10T19:48:40.091614+00:00 DEBUG aya_obj::relocation: callee is `memset`
2026-10-10T19:48:40.091615+00:00 DEBUG aya_obj::relocation: callee `memset` is at ins 5448, -183 from current instruction 5630
2026-10-10T19:48:40.091616+00:00 DEBUG aya_obj::relocation: relocating call to callee address 0x14b8 in section 2 (relocation) at instruction 5635
2026-10-10T19:48:40.091617+00:00 DEBUG aya_obj::relocation: callee is `memset`
2026-10-10T19:48:40.091618+00:00 DEBUG aya_obj::relocation: callee `memset` is at ins 5448, -188 from current instruction 5635
2026-10-10T19:48:40.091621+00:00 DEBUG aya_obj::relocation: relocating call to callee address 0x14b8 in section 2 (relocation) at instruction 5795
2026-10-10T19:48:40.091622+00:00 DEBUG aya_obj::relocation: callee is `memset`
2026-10-10T19:48:40.091623+00:00 DEBUG aya_obj::relocation: callee `memset` is at ins 5448, -348 from current instruction 5795
2026-10-10T19:48:40.091625+00:00 DEBUG aya_obj::relocation: finished relocating program `lan_ingress_l2` function `_RNvNtCs2GI6VrNTxWR_9honk_ebpf8contrack15___mark_tcp_seen`
2026-10-10T19:48:40.091626+00:00 DEBUG aya_obj::relocation: callee `_RNvNtCs2GI6VrNTxWR_9honk_ebpf8contrack15___mark_tcp_seen` is at ins 5481, 4747 from current instruction 733
2026-10-10T19:48:40.091628+00:00 DEBUG aya_obj::relocation: relocating call to callee address 0x14b8 in section 2 (relocation) at instruction 785
2026-10-10T19:48:40.091629+00:00 DEBUG aya_obj::relocation: callee is `memset`
2026-10-10T19:48:40.091630+00:00 DEBUG aya_obj::relocation: callee `memset` is at ins 5448, 4662 from current instruction 785
2026-10-10T19:48:40.091632+00:00 DEBUG aya_obj::relocation: relocating call to callee address 0x14b8 in section 2 (relocation) at instruction 862
2026-10-10T19:48:40.091633+00:00 DEBUG aya_obj::relocation: callee is `memset`
2026-10-10T19:48:40.091634+00:00 DEBUG aya_obj::relocation: callee `memset` is at ins 5448, 4585 from current instruction 862
2026-10-10T19:48:40.091635+00:00 DEBUG aya_obj::relocation: relocating call to callee address 0xdc58 in section 2 (pc-relative) at instruction 878
2026-10-10T19:48:40.091636+00:00 DEBUG aya_obj::relocation: callee is `_RNvNtCs2GI6VrNTxWR_9honk_ebpf8contrack15___mark_tcp_seen`
2026-10-10T19:48:40.091637+00:00 DEBUG aya_obj::relocation: callee `_RNvNtCs2GI6VrNTxWR_9honk_ebpf8contrack15___mark_tcp_seen` is at ins 5481, 4602 from current instruction 878
2026-10-10T19:48:40.091639+00:00 DEBUG aya_obj::relocation: relocating call to callee address 0xeab8 in section 2 (pc-relative) at instruction 955
2026-10-10T19:48:40.091640+00:00 DEBUG aya_obj::relocation: callee is `_RNvNtCs2GI6VrNTxWR_9honk_ebpf2sk21socket_is_v4_wildcard`
2026-10-10T19:48:40.091641+00:00 DEBUG aya_obj::relocation: linked function `_RNvNtCs2GI6VrNTxWR_9honk_ebpf2sk21socket_is_v4_wildcard` at instruction 5941
2026-10-10T19:48:40.091642+00:00 DEBUG aya_obj::relocation: relocating program `lan_ingress_l2` function `_RNvNtCs2GI6VrNTxWR_9honk_ebpf2sk21socket_is_v4_wildcard` size 6
2026-10-10T19:48:40.091644+00:00 DEBUG aya_obj::relocation: finished relocating program `lan_ingress_l2` function `_RNvNtCs2GI6VrNTxWR_9honk_ebpf2sk21socket_is_v4_wildcard`
2026-10-10T19:48:40.091645+00:00 DEBUG aya_obj::relocation: callee `_RNvNtCs2GI6VrNTxWR_9honk_ebpf2sk21socket_is_v4_wildcard` is at ins 5941, 4985 from current instruction 955
2026-10-10T19:48:40.091648+00:00 DEBUG aya_obj::relocation: relocating call to callee address 0xeae8 in section 2 (pc-relative) at instruction 1030
2026-10-10T19:48:40.091649+00:00 DEBUG aya_obj::relocation: callee is `_RNvNtCs2GI6VrNTxWR_9honk_ebpf2sk21socket_is_v6_wildcard`
2026-10-10T19:48:40.091650+00:00 DEBUG aya_obj::relocation: linked function `_RNvNtCs2GI6VrNTxWR_9honk_ebpf2sk21socket_is_v6_wildcard` at instruction 5947
2026-10-10T19:48:40.091651+00:00 DEBUG aya_obj::relocation: relocating program `lan_ingress_l2` function `_RNvNtCs2GI6VrNTxWR_9honk_ebpf2sk21socket_is_v6_wildcard` size 13
2026-10-10T19:48:40.091652+00:00 DEBUG aya_obj::relocation: finished relocating program `lan_ingress_l2` function `_RNvNtCs2GI6VrNTxWR_9honk_ebpf2sk21socket_is_v6_wildcard`
2026-10-10T19:48:40.091653+00:00 DEBUG aya_obj::relocation: callee `_RNvNtCs2GI6VrNTxWR_9honk_ebpf2sk21socket_is_v6_wildcard` is at ins 5947, 4916 from current instruction 1030
2026-10-10T19:48:40.091655+00:00 DEBUG aya_obj::relocation: relocating call to callee address 0x14b8 in section 2 (relocation) at instruction 1066
2026-10-10T19:48:40.091656+00:00 DEBUG aya_obj::relocation: callee is `memset`
2026-10-10T19:48:40.091657+00:00 DEBUG aya_obj::relocation: callee `memset` is at ins 5448, 4381 from current instruction 1066
2026-10-10T19:48:40.091659+00:00 DEBUG aya_obj::relocation: relocating call to callee address 0x13f0 in section 2 (relocation) at instruction 1127
2026-10-10T19:48:40.091660+00:00 DEBUG aya_obj::relocation: callee is `memmove`
2026-10-10T19:48:40.091661+00:00 DEBUG aya_obj::relocation: callee `memmove` is at ins 5456, 4328 from current instruction 1127
2026-10-10T19:48:40.091662+00:00 DEBUG aya_obj::relocation: relocating call to callee address 0x13f0 in section 2 (relocation) at instruction 1132
2026-10-10T19:48:40.091663+00:00 DEBUG aya_obj::relocation: callee is `memmove`
2026-10-10T19:48:40.091664+00:00 DEBUG aya_obj::relocation: callee `memmove` is at ins 5456, 4323 from current instruction 1132
2026-10-10T19:48:40.091666+00:00 DEBUG aya_obj::relocation: relocating call to callee address 0x14b8 in section 2 (relocation) at instruction 1219
2026-10-10T19:48:40.091667+00:00 DEBUG aya_obj::relocation: callee is `memset`
2026-10-10T19:48:40.091667+00:00 DEBUG aya_obj::relocation: callee `memset` is at ins 5448, 4228 from current instruction 1219
2026-10-10T19:48:40.091669+00:00 DEBUG aya_obj::relocation: relocating call to callee address 0x14b8 in section 2 (relocation) at instruction 1232
2026-10-10T19:48:40.091670+00:00 DEBUG aya_obj::relocation: callee is `memset`
2026-10-10T19:48:40.091670+00:00 DEBUG aya_obj::relocation: callee `memset` is at ins 5448, 4215 from current instruction 1232
2026-10-10T19:48:40.091672+00:00 DEBUG aya_obj::relocation: relocating call to callee address 0x14b8 in section 2 (relocation) at instruction 1288
2026-10-10T19:48:40.091673+00:00 DEBUG aya_obj::relocation: callee is `memset`
2026-10-10T19:48:40.091674+00:00 DEBUG aya_obj::relocation: callee `memset` is at ins 5448, 4159 from current instruction 1288
2026-10-10T19:48:40.091676+00:00 DEBUG aya_obj::relocation: relocating call to callee address 0x14b8 in section 2 (relocation) at instruction 1386
2026-10-10T19:48:40.091677+00:00 DEBUG aya_obj::relocation: callee is `memset`
2026-10-10T19:48:40.091678+00:00 DEBUG aya_obj::relocation: callee `memset` is at ins 5448, 4061 from current instruction 1386
2026-10-10T19:48:40.091679+00:00 DEBUG aya_obj::relocation: relocating call to callee address 0x1070 in section 2 (relocation) at instruction 1422
2026-10-10T19:48:40.091681+00:00 DEBUG aya_obj::relocation: callee is `honk_route_slot1`
2026-10-10T19:48:40.091681+00:00 DEBUG aya_obj::relocation: linked function `honk_route_slot1` at instruction 5960
2026-10-10T19:48:40.091682+00:00 DEBUG aya_obj::relocation: relocating program `lan_ingress_l2` function `honk_route_slot1` size 64
2026-10-10T19:48:40.091685+00:00 DEBUG aya_obj::relocation: finished relocating program `lan_ingress_l2` function `honk_route_slot1`
2026-10-10T19:48:40.091686+00:00 DEBUG aya_obj::relocation: callee `honk_route_slot1` is at ins 5960, 4537 from current instruction 1422
2026-10-10T19:48:40.091687+00:00 DEBUG aya_obj::relocation: relocating call to callee address 0xe70 in section 2 (relocation) at instruction 1426
2026-10-10T19:48:40.091688+00:00 DEBUG aya_obj::relocation: callee is `honk_route_slot0`
2026-10-10T19:48:40.091689+00:00 DEBUG aya_obj::relocation: linked function `honk_route_slot0` at instruction 6024
2026-10-10T19:48:40.091690+00:00 DEBUG aya_obj::relocation: relocating program `lan_ingress_l2` function `honk_route_slot0` size 64
2026-10-10T19:48:40.091692+00:00 DEBUG aya_obj::relocation: finished relocating program `lan_ingress_l2` function `honk_route_slot0`
2026-10-10T19:48:40.091693+00:00 DEBUG aya_obj::relocation: callee `honk_route_slot0` is at ins 6024, 4597 from current instruction 1426
2026-10-10T19:48:40.091697+00:00 DEBUG aya_obj::relocation: relocating call to callee address 0x14b8 in section 2 (relocation) at instruction 1720
2026-10-10T19:48:40.091698+00:00 DEBUG aya_obj::relocation: callee is `memset`
2026-10-10T19:48:40.091699+00:00 DEBUG aya_obj::relocation: callee `memset` is at ins 5448, 3727 from current instruction 1720
2026-10-10T19:48:40.091711+00:00 DEBUG aya_obj::relocation: relocating call to callee address 0xeb50 in section 2 (pc-relative) at instruction 2655
2026-10-10T19:48:40.091713+00:00 DEBUG aya_obj::relocation: callee is `_RNvNtCs2GI6VrNTxWR_9honk_ebpf7ingress18stage_udp_decision`
2026-10-10T19:48:40.091714+00:00 DEBUG aya_obj::relocation: linked function `_RNvNtCs2GI6VrNTxWR_9honk_ebpf7ingress18stage_udp_decision` at instruction 6088
2026-10-10T19:48:40.091715+00:00 DEBUG aya_obj::relocation: relocating program `lan_ingress_l2` function `_RNvNtCs2GI6VrNTxWR_9honk_ebpf7ingress18stage_udp_decision` size 743
2026-10-10T19:48:40.091717+00:00 DEBUG aya_obj::relocation: relocating call to callee address 0x14b8 in section 2 (relocation) at instruction 6138
2026-10-10T19:48:40.091718+00:00 DEBUG aya_obj::relocation: callee is `memset`
2026-10-10T19:48:40.091719+00:00 DEBUG aya_obj::relocation: callee `memset` is at ins 5448, -691 from current instruction 6138
2026-10-10T19:48:40.091721+00:00 DEBUG aya_obj::relocation: relocating call to callee address 0x14b8 in section 2 (relocation) at instruction 6206
2026-10-10T19:48:40.091722+00:00 DEBUG aya_obj::relocation: callee is `memset`
2026-10-10T19:48:40.091723+00:00 DEBUG aya_obj::relocation: callee `memset` is at ins 5448, -759 from current instruction 6206
2026-10-10T19:48:40.091726+00:00 DEBUG aya_obj::relocation: relocating call to callee address 0x14b8 in section 2 (relocation) at instruction 6355
2026-10-10T19:48:40.091727+00:00 DEBUG aya_obj::relocation: callee is `memset`
2026-10-10T19:48:40.091728+00:00 DEBUG aya_obj::relocation: callee `memset` is at ins 5448, -908 from current instruction 6355
2026-10-10T19:48:40.091730+00:00 DEBUG aya_obj::relocation: relocating call to callee address 0x14b8 in section 2 (relocation) at instruction 6474
2026-10-10T19:48:40.091731+00:00 DEBUG aya_obj::relocation: callee is `memset`
2026-10-10T19:48:40.091732+00:00 DEBUG aya_obj::relocation: callee `memset` is at ins 5448, -1027 from current instruction 6474
2026-10-10T19:48:40.091735+00:00 DEBUG aya_obj::relocation: relocating call to callee address 0x14b8 in section 2 (relocation) at instruction 6609
2026-10-10T19:48:40.091736+00:00 DEBUG aya_obj::relocation: callee is `memset`
2026-10-10T19:48:40.091737+00:00 DEBUG aya_obj::relocation: callee `memset` is at ins 5448, -1162 from current instruction 6609
2026-10-10T19:48:40.091738+00:00 DEBUG aya_obj::relocation: relocating call to callee address 0x14b8 in section 2 (relocation) at instruction 6640
2026-10-10T19:48:40.091739+00:00 DEBUG aya_obj::relocation: callee is `memset`
2026-10-10T19:48:40.091740+00:00 DEBUG aya_obj::relocation: callee `memset` is at ins 5448, -1193 from current instruction 6640
2026-10-10T19:48:40.091743+00:00 DEBUG aya_obj::relocation: relocating call to callee address 0x14b8 in section 2 (relocation) at instruction 6674
2026-10-10T19:48:40.091744+00:00 DEBUG aya_obj::relocation: callee is `memset`
2026-10-10T19:48:40.091744+00:00 DEBUG aya_obj::relocation: callee `memset` is at ins 5448, -1227 from current instruction 6674
2026-10-10T19:48:40.091747+00:00 DEBUG aya_obj::relocation: relocating call to callee address 0x14b8 in section 2 (relocation) at instruction 6763
2026-10-10T19:48:40.091748+00:00 DEBUG aya_obj::relocation: callee is `memset`
2026-10-10T19:48:40.091748+00:00 DEBUG aya_obj::relocation: callee `memset` is at ins 5448, -1316 from current instruction 6763
2026-10-10T19:48:40.091750+00:00 DEBUG aya_obj::relocation: relocating call to callee address 0x14b8 in section 2 (relocation) at instruction 6794
2026-10-10T19:48:40.091751+00:00 DEBUG aya_obj::relocation: callee is `memset`
2026-10-10T19:48:40.091752+00:00 DEBUG aya_obj::relocation: callee `memset` is at ins 5448, -1347 from current instruction 6794
2026-10-10T19:48:40.091753+00:00 DEBUG aya_obj::relocation: finished relocating program `lan_ingress_l2` function `_RNvNtCs2GI6VrNTxWR_9honk_ebpf7ingress18stage_udp_decision`
2026-10-10T19:48:40.091754+00:00 DEBUG aya_obj::relocation: callee `_RNvNtCs2GI6VrNTxWR_9honk_ebpf7ingress18stage_udp_decision` is at ins 6088, 3432 from current instruction 2655
2026-10-10T19:48:40.091757+00:00 DEBUG aya_obj::relocation: relocating call to callee address 0x14b8 in section 2 (relocation) at instruction 2744
2026-10-10T19:48:40.091758+00:00 DEBUG aya_obj::relocation: callee is `memset`
2026-10-10T19:48:40.091759+00:00 DEBUG aya_obj::relocation: callee `memset` is at ins 5448, 2703 from current instruction 2744
2026-10-10T19:48:40.091760+00:00 DEBUG aya_obj::relocation: relocating call to callee address 0x10288 in section 2 (pc-relative) at instruction 2776
2026-10-10T19:48:40.091761+00:00 DEBUG aya_obj::relocation: callee is `_RNvNtCs2GI6VrNTxWR_9honk_ebpf8contrack15___mark_udp_seen`
2026-10-10T19:48:40.091762+00:00 DEBUG aya_obj::relocation: linked function `_RNvNtCs2GI6VrNTxWR_9honk_ebpf8contrack15___mark_udp_seen` at instruction 6831
2026-10-10T19:48:40.091763+00:00 DEBUG aya_obj::relocation: relocating program `lan_ingress_l2` function `_RNvNtCs2GI6VrNTxWR_9honk_ebpf8contrack15___mark_udp_seen` size 401
2026-10-10T19:48:40.091766+00:00 DEBUG aya_obj::relocation: relocating call to callee address 0x14b8 in section 2 (relocation) at instruction 6962
2026-10-10T19:48:40.091767+00:00 DEBUG aya_obj::relocation: callee is `memset`
2026-10-10T19:48:40.091768+00:00 DEBUG aya_obj::relocation: callee `memset` is at ins 5448, -1515 from current instruction 6962
2026-10-10T19:48:40.091769+00:00 DEBUG aya_obj::relocation: relocating call to callee address 0x14b8 in section 2 (relocation) at instruction 6967
2026-10-10T19:48:40.091770+00:00 DEBUG aya_obj::relocation: callee is `memset`
2026-10-10T19:48:40.091771+00:00 DEBUG aya_obj::relocation: callee `memset` is at ins 5448, -1520 from current instruction 6967
2026-10-10T19:48:40.091773+00:00 DEBUG aya_obj::relocation: relocating call to callee address 0x14b8 in section 2 (relocation) at instruction 7054
2026-10-10T19:48:40.091774+00:00 DEBUG aya_obj::relocation: callee is `memset`
2026-10-10T19:48:40.091775+00:00 DEBUG aya_obj::relocation: callee `memset` is at ins 5448, -1607 from current instruction 7054
2026-10-10T19:48:40.091776+00:00 DEBUG aya_obj::relocation: relocating call to callee address 0x14b8 in section 2 (relocation) at instruction 7124
2026-10-10T19:48:40.091778+00:00 DEBUG aya_obj::relocation: callee is `memset`
2026-10-10T19:48:40.091778+00:00 DEBUG aya_obj::relocation: callee `memset` is at ins 5448, -1677 from current instruction 7124
2026-10-10T19:48:40.091781+00:00 DEBUG aya_obj::relocation: finished relocating program `lan_ingress_l2` function `_RNvNtCs2GI6VrNTxWR_9honk_ebpf8contrack15___mark_udp_seen`
2026-10-10T19:48:40.091782+00:00 DEBUG aya_obj::relocation: callee `_RNvNtCs2GI6VrNTxWR_9honk_ebpf8contrack15___mark_udp_seen` is at ins 6831, 4054 from current instruction 2776
2026-10-10T19:48:40.091784+00:00 DEBUG aya_obj::relocation: relocating call to callee address 0x14b8 in section 2 (relocation) at instruction 2802
2026-10-10T19:48:40.091785+00:00 DEBUG aya_obj::relocation: callee is `memset`
2026-10-10T19:48:40.091786+00:00 DEBUG aya_obj::relocation: callee `memset` is at ins 5448, 2645 from current instruction 2802
2026-10-10T19:48:40.091794+00:00 DEBUG aya_obj::relocation: relocating call to callee address 0x14b8 in section 2 (relocation) at instruction 3406
2026-10-10T19:48:40.091795+00:00 DEBUG aya_obj::relocation: callee is `memset`
2026-10-10T19:48:40.091796+00:00 DEBUG aya_obj::relocation: callee `memset` is at ins 5448, 2041 from current instruction 3406
2026-10-10T19:48:40.091798+00:00 DEBUG aya_obj::relocation: relocating call to callee address 0x14b8 in section 2 (relocation) at instruction 3461
2026-10-10T19:48:40.091799+00:00 DEBUG aya_obj::relocation: callee is `memset`
2026-10-10T19:48:40.091799+00:00 DEBUG aya_obj::relocation: callee `memset` is at ins 5448, 1986 from current instruction 3461
2026-10-10T19:48:40.091801+00:00 DEBUG aya_obj::relocation: relocating call to callee address 0x14b8 in section 2 (relocation) at instruction 3524
2026-10-10T19:48:40.091802+00:00 DEBUG aya_obj::relocation: callee is `memset`
2026-10-10T19:48:40.091803+00:00 DEBUG aya_obj::relocation: callee `memset` is at ins 5448, 1923 from current instruction 3524
2026-10-10T19:48:40.091806+00:00 DEBUG aya_obj::relocation: relocating call to callee address 0x14b8 in section 2 (relocation) at instruction 3691
2026-10-10T19:48:40.091807+00:00 DEBUG aya_obj::relocation: callee is `memset`
2026-10-10T19:48:40.091808+00:00 DEBUG aya_obj::relocation: callee `memset` is at ins 5448, 1756 from current instruction 3691
2026-10-10T19:48:40.091810+00:00 DEBUG aya_obj::relocation: relocating call to callee address 0x14b8 in section 2 (relocation) at instruction 3781
2026-10-10T19:48:40.091811+00:00 DEBUG aya_obj::relocation: callee is `memset`
2026-10-10T19:48:40.091812+00:00 DEBUG aya_obj::relocation: callee `memset` is at ins 5448, 1666 from current instruction 3781
2026-10-10T19:48:40.091814+00:00 DEBUG aya_obj::relocation: relocating call to callee address 0x14b8 in section 2 (relocation) at instruction 3844
2026-10-10T19:48:40.091815+00:00 DEBUG aya_obj::relocation: callee is `memset`
2026-10-10T19:48:40.091815+00:00 DEBUG aya_obj::relocation: callee `memset` is at ins 5448, 1603 from current instruction 3844
2026-10-10T19:48:40.091819+00:00 DEBUG aya_obj::relocation: relocating call to callee address 0x14b8 in section 2 (relocation) at instruction 4099
2026-10-10T19:48:40.091821+00:00 DEBUG aya_obj::relocation: callee is `memset`
2026-10-10T19:48:40.091821+00:00 DEBUG aya_obj::relocation: callee `memset` is at ins 5448, 1348 from current instruction 4099
2026-10-10T19:48:40.091823+00:00 DEBUG aya_obj::relocation: relocating call to callee address 0x14b8 in section 2 (relocation) at instruction 4166
2026-10-10T19:48:40.091824+00:00 DEBUG aya_obj::relocation: callee is `memset`
2026-10-10T19:48:40.091825+00:00 DEBUG aya_obj::relocation: callee `memset` is at ins 5448, 1281 from current instruction 4166
2026-10-10T19:48:40.091827+00:00 DEBUG aya_obj::relocation: relocating call to callee address 0x14b8 in section 2 (relocation) at instruction 4229
2026-10-10T19:48:40.091828+00:00 DEBUG aya_obj::relocation: callee is `memset`
2026-10-10T19:48:40.091829+00:00 DEBUG aya_obj::relocation: callee `memset` is at ins 5448, 1218 from current instruction 4229
2026-10-10T19:48:40.091830+00:00 DEBUG aya_obj::relocation: relocating call to callee address 0x14b8 in section 2 (relocation) at instruction 4297
2026-10-10T19:48:40.091831+00:00 DEBUG aya_obj::relocation: callee is `memset`
2026-10-10T19:48:40.091832+00:00 DEBUG aya_obj::relocation: callee `memset` is at ins 5448, 1150 from current instruction 4297
2026-10-10T19:48:40.091833+00:00 DEBUG aya_obj::relocation: relocating call to callee address 0x14b8 in section 2 (relocation) at instruction 4303
2026-10-10T19:48:40.091834+00:00 DEBUG aya_obj::relocation: callee is `memset`
2026-10-10T19:48:40.091836+00:00 DEBUG aya_obj::relocation: callee `memset` is at ins 5448, 1144 from current instruction 4303
2026-10-10T19:48:40.091839+00:00 DEBUG aya_obj::relocation: relocating call to callee address 0x14b8 in section 2 (relocation) at instruction 4479
2026-10-10T19:48:40.091840+00:00 DEBUG aya_obj::relocation: callee is `memset`
2026-10-10T19:48:40.091841+00:00 DEBUG aya_obj::relocation: callee `memset` is at ins 5448, 968 from current instruction 4479
2026-10-10T19:48:40.091843+00:00 DEBUG aya_obj::relocation: relocating call to callee address 0x14b8 in section 2 (relocation) at instruction 4536
2026-10-10T19:48:40.091844+00:00 DEBUG aya_obj::relocation: callee is `memset`
2026-10-10T19:48:40.091845+00:00 DEBUG aya_obj::relocation: callee `memset` is at ins 5448, 911 from current instruction 4536
2026-10-10T19:48:40.091846+00:00 DEBUG aya_obj::relocation: relocating call to callee address 0x14b8 in section 2 (relocation) at instruction 4600
2026-10-10T19:48:40.091847+00:00 DEBUG aya_obj::relocation: callee is `memset`
2026-10-10T19:48:40.091848+00:00 DEBUG aya_obj::relocation: callee `memset` is at ins 5448, 847 from current instruction 4600
2026-10-10T19:48:40.091852+00:00 DEBUG aya_obj::relocation: relocating call to callee address 0x14b8 in section 2 (relocation) at instruction 4793
2026-10-10T19:48:40.091853+00:00 DEBUG aya_obj::relocation: callee is `memset`
2026-10-10T19:48:40.091853+00:00 DEBUG aya_obj::relocation: callee `memset` is at ins 5448, 654 from current instruction 4793
2026-10-10T19:48:40.091855+00:00 DEBUG aya_obj::relocation: relocating call to callee address 0x14b8 in section 2 (relocation) at instruction 4863
2026-10-10T19:48:40.091856+00:00 DEBUG aya_obj::relocation: callee is `memset`
2026-10-10T19:48:40.091861+00:00 DEBUG aya_obj::relocation: callee `memset` is at ins 5448, 584 from current instruction 4863
2026-10-10T19:48:40.091863+00:00 DEBUG aya_obj::relocation: relocating call to callee address 0x14b8 in section 2 (relocation) at instruction 4925
2026-10-10T19:48:40.091864+00:00 DEBUG aya_obj::relocation: callee is `memset`
2026-10-10T19:48:40.091865+00:00 DEBUG aya_obj::relocation: callee `memset` is at ins 5448, 522 from current instruction 4925
2026-10-10T19:48:40.091867+00:00 DEBUG aya_obj::relocation: relocating call to callee address 0x14b8 in section 2 (relocation) at instruction 4992
2026-10-10T19:48:40.091868+00:00 DEBUG aya_obj::relocation: callee is `memset`
2026-10-10T19:48:40.091869+00:00 DEBUG aya_obj::relocation: callee `memset` is at ins 5448, 455 from current instruction 4992
2026-10-10T19:48:40.091870+00:00 DEBUG aya_obj::relocation: relocating call to callee address 0x14b8 in section 2 (relocation) at instruction 4998
2026-10-10T19:48:40.091871+00:00 DEBUG aya_obj::relocation: callee is `memset`
2026-10-10T19:48:40.091872+00:00 DEBUG aya_obj::relocation: callee `memset` is at ins 5448, 449 from current instruction 4998
2026-10-10T19:48:40.091875+00:00 DEBUG aya_obj::relocation: relocating call to callee address 0x14b8 in section 2 (relocation) at instruction 5173
2026-10-10T19:48:40.091876+00:00 DEBUG aya_obj::relocation: callee is `memset`
2026-10-10T19:48:40.091877+00:00 DEBUG aya_obj::relocation: callee `memset` is at ins 5448, 274 from current instruction 5173
2026-10-10T19:48:40.091878+00:00 DEBUG aya_obj::relocation: relocating call to callee address 0x14b8 in section 2 (relocation) at instruction 5179
2026-10-10T19:48:40.091879+00:00 DEBUG aya_obj::relocation: callee is `memset`
2026-10-10T19:48:40.091880+00:00 DEBUG aya_obj::relocation: callee `memset` is at ins 5448, 268 from current instruction 5179
2026-10-10T19:48:40.091882+00:00 DEBUG aya_obj::relocation: relocating call to callee address 0x14b8 in section 2 (relocation) at instruction 5266
2026-10-10T19:48:40.091883+00:00 DEBUG aya_obj::relocation: callee is `memset`
2026-10-10T19:48:40.091884+00:00 DEBUG aya_obj::relocation: callee `memset` is at ins 5448, 181 from current instruction 5266
2026-10-10T19:48:40.091888+00:00 DEBUG aya_obj::relocation: relocating call to callee address 0x14b8 in section 2 (relocation) at instruction 5329
2026-10-10T19:48:40.091891+00:00 DEBUG aya_obj::relocation: callee is `memset`
2026-10-10T19:48:40.091892+00:00 DEBUG aya_obj::relocation: callee `memset` is at ins 5448, 118 from current instruction 5329
2026-10-10T19:48:40.091893+00:00 DEBUG aya_obj::relocation: relocating call to callee address 0x14b8 in section 2 (relocation) at instruction 5357
2026-10-10T19:48:40.091894+00:00 DEBUG aya_obj::relocation: callee is `memset`
2026-10-10T19:48:40.091895+00:00 DEBUG aya_obj::relocation: callee `memset` is at ins 5448, 90 from current instruction 5357
2026-10-10T19:48:40.091897+00:00 DEBUG aya_obj::relocation: finished relocating program `lan_ingress_l2` function `_RNvNtCs2GI6VrNTxWR_9honk_ebpf7ingress21do_tproxy_lan_ingress`
2026-10-10T19:48:40.091898+00:00 DEBUG aya_obj::relocation: callee `_RNvNtCs2GI6VrNTxWR_9honk_ebpf7ingress21do_tproxy_lan_ingress` is at ins 7, 2 from current instruction 4
2026-10-10T19:48:40.091899+00:00 DEBUG aya_obj::relocation: finished relocating program `lan_ingress_l2` function `lan_ingress_l2`
2026-10-10T19:48:40.091900+00:00 DEBUG aya_obj::relocation: relocating program `wan_ingress_l3` function `wan_ingress_l3` size 7
2026-10-10T19:48:40.091902+00:00 DEBUG aya_obj::relocation: relocating call to callee address 0x10f10 in section 2 (relocation) at instruction 4
2026-10-10T19:48:40.091903+00:00 DEBUG aya_obj::relocation: callee is `_RNvNtCs2GI6VrNTxWR_9honk_ebpf7ingress21do_tproxy_wan_ingress`
2026-10-10T19:48:40.091904+00:00 DEBUG aya_obj::relocation: linked function `_RNvNtCs2GI6VrNTxWR_9honk_ebpf7ingress21do_tproxy_wan_ingress` at instruction 7
2026-10-10T19:48:40.091905+00:00 DEBUG aya_obj::relocation: relocating program `wan_ingress_l3` function `_RNvNtCs2GI6VrNTxWR_9honk_ebpf7ingress21do_tproxy_wan_ingress` size 809
2026-10-10T19:48:40.091907+00:00 DEBUG aya_obj::relocation: relocating call to callee address 0x14b8 in section 2 (relocation) at instruction 41
2026-10-10T19:48:40.091908+00:00 DEBUG aya_obj::relocation: callee is `memset`
2026-10-10T19:48:40.091909+00:00 DEBUG aya_obj::relocation: linked function `memset` at instruction 816
2026-10-10T19:48:40.091911+00:00 DEBUG aya_obj::relocation: relocating program `wan_ingress_l3` function `memset` size 8
2026-10-10T19:48:40.091912+00:00 DEBUG aya_obj::relocation: finished relocating program `wan_ingress_l3` function `memset`
2026-10-10T19:48:40.091913+00:00 DEBUG aya_obj::relocation: callee `memset` is at ins 816, 774 from current instruction 41
2026-10-10T19:48:40.091915+00:00 DEBUG aya_obj::relocation: relocating call to callee address 0x14b8 in section 2 (relocation) at instruction 125
2026-10-10T19:48:40.091916+00:00 DEBUG aya_obj::relocation: callee is `memset`
2026-10-10T19:48:40.091917+00:00 DEBUG aya_obj::relocation: callee `memset` is at ins 816, 690 from current instruction 125
2026-10-10T19:48:40.091918+00:00 DEBUG aya_obj::relocation: relocating call to callee address 0x14b8 in section 2 (relocation) at instruction 133
2026-10-10T19:48:40.091919+00:00 DEBUG aya_obj::relocation: callee is `memset`
2026-10-10T19:48:40.091920+00:00 DEBUG aya_obj::relocation: callee `memset` is at ins 816, 682 from current instruction 133
2026-10-10T19:48:40.091922+00:00 DEBUG aya_obj::relocation: relocating call to callee address 0x13f0 in section 2 (relocation) at instruction 251
2026-10-10T19:48:40.091924+00:00 DEBUG aya_obj::relocation: callee is `memmove`
2026-10-10T19:48:40.091924+00:00 DEBUG aya_obj::relocation: linked function `memmove` at instruction 824
2026-10-10T19:48:40.091925+00:00 DEBUG aya_obj::relocation: relocating program `wan_ingress_l3` function `memmove` size 25
2026-10-10T19:48:40.091927+00:00 DEBUG aya_obj::relocation: finished relocating program `wan_ingress_l3` function `memmove`
2026-10-10T19:48:40.091928+00:00 DEBUG aya_obj::relocation: callee `memmove` is at ins 824, 572 from current instruction 251
2026-10-10T19:48:40.091930+00:00 DEBUG aya_obj::relocation: relocating call to callee address 0x13f0 in section 2 (relocation) at instruction 370
2026-10-10T19:48:40.091932+00:00 DEBUG aya_obj::relocation: callee is `memmove`
2026-10-10T19:48:40.091933+00:00 DEBUG aya_obj::relocation: callee `memmove` is at ins 824, 453 from current instruction 370
2026-10-10T19:48:40.091935+00:00 DEBUG aya_obj::relocation: relocating call to callee address 0x13f0 in section 2 (relocation) at instruction 412
2026-10-10T19:48:40.091936+00:00 DEBUG aya_obj::relocation: callee is `memmove`
2026-10-10T19:48:40.091936+00:00 DEBUG aya_obj::relocation: callee `memmove` is at ins 824, 411 from current instruction 412
2026-10-10T19:48:40.091938+00:00 DEBUG aya_obj::relocation: relocating call to callee address 0x13f0 in section 2 (relocation) at instruction 482
2026-10-10T19:48:40.091939+00:00 DEBUG aya_obj::relocation: callee is `memmove`
2026-10-10T19:48:40.091940+00:00 DEBUG aya_obj::relocation: callee `memmove` is at ins 824, 341 from current instruction 482
2026-10-10T19:48:40.091943+00:00 DEBUG aya_obj::relocation: relocating call to callee address 0x13f0 in section 2 (relocation) at instruction 614
2026-10-10T19:48:40.091944+00:00 DEBUG aya_obj::relocation: callee is `memmove`
2026-10-10T19:48:40.091944+00:00 DEBUG aya_obj::relocation: callee `memmove` is at ins 824, 209 from current instruction 614
2026-10-10T19:48:40.091946+00:00 DEBUG aya_obj::relocation: relocating call to callee address 0x13f0 in section 2 (relocation) at instruction 621
2026-10-10T19:48:40.091947+00:00 DEBUG aya_obj::relocation: callee is `memmove`
2026-10-10T19:48:40.091947+00:00 DEBUG aya_obj::relocation: callee `memmove` is at ins 824, 202 from current instruction 621
2026-10-10T19:48:40.091949+00:00 DEBUG aya_obj::relocation: relocating call to callee address 0x14b8 in section 2 (relocation) at instruction 648
2026-10-10T19:48:40.091950+00:00 DEBUG aya_obj::relocation: callee is `memset`
2026-10-10T19:48:40.091951+00:00 DEBUG aya_obj::relocation: callee `memset` is at ins 816, 167 from current instruction 648
2026-10-10T19:48:40.091952+00:00 DEBUG aya_obj::relocation: relocating call to callee address 0x13f0 in section 2 (relocation) at instruction 683
2026-10-10T19:48:40.091953+00:00 DEBUG aya_obj::relocation: callee is `memmove`
2026-10-10T19:48:40.091954+00:00 DEBUG aya_obj::relocation: callee `memmove` is at ins 824, 140 from current instruction 683
2026-10-10T19:48:40.091955+00:00 DEBUG aya_obj::relocation: relocating call to callee address 0x13f0 in section 2 (relocation) at instruction 688
2026-10-10T19:48:40.091956+00:00 DEBUG aya_obj::relocation: callee is `memmove`
2026-10-10T19:48:40.091957+00:00 DEBUG aya_obj::relocation: callee `memmove` is at ins 824, 135 from current instruction 688
2026-10-10T19:48:40.091959+00:00 DEBUG aya_obj::relocation: relocating call to callee address 0x14b8 in section 2 (relocation) at instruction 761
2026-10-10T19:48:40.091960+00:00 DEBUG aya_obj::relocation: callee is `memset`
2026-10-10T19:48:40.091961+00:00 DEBUG aya_obj::relocation: callee `memset` is at ins 816, 54 from current instruction 761
2026-10-10T19:48:40.091962+00:00 DEBUG aya_obj::relocation: relocating call to callee address 0x10288 in section 2 (pc-relative) at instruction 767
2026-10-10T19:48:40.091963+00:00 DEBUG aya_obj::relocation: callee is `_RNvNtCs2GI6VrNTxWR_9honk_ebpf8contrack15___mark_udp_seen`
2026-10-10T19:48:40.091964+00:00 DEBUG aya_obj::relocation: linked function `_RNvNtCs2GI6VrNTxWR_9honk_ebpf8contrack15___mark_udp_seen` at instruction 849
2026-10-10T19:48:40.091966+00:00 DEBUG aya_obj::relocation: relocating program `wan_ingress_l3` function `_RNvNtCs2GI6VrNTxWR_9honk_ebpf8contrack15___mark_udp_seen` size 401
2026-10-10T19:48:40.091968+00:00 DEBUG aya_obj::relocation: relocating call to callee address 0x14b8 in section 2 (relocation) at instruction 980
2026-10-10T19:48:40.091969+00:00 DEBUG aya_obj::relocation: callee is `memset`
2026-10-10T19:48:40.091970+00:00 DEBUG aya_obj::relocation: callee `memset` is at ins 816, -165 from current instruction 980
2026-10-10T19:48:40.091971+00:00 DEBUG aya_obj::relocation: relocating call to callee address 0x14b8 in section 2 (relocation) at instruction 985
2026-10-10T19:48:40.091974+00:00 DEBUG aya_obj::relocation: callee is `memset`
2026-10-10T19:48:40.091975+00:00 DEBUG aya_obj::relocation: callee `memset` is at ins 816, -170 from current instruction 985
2026-10-10T19:48:40.091977+00:00 DEBUG aya_obj::relocation: relocating call to callee address 0x14b8 in section 2 (relocation) at instruction 1072
2026-10-10T19:48:40.091978+00:00 DEBUG aya_obj::relocation: callee is `memset`
2026-10-10T19:48:40.091979+00:00 DEBUG aya_obj::relocation: callee `memset` is at ins 816, -257 from current instruction 1072
2026-10-10T19:48:40.091981+00:00 DEBUG aya_obj::relocation: relocating call to callee address 0x14b8 in section 2 (relocation) at instruction 1142
2026-10-10T19:48:40.091982+00:00 DEBUG aya_obj::relocation: callee is `memset`
2026-10-10T19:48:40.091983+00:00 DEBUG aya_obj::relocation: callee `memset` is at ins 816, -327 from current instruction 1142
2026-10-10T19:48:40.091985+00:00 DEBUG aya_obj::relocation: finished relocating program `wan_ingress_l3` function `_RNvNtCs2GI6VrNTxWR_9honk_ebpf8contrack15___mark_udp_seen`
2026-10-10T19:48:40.091986+00:00 DEBUG aya_obj::relocation: callee `_RNvNtCs2GI6VrNTxWR_9honk_ebpf8contrack15___mark_udp_seen` is at ins 849, 81 from current instruction 767
2026-10-10T19:48:40.091988+00:00 DEBUG aya_obj::relocation: relocating call to callee address 0x14b8 in section 2 (relocation) at instruction 798
2026-10-10T19:48:40.091989+00:00 DEBUG aya_obj::relocation: callee is `memset`
2026-10-10T19:48:40.091990+00:00 DEBUG aya_obj::relocation: callee `memset` is at ins 816, 17 from current instruction 798
2026-10-10T19:48:40.091991+00:00 DEBUG aya_obj::relocation: relocating call to callee address 0xdc58 in section 2 (pc-relative) at instruction 813
2026-10-10T19:48:40.091992+00:00 DEBUG aya_obj::relocation: callee is `_RNvNtCs2GI6VrNTxWR_9honk_ebpf8contrack15___mark_tcp_seen`
2026-10-10T19:48:40.091993+00:00 DEBUG aya_obj::relocation: linked function `_RNvNtCs2GI6VrNTxWR_9honk_ebpf8contrack15___mark_tcp_seen` at instruction 1250
2026-10-10T19:48:40.091994+00:00 DEBUG aya_obj::relocation: relocating program `wan_ingress_l3` function `_RNvNtCs2GI6VrNTxWR_9honk_ebpf8contrack15___mark_tcp_seen` size 460
2026-10-10T19:48:40.091996+00:00 DEBUG aya_obj::relocation: relocating call to callee address 0x14b8 in section 2 (relocation) at instruction 1273
2026-10-10T19:48:40.091997+00:00 DEBUG aya_obj::relocation: callee is `memset`
2026-10-10T19:48:40.091998+00:00 DEBUG aya_obj::relocation: callee `memset` is at ins 816, -458 from current instruction 1273
2026-10-10T19:48:40.091999+00:00 DEBUG aya_obj::relocation: relocating call to callee address 0x14b8 in section 2 (relocation) at instruction 1278
2026-10-10T19:48:40.092000+00:00 DEBUG aya_obj::relocation: callee is `memset`
2026-10-10T19:48:40.092001+00:00 DEBUG aya_obj::relocation: callee `memset` is at ins 816, -463 from current instruction 1278
2026-10-10T19:48:40.092002+00:00 DEBUG aya_obj::relocation: relocating call to callee address 0x14b8 in section 2 (relocation) at instruction 1283
2026-10-10T19:48:40.092003+00:00 DEBUG aya_obj::relocation: callee is `memset`
2026-10-10T19:48:40.092004+00:00 DEBUG aya_obj::relocation: callee `memset` is at ins 816, -468 from current instruction 1283
2026-10-10T19:48:40.092006+00:00 DEBUG aya_obj::relocation: relocating call to callee address 0x14b8 in section 2 (relocation) at instruction 1394
2026-10-10T19:48:40.092007+00:00 DEBUG aya_obj::relocation: callee is `memset`
2026-10-10T19:48:40.092008+00:00 DEBUG aya_obj::relocation: callee `memset` is at ins 816, -579 from current instruction 1394
2026-10-10T19:48:40.092009+00:00 DEBUG aya_obj::relocation: relocating call to callee address 0x14b8 in section 2 (relocation) at instruction 1399
2026-10-10T19:48:40.092010+00:00 DEBUG aya_obj::relocation: callee is `memset`
2026-10-10T19:48:40.092011+00:00 DEBUG aya_obj::relocation: callee `memset` is at ins 816, -584 from current instruction 1399
2026-10-10T19:48:40.092012+00:00 DEBUG aya_obj::relocation: relocating call to callee address 0x14b8 in section 2 (relocation) at instruction 1404
2026-10-10T19:48:40.092014+00:00 DEBUG aya_obj::relocation: callee is `memset`
2026-10-10T19:48:40.092014+00:00 DEBUG aya_obj::relocation: callee `memset` is at ins 816, -589 from current instruction 1404
2026-10-10T19:48:40.092017+00:00 DEBUG aya_obj::relocation: relocating call to callee address 0x14b8 in section 2 (relocation) at instruction 1564
2026-10-10T19:48:40.092018+00:00 DEBUG aya_obj::relocation: callee is `memset`
2026-10-10T19:48:40.092019+00:00 DEBUG aya_obj::relocation: callee `memset` is at ins 816, -749 from current instruction 1564
2026-10-10T19:48:40.092022+00:00 DEBUG aya_obj::relocation: finished relocating program `wan_ingress_l3` function `_RNvNtCs2GI6VrNTxWR_9honk_ebpf8contrack15___mark_tcp_seen`
2026-10-10T19:48:40.092023+00:00 DEBUG aya_obj::relocation: callee `_RNvNtCs2GI6VrNTxWR_9honk_ebpf8contrack15___mark_tcp_seen` is at ins 1250, 436 from current instruction 813
2026-10-10T19:48:40.092024+00:00 DEBUG aya_obj::relocation: finished relocating program `wan_ingress_l3` function `_RNvNtCs2GI6VrNTxWR_9honk_ebpf7ingress21do_tproxy_wan_ingress`
2026-10-10T19:48:40.092025+00:00 DEBUG aya_obj::relocation: callee `_RNvNtCs2GI6VrNTxWR_9honk_ebpf7ingress21do_tproxy_wan_ingress` is at ins 7, 2 from current instruction 4
2026-10-10T19:48:40.092026+00:00 DEBUG aya_obj::relocation: finished relocating program `wan_ingress_l3` function `wan_ingress_l3`
2026-10-10T19:48:40.092028+00:00 DEBUG aya_obj::relocation: relocating program `tproxy_wan_cg_sock_create` function `tproxy_wan_cg_sock_create` size 185
2026-10-10T19:48:40.092029+00:00 DEBUG aya_obj::relocation: relocating call to callee address 0x14b8 in section 2 (relocation) at instruction 23
2026-10-10T19:48:40.092030+00:00 DEBUG aya_obj::relocation: callee is `memset`
2026-10-10T19:48:40.092031+00:00 DEBUG aya_obj::relocation: linked function `memset` at instruction 185
2026-10-10T19:48:40.092033+00:00 DEBUG aya_obj::relocation: relocating program `tproxy_wan_cg_sock_create` function `memset` size 8
2026-10-10T19:48:40.092034+00:00 DEBUG aya_obj::relocation: finished relocating program `tproxy_wan_cg_sock_create` function `memset`
2026-10-10T19:48:40.092035+00:00 DEBUG aya_obj::relocation: callee `memset` is at ins 185, 161 from current instruction 23
2026-10-10T19:48:40.092037+00:00 DEBUG aya_obj::relocation: relocating call to callee address 0x14b8 in section 2 (relocation) at instruction 80
2026-10-10T19:48:40.092038+00:00 DEBUG aya_obj::relocation: callee is `memset`
2026-10-10T19:48:40.092039+00:00 DEBUG aya_obj::relocation: callee `memset` is at ins 185, 104 from current instruction 80
2026-10-10T19:48:40.092040+00:00 DEBUG aya_obj::relocation: relocating reference to callee address 0x1320 in section 2 (relocation) at instruction 93
2026-10-10T19:48:40.092041+00:00 DEBUG aya_obj::relocation: callee is `_RNvNtCs2GI6VrNTxWR_9honk_ebpf12process_name13find_basename`
2026-10-10T19:48:40.092042+00:00 DEBUG aya_obj::relocation: linked function `_RNvNtCs2GI6VrNTxWR_9honk_ebpf12process_name13find_basename` at instruction 193
2026-10-10T19:48:40.092043+00:00 DEBUG aya_obj::relocation: relocating program `tproxy_wan_cg_sock_create` function `_RNvNtCs2GI6VrNTxWR_9honk_ebpf12process_name13find_basename` size 15
2026-10-10T19:48:40.092044+00:00 DEBUG aya_obj::relocation: finished relocating program `tproxy_wan_cg_sock_create` function `_RNvNtCs2GI6VrNTxWR_9honk_ebpf12process_name13find_basename`
2026-10-10T19:48:40.092045+00:00 DEBUG aya_obj::relocation: callee `_RNvNtCs2GI6VrNTxWR_9honk_ebpf12process_name13find_basename` is at ins 193, 99 from current instruction 93
2026-10-10T19:48:40.092047+00:00 DEBUG aya_obj::relocation: relocating call to callee address 0x14b8 in section 2 (relocation) at instruction 131
2026-10-10T19:48:40.092048+00:00 DEBUG aya_obj::relocation: callee is `memset`
2026-10-10T19:48:40.092049+00:00 DEBUG aya_obj::relocation: callee `memset` is at ins 185, 53 from current instruction 131
2026-10-10T19:48:40.092050+00:00 DEBUG aya_obj::relocation: finished relocating program `tproxy_wan_cg_sock_create` function `tproxy_wan_cg_sock_create`
2026-10-10T19:48:40.092052+00:00 DEBUG aya_obj::relocation: relocating program `lan_egress_l2` function `lan_egress_l2` size 7
2026-10-10T19:48:40.092053+00:00 DEBUG aya_obj::relocation: relocating call to callee address 0x12858 in section 2 (relocation) at instruction 4
2026-10-10T19:48:40.092054+00:00 DEBUG aya_obj::relocation: callee is `_RNvNtCs2GI6VrNTxWR_9honk_ebpf6egress20do_tproxy_lan_egress`
2026-10-10T19:48:40.092056+00:00 DEBUG aya_obj::relocation: linked function `_RNvNtCs2GI6VrNTxWR_9honk_ebpf6egress20do_tproxy_lan_egress` at instruction 7
2026-10-10T19:48:40.092057+00:00 DEBUG aya_obj::relocation: relocating program `lan_egress_l2` function `_RNvNtCs2GI6VrNTxWR_9honk_ebpf6egress20do_tproxy_lan_egress` size 887
2026-10-10T19:48:40.092059+00:00 DEBUG aya_obj::relocation: relocating call to callee address 0x14b8 in section 2 (relocation) at instruction 43
2026-10-10T19:48:40.092060+00:00 DEBUG aya_obj::relocation: callee is `memset`
2026-10-10T19:48:40.092061+00:00 DEBUG aya_obj::relocation: linked function `memset` at instruction 894
2026-10-10T19:48:40.092063+00:00 DEBUG aya_obj::relocation: relocating program `lan_egress_l2` function `memset` size 8
2026-10-10T19:48:40.092064+00:00 DEBUG aya_obj::relocation: finished relocating program `lan_egress_l2` function `memset`
2026-10-10T19:48:40.092065+00:00 DEBUG aya_obj::relocation: callee `memset` is at ins 894, 850 from current instruction 43
2026-10-10T19:48:40.092067+00:00 DEBUG aya_obj::relocation: relocating call to callee address 0x14b8 in section 2 (relocation) at instruction 118
2026-10-10T19:48:40.092068+00:00 DEBUG aya_obj::relocation: callee is `memset`
2026-10-10T19:48:40.092069+00:00 DEBUG aya_obj::relocation: callee `memset` is at ins 894, 775 from current instruction 118
2026-10-10T19:48:40.092070+00:00 DEBUG aya_obj::relocation: relocating call to callee address 0x14b8 in section 2 (relocation) at instruction 126
2026-10-10T19:48:40.092071+00:00 DEBUG aya_obj::relocation: callee is `memset`
2026-10-10T19:48:40.092072+00:00 DEBUG aya_obj::relocation: callee `memset` is at ins 894, 767 from current instruction 126
2026-10-10T19:48:40.092073+00:00 DEBUG aya_obj::relocation: relocating call to callee address 0x13f0 in section 2 (relocation) at instruction 182
2026-10-10T19:48:40.092074+00:00 DEBUG aya_obj::relocation: callee is `memmove`
2026-10-10T19:48:40.092075+00:00 DEBUG aya_obj::relocation: linked function `memmove` at instruction 902
2026-10-10T19:48:40.092076+00:00 DEBUG aya_obj::relocation: relocating program `lan_egress_l2` function `memmove` size 25
2026-10-10T19:48:40.092077+00:00 DEBUG aya_obj::relocation: finished relocating program `lan_egress_l2` function `memmove`
2026-10-10T19:48:40.092078+00:00 DEBUG aya_obj::relocation: callee `memmove` is at ins 902, 719 from current instruction 182
2026-10-10T19:48:40.092081+00:00 DEBUG aya_obj::relocation: relocating call to callee address 0x13f0 in section 2 (relocation) at instruction 290
2026-10-10T19:48:40.092082+00:00 DEBUG aya_obj::relocation: callee is `memmove`
2026-10-10T19:48:40.092082+00:00 DEBUG aya_obj::relocation: callee `memmove` is at ins 902, 611 from current instruction 290
2026-10-10T19:48:40.092084+00:00 DEBUG aya_obj::relocation: relocating call to callee address 0x13f0 in section 2 (relocation) at instruction 327
2026-10-10T19:48:40.092085+00:00 DEBUG aya_obj::relocation: callee is `memmove`
2026-10-10T19:48:40.092086+00:00 DEBUG aya_obj::relocation: callee `memmove` is at ins 902, 574 from current instruction 327
2026-10-10T19:48:40.092087+00:00 DEBUG aya_obj::relocation: relocating call to callee address 0x13f0 in section 2 (relocation) at instruction 370
2026-10-10T19:48:40.092088+00:00 DEBUG aya_obj::relocation: callee is `memmove`
2026-10-10T19:48:40.092089+00:00 DEBUG aya_obj::relocation: callee `memmove` is at ins 902, 531 from current instruction 370
2026-10-10T19:48:40.092092+00:00 DEBUG aya_obj::relocation: relocating call to callee address 0x13f0 in section 2 (relocation) at instruction 533
2026-10-10T19:48:40.092094+00:00 DEBUG aya_obj::relocation: callee is `memmove`
2026-10-10T19:48:40.092095+00:00 DEBUG aya_obj::relocation: callee `memmove` is at ins 902, 368 from current instruction 533
2026-10-10T19:48:40.092096+00:00 DEBUG aya_obj::relocation: relocating call to callee address 0x13f0 in section 2 (relocation) at instruction 540
2026-10-10T19:48:40.092097+00:00 DEBUG aya_obj::relocation: callee is `memmove`
2026-10-10T19:48:40.092098+00:00 DEBUG aya_obj::relocation: callee `memmove` is at ins 902, 361 from current instruction 540
2026-10-10T19:48:40.092099+00:00 DEBUG aya_obj::relocation: relocating call to callee address 0x14b8 in section 2 (relocation) at instruction 568
2026-10-10T19:48:40.092100+00:00 DEBUG aya_obj::relocation: callee is `memset`
2026-10-10T19:48:40.092101+00:00 DEBUG aya_obj::relocation: callee `memset` is at ins 894, 325 from current instruction 568
2026-10-10T19:48:40.092102+00:00 DEBUG aya_obj::relocation: relocating call to callee address 0x13f0 in section 2 (relocation) at instruction 612
2026-10-10T19:48:40.092103+00:00 DEBUG aya_obj::relocation: callee is `memmove`
2026-10-10T19:48:40.092104+00:00 DEBUG aya_obj::relocation: callee `memmove` is at ins 902, 289 from current instruction 612
2026-10-10T19:48:40.092105+00:00 DEBUG aya_obj::relocation: relocating call to callee address 0x13f0 in section 2 (relocation) at instruction 617
2026-10-10T19:48:40.092106+00:00 DEBUG aya_obj::relocation: callee is `memmove`
2026-10-10T19:48:40.092107+00:00 DEBUG aya_obj::relocation: callee `memmove` is at ins 902, 284 from current instruction 617
2026-10-10T19:48:40.092109+00:00 DEBUG aya_obj::relocation: relocating call to callee address 0x14b8 in section 2 (relocation) at instruction 729
2026-10-10T19:48:40.092111+00:00 DEBUG aya_obj::relocation: callee is `memset`
2026-10-10T19:48:40.092111+00:00 DEBUG aya_obj::relocation: callee `memset` is at ins 894, 164 from current instruction 729
2026-10-10T19:48:40.092113+00:00 DEBUG aya_obj::relocation: relocating call to callee address 0xdc58 in section 2 (pc-relative) at instruction 744
2026-10-10T19:48:40.092114+00:00 DEBUG aya_obj::relocation: callee is `_RNvNtCs2GI6VrNTxWR_9honk_ebpf8contrack15___mark_tcp_seen`
2026-10-10T19:48:40.092115+00:00 DEBUG aya_obj::relocation: linked function `_RNvNtCs2GI6VrNTxWR_9honk_ebpf8contrack15___mark_tcp_seen` at instruction 927
2026-10-10T19:48:40.092116+00:00 DEBUG aya_obj::relocation: relocating program `lan_egress_l2` function `_RNvNtCs2GI6VrNTxWR_9honk_ebpf8contrack15___mark_tcp_seen` size 460
2026-10-10T19:48:40.092117+00:00 DEBUG aya_obj::relocation: relocating call to callee address 0x14b8 in section 2 (relocation) at instruction 950
2026-10-10T19:48:40.092118+00:00 DEBUG aya_obj::relocation: callee is `memset`
2026-10-10T19:48:40.092119+00:00 DEBUG aya_obj::relocation: callee `memset` is at ins 894, -57 from current instruction 950
2026-10-10T19:48:40.092120+00:00 DEBUG aya_obj::relocation: relocating call to callee address 0x14b8 in section 2 (relocation) at instruction 955
2026-10-10T19:48:40.092121+00:00 DEBUG aya_obj::relocation: callee is `memset`
2026-10-10T19:48:40.092122+00:00 DEBUG aya_obj::relocation: callee `memset` is at ins 894, -62 from current instruction 955
2026-10-10T19:48:40.092123+00:00 DEBUG aya_obj::relocation: relocating call to callee address 0x14b8 in section 2 (relocation) at instruction 960
2026-10-10T19:48:40.092124+00:00 DEBUG aya_obj::relocation: callee is `memset`
2026-10-10T19:48:40.092125+00:00 DEBUG aya_obj::relocation: callee `memset` is at ins 894, -67 from current instruction 960
2026-10-10T19:48:40.092127+00:00 DEBUG aya_obj::relocation: relocating call to callee address 0x14b8 in section 2 (relocation) at instruction 1071
2026-10-10T19:48:40.092129+00:00 DEBUG aya_obj::relocation: callee is `memset`
2026-10-10T19:48:40.092129+00:00 DEBUG aya_obj::relocation: callee `memset` is at ins 894, -178 from current instruction 1071
2026-10-10T19:48:40.092131+00:00 DEBUG aya_obj::relocation: relocating call to callee address 0x14b8 in section 2 (relocation) at instruction 1076
2026-10-10T19:48:40.092132+00:00 DEBUG aya_obj::relocation: callee is `memset`
2026-10-10T19:48:40.092133+00:00 DEBUG aya_obj::relocation: callee `memset` is at ins 894, -183 from current instruction 1076
2026-10-10T19:48:40.092134+00:00 DEBUG aya_obj::relocation: relocating call to callee address 0x14b8 in section 2 (relocation) at instruction 1081
2026-10-10T19:48:40.092135+00:00 DEBUG aya_obj::relocation: callee is `memset`
2026-10-10T19:48:40.092136+00:00 DEBUG aya_obj::relocation: callee `memset` is at ins 894, -188 from current instruction 1081
2026-10-10T19:48:40.092139+00:00 DEBUG aya_obj::relocation: relocating call to callee address 0x14b8 in section 2 (relocation) at instruction 1241
2026-10-10T19:48:40.092140+00:00 DEBUG aya_obj::relocation: callee is `memset`
2026-10-10T19:48:40.092141+00:00 DEBUG aya_obj::relocation: callee `memset` is at ins 894, -348 from current instruction 1241
2026-10-10T19:48:40.092143+00:00 DEBUG aya_obj::relocation: finished relocating program `lan_egress_l2` function `_RNvNtCs2GI6VrNTxWR_9honk_ebpf8contrack15___mark_tcp_seen`
2026-10-10T19:48:40.092144+00:00 DEBUG aya_obj::relocation: callee `_RNvNtCs2GI6VrNTxWR_9honk_ebpf8contrack15___mark_tcp_seen` is at ins 927, 182 from current instruction 744
2026-10-10T19:48:40.092147+00:00 DEBUG aya_obj::relocation: relocating call to callee address 0x14b8 in section 2 (relocation) at instruction 848
2026-10-10T19:48:40.092148+00:00 DEBUG aya_obj::relocation: callee is `memset`
2026-10-10T19:48:40.092149+00:00 DEBUG aya_obj::relocation: callee `memset` is at ins 894, 45 from current instruction 848
2026-10-10T19:48:40.092150+00:00 DEBUG aya_obj::relocation: relocating call to callee address 0x10288 in section 2 (pc-relative) at instruction 854
2026-10-10T19:48:40.092151+00:00 DEBUG aya_obj::relocation: callee is `_RNvNtCs2GI6VrNTxWR_9honk_ebpf8contrack15___mark_udp_seen`
2026-10-10T19:48:40.092152+00:00 DEBUG aya_obj::relocation: linked function `_RNvNtCs2GI6VrNTxWR_9honk_ebpf8contrack15___mark_udp_seen` at instruction 1387
2026-10-10T19:48:40.092153+00:00 DEBUG aya_obj::relocation: relocating program `lan_egress_l2` function `_RNvNtCs2GI6VrNTxWR_9honk_ebpf8contrack15___mark_udp_seen` size 401
2026-10-10T19:48:40.092156+00:00 DEBUG aya_obj::relocation: relocating call to callee address 0x14b8 in section 2 (relocation) at instruction 1518
2026-10-10T19:48:40.092157+00:00 DEBUG aya_obj::relocation: callee is `memset`
2026-10-10T19:48:40.092158+00:00 DEBUG aya_obj::relocation: callee `memset` is at ins 894, -625 from current instruction 1518
2026-10-10T19:48:40.092159+00:00 DEBUG aya_obj::relocation: relocating call to callee address 0x14b8 in section 2 (relocation) at instruction 1523
2026-10-10T19:48:40.092160+00:00 DEBUG aya_obj::relocation: callee is `memset`
2026-10-10T19:48:40.092161+00:00 DEBUG aya_obj::relocation: callee `memset` is at ins 894, -630 from current instruction 1523
2026-10-10T19:48:40.092163+00:00 DEBUG aya_obj::relocation: relocating call to callee address 0x14b8 in section 2 (relocation) at instruction 1610
2026-10-10T19:48:40.092164+00:00 DEBUG aya_obj::relocation: callee is `memset`
2026-10-10T19:48:40.092164+00:00 DEBUG aya_obj::relocation: callee `memset` is at ins 894, -717 from current instruction 1610
2026-10-10T19:48:40.092166+00:00 DEBUG aya_obj::relocation: relocating call to callee address 0x14b8 in section 2 (relocation) at instruction 1680
2026-10-10T19:48:40.092167+00:00 DEBUG aya_obj::relocation: callee is `memset`
2026-10-10T19:48:40.092168+00:00 DEBUG aya_obj::relocation: callee `memset` is at ins 894, -787 from current instruction 1680
2026-10-10T19:48:40.092170+00:00 DEBUG aya_obj::relocation: finished relocating program `lan_egress_l2` function `_RNvNtCs2GI6VrNTxWR_9honk_ebpf8contrack15___mark_udp_seen`
2026-10-10T19:48:40.092171+00:00 DEBUG aya_obj::relocation: callee `_RNvNtCs2GI6VrNTxWR_9honk_ebpf8contrack15___mark_udp_seen` is at ins 1387, 532 from current instruction 854
2026-10-10T19:48:40.092173+00:00 DEBUG aya_obj::relocation: finished relocating program `lan_egress_l2` function `_RNvNtCs2GI6VrNTxWR_9honk_ebpf6egress20do_tproxy_lan_egress`
2026-10-10T19:48:40.092175+00:00 DEBUG aya_obj::relocation: callee `_RNvNtCs2GI6VrNTxWR_9honk_ebpf6egress20do_tproxy_lan_egress` is at ins 7, 2 from current instruction 4
2026-10-10T19:48:40.092176+00:00 DEBUG aya_obj::relocation: finished relocating program `lan_egress_l2` function `lan_egress_l2`
2026-10-10T19:48:40.092181+00:00 DEBUG aya_obj::relocation: relocating program `wan_egress_l3` function `wan_egress_l3` size 3320
2026-10-10T19:48:40.092183+00:00 DEBUG aya_obj::relocation: relocating call to callee address 0x14b8 in section 2 (relocation) at instruction 31
2026-10-10T19:48:40.092184+00:00 DEBUG aya_obj::relocation: callee is `memset`
2026-10-10T19:48:40.092187+00:00 DEBUG aya_obj::relocation: linked function `memset` at instruction 3320
2026-10-10T19:48:40.092188+00:00 DEBUG aya_obj::relocation: relocating program `wan_egress_l3` function `memset` size 8
2026-10-10T19:48:40.092189+00:00 DEBUG aya_obj::relocation: finished relocating program `wan_egress_l3` function `memset`
2026-10-10T19:48:40.092190+00:00 DEBUG aya_obj::relocation: callee `memset` is at ins 3320, 3288 from current instruction 31
2026-10-10T19:48:40.092191+00:00 DEBUG aya_obj::relocation: relocating call to callee address 0x14b8 in section 2 (relocation) at instruction 46
2026-10-10T19:48:40.092192+00:00 DEBUG aya_obj::relocation: callee is `memset`
2026-10-10T19:48:40.092193+00:00 DEBUG aya_obj::relocation: callee `memset` is at ins 3320, 3273 from current instruction 46
2026-10-10T19:48:40.092194+00:00 DEBUG aya_obj::relocation: relocating call to callee address 0x14b8 in section 2 (relocation) at instruction 55
2026-10-10T19:48:40.092195+00:00 DEBUG aya_obj::relocation: callee is `memset`
2026-10-10T19:48:40.092196+00:00 DEBUG aya_obj::relocation: callee `memset` is at ins 3320, 3264 from current instruction 55
2026-10-10T19:48:40.092199+00:00 DEBUG aya_obj::relocation: relocating call to callee address 0x13f0 in section 2 (relocation) at instruction 216
2026-10-10T19:48:40.092200+00:00 DEBUG aya_obj::relocation: callee is `memmove`
2026-10-10T19:48:40.092201+00:00 DEBUG aya_obj::relocation: linked function `memmove` at instruction 3328
2026-10-10T19:48:40.092202+00:00 DEBUG aya_obj::relocation: relocating program `wan_egress_l3` function `memmove` size 25
2026-10-10T19:48:40.092203+00:00 DEBUG aya_obj::relocation: finished relocating program `wan_egress_l3` function `memmove`
2026-10-10T19:48:40.092204+00:00 DEBUG aya_obj::relocation: callee `memmove` is at ins 3328, 3111 from current instruction 216
2026-10-10T19:48:40.092206+00:00 DEBUG aya_obj::relocation: relocating call to callee address 0x13f0 in section 2 (relocation) at instruction 281
2026-10-10T19:48:40.092207+00:00 DEBUG aya_obj::relocation: callee is `memmove`
2026-10-10T19:48:40.092208+00:00 DEBUG aya_obj::relocation: callee `memmove` is at ins 3328, 3046 from current instruction 281
2026-10-10T19:48:40.092209+00:00 DEBUG aya_obj::relocation: relocating call to callee address 0x13f0 in section 2 (relocation) at instruction 315
2026-10-10T19:48:40.092210+00:00 DEBUG aya_obj::relocation: callee is `memmove`
2026-10-10T19:48:40.092211+00:00 DEBUG aya_obj::relocation: callee `memmove` is at ins 3328, 3012 from current instruction 315
2026-10-10T19:48:40.092213+00:00 DEBUG aya_obj::relocation: relocating call to callee address 0x13f0 in section 2 (relocation) at instruction 343
2026-10-10T19:48:40.092214+00:00 DEBUG aya_obj::relocation: callee is `memmove`
2026-10-10T19:48:40.092214+00:00 DEBUG aya_obj::relocation: callee `memmove` is at ins 3328, 2984 from current instruction 343
2026-10-10T19:48:40.092217+00:00 DEBUG aya_obj::relocation: relocating call to callee address 0x13f0 in section 2 (relocation) at instruction 442
2026-10-10T19:48:40.092218+00:00 DEBUG aya_obj::relocation: callee is `memmove`
2026-10-10T19:48:40.092219+00:00 DEBUG aya_obj::relocation: callee `memmove` is at ins 3328, 2885 from current instruction 442
2026-10-10T19:48:40.092220+00:00 DEBUG aya_obj::relocation: relocating call to callee address 0x13f0 in section 2 (relocation) at instruction 449
2026-10-10T19:48:40.092221+00:00 DEBUG aya_obj::relocation: callee is `memmove`
2026-10-10T19:48:40.092222+00:00 DEBUG aya_obj::relocation: callee `memmove` is at ins 3328, 2878 from current instruction 449
2026-10-10T19:48:40.092224+00:00 DEBUG aya_obj::relocation: relocating call to callee address 0x14b8 in section 2 (relocation) at instruction 474
2026-10-10T19:48:40.092225+00:00 DEBUG aya_obj::relocation: callee is `memset`
2026-10-10T19:48:40.092225+00:00 DEBUG aya_obj::relocation: callee `memset` is at ins 3320, 2845 from current instruction 474
2026-10-10T19:48:40.092227+00:00 DEBUG aya_obj::relocation: relocating call to callee address 0x13f0 in section 2 (relocation) at instruction 509
2026-10-10T19:48:40.092228+00:00 DEBUG aya_obj::relocation: callee is `memmove`
2026-10-10T19:48:40.092229+00:00 DEBUG aya_obj::relocation: callee `memmove` is at ins 3328, 2818 from current instruction 509
2026-10-10T19:48:40.092230+00:00 DEBUG aya_obj::relocation: relocating call to callee address 0x13f0 in section 2 (relocation) at instruction 514
2026-10-10T19:48:40.092231+00:00 DEBUG aya_obj::relocation: callee is `memmove`
2026-10-10T19:48:40.092232+00:00 DEBUG aya_obj::relocation: callee `memmove` is at ins 3328, 2813 from current instruction 514
2026-10-10T19:48:40.092235+00:00 DEBUG aya_obj::relocation: relocating call to callee address 0x14b8 in section 2 (relocation) at instruction 678
2026-10-10T19:48:40.092236+00:00 DEBUG aya_obj::relocation: callee is `memset`
2026-10-10T19:48:40.092237+00:00 DEBUG aya_obj::relocation: callee `memset` is at ins 3320, 2641 from current instruction 678
2026-10-10T19:48:40.092238+00:00 DEBUG aya_obj::relocation: relocating call to callee address 0x14b8 in section 2 (relocation) at instruction 693
2026-10-10T19:48:40.092239+00:00 DEBUG aya_obj::relocation: callee is `memset`
2026-10-10T19:48:40.092240+00:00 DEBUG aya_obj::relocation: callee `memset` is at ins 3320, 2626 from current instruction 693
2026-10-10T19:48:40.092241+00:00 DEBUG aya_obj::relocation: relocating call to callee address 0xdc58 in section 2 (relocation) at instruction 707
2026-10-10T19:48:40.092242+00:00 DEBUG aya_obj::relocation: callee is `_RNvNtCs2GI6VrNTxWR_9honk_ebpf8contrack15___mark_tcp_seen`
2026-10-10T19:48:40.092243+00:00 DEBUG aya_obj::relocation: linked function `_RNvNtCs2GI6VrNTxWR_9honk_ebpf8contrack15___mark_tcp_seen` at instruction 3353
2026-10-10T19:48:40.092244+00:00 DEBUG aya_obj::relocation: relocating program `wan_egress_l3` function `_RNvNtCs2GI6VrNTxWR_9honk_ebpf8contrack15___mark_tcp_seen` size 460
2026-10-10T19:48:40.092246+00:00 DEBUG aya_obj::relocation: relocating call to callee address 0x14b8 in section 2 (relocation) at instruction 3376
2026-10-10T19:48:40.092247+00:00 DEBUG aya_obj::relocation: callee is `memset`
2026-10-10T19:48:40.092248+00:00 DEBUG aya_obj::relocation: callee `memset` is at ins 3320, -57 from current instruction 3376
2026-10-10T19:48:40.092249+00:00 DEBUG aya_obj::relocation: relocating call to callee address 0x14b8 in section 2 (relocation) at instruction 3381
2026-10-10T19:48:40.092250+00:00 DEBUG aya_obj::relocation: callee is `memset`
2026-10-10T19:48:40.092251+00:00 DEBUG aya_obj::relocation: callee `memset` is at ins 3320, -62 from current instruction 3381
2026-10-10T19:48:40.092252+00:00 DEBUG aya_obj::relocation: relocating call to callee address 0x14b8 in section 2 (relocation) at instruction 3386
2026-10-10T19:48:40.092253+00:00 DEBUG aya_obj::relocation: callee is `memset`
2026-10-10T19:48:40.092254+00:00 DEBUG aya_obj::relocation: callee `memset` is at ins 3320, -67 from current instruction 3386
2026-10-10T19:48:40.092256+00:00 DEBUG aya_obj::relocation: relocating call to callee address 0x14b8 in section 2 (relocation) at instruction 3497
2026-10-10T19:48:40.092257+00:00 DEBUG aya_obj::relocation: callee is `memset`
2026-10-10T19:48:40.092258+00:00 DEBUG aya_obj::relocation: callee `memset` is at ins 3320, -178 from current instruction 3497
2026-10-10T19:48:40.092259+00:00 DEBUG aya_obj::relocation: relocating call to callee address 0x14b8 in section 2 (relocation) at instruction 3502
2026-10-10T19:48:40.092261+00:00 DEBUG aya_obj::relocation: callee is `memset`
2026-10-10T19:48:40.092261+00:00 DEBUG aya_obj::relocation: callee `memset` is at ins 3320, -183 from current instruction 3502
2026-10-10T19:48:40.092263+00:00 DEBUG aya_obj::relocation: relocating call to callee address 0x14b8 in section 2 (relocation) at instruction 3507
2026-10-10T19:48:40.092264+00:00 DEBUG aya_obj::relocation: callee is `memset`
2026-10-10T19:48:40.092264+00:00 DEBUG aya_obj::relocation: callee `memset` is at ins 3320, -188 from current instruction 3507
2026-10-10T19:48:40.092267+00:00 DEBUG aya_obj::relocation: relocating call to callee address 0x14b8 in section 2 (relocation) at instruction 3667
2026-10-10T19:48:40.092268+00:00 DEBUG aya_obj::relocation: callee is `memset`
2026-10-10T19:48:40.092269+00:00 DEBUG aya_obj::relocation: callee `memset` is at ins 3320, -348 from current instruction 3667
2026-10-10T19:48:40.092271+00:00 DEBUG aya_obj::relocation: finished relocating program `wan_egress_l3` function `_RNvNtCs2GI6VrNTxWR_9honk_ebpf8contrack15___mark_tcp_seen`
2026-10-10T19:48:40.092273+00:00 DEBUG aya_obj::relocation: callee `_RNvNtCs2GI6VrNTxWR_9honk_ebpf8contrack15___mark_tcp_seen` is at ins 3353, 2645 from current instruction 707
2026-10-10T19:48:40.092278+00:00 DEBUG aya_obj::relocation: relocating call to callee address 0x14b8 in section 2 (relocation) at instruction 1033
2026-10-10T19:48:40.092279+00:00 DEBUG aya_obj::relocation: callee is `memset`
2026-10-10T19:48:40.092280+00:00 DEBUG aya_obj::relocation: callee `memset` is at ins 3320, 2286 from current instruction 1033
2026-10-10T19:48:40.092282+00:00 DEBUG aya_obj::relocation: relocating call to callee address 0x14b8 in section 2 (relocation) at instruction 1114
2026-10-10T19:48:40.092283+00:00 DEBUG aya_obj::relocation: callee is `memset`
2026-10-10T19:48:40.092284+00:00 DEBUG aya_obj::relocation: callee `memset` is at ins 3320, 2205 from current instruction 1114
2026-10-10T19:48:40.092286+00:00 DEBUG aya_obj::relocation: relocating call to callee address 0x14b8 in section 2 (relocation) at instruction 1171
2026-10-10T19:48:40.092287+00:00 DEBUG aya_obj::relocation: callee is `memset`
2026-10-10T19:48:40.092288+00:00 DEBUG aya_obj::relocation: callee `memset` is at ins 3320, 2148 from current instruction 1171
2026-10-10T19:48:40.092290+00:00 DEBUG aya_obj::relocation: relocating call to callee address 0x14b8 in section 2 (relocation) at instruction 1215
2026-10-10T19:48:40.092291+00:00 DEBUG aya_obj::relocation: callee is `memset`
2026-10-10T19:48:40.092291+00:00 DEBUG aya_obj::relocation: callee `memset` is at ins 3320, 2104 from current instruction 1215
2026-10-10T19:48:40.092293+00:00 DEBUG aya_obj::relocation: relocating call to callee address 0x14b8 in section 2 (relocation) at instruction 1234
2026-10-10T19:48:40.092294+00:00 DEBUG aya_obj::relocation: callee is `memset`
2026-10-10T19:48:40.092295+00:00 DEBUG aya_obj::relocation: callee `memset` is at ins 3320, 2085 from current instruction 1234
2026-10-10T19:48:40.092296+00:00 DEBUG aya_obj::relocation: relocating call to callee address 0x14b8 in section 2 (relocation) at instruction 1294
2026-10-10T19:48:40.092297+00:00 DEBUG aya_obj::relocation: callee is `memset`
2026-10-10T19:48:40.092298+00:00 DEBUG aya_obj::relocation: callee `memset` is at ins 3320, 2025 from current instruction 1294
2026-10-10T19:48:40.092300+00:00 DEBUG aya_obj::relocation: relocating call to callee address 0x14b8 in section 2 (relocation) at instruction 1389
2026-10-10T19:48:40.092301+00:00 DEBUG aya_obj::relocation: callee is `memset`
2026-10-10T19:48:40.092302+00:00 DEBUG aya_obj::relocation: callee `memset` is at ins 3320, 1930 from current instruction 1389
2026-10-10T19:48:40.092305+00:00 DEBUG aya_obj::relocation: relocating call to callee address 0x14b8 in section 2 (relocation) at instruction 1482
2026-10-10T19:48:40.092306+00:00 DEBUG aya_obj::relocation: callee is `memset`
2026-10-10T19:48:40.092306+00:00 DEBUG aya_obj::relocation: callee `memset` is at ins 3320, 1837 from current instruction 1482
2026-10-10T19:48:40.092309+00:00 DEBUG aya_obj::relocation: relocating call to callee address 0x14b8 in section 2 (relocation) at instruction 1570
2026-10-10T19:48:40.092310+00:00 DEBUG aya_obj::relocation: callee is `memset`
2026-10-10T19:48:40.092311+00:00 DEBUG aya_obj::relocation: callee `memset` is at ins 3320, 1749 from current instruction 1570
2026-10-10T19:48:40.092312+00:00 DEBUG aya_obj::relocation: relocating call to callee address 0x0 in section 2 (relocation) at instruction 1575
2026-10-10T19:48:40.092313+00:00 DEBUG aya_obj::relocation: callee is `honk_normalize_process_name`
2026-10-10T19:48:40.092314+00:00 DEBUG aya_obj::relocation: linked function `honk_normalize_process_name` at instruction 3813
2026-10-10T19:48:40.092316+00:00 DEBUG aya_obj::relocation: relocating program `wan_egress_l3` function `honk_normalize_process_name` size 145
2026-10-10T19:48:40.092317+00:00 DEBUG aya_obj::relocation: relocating call to callee address 0x14b8 in section 2 (relocation) at instruction 3822
2026-10-10T19:48:40.092318+00:00 DEBUG aya_obj::relocation: callee is `memset`
2026-10-10T19:48:40.092319+00:00 DEBUG aya_obj::relocation: callee `memset` is at ins 3320, -503 from current instruction 3822
2026-10-10T19:48:40.092320+00:00 DEBUG aya_obj::relocation: relocating call to callee address 0x14b8 in section 2 (relocation) at instruction 3828
2026-10-10T19:48:40.092321+00:00 DEBUG aya_obj::relocation: callee is `memset`
2026-10-10T19:48:40.092322+00:00 DEBUG aya_obj::relocation: callee `memset` is at ins 3320, -509 from current instruction 3828
2026-10-10T19:48:40.092323+00:00 DEBUG aya_obj::relocation: relocating call to callee address 0x488 in section 2 (relocation) at instruction 3832
2026-10-10T19:48:40.092324+00:00 DEBUG aya_obj::relocation: callee is `honk_normalize_process_step`
2026-10-10T19:48:40.092325+00:00 DEBUG aya_obj::relocation: linked function `honk_normalize_process_step` at instruction 3958
2026-10-10T19:48:40.092326+00:00 DEBUG aya_obj::relocation: relocating program `wan_egress_l3` function `honk_normalize_process_step` size 317
2026-10-10T19:48:40.092330+00:00 DEBUG aya_obj::relocation: finished relocating program `wan_egress_l3` function `honk_normalize_process_step`
2026-10-10T19:48:40.092331+00:00 DEBUG aya_obj::relocation: callee `honk_normalize_process_step` is at ins 3958, 125 from current instruction 3832
2026-10-10T19:48:40.092333+00:00 DEBUG aya_obj::relocation: relocating call to callee address 0x488 in section 2 (relocation) at instruction 3844
2026-10-10T19:48:40.092334+00:00 DEBUG aya_obj::relocation: callee is `honk_normalize_process_step`
2026-10-10T19:48:40.092334+00:00 DEBUG aya_obj::relocation: callee `honk_normalize_process_step` is at ins 3958, 113 from current instruction 3844
2026-10-10T19:48:40.092336+00:00 DEBUG aya_obj::relocation: relocating call to callee address 0x488 in section 2 (relocation) at instruction 3852
2026-10-10T19:48:40.092337+00:00 DEBUG aya_obj::relocation: callee is `honk_normalize_process_step`
2026-10-10T19:48:40.092338+00:00 DEBUG aya_obj::relocation: callee `honk_normalize_process_step` is at ins 3958, 105 from current instruction 3852
2026-10-10T19:48:40.092339+00:00 DEBUG aya_obj::relocation: relocating call to callee address 0x488 in section 2 (relocation) at instruction 3860
2026-10-10T19:48:40.092340+00:00 DEBUG aya_obj::relocation: callee is `honk_normalize_process_step`
2026-10-10T19:48:40.092341+00:00 DEBUG aya_obj::relocation: callee `honk_normalize_process_step` is at ins 3958, 97 from current instruction 3860
2026-10-10T19:48:40.092342+00:00 DEBUG aya_obj::relocation: relocating call to callee address 0x488 in section 2 (relocation) at instruction 3868
2026-10-10T19:48:40.092343+00:00 DEBUG aya_obj::relocation: callee is `honk_normalize_process_step`
2026-10-10T19:48:40.092344+00:00 DEBUG aya_obj::relocation: callee `honk_normalize_process_step` is at ins 3958, 89 from current instruction 3868
2026-10-10T19:48:40.092345+00:00 DEBUG aya_obj::relocation: relocating call to callee address 0x488 in section 2 (relocation) at instruction 3876
2026-10-10T19:48:40.092347+00:00 DEBUG aya_obj::relocation: callee is `honk_normalize_process_step`
2026-10-10T19:48:40.092348+00:00 DEBUG aya_obj::relocation: callee `honk_normalize_process_step` is at ins 3958, 81 from current instruction 3876
2026-10-10T19:48:40.092349+00:00 DEBUG aya_obj::relocation: relocating call to callee address 0x488 in section 2 (relocation) at instruction 3884
2026-10-10T19:48:40.092350+00:00 DEBUG aya_obj::relocation: callee is `honk_normalize_process_step`
2026-10-10T19:48:40.092351+00:00 DEBUG aya_obj::relocation: callee `honk_normalize_process_step` is at ins 3958, 73 from current instruction 3884
2026-10-10T19:48:40.092352+00:00 DEBUG aya_obj::relocation: relocating call to callee address 0x488 in section 2 (relocation) at instruction 3892
2026-10-10T19:48:40.092353+00:00 DEBUG aya_obj::relocation: callee is `honk_normalize_process_step`
2026-10-10T19:48:40.092354+00:00 DEBUG aya_obj::relocation: callee `honk_normalize_process_step` is at ins 3958, 65 from current instruction 3892
2026-10-10T19:48:40.092355+00:00 DEBUG aya_obj::relocation: relocating call to callee address 0x488 in section 2 (relocation) at instruction 3900
2026-10-10T19:48:40.092356+00:00 DEBUG aya_obj::relocation: callee is `honk_normalize_process_step`
2026-10-10T19:48:40.092357+00:00 DEBUG aya_obj::relocation: callee `honk_normalize_process_step` is at ins 3958, 57 from current instruction 3900
2026-10-10T19:48:40.092358+00:00 DEBUG aya_obj::relocation: relocating call to callee address 0x488 in section 2 (relocation) at instruction 3908
2026-10-10T19:48:40.092359+00:00 DEBUG aya_obj::relocation: callee is `honk_normalize_process_step`
2026-10-10T19:48:40.092360+00:00 DEBUG aya_obj::relocation: callee `honk_normalize_process_step` is at ins 3958, 49 from current instruction 3908
2026-10-10T19:48:40.092362+00:00 DEBUG aya_obj::relocation: relocating call to callee address 0x488 in section 2 (relocation) at instruction 3916
2026-10-10T19:48:40.092363+00:00 DEBUG aya_obj::relocation: callee is `honk_normalize_process_step`
2026-10-10T19:48:40.092363+00:00 DEBUG aya_obj::relocation: callee `honk_normalize_process_step` is at ins 3958, 41 from current instruction 3916
2026-10-10T19:48:40.092365+00:00 DEBUG aya_obj::relocation: relocating call to callee address 0x488 in section 2 (relocation) at instruction 3924
2026-10-10T19:48:40.092366+00:00 DEBUG aya_obj::relocation: callee is `honk_normalize_process_step`
2026-10-10T19:48:40.092367+00:00 DEBUG aya_obj::relocation: callee `honk_normalize_process_step` is at ins 3958, 33 from current instruction 3924
2026-10-10T19:48:40.092368+00:00 DEBUG aya_obj::relocation: relocating call to callee address 0x488 in section 2 (relocation) at instruction 3932
2026-10-10T19:48:40.092369+00:00 DEBUG aya_obj::relocation: callee is `honk_normalize_process_step`
2026-10-10T19:48:40.092370+00:00 DEBUG aya_obj::relocation: callee `honk_normalize_process_step` is at ins 3958, 25 from current instruction 3932
2026-10-10T19:48:40.092371+00:00 DEBUG aya_obj::relocation: relocating call to callee address 0x488 in section 2 (relocation) at instruction 3940
2026-10-10T19:48:40.092372+00:00 DEBUG aya_obj::relocation: callee is `honk_normalize_process_step`
2026-10-10T19:48:40.092373+00:00 DEBUG aya_obj::relocation: callee `honk_normalize_process_step` is at ins 3958, 17 from current instruction 3940
2026-10-10T19:48:40.092374+00:00 DEBUG aya_obj::relocation: relocating call to callee address 0x488 in section 2 (relocation) at instruction 3948
2026-10-10T19:48:40.092375+00:00 DEBUG aya_obj::relocation: callee is `honk_normalize_process_step`
2026-10-10T19:48:40.092376+00:00 DEBUG aya_obj::relocation: callee `honk_normalize_process_step` is at ins 3958, 9 from current instruction 3948
2026-10-10T19:48:40.092377+00:00 DEBUG aya_obj::relocation: relocating call to callee address 0x488 in section 2 (relocation) at instruction 3956
2026-10-10T19:48:40.092378+00:00 DEBUG aya_obj::relocation: callee is `honk_normalize_process_step`
2026-10-10T19:48:40.092380+00:00 DEBUG aya_obj::relocation: callee `honk_normalize_process_step` is at ins 3958, 1 from current instruction 3956
2026-10-10T19:48:40.092382+00:00 DEBUG aya_obj::relocation: finished relocating program `wan_egress_l3` function `honk_normalize_process_name`
2026-10-10T19:48:40.092383+00:00 DEBUG aya_obj::relocation: callee `honk_normalize_process_name` is at ins 3813, 2237 from current instruction 1575
2026-10-10T19:48:40.092384+00:00 DEBUG aya_obj::relocation: relocating call to callee address 0x1070 in section 2 (relocation) at instruction 1606
2026-10-10T19:48:40.092385+00:00 DEBUG aya_obj::relocation: callee is `honk_route_slot1`
2026-10-10T19:48:40.092386+00:00 DEBUG aya_obj::relocation: linked function `honk_route_slot1` at instruction 4275
2026-10-10T19:48:40.092387+00:00 DEBUG aya_obj::relocation: relocating program `wan_egress_l3` function `honk_route_slot1` size 64
2026-10-10T19:48:40.092389+00:00 DEBUG aya_obj::relocation: finished relocating program `wan_egress_l3` function `honk_route_slot1`
2026-10-10T19:48:40.092390+00:00 DEBUG aya_obj::relocation: callee `honk_route_slot1` is at ins 4275, 2668 from current instruction 1606
2026-10-10T19:48:40.092391+00:00 DEBUG aya_obj::relocation: relocating call to callee address 0xe70 in section 2 (relocation) at instruction 1610
2026-10-10T19:48:40.092392+00:00 DEBUG aya_obj::relocation: callee is `honk_route_slot0`
2026-10-10T19:48:40.092393+00:00 DEBUG aya_obj::relocation: linked function `honk_route_slot0` at instruction 4339
2026-10-10T19:48:40.092394+00:00 DEBUG aya_obj::relocation: relocating program `wan_egress_l3` function `honk_route_slot0` size 64
2026-10-10T19:48:40.092396+00:00 DEBUG aya_obj::relocation: finished relocating program `wan_egress_l3` function `honk_route_slot0`
2026-10-10T19:48:40.092397+00:00 DEBUG aya_obj::relocation: callee `honk_route_slot0` is at ins 4339, 2728 from current instruction 1610
2026-10-10T19:48:40.092399+00:00 DEBUG aya_obj::relocation: relocating call to callee address 0x14b8 in section 2 (relocation) at instruction 1756
2026-10-10T19:48:40.092400+00:00 DEBUG aya_obj::relocation: callee is `memset`
2026-10-10T19:48:40.092401+00:00 DEBUG aya_obj::relocation: callee `memset` is at ins 3320, 1563 from current instruction 1756
2026-10-10T19:48:40.092403+00:00 DEBUG aya_obj::relocation: relocating call to callee address 0xdc58 in section 2 (relocation) at instruction 1842
2026-10-10T19:48:40.092404+00:00 DEBUG aya_obj::relocation: callee is `_RNvNtCs2GI6VrNTxWR_9honk_ebpf8contrack15___mark_tcp_seen`
2026-10-10T19:48:40.092405+00:00 DEBUG aya_obj::relocation: callee `_RNvNtCs2GI6VrNTxWR_9honk_ebpf8contrack15___mark_tcp_seen` is at ins 3353, 1510 from current instruction 1842
2026-10-10T19:48:40.092408+00:00 DEBUG aya_obj::relocation: relocating call to callee address 0x0 in section 2 (relocation) at instruction 1937
2026-10-10T19:48:40.092409+00:00 DEBUG aya_obj::relocation: callee is `honk_normalize_process_name`
2026-10-10T19:48:40.092410+00:00 DEBUG aya_obj::relocation: callee `honk_normalize_process_name` is at ins 3813, 1875 from current instruction 1937
2026-10-10T19:48:40.092411+00:00 DEBUG aya_obj::relocation: relocating call to callee address 0x1070 in section 2 (relocation) at instruction 1968
2026-10-10T19:48:40.092412+00:00 DEBUG aya_obj::relocation: callee is `honk_route_slot1`
2026-10-10T19:48:40.092413+00:00 DEBUG aya_obj::relocation: callee `honk_route_slot1` is at ins 4275, 2306 from current instruction 1968
2026-10-10T19:48:40.092414+00:00 DEBUG aya_obj::relocation: relocating call to callee address 0xe70 in section 2 (relocation) at instruction 1972
2026-10-10T19:48:40.092415+00:00 DEBUG aya_obj::relocation: callee is `honk_route_slot0`
2026-10-10T19:48:40.092416+00:00 DEBUG aya_obj::relocation: callee `honk_route_slot0` is at ins 4339, 2366 from current instruction 1972
2026-10-10T19:48:40.092422+00:00 DEBUG aya_obj::relocation: relocating call to callee address 0x14b8 in section 2 (relocation) at instruction 2309
2026-10-10T19:48:40.092423+00:00 DEBUG aya_obj::relocation: callee is `memset`
2026-10-10T19:48:40.092425+00:00 DEBUG aya_obj::relocation: callee `memset` is at ins 3320, 1010 from current instruction 2309
2026-10-10T19:48:40.092427+00:00 DEBUG aya_obj::relocation: relocating call to callee address 0x10288 in section 2 (relocation) at instruction 2369
2026-10-10T19:48:40.092428+00:00 DEBUG aya_obj::relocation: callee is `_RNvNtCs2GI6VrNTxWR_9honk_ebpf8contrack15___mark_udp_seen`
2026-10-10T19:48:40.092430+00:00 DEBUG aya_obj::relocation: linked function `_RNvNtCs2GI6VrNTxWR_9honk_ebpf8contrack15___mark_udp_seen` at instruction 4403
2026-10-10T19:48:40.092431+00:00 DEBUG aya_obj::relocation: relocating program `wan_egress_l3` function `_RNvNtCs2GI6VrNTxWR_9honk_ebpf8contrack15___mark_udp_seen` size 401
2026-10-10T19:48:40.092433+00:00 DEBUG aya_obj::relocation: relocating call to callee address 0x14b8 in section 2 (relocation) at instruction 4534
2026-10-10T19:48:40.092434+00:00 DEBUG aya_obj::relocation: callee is `memset`
2026-10-10T19:48:40.092435+00:00 DEBUG aya_obj::relocation: callee `memset` is at ins 3320, -1215 from current instruction 4534
2026-10-10T19:48:40.092436+00:00 DEBUG aya_obj::relocation: relocating call to callee address 0x14b8 in section 2 (relocation) at instruction 4539
2026-10-10T19:48:40.092437+00:00 DEBUG aya_obj::relocation: callee is `memset`
2026-10-10T19:48:40.092438+00:00 DEBUG aya_obj::relocation: callee `memset` is at ins 3320, -1220 from current instruction 4539
2026-10-10T19:48:40.092440+00:00 DEBUG aya_obj::relocation: relocating call to callee address 0x14b8 in section 2 (relocation) at instruction 4626
2026-10-10T19:48:40.092441+00:00 DEBUG aya_obj::relocation: callee is `memset`
2026-10-10T19:48:40.092442+00:00 DEBUG aya_obj::relocation: callee `memset` is at ins 3320, -1307 from current instruction 4626
2026-10-10T19:48:40.092444+00:00 DEBUG aya_obj::relocation: relocating call to callee address 0x14b8 in section 2 (relocation) at instruction 4696
2026-10-10T19:48:40.092445+00:00 DEBUG aya_obj::relocation: callee is `memset`
2026-10-10T19:48:40.092446+00:00 DEBUG aya_obj::relocation: callee `memset` is at ins 3320, -1377 from current instruction 4696
2026-10-10T19:48:40.092448+00:00 DEBUG aya_obj::relocation: finished relocating program `wan_egress_l3` function `_RNvNtCs2GI6VrNTxWR_9honk_ebpf8contrack15___mark_udp_seen`
2026-10-10T19:48:40.092449+00:00 DEBUG aya_obj::relocation: callee `_RNvNtCs2GI6VrNTxWR_9honk_ebpf8contrack15___mark_udp_seen` is at ins 4403, 2033 from current instruction 2369
2026-10-10T19:48:40.092452+00:00 DEBUG aya_obj::relocation: relocating call to callee address 0x14b8 in section 2 (relocation) at instruction 2503
2026-10-10T19:48:40.092453+00:00 DEBUG aya_obj::relocation: callee is `memset`
2026-10-10T19:48:40.092454+00:00 DEBUG aya_obj::relocation: callee `memset` is at ins 3320, 816 from current instruction 2503
2026-10-10T19:48:40.092455+00:00 DEBUG aya_obj::relocation: relocating call to callee address 0x14b8 in section 2 (relocation) at instruction 2549
2026-10-10T19:48:40.092456+00:00 DEBUG aya_obj::relocation: callee is `memset`
2026-10-10T19:48:40.092457+00:00 DEBUG aya_obj::relocation: callee `memset` is at ins 3320, 770 from current instruction 2549
2026-10-10T19:48:40.092459+00:00 DEBUG aya_obj::relocation: relocating call to callee address 0x14b8 in section 2 (relocation) at instruction 2597
2026-10-10T19:48:40.092460+00:00 DEBUG aya_obj::relocation: callee is `memset`
2026-10-10T19:48:40.092461+00:00 DEBUG aya_obj::relocation: callee `memset` is at ins 3320, 722 from current instruction 2597
2026-10-10T19:48:40.092464+00:00 DEBUG aya_obj::relocation: relocating call to callee address 0x14b8 in section 2 (relocation) at instruction 2784
2026-10-10T19:48:40.092465+00:00 DEBUG aya_obj::relocation: callee is `memset`
2026-10-10T19:48:40.092466+00:00 DEBUG aya_obj::relocation: callee `memset` is at ins 3320, 535 from current instruction 2784
2026-10-10T19:48:40.092469+00:00 DEBUG aya_obj::relocation: relocating call to callee address 0x14b8 in section 2 (relocation) at instruction 2893
2026-10-10T19:48:40.092470+00:00 DEBUG aya_obj::relocation: callee is `memset`
2026-10-10T19:48:40.092471+00:00 DEBUG aya_obj::relocation: callee `memset` is at ins 3320, 426 from current instruction 2893
2026-10-10T19:48:40.092473+00:00 DEBUG aya_obj::relocation: relocating call to callee address 0x14b8 in section 2 (relocation) at instruction 2962
2026-10-10T19:48:40.092474+00:00 DEBUG aya_obj::relocation: callee is `memset`
2026-10-10T19:48:40.092475+00:00 DEBUG aya_obj::relocation: callee `memset` is at ins 3320, 357 from current instruction 2962
2026-10-10T19:48:40.092477+00:00 DEBUG aya_obj::relocation: relocating call to callee address 0x14b8 in section 2 (relocation) at instruction 3056
2026-10-10T19:48:40.092478+00:00 DEBUG aya_obj::relocation: callee is `memset`
2026-10-10T19:48:40.092479+00:00 DEBUG aya_obj::relocation: callee `memset` is at ins 3320, 263 from current instruction 3056
2026-10-10T19:48:40.092482+00:00 DEBUG aya_obj::relocation: relocating call to callee address 0x14b8 in section 2 (relocation) at instruction 3171
2026-10-10T19:48:40.092483+00:00 DEBUG aya_obj::relocation: callee is `memset`
2026-10-10T19:48:40.092483+00:00 DEBUG aya_obj::relocation: callee `memset` is at ins 3320, 148 from current instruction 3171
2026-10-10T19:48:40.092485+00:00 DEBUG aya_obj::relocation: relocating call to callee address 0x14b8 in section 2 (relocation) at instruction 3216
2026-10-10T19:48:40.092486+00:00 DEBUG aya_obj::relocation: callee is `memset`
2026-10-10T19:48:40.092487+00:00 DEBUG aya_obj::relocation: callee `memset` is at ins 3320, 103 from current instruction 3216
2026-10-10T19:48:40.092490+00:00 DEBUG aya_obj::relocation: finished relocating program `wan_egress_l3` function `wan_egress_l3`
2026-10-10T19:48:40.092493+00:00 DEBUG aya_obj::relocation: relocating program `honk_udp6_receive_exit` function `honk_udp6_receive_exit` size 88
2026-10-10T19:48:40.092495+00:00 DEBUG aya_obj::relocation: finished relocating program `honk_udp6_receive_exit` function `honk_udp6_receive_exit`
2026-10-10T19:48:40.096080+00:00  INFO honk_core::ebpf::real::attach: Loading eBPF programs (1815760 bytes)
2026-10-10T19:48:40.096150+00:00  INFO honk_core::ebpf::real::attach: Kernel 7.2.0 supports bpf_redirect_peer, enabling
2026-10-10T19:48:40.096240+00:00 DEBUG honk_core::ebpf::real::attach: PARAM: port=12345 dae0_ifindex=1101 wan_ifindex=2 (iface=ens3)
2026-10-10T19:48:40.112356+00:00 DEBUG aya_obj::btf::btf: changing FUNC memcpy linkage to BTF_FUNC_STATIC
2026-10-10T19:48:40.112375+00:00 DEBUG aya_obj::btf::btf: changing FUNC memmove linkage to BTF_FUNC_STATIC
2026-10-10T19:48:40.112377+00:00 DEBUG aya_obj::btf::btf: changing FUNC memset linkage to BTF_FUNC_STATIC
2026-10-10T19:48:40.112380+00:00 DEBUG aya_obj::btf::btf: [DATASEC] .data: fixup size to 8
2026-10-10T19:48:40.112382+00:00 DEBUG aya_obj::btf::btf: [DATASEC] .data: VAR ROUTING_SLOT0_ERROR: fixup offset 0
2026-10-10T19:48:40.112383+00:00 DEBUG aya_obj::btf::btf: [DATASEC] .data: VAR ROUTING_SLOT1_ERROR: fixup offset 4
2026-10-10T19:48:40.112384+00:00 DEBUG aya_obj::btf::btf: [DATASEC] .maps: fixup size to 968
2026-10-10T19:48:40.112386+00:00 DEBUG aya_obj::btf::btf: [DATASEC] .maps: VAR EVENT_RINGBUF: fixup offset 0
2026-10-10T19:48:40.112387+00:00 DEBUG aya_obj::btf::btf: [DATASEC] .maps: VAR OUTBOUND_STATS: fixup offset 48
2026-10-10T19:48:40.112388+00:00 DEBUG aya_obj::btf::btf: [DATASEC] .maps: VAR LISTEN_SOCKET_MAP: fixup offset 88
2026-10-10T19:48:40.112389+00:00 DEBUG aya_obj::btf::btf: [DATASEC] .maps: VAR CLIENT_REPLY_TRACK: fixup offset 128
2026-10-10T19:48:40.112390+00:00 DEBUG aya_obj::btf::btf: [DATASEC] .maps: VAR UDP_DECISION_SCRATCH_MAP: fixup offset 168
2026-10-10T19:48:40.112391+00:00 DEBUG aya_obj::btf::btf: [DATASEC] .maps: VAR UDP_DECISION_SEQUENCE: fixup offset 208
2026-10-10T19:48:40.112392+00:00 DEBUG aya_obj::btf::btf: [DATASEC] .maps: VAR DATAPATH_FLAGS_MAP: fixup offset 248
2026-10-10T19:48:40.112393+00:00 DEBUG aya_obj::btf::btf: [DATASEC] .maps: VAR DATAPATH_STATE_MAP: fixup offset 288
2026-10-10T19:48:40.112394+00:00 DEBUG aya_obj::btf::btf: [DATASEC] .maps: VAR UDP_DECISION_INFLIGHT: fixup offset 328
2026-10-10T19:48:40.112402+00:00 DEBUG aya_obj::btf::btf: [DATASEC] .maps: VAR UDP_DECISION_EPOCH: fixup offset 368
2026-10-10T19:48:40.112403+00:00 DEBUG aya_obj::btf::btf: [DATASEC] .maps: VAR BPF_STATS_MAP: fixup offset 408
2026-10-10T19:48:40.112405+00:00 DEBUG aya_obj::btf::btf: [DATASEC] .maps: VAR ROUTING_POLICY_ROOT: fixup offset 448
2026-10-10T19:48:40.112406+00:00 DEBUG aya_obj::btf::btf: [DATASEC] .maps: VAR ROUTE_TRACE_SEQUENCE: fixup offset 488
2026-10-10T19:48:40.112407+00:00 DEBUG aya_obj::btf::btf: [DATASEC] .maps: VAR ROUTE_TRACE_MAP: fixup offset 528
2026-10-10T19:48:40.112408+00:00 DEBUG aya_obj::btf::btf: [DATASEC] .maps: VAR ROUTING_HANDOFF_MAP: fixup offset 568
2026-10-10T19:48:40.112409+00:00 DEBUG aya_obj::btf::btf: [DATASEC] .maps: VAR PKT_SCRATCH_KEY: fixup offset 608
2026-10-10T19:48:40.112410+00:00 DEBUG aya_obj::btf::btf: [DATASEC] .maps: VAR UDP_DECISION_RETIRE_FENCE: fixup offset 648
2026-10-10T19:48:40.112411+00:00 DEBUG aya_obj::btf::btf: [DATASEC] .maps: VAR COOKIE_PID_MAP: fixup offset 688
2026-10-10T19:48:40.112412+00:00 DEBUG aya_obj::btf::btf: [DATASEC] .maps: VAR OUTBOUND_CONNECTIVITY_MAP: fixup offset 728
2026-10-10T19:48:40.112413+00:00 DEBUG aya_obj::btf::btf: [DATASEC] .maps: VAR CONN_STATE_MAP: fixup offset 768
2026-10-10T19:48:40.112414+00:00 DEBUG aya_obj::btf::btf: [DATASEC] .maps: VAR REDIRECT_TRACK: fixup offset 808
2026-10-10T19:48:40.112415+00:00 DEBUG aya_obj::btf::btf: [DATASEC] .maps: VAR CONNTRACK_ARGS_MAP: fixup offset 848
2026-10-10T19:48:40.112416+00:00 DEBUG aya_obj::btf::btf: [DATASEC] .maps: VAR CONN_STATE_OCCUPANCY: fixup offset 888
2026-10-10T19:48:40.112417+00:00 DEBUG aya_obj::btf::btf: [DATASEC] .maps: VAR PARSE_CTX_MAP: fixup offset 928
2026-10-10T19:48:40.112418+00:00 DEBUG aya_obj::btf::btf: [DATASEC] .rodata: fixup size to 72
2026-10-10T19:48:40.112419+00:00 DEBUG aya_obj::btf::btf: [DATASEC] .rodata: VAR DAE0PEER_IFINDEX: fixup offset 0
2026-10-10T19:48:40.112420+00:00 DEBUG aya_obj::btf::btf: [DATASEC] .rodata: VAR MM_ARG_START_OFFSET: fixup offset 4
2026-10-10T19:48:40.112421+00:00 DEBUG aya_obj::btf::btf: [DATASEC] .rodata: VAR RECEIVE_OWNER_TGID: fixup offset 8
2026-10-10T19:48:40.112423+00:00 DEBUG aya_obj::btf::btf: [DATASEC] .rodata: VAR RECEIVE_SKB_MARK_OFFSET: fixup offset 12
2026-10-10T19:48:40.112424+00:00 DEBUG aya_obj::btf::btf: [DATASEC] .rodata: VAR RECEIVE_SKB_PRIORITY_OFFSET: fixup offset 16
2026-10-10T19:48:40.112425+00:00 DEBUG aya_obj::btf::btf: [DATASEC] .rodata: VAR RECEIVE_SOCK_COOKIE_OFFSET: fixup offset 20
2026-10-10T19:48:40.112426+00:00 DEBUG aya_obj::btf::btf: [DATASEC] .rodata: VAR TASK_MM_OFFSET: fixup offset 24
2026-10-10T19:48:40.112427+00:00 DEBUG aya_obj::btf::btf: [DATASEC] .rodata: VAR WAN_IFINDEX: fixup offset 28
2026-10-10T19:48:40.112428+00:00 DEBUG aya_obj::btf::btf: [DATASEC] .rodata: VAR PARAM: fixup offset 32
2026-10-10T19:48:40.112429+00:00 DEBUG aya_obj::btf::btf: [DATASEC] maps: fixup size to 28
2026-10-10T19:48:40.112430+00:00 DEBUG aya_obj::btf::btf: [DATASEC] maps: VAR RECEIVE_TRACE: fixup offset 0
2026-10-10T19:48:40.114064+00:00 DEBUG aya_obj::relocation: relocating map by section index 26, kind Data at insn 60 in section 2
2026-10-10T19:48:40.114075+00:00 DEBUG aya_obj::relocation: relocating map by section index 26, kind Data at insn 60 in section 2
2026-10-10T19:48:40.114079+00:00 DEBUG aya_obj::relocation: relocating map by symbol index Some(73), kind BtfMaps at insn 617 in section 2
2026-10-10T19:48:40.114081+00:00 DEBUG aya_obj::relocation: relocating map by symbol index Some(75), kind BtfMaps at insn 733 in section 2
2026-10-10T19:48:40.114083+00:00 DEBUG aya_obj::relocation: relocating map by symbol index Some(72), kind BtfMaps at insn 16 in section 2
2026-10-10T19:48:40.114085+00:00 DEBUG aya_obj::relocation: relocating map by symbol index Some(71), kind BtfMaps at insn 6 in section 2
2026-10-10T19:48:40.114086+00:00 DEBUG aya_obj::relocation: relocating map by symbol index Some(74), kind BtfMaps at insn 635 in section 2
2026-10-10T19:48:40.114088+00:00 DEBUG aya_obj::relocation: relocating map by symbol index Some(51), kind BtfMaps at insn 183 in section 2
2026-10-10T19:48:40.114093+00:00 DEBUG aya_obj::relocation: relocating map by symbol index Some(75), kind BtfMaps at insn 5323 in section 2
2026-10-10T19:48:40.114094+00:00 DEBUG aya_obj::relocation: relocating map by symbol index Some(79), kind BtfMaps at insn 704 in section 2
2026-10-10T19:48:40.114096+00:00 DEBUG aya_obj::relocation: relocating map by section index 24, kind Rodata at insn 743 in section 2
2026-10-10T19:48:40.114097+00:00 DEBUG aya_obj::relocation: relocating map by symbol index Some(74), kind BtfMaps at insn 2400 in section 2
2026-10-10T19:48:40.114098+00:00 DEBUG aya_obj::relocation: relocating map by symbol index Some(57), kind BtfMaps at insn 4340 in section 2
2026-10-10T19:48:40.114099+00:00 DEBUG aya_obj::relocation: relocating map by symbol index Some(87), kind BtfMaps at insn 5000 in section 2
2026-10-10T19:48:40.114100+00:00 DEBUG aya_obj::relocation: relocating map by symbol index Some(84), kind BtfMaps at insn 1807 in section 2
2026-10-10T19:48:40.114101+00:00 DEBUG aya_obj::relocation: relocating map by symbol index Some(74), kind BtfMaps at insn 4686 in section 2
2026-10-10T19:48:40.114103+00:00 DEBUG aya_obj::relocation: relocating map by symbol index Some(81), kind BtfMaps at insn 2583 in section 2
2026-10-10T19:48:40.114104+00:00 DEBUG aya_obj::relocation: relocating map by symbol index Some(81), kind BtfMaps at insn 2513 in section 2
2026-10-10T19:48:40.114105+00:00 DEBUG aya_obj::relocation: relocating map by symbol index Some(80), kind BtfMaps at insn 1781 in section 2
2026-10-10T19:48:40.114106+00:00 DEBUG aya_obj::relocation: relocating map by symbol index Some(92), kind BtfMaps at insn 4504 in section 2
2026-10-10T19:48:40.114108+00:00 DEBUG aya_obj::relocation: relocating map by symbol index Some(90), kind BtfMaps at insn 2267 in section 2
2026-10-10T19:48:40.114109+00:00 DEBUG aya_obj::relocation: relocating map by symbol index Some(79), kind BtfMaps at insn 846 in section 2
2026-10-10T19:48:40.114110+00:00 DEBUG aya_obj::relocation: relocating map by symbol index Some(57), kind BtfMaps at insn 4328 in section 2
2026-10-10T19:48:40.114111+00:00 DEBUG aya_obj::relocation: relocating map by symbol index Some(85), kind BtfMaps at insn 1180 in section 2
2026-10-10T19:48:40.114112+00:00 DEBUG aya_obj::relocation: relocating map by section index 24, kind Rodata at insn 2098 in section 2
2026-10-10T19:48:40.114113+00:00 DEBUG aya_obj::relocation: relocating map by section index 24, kind Rodata at insn 3933 in section 2
2026-10-10T19:48:40.114114+00:00 DEBUG aya_obj::relocation: relocating map by section index 24, kind Rodata at insn 2215 in section 2
2026-10-10T19:48:40.114115+00:00 DEBUG aya_obj::relocation: relocating map by symbol index Some(73), kind BtfMaps at insn 3400 in section 2
2026-10-10T19:48:40.114117+00:00 DEBUG aya_obj::relocation: relocating map by symbol index Some(74), kind BtfMaps at insn 4403 in section 2
2026-10-10T19:48:40.114118+00:00 DEBUG aya_obj::relocation: relocating map by symbol index Some(83), kind BtfMaps at insn 2350 in section 2
2026-10-10T19:48:40.114119+00:00 DEBUG aya_obj::relocation: relocating map by symbol index Some(57), kind BtfMaps at insn 4315 in section 2
2026-10-10T19:48:40.114120+00:00 DEBUG aya_obj::relocation: relocating map by symbol index Some(74), kind BtfMaps at insn 2234 in section 2
2026-10-10T19:48:40.114121+00:00 DEBUG aya_obj::relocation: relocating map by symbol index Some(84), kind BtfMaps at insn 2652 in section 2
2026-10-10T19:48:40.114122+00:00 DEBUG aya_obj::relocation: relocating map by symbol index Some(81), kind BtfMaps at insn 823 in section 2
2026-10-10T19:48:40.114123+00:00 DEBUG aya_obj::relocation: relocating map by symbol index Some(86), kind BtfMaps at insn 1335 in section 2
2026-10-10T19:48:40.114125+00:00 DEBUG aya_obj::relocation: relocating map by symbol index Some(83), kind BtfMaps at insn 1969 in section 2
2026-10-10T19:48:40.114126+00:00 DEBUG aya_obj::relocation: relocating map by symbol index Some(84), kind BtfMaps at insn 3899 in section 2
2026-10-10T19:48:40.114128+00:00 DEBUG aya_obj::relocation: relocating map by symbol index Some(57), kind BtfMaps at insn 3529 in section 2
2026-10-10T19:48:40.114129+00:00 DEBUG aya_obj::relocation: relocating map by symbol index Some(83), kind BtfMaps at insn 1990 in section 2
2026-10-10T19:48:40.114130+00:00 DEBUG aya_obj::relocation: relocating map by section index 24, kind Rodata at insn 4806 in section 2
2026-10-10T19:48:40.114131+00:00 DEBUG aya_obj::relocation: relocating map by symbol index Some(75), kind BtfMaps at insn 4594 in section 2
2026-10-10T19:48:40.114132+00:00 DEBUG aya_obj::relocation: relocating map by symbol index Some(74), kind BtfMaps at insn 3250 in section 2
2026-10-10T19:48:40.114134+00:00 DEBUG aya_obj::relocation: relocating map by symbol index Some(83), kind BtfMaps at insn 2373 in section 2
2026-10-10T19:48:40.114135+00:00 DEBUG aya_obj::relocation: relocating map by symbol index Some(87), kind BtfMaps at insn 1592 in section 2
2026-10-10T19:48:40.114136+00:00 DEBUG aya_obj::relocation: relocating map by symbol index Some(80), kind BtfMaps at insn 2834 in section 2
2026-10-10T19:48:40.114137+00:00 DEBUG aya_obj::relocation: relocating map by symbol index Some(74), kind BtfMaps at insn 3332 in section 2
2026-10-10T19:48:40.114138+00:00 DEBUG aya_obj::relocation: relocating map by section index 24, kind Rodata at insn 4112 in section 2
2026-10-10T19:48:40.114139+00:00 DEBUG aya_obj::relocation: relocating map by symbol index Some(87), kind BtfMaps at insn 4737 in section 2
2026-10-10T19:48:40.114140+00:00 DEBUG aya_obj::relocation: relocating map by symbol index Some(88), kind BtfMaps at insn 1616 in section 2
2026-10-10T19:48:40.114142+00:00 DEBUG aya_obj::relocation: relocating map by symbol index Some(82), kind BtfMaps at insn 2619 in section 2
2026-10-10T19:48:40.114143+00:00 DEBUG aya_obj::relocation: relocating map by symbol index Some(57), kind BtfMaps at insn 5028 in section 2
2026-10-10T19:48:40.114144+00:00 DEBUG aya_obj::relocation: relocating map by symbol index Some(80), kind BtfMaps at insn 2826 in section 2
2026-10-10T19:48:40.114145+00:00 DEBUG aya_obj::relocation: relocating map by symbol index Some(73), kind BtfMaps at insn 3496 in section 2
2026-10-10T19:48:40.114146+00:00 DEBUG aya_obj::relocation: relocating map by symbol index Some(57), kind BtfMaps at insn 5019 in section 2
2026-10-10T19:48:40.114147+00:00 DEBUG aya_obj::relocation: relocating map by symbol index Some(92), kind BtfMaps at insn 3431 in section 2
2026-10-10T19:48:40.114148+00:00 DEBUG aya_obj::relocation: relocating map by symbol index Some(78), kind BtfMaps at insn 7 in section 2
2026-10-10T19:48:40.114150+00:00 DEBUG aya_obj::relocation: relocating map by symbol index Some(57), kind BtfMaps at insn 5010 in section 2
2026-10-10T19:48:40.114151+00:00 DEBUG aya_obj::relocation: relocating map by symbol index Some(72), kind BtfMaps at insn 33 in section 2
2026-10-10T19:48:40.114152+00:00 DEBUG aya_obj::relocation: relocating map by symbol index Some(74), kind BtfMaps at insn 3615 in section 2
2026-10-10T19:48:40.114153+00:00 DEBUG aya_obj::relocation: relocating map by symbol index Some(91), kind BtfMaps at insn 4245 in section 2
2026-10-10T19:48:40.114154+00:00 DEBUG aya_obj::relocation: relocating map by section index 24, kind Rodata at insn 1029 in section 2
2026-10-10T19:48:40.114156+00:00 DEBUG aya_obj::relocation: relocating map by symbol index Some(80), kind BtfMaps at insn 1098 in section 2
2026-10-10T19:48:40.114157+00:00 DEBUG aya_obj::relocation: relocating map by symbol index Some(80), kind BtfMaps at insn 2601 in section 2
2026-10-10T19:48:40.114158+00:00 DEBUG aya_obj::relocation: relocating map by symbol index Some(84), kind BtfMaps at insn 2472 in section 2
2026-10-10T19:48:40.114159+00:00 DEBUG aya_obj::relocation: relocating map by symbol index Some(74), kind BtfMaps at insn 3162 in section 2
2026-10-10T19:48:40.114160+00:00 DEBUG aya_obj::relocation: relocating map by symbol index Some(57), kind BtfMaps at insn 4614 in section 2
2026-10-10T19:48:40.114161+00:00 DEBUG aya_obj::relocation: relocating map by symbol index Some(73), kind BtfMaps at insn 4093 in section 2
2026-10-10T19:48:40.114163+00:00 DEBUG aya_obj::relocation: relocating map by symbol index Some(90), kind BtfMaps at insn 3122 in section 2
2026-10-10T19:48:40.114164+00:00 DEBUG aya_obj::relocation: relocating map by symbol index Some(74), kind BtfMaps at insn 3730 in section 2
2026-10-10T19:48:40.114165+00:00 DEBUG aya_obj::relocation: relocating map by symbol index Some(75), kind BtfMaps at insn 4223 in section 2
2026-10-10T19:48:40.114166+00:00 DEBUG aya_obj::relocation: relocating map by symbol index Some(84), kind BtfMaps at insn 2321 in section 2
2026-10-10T19:48:40.114168+00:00 DEBUG aya_obj::relocation: relocating map by symbol index Some(80), kind BtfMaps at insn 2817 in section 2
2026-10-10T19:48:40.114169+00:00 DEBUG aya_obj::relocation: relocating map by section index 24, kind Rodata at insn 3868 in section 2
2026-10-10T19:48:40.114170+00:00 DEBUG aya_obj::relocation: relocating map by symbol index Some(84), kind BtfMaps at insn 1842 in section 2
2026-10-10T19:48:40.114171+00:00 DEBUG aya_obj::relocation: relocating map by symbol index Some(81), kind BtfMaps at insn 3052 in section 2
2026-10-10T19:48:40.114173+00:00 DEBUG aya_obj::relocation: relocating map by symbol index Some(79), kind BtfMaps at insn 2727 in section 2
2026-10-10T19:48:40.114174+00:00 DEBUG aya_obj::relocation: relocating map by symbol index Some(91), kind BtfMaps at insn 5095 in section 2
2026-10-10T19:48:40.114175+00:00 DEBUG aya_obj::relocation: relocating map by symbol index Some(81), kind BtfMaps at insn 1137 in section 2
2026-10-10T19:48:40.114176+00:00 DEBUG aya_obj::relocation: relocating map by symbol index Some(90), kind BtfMaps at insn 3208 in section 2
2026-10-10T19:48:40.114177+00:00 DEBUG aya_obj::relocation: relocating map by symbol index Some(75), kind BtfMaps at insn 3518 in section 2
2026-10-10T19:48:40.114178+00:00 DEBUG aya_obj::relocation: relocating map by symbol index Some(73), kind BtfMaps at insn 3685 in section 2
2026-10-10T19:48:40.114179+00:00 DEBUG aya_obj::relocation: relocating map by symbol index Some(75), kind BtfMaps at insn 3838 in section 2
2026-10-10T19:48:40.114180+00:00 DEBUG aya_obj::relocation: relocating map by symbol index Some(83), kind BtfMaps at insn 1833 in section 2
2026-10-10T19:48:40.114181+00:00 DEBUG aya_obj::relocation: relocating map by symbol index Some(80), kind BtfMaps at insn 2011 in section 2
2026-10-10T19:48:40.114183+00:00 DEBUG aya_obj::relocation: relocating map by section index 24, kind Rodata at insn 4624 in section 2
2026-10-10T19:48:40.114184+00:00 DEBUG aya_obj::relocation: relocating map by symbol index Some(91), kind BtfMaps at insn 5122 in section 2
2026-10-10T19:48:40.114185+00:00 DEBUG aya_obj::relocation: relocating map by symbol index Some(80), kind BtfMaps at insn 2861 in section 2
2026-10-10T19:48:40.114186+00:00 DEBUG aya_obj::relocation: relocating map by symbol index Some(91), kind BtfMaps at insn 2683 in section 2
2026-10-10T19:48:40.114187+00:00 DEBUG aya_obj::relocation: relocating map by symbol index Some(84), kind BtfMaps at insn 2361 in section 2
2026-10-10T19:48:40.114188+00:00 DEBUG aya_obj::relocation: relocating map by symbol index Some(82), kind BtfMaps at insn 1789 in section 2
2026-10-10T19:48:40.114189+00:00 DEBUG aya_obj::relocation: relocating map by symbol index Some(80), kind BtfMaps at insn 874 in section 2
2026-10-10T19:48:40.114190+00:00 DEBUG aya_obj::relocation: relocating map by symbol index Some(92), kind BtfMaps at insn 2785 in section 2
2026-10-10T19:48:40.114191+00:00 DEBUG aya_obj::relocation: relocating map by symbol index Some(80), kind BtfMaps at insn 2485 in section 2
2026-10-10T19:48:40.114193+00:00 DEBUG aya_obj::relocation: relocating map by symbol index Some(87), kind BtfMaps at insn 5180 in section 2
2026-10-10T19:48:40.114194+00:00 DEBUG aya_obj::relocation: relocating map by symbol index Some(80), kind BtfMaps at insn 1653 in section 2
2026-10-10T19:48:40.114195+00:00 DEBUG aya_obj::relocation: relocating map by symbol index Some(74), kind BtfMaps at insn 3579 in section 2
2026-10-10T19:48:40.114197+00:00 DEBUG aya_obj::relocation: relocating map by symbol index Some(57), kind BtfMaps at insn 5382 in section 2
2026-10-10T19:48:40.114198+00:00 DEBUG aya_obj::relocation: relocating map by symbol index Some(57), kind BtfMaps at insn 5391 in section 2
2026-10-10T19:48:40.114199+00:00 DEBUG aya_obj::relocation: relocating map by symbol index Some(84), kind BtfMaps at insn 998 in section 2
2026-10-10T19:48:40.114200+00:00 DEBUG aya_obj::relocation: relocating map by symbol index Some(92), kind BtfMaps at insn 3749 in section 2
2026-10-10T19:48:40.114201+00:00 DEBUG aya_obj::relocation: relocating map by symbol index Some(80), kind BtfMaps at insn 1351 in section 2
2026-10-10T19:48:40.114203+00:00 DEBUG aya_obj::relocation: relocating map by symbol index Some(80), kind BtfMaps at insn 1757 in section 2
2026-10-10T19:48:40.114204+00:00 DEBUG aya_obj::relocation: relocating map by symbol index Some(74), kind BtfMaps at insn 3269 in section 2
2026-10-10T19:48:40.114205+00:00 DEBUG aya_obj::relocation: relocating map by symbol index Some(80), kind BtfMaps at insn 2610 in section 2
2026-10-10T19:48:40.114206+00:00 DEBUG aya_obj::relocation: relocating map by symbol index Some(83), kind BtfMaps at insn 1010 in section 2
2026-10-10T19:48:40.114208+00:00 DEBUG aya_obj::relocation: relocating map by symbol index Some(73), kind BtfMaps at insn 4200 in section 2
2026-10-10T19:48:40.114209+00:00 DEBUG aya_obj::relocation: relocating map by symbol index Some(80), kind BtfMaps at insn 2002 in section 2
2026-10-10T19:48:40.114210+00:00 DEBUG aya_obj::relocation: relocating map by symbol index Some(73), kind BtfMaps at insn 5300 in section 2
2026-10-10T19:48:40.114211+00:00 DEBUG aya_obj::relocation: relocating map by symbol index Some(73), kind BtfMaps at insn 3814 in section 2
2026-10-10T19:48:40.114212+00:00 DEBUG aya_obj::relocation: relocating map by symbol index Some(80), kind BtfMaps at insn 2844 in section 2
2026-10-10T19:48:40.114213+00:00 DEBUG aya_obj::relocation: relocating map by symbol index Some(87), kind BtfMaps at insn 4305 in section 2
2026-10-10T19:48:40.114214+00:00 DEBUG aya_obj::relocation: relocating map by symbol index Some(84), kind BtfMaps at insn 1978 in section 2
2026-10-10T19:48:40.114215+00:00 DEBUG aya_obj::relocation: relocating map by symbol index Some(57), kind BtfMaps at insn 1663 in section 2
2026-10-10T19:48:40.114217+00:00 DEBUG aya_obj::relocation: relocating map by symbol index Some(84), kind BtfMaps at insn 4358 in section 2
2026-10-10T19:48:40.114218+00:00 DEBUG aya_obj::relocation: relocating map by symbol index Some(83), kind BtfMaps at insn 2310 in section 2
2026-10-10T19:48:40.114219+00:00 DEBUG aya_obj::relocation: relocating map by symbol index Some(80), kind BtfMaps at insn 1342 in section 2
2026-10-10T19:48:40.114220+00:00 DEBUG aya_obj::relocation: relocating map by symbol index Some(82), kind BtfMaps at insn 2020 in section 2
2026-10-10T19:48:40.114221+00:00 DEBUG aya_obj::relocation: relocating map by symbol index Some(71), kind BtfMaps at insn 22 in section 2
2026-10-10T19:48:40.114222+00:00 DEBUG aya_obj::relocation: relocating map by symbol index Some(85), kind BtfMaps at insn 2477 in section 2
2026-10-10T19:48:40.114223+00:00 DEBUG aya_obj::relocation: relocating map by symbol index Some(57), kind BtfMaps at insn 3849 in section 2
2026-10-10T19:48:40.114224+00:00 DEBUG aya_obj::relocation: relocating map by symbol index Some(80), kind BtfMaps at insn 2884 in section 2
2026-10-10T19:48:40.114225+00:00 DEBUG aya_obj::relocation: relocating map by symbol index Some(92), kind BtfMaps at insn 4135 in section 2
2026-10-10T19:48:40.114227+00:00 DEBUG aya_obj::relocation: relocating map by symbol index Some(82), kind BtfMaps at insn 2550 in section 2
2026-10-10T19:48:40.114228+00:00 DEBUG aya_obj::relocation: relocating map by symbol index Some(57), kind BtfMaps at insn 5190 in section 2
2026-10-10T19:48:40.114229+00:00 DEBUG aya_obj::relocation: relocating map by section index 24, kind Rodata at insn 5406 in section 2
2026-10-10T19:48:40.114231+00:00 DEBUG aya_obj::relocation: relocating map by symbol index Some(74), kind BtfMaps at insn 3992 in section 2
2026-10-10T19:48:40.114232+00:00 DEBUG aya_obj::relocation: relocating map by section index 24, kind Rodata at insn 669 in section 2
2026-10-10T19:48:40.114233+00:00 DEBUG aya_obj::relocation: relocating map by symbol index Some(73), kind BtfMaps at insn 4787 in section 2
2026-10-10T19:48:40.114234+00:00 DEBUG aya_obj::relocation: relocating map by symbol index Some(82), kind BtfMaps at insn 882 in section 2
2026-10-10T19:48:40.114235+00:00 DEBUG aya_obj::relocation: relocating map by section index 24, kind Rodata at insn 922 in section 2
2026-10-10T19:48:40.114236+00:00 DEBUG aya_obj::relocation: relocating map by symbol index Some(91), kind BtfMaps at insn 4941 in section 2
2026-10-10T19:48:40.114237+00:00 DEBUG aya_obj::relocation: relocating map by symbol index Some(87), kind BtfMaps at insn 2454 in section 2
2026-10-10T19:48:40.114238+00:00 DEBUG aya_obj::relocation: relocating map by symbol index Some(84), kind BtfMaps at insn 3072 in section 2
2026-10-10T19:48:40.114239+00:00 DEBUG aya_obj::relocation: relocating map by symbol index Some(81), kind BtfMaps at insn 2905 in section 2
2026-10-10T19:48:40.114241+00:00 DEBUG aya_obj::relocation: relocating map by symbol index Some(73), kind BtfMaps at insn 5351 in section 2
2026-10-10T19:48:40.114242+00:00 DEBUG aya_obj::relocation: relocating map by symbol index Some(80), kind BtfMaps at insn 2870 in section 2
2026-10-10T19:48:40.114243+00:00 DEBUG aya_obj::relocation: relocating map by symbol index Some(80), kind BtfMaps at insn 2542 in section 2
2026-10-10T19:48:40.114244+00:00 DEBUG aya_obj::relocation: relocating map by symbol index Some(84), kind BtfMaps at insn 1943 in section 2
2026-10-10T19:48:40.114245+00:00 DEBUG aya_obj::relocation: relocating map by symbol index Some(75), kind BtfMaps at insn 4919 in section 2
2026-10-10T19:48:40.114246+00:00 DEBUG aya_obj::relocation: relocating map by symbol index Some(83), kind BtfMaps at insn 1955 in section 2
2026-10-10T19:48:40.114247+00:00 DEBUG aya_obj::relocation: relocating map by symbol index Some(57), kind BtfMaps at insn 3538 in section 2
2026-10-10T19:48:40.114248+00:00 DEBUG aya_obj::relocation: relocating map by symbol index Some(82), kind BtfMaps at insn 2853 in section 2
2026-10-10T19:48:40.114250+00:00 DEBUG aya_obj::relocation: relocating map by symbol index Some(83), kind BtfMaps at insn 2333 in section 2
2026-10-10T19:48:40.114251+00:00 DEBUG aya_obj::relocation: relocating map by symbol index Some(90), kind BtfMaps at insn 3304 in section 2
2026-10-10T19:48:40.114252+00:00 DEBUG aya_obj::relocation: relocating map by symbol index Some(85), kind BtfMaps at insn 1090 in section 2
2026-10-10T19:48:40.114253+00:00 DEBUG aya_obj::relocation: relocating map by symbol index Some(92), kind BtfMaps at insn 4832 in section 2
2026-10-10T19:48:40.114254+00:00 DEBUG aya_obj::relocation: relocating map by symbol index Some(84), kind BtfMaps at insn 963 in section 2
2026-10-10T19:48:40.114256+00:00 DEBUG aya_obj::relocation: relocating map by symbol index Some(82), kind BtfMaps at insn 1237 in section 2
2026-10-10T19:48:40.114257+00:00 DEBUG aya_obj::relocation: relocating map by symbol index Some(83), kind BtfMaps at insn 975 in section 2
2026-10-10T19:48:40.114258+00:00 DEBUG aya_obj::relocation: relocating map by symbol index Some(83), kind BtfMaps at insn 1798 in section 2
2026-10-10T19:48:40.114259+00:00 DEBUG aya_obj::relocation: relocating map by symbol index Some(73), kind BtfMaps at insn 4570 in section 2
2026-10-10T19:48:40.114260+00:00 DEBUG aya_obj::relocation: relocating map by symbol index Some(87), kind BtfMaps at insn 4043 in section 2
2026-10-10T19:48:40.114261+00:00 DEBUG aya_obj::relocation: relocating map by symbol index Some(83), kind BtfMaps at insn 1934 in section 2
2026-10-10T19:48:40.114262+00:00 DEBUG aya_obj::relocation: relocating map by section index 24, kind Rodata at insn 828 in section 2
2026-10-10T19:48:40.114263+00:00 DEBUG aya_obj::relocation: relocating map by symbol index Some(57), kind BtfMaps at insn 4605 in section 2
2026-10-10T19:48:40.114265+00:00 DEBUG aya_obj::relocation: relocating map by symbol index Some(82), kind BtfMaps at insn 2892 in section 2
2026-10-10T19:48:40.114266+00:00 DEBUG aya_obj::relocation: relocating map by symbol index Some(80), kind BtfMaps at insn 1228 in section 2
2026-10-10T19:48:40.114267+00:00 DEBUG aya_obj::relocation: relocating map by symbol index Some(83), kind BtfMaps at insn 1854 in section 2
2026-10-10T19:48:40.114269+00:00 DEBUG aya_obj::relocation: relocating map by symbol index Some(92), kind BtfMaps at insn 5236 in section 2
2026-10-10T19:48:40.114270+00:00 DEBUG aya_obj::relocation: relocating map by symbol index Some(82), kind BtfMaps at insn 1360 in section 2
2026-10-10T19:48:40.114271+00:00 DEBUG aya_obj::relocation: relocating map by symbol index Some(73), kind BtfMaps at insn 4473 in section 2
2026-10-10T19:48:40.114272+00:00 DEBUG aya_obj::relocation: relocating map by symbol index Some(73), kind BtfMaps at insn 4896 in section 2
2026-10-10T19:48:40.114273+00:00 DEBUG aya_obj::relocation: relocating map by symbol index Some(57), kind BtfMaps at insn 3858 in section 2
2026-10-10T19:48:40.114275+00:00 DEBUG aya_obj::relocation: relocating map by symbol index Some(82), kind BtfMaps at insn 2879 in section 2
2026-10-10T19:48:40.114276+00:00 DEBUG aya_obj::relocation: relocating map by symbol index Some(83), kind BtfMaps at insn 1819 in section 2
2026-10-10T19:48:40.114277+00:00 DEBUG aya_obj::relocation: relocating map by symbol index Some(83), kind BtfMaps at insn 954 in section 2
2026-10-10T19:48:40.114278+00:00 DEBUG aya_obj::relocation: relocating map by symbol index Some(83), kind BtfMaps at insn 989 in section 2
2026-10-10T19:48:40.114279+00:00 DEBUG aya_obj::relocation: relocating map by symbol index Some(80), kind BtfMaps at insn 796 in section 2
2026-10-10T19:48:40.114280+00:00 DEBUG aya_obj::relocation: relocating map by symbol index Some(88), kind BtfMaps at insn 2193 in section 2
2026-10-10T19:48:40.114281+00:00 DEBUG aya_obj::relocation: relocating map by symbol index Some(89), kind BtfMaps at insn 1750 in section 2
2026-10-10T19:48:40.114283+00:00 DEBUG aya_obj::relocation: relocating map by symbol index Some(82), kind BtfMaps at insn 131 in section 2
2026-10-10T19:48:40.114285+00:00 DEBUG aya_obj::relocation: relocating map by symbol index Some(82), kind BtfMaps at insn 429 in section 2
2026-10-10T19:48:40.114286+00:00 DEBUG aya_obj::relocation: relocating map by symbol index Some(80), kind BtfMaps at insn 123 in section 2
2026-10-10T19:48:40.114287+00:00 DEBUG aya_obj::relocation: relocating map by symbol index Some(89), kind BtfMaps at insn 399 in section 2
2026-10-10T19:48:40.114288+00:00 DEBUG aya_obj::relocation: relocating map by symbol index Some(80), kind BtfMaps at insn 421 in section 2
2026-10-10T19:48:40.114289+00:00 DEBUG aya_obj::relocation: relocating map by symbol index Some(57), kind BtfMaps at insn 294 in section 2
2026-10-10T19:48:40.114291+00:00 DEBUG aya_obj::relocation: relocating map by symbol index Some(80), kind BtfMaps at insn 284 in section 2
2026-10-10T19:48:40.114292+00:00 DEBUG aya_obj::relocation: relocating map by symbol index Some(80), kind BtfMaps at insn 416 in section 2
2026-10-10T19:48:40.114293+00:00 DEBUG aya_obj::relocation: relocating map by symbol index Some(80), kind BtfMaps at insn 6 in section 2
2026-10-10T19:48:40.114294+00:00 DEBUG aya_obj::relocation: relocating map by symbol index Some(82), kind BtfMaps at insn 409 in section 2
2026-10-10T19:48:40.114297+00:00 DEBUG aya_obj::relocation: relocating map by symbol index Some(75), kind BtfMaps at insn 387 in section 2
2026-10-10T19:48:40.114299+00:00 DEBUG aya_obj::relocation: relocating map by symbol index Some(80), kind BtfMaps at insn 348 in section 2
2026-10-10T19:48:40.114300+00:00 DEBUG aya_obj::relocation: relocating map by symbol index Some(80), kind BtfMaps at insn 567 in section 2
2026-10-10T19:48:40.114301+00:00 DEBUG aya_obj::relocation: relocating map by symbol index Some(80), kind BtfMaps at insn 557 in section 2
2026-10-10T19:48:40.114303+00:00 DEBUG aya_obj::relocation: relocating map by symbol index Some(87), kind BtfMaps at insn 484 in section 2
2026-10-10T19:48:40.114304+00:00 DEBUG aya_obj::relocation: relocating map by symbol index Some(80), kind BtfMaps at insn 721 in section 2
2026-10-10T19:48:40.114305+00:00 DEBUG aya_obj::relocation: relocating map by symbol index Some(73), kind BtfMaps at insn 332 in section 2
2026-10-10T19:48:40.114307+00:00 DEBUG aya_obj::relocation: relocating map by symbol index Some(87), kind BtfMaps at insn 456 in section 2
2026-10-10T19:48:40.114308+00:00 DEBUG aya_obj::relocation: relocating map by symbol index Some(73), kind BtfMaps at insn 522 in section 2
2026-10-10T19:48:40.114309+00:00 DEBUG aya_obj::relocation: relocating map by symbol index Some(57), kind BtfMaps at insn 466 in section 2
2026-10-10T19:48:40.114310+00:00 DEBUG aya_obj::relocation: relocating map by symbol index Some(80), kind BtfMaps at insn 15 in section 2
2026-10-10T19:48:40.114311+00:00 DEBUG aya_obj::relocation: relocating map by symbol index Some(82), kind BtfMaps at insn 155 in section 2
2026-10-10T19:48:40.114312+00:00 DEBUG aya_obj::relocation: relocating map by symbol index Some(89), kind BtfMaps at insn 128 in section 2
2026-10-10T19:48:40.114314+00:00 DEBUG aya_obj::relocation: relocating map by symbol index Some(73), kind BtfMaps at insn 553 in section 2
2026-10-10T19:48:40.114315+00:00 DEBUG aya_obj::relocation: relocating map by symbol index Some(82), kind BtfMaps at insn 366 in section 2
2026-10-10T19:48:40.114316+00:00 DEBUG aya_obj::relocation: relocating map by symbol index Some(80), kind BtfMaps at insn 620 in section 2
2026-10-10T19:48:40.114317+00:00 DEBUG aya_obj::relocation: relocating map by symbol index Some(93), kind BtfMaps at insn 54 in section 2
2026-10-10T19:48:40.114318+00:00 DEBUG aya_obj::relocation: relocating map by symbol index Some(80), kind BtfMaps at insn 146 in section 2
2026-10-10T19:48:40.114319+00:00 DEBUG aya_obj::relocation: relocating map by symbol index Some(87), kind BtfMaps at insn 637 in section 2
2026-10-10T19:48:40.114320+00:00 DEBUG aya_obj::relocation: relocating map by symbol index Some(80), kind BtfMaps at insn 711 in section 2
2026-10-10T19:48:40.114322+00:00 DEBUG aya_obj::relocation: relocating map by symbol index Some(73), kind BtfMaps at insn 707 in section 2
2026-10-10T19:48:40.114323+00:00 DEBUG aya_obj::relocation: relocating map by symbol index Some(73), kind BtfMaps at insn 676 in section 2
2026-10-10T19:48:40.114324+00:00 DEBUG aya_obj::relocation: relocating map by symbol index Some(87), kind BtfMaps at insn 474 in section 2
2026-10-10T19:48:40.114325+00:00 DEBUG aya_obj::relocation: relocating map by symbol index Some(82), kind BtfMaps at insn 730 in section 2
2026-10-10T19:48:40.114326+00:00 DEBUG aya_obj::relocation: relocating map by symbol index Some(80), kind BtfMaps at insn 611 in section 2
2026-10-10T19:48:40.114327+00:00 DEBUG aya_obj::relocation: relocating map by symbol index Some(87), kind BtfMaps at insn 627 in section 2
2026-10-10T19:48:40.114328+00:00 DEBUG aya_obj::relocation: relocating map by symbol index Some(91), kind BtfMaps at insn 224 in section 2
2026-10-10T19:48:40.114329+00:00 DEBUG aya_obj::relocation: relocating map by symbol index Some(80), kind BtfMaps at insn 136 in section 2
2026-10-10T19:48:40.114331+00:00 DEBUG aya_obj::relocation: relocating map by symbol index Some(80), kind BtfMaps at insn 357 in section 2
2026-10-10T19:48:40.114332+00:00 DEBUG aya_obj::relocation: relocating map by symbol index Some(92), kind BtfMaps at insn 9 in section 2
2026-10-10T19:48:40.114333+00:00 DEBUG aya_obj::relocation: relocating map by symbol index Some(80), kind BtfMaps at insn 25 in section 2
2026-10-10T19:48:40.114334+00:00 DEBUG aya_obj::relocation: relocating map by symbol index Some(82), kind BtfMaps at insn 576 in section 2
2026-10-10T19:48:40.114335+00:00 DEBUG aya_obj::relocation: relocating map by symbol index Some(88), kind BtfMaps at insn 181 in section 2
2026-10-10T19:48:40.114339+00:00 DEBUG aya_obj::relocation: relocating map by symbol index Some(82), kind BtfMaps at insn 34 in section 2
2026-10-10T19:48:40.114341+00:00 DEBUG aya_obj::relocation: relocating map by symbol index Some(57), kind BtfMaps at insn 341 in section 2
2026-10-10T19:48:40.114342+00:00 DEBUG aya_obj::relocation: relocating map by symbol index Some(80), kind BtfMaps at insn 6 in section 2
2026-10-10T19:48:40.114343+00:00 DEBUG aya_obj::relocation: relocating map by symbol index Some(89), kind BtfMaps at insn 378 in section 2
2026-10-10T19:48:40.114344+00:00 DEBUG aya_obj::relocation: relocating map by symbol index Some(80), kind BtfMaps at insn 110 in section 2
2026-10-10T19:48:40.114346+00:00 DEBUG aya_obj::relocation: relocating map by symbol index Some(80), kind BtfMaps at insn 263 in section 2
2026-10-10T19:48:40.114347+00:00 DEBUG aya_obj::relocation: relocating map by symbol index Some(80), kind BtfMaps at insn 394 in section 2
2026-10-10T19:48:40.114348+00:00 DEBUG aya_obj::relocation: relocating map by symbol index Some(57), kind BtfMaps at insn 272 in section 2
2026-10-10T19:48:40.114349+00:00 DEBUG aya_obj::relocation: relocating map by symbol index Some(82), kind BtfMaps at insn 118 in section 2
2026-10-10T19:48:40.114351+00:00 DEBUG aya_obj::relocation: relocating map by symbol index Some(82), kind BtfMaps at insn 387 in section 2
2026-10-10T19:48:40.114352+00:00 DEBUG aya_obj::relocation: relocating map by symbol index Some(72), kind BtfMaps at insn 17 in section 2
2026-10-10T19:48:40.114353+00:00 DEBUG aya_obj::relocation: relocating map by symbol index Some(71), kind BtfMaps at insn 7 in section 2
2026-10-10T19:48:40.114356+00:00 DEBUG aya_obj::relocation: relocating map by symbol index Some(79), kind BtfMaps at insn 746 in section 2
2026-10-10T19:48:40.114357+00:00 DEBUG aya_obj::relocation: relocating map by symbol index Some(79), kind BtfMaps at insn 783 in section 2
2026-10-10T19:48:40.114359+00:00 DEBUG aya_obj::relocation: relocating map by symbol index Some(79), kind BtfMaps at insn 714 in section 2
2026-10-10T19:48:40.114360+00:00 DEBUG aya_obj::relocation: relocating map by symbol index Some(79), kind BtfMaps at insn 833 in section 2
2026-10-10T19:48:40.114361+00:00 DEBUG aya_obj::relocation: relocating map by symbol index Some(72), kind BtfMaps at insn 18 in section 2
2026-10-10T19:48:40.114363+00:00 DEBUG aya_obj::relocation: relocating map by section index 24, kind Rodata at insn 813 in section 2
2026-10-10T19:48:40.114364+00:00 DEBUG aya_obj::relocation: relocating map by symbol index Some(82), kind BtfMaps at insn 879 in section 2
2026-10-10T19:48:40.114366+00:00 DEBUG aya_obj::relocation: relocating map by symbol index Some(71), kind BtfMaps at insn 7 in section 2
2026-10-10T19:48:40.114367+00:00 DEBUG aya_obj::relocation: relocating map by symbol index Some(80), kind BtfMaps at insn 872 in section 2
2026-10-10T19:48:40.114368+00:00 DEBUG aya_obj::relocation: relocating map by symbol index Some(80), kind BtfMaps at insn 856 in section 2
2026-10-10T19:48:40.114369+00:00 DEBUG aya_obj::relocation: relocating map by symbol index Some(43), kind Maps at insn 24 in section 4
2026-10-10T19:48:40.114370+00:00 DEBUG aya_obj::relocation: relocating map by section index 24, kind Rodata at insn 4 in section 4
2026-10-10T19:48:40.114372+00:00 DEBUG aya_obj::relocation: relocating map by section index 24, kind Rodata at insn 9 in section 4
2026-10-10T19:48:40.114373+00:00 DEBUG aya_obj::relocation: relocating map by symbol index Some(43), kind Maps at insn 24 in section 4
2026-10-10T19:48:40.114374+00:00 DEBUG aya_obj::relocation: relocating map by section index 24, kind Rodata at insn 4 in section 4
2026-10-10T19:48:40.114375+00:00 DEBUG aya_obj::relocation: relocating map by section index 24, kind Rodata at insn 9 in section 4
2026-10-10T19:48:40.114376+00:00 DEBUG aya_obj::relocation: relocating map by section index 24, kind Rodata at insn 15 in section 6
2026-10-10T19:48:40.114377+00:00 DEBUG aya_obj::relocation: relocating map by symbol index Some(43), kind Maps at insn 35 in section 6
2026-10-10T19:48:40.114379+00:00 DEBUG aya_obj::relocation: relocating map by section index 24, kind Rodata at insn 20 in section 6
2026-10-10T19:48:40.114380+00:00 DEBUG aya_obj::relocation: relocating map by section index 24, kind Rodata at insn 69 in section 6
2026-10-10T19:48:40.114381+00:00 DEBUG aya_obj::relocation: relocating map by symbol index Some(43), kind Maps at insn 24 in section 6
2026-10-10T19:48:40.114383+00:00 DEBUG aya_obj::relocation: relocating map by section index 24, kind Rodata at insn 4 in section 6
2026-10-10T19:48:40.114384+00:00 DEBUG aya_obj::relocation: relocating map by section index 24, kind Rodata at insn 9 in section 6
2026-10-10T19:48:40.114385+00:00 DEBUG aya_obj::relocation: relocating map by section index 24, kind Rodata at insn 59 in section 6
2026-10-10T19:48:40.114386+00:00 DEBUG aya_obj::relocation: relocating map by section index 24, kind Rodata at insn 20 in section 6
2026-10-10T19:48:40.114387+00:00 DEBUG aya_obj::relocation: relocating map by symbol index Some(43), kind Maps at insn 35 in section 6
2026-10-10T19:48:40.114388+00:00 DEBUG aya_obj::relocation: relocating map by section index 24, kind Rodata at insn 15 in section 6
2026-10-10T19:48:40.114389+00:00 DEBUG aya_obj::relocation: relocating map by symbol index Some(51), kind BtfMaps at insn 22 in section 8
2026-10-10T19:48:40.114391+00:00 DEBUG aya_obj::relocation: relocating map by section index 24, kind Rodata at insn 49 in section 10
2026-10-10T19:48:40.114392+00:00 DEBUG aya_obj::relocation: relocating map by symbol index Some(53), kind BtfMaps at insn 158 in section 10
2026-10-10T19:48:40.114393+00:00 DEBUG aya_obj::relocation: relocating map by section index 24, kind Rodata at insn 63 in section 10
2026-10-10T19:48:40.114394+00:00 DEBUG aya_obj::relocation: relocating map by symbol index Some(53), kind BtfMaps at insn 6 in section 10
2026-10-10T19:48:40.114395+00:00 DEBUG aya_obj::relocation: relocating map by symbol index Some(57), kind BtfMaps at insn 167 in section 10
2026-10-10T19:48:40.114396+00:00 DEBUG aya_obj::relocation: relocating map by symbol index Some(53), kind BtfMaps at insn 121 in section 10
2026-10-10T19:48:40.114398+00:00 DEBUG aya_obj::relocation: relocating map by section index 24, kind Rodata at insn 32 in section 10
2026-10-10T19:48:40.114399+00:00 DEBUG aya_obj::relocation: relocating map by symbol index Some(53), kind BtfMaps at insn 88 in section 10
2026-10-10T19:48:40.114400+00:00 DEBUG aya_obj::relocation: relocating map by symbol index Some(57), kind BtfMaps at insn 97 in section 10
2026-10-10T19:48:40.114401+00:00 DEBUG aya_obj::relocation: relocating map by symbol index Some(53), kind BtfMaps at insn 52 in section 10
2026-10-10T19:48:40.114403+00:00 DEBUG aya_obj::relocation: relocating map by symbol index Some(53), kind BtfMaps at insn 6 in section 10
2026-10-10T19:48:40.114404+00:00 DEBUG aya_obj::relocation: relocating map by symbol index Some(53), kind BtfMaps at insn 121 in section 12
2026-10-10T19:48:40.114405+00:00 DEBUG aya_obj::relocation: relocating map by section index 24, kind Rodata at insn 32 in section 12
2026-10-10T19:48:40.114406+00:00 DEBUG aya_obj::relocation: relocating map by section index 24, kind Rodata at insn 63 in section 12
2026-10-10T19:48:40.114407+00:00 DEBUG aya_obj::relocation: relocating map by symbol index Some(53), kind BtfMaps at insn 6 in section 12
2026-10-10T19:48:40.114408+00:00 DEBUG aya_obj::relocation: relocating map by symbol index Some(53), kind BtfMaps at insn 158 in section 12
2026-10-10T19:48:40.114409+00:00 DEBUG aya_obj::relocation: relocating map by section index 24, kind Rodata at insn 49 in section 12
2026-10-10T19:48:40.114411+00:00 DEBUG aya_obj::relocation: relocating map by symbol index Some(57), kind BtfMaps at insn 167 in section 12
2026-10-10T19:48:40.114412+00:00 DEBUG aya_obj::relocation: relocating map by symbol index Some(53), kind BtfMaps at insn 52 in section 12
2026-10-10T19:48:40.114413+00:00 DEBUG aya_obj::relocation: relocating map by symbol index Some(53), kind BtfMaps at insn 88 in section 12
2026-10-10T19:48:40.114414+00:00 DEBUG aya_obj::relocation: relocating map by symbol index Some(57), kind BtfMaps at insn 97 in section 12
2026-10-10T19:48:40.114416+00:00 DEBUG aya_obj::relocation: relocating map by symbol index Some(53), kind BtfMaps at insn 6 in section 12
2026-10-10T19:48:40.114417+00:00 DEBUG aya_obj::relocation: relocating map by symbol index Some(53), kind BtfMaps at insn 158 in section 14
2026-10-10T19:48:40.114418+00:00 DEBUG aya_obj::relocation: relocating map by section index 24, kind Rodata at insn 63 in section 14
2026-10-10T19:48:40.114420+00:00 DEBUG aya_obj::relocation: relocating map by symbol index Some(53), kind BtfMaps at insn 121 in section 14
2026-10-10T19:48:40.114421+00:00 DEBUG aya_obj::relocation: relocating map by section index 24, kind Rodata at insn 49 in section 14
2026-10-10T19:48:40.114422+00:00 DEBUG aya_obj::relocation: relocating map by symbol index Some(53), kind BtfMaps at insn 6 in section 14
2026-10-10T19:48:40.114423+00:00 DEBUG aya_obj::relocation: relocating map by section index 24, kind Rodata at insn 32 in section 14
2026-10-10T19:48:40.114424+00:00 DEBUG aya_obj::relocation: relocating map by symbol index Some(57), kind BtfMaps at insn 167 in section 14
2026-10-10T19:48:40.114425+00:00 DEBUG aya_obj::relocation: relocating map by symbol index Some(57), kind BtfMaps at insn 97 in section 14
2026-10-10T19:48:40.114426+00:00 DEBUG aya_obj::relocation: relocating map by symbol index Some(53), kind BtfMaps at insn 6 in section 14
2026-10-10T19:48:40.114428+00:00 DEBUG aya_obj::relocation: relocating map by symbol index Some(53), kind BtfMaps at insn 52 in section 14
2026-10-10T19:48:40.114429+00:00 DEBUG aya_obj::relocation: relocating map by symbol index Some(53), kind BtfMaps at insn 88 in section 14
2026-10-10T19:48:40.114430+00:00 DEBUG aya_obj::relocation: relocating map by symbol index Some(53), kind BtfMaps at insn 6 in section 16
2026-10-10T19:48:40.114431+00:00 DEBUG aya_obj::relocation: relocating map by section index 24, kind Rodata at insn 32 in section 16
2026-10-10T19:48:40.114432+00:00 DEBUG aya_obj::relocation: relocating map by symbol index Some(53), kind BtfMaps at insn 121 in section 16
2026-10-10T19:48:40.114433+00:00 DEBUG aya_obj::relocation: relocating map by symbol index Some(53), kind BtfMaps at insn 158 in section 16
2026-10-10T19:48:40.114434+00:00 DEBUG aya_obj::relocation: relocating map by section index 24, kind Rodata at insn 49 in section 16
2026-10-10T19:48:40.114435+00:00 DEBUG aya_obj::relocation: relocating map by symbol index Some(57), kind BtfMaps at insn 167 in section 16
2026-10-10T19:48:40.114437+00:00 DEBUG aya_obj::relocation: relocating map by section index 24, kind Rodata at insn 63 in section 16
2026-10-10T19:48:40.114438+00:00 DEBUG aya_obj::relocation: relocating map by symbol index Some(53), kind BtfMaps at insn 88 in section 16
2026-10-10T19:48:40.114439+00:00 DEBUG aya_obj::relocation: relocating map by symbol index Some(53), kind BtfMaps at insn 6 in section 16
2026-10-10T19:48:40.114440+00:00 DEBUG aya_obj::relocation: relocating map by symbol index Some(57), kind BtfMaps at insn 97 in section 16
2026-10-10T19:48:40.114441+00:00 DEBUG aya_obj::relocation: relocating map by symbol index Some(53), kind BtfMaps at insn 52 in section 16
2026-10-10T19:48:40.114443+00:00 DEBUG aya_obj::relocation: relocating map by section index 24, kind Rodata at insn 49 in section 18
2026-10-10T19:48:40.114444+00:00 DEBUG aya_obj::relocation: relocating map by symbol index Some(53), kind BtfMaps at insn 121 in section 18
2026-10-10T19:48:40.114445+00:00 DEBUG aya_obj::relocation: relocating map by symbol index Some(53), kind BtfMaps at insn 6 in section 18
2026-10-10T19:48:40.114446+00:00 DEBUG aya_obj::relocation: relocating map by symbol index Some(57), kind BtfMaps at insn 167 in section 18
2026-10-10T19:48:40.114447+00:00 DEBUG aya_obj::relocation: relocating map by symbol index Some(53), kind BtfMaps at insn 158 in section 18
2026-10-10T19:48:40.114448+00:00 DEBUG aya_obj::relocation: relocating map by section index 24, kind Rodata at insn 63 in section 18
2026-10-10T19:48:40.114450+00:00 DEBUG aya_obj::relocation: relocating map by section index 24, kind Rodata at insn 32 in section 18
2026-10-10T19:48:40.114451+00:00 DEBUG aya_obj::relocation: relocating map by symbol index Some(53), kind BtfMaps at insn 88 in section 18
2026-10-10T19:48:40.114452+00:00 DEBUG aya_obj::relocation: relocating map by symbol index Some(57), kind BtfMaps at insn 97 in section 18
2026-10-10T19:48:40.114454+00:00 DEBUG aya_obj::relocation: relocating map by symbol index Some(53), kind BtfMaps at insn 52 in section 18
2026-10-10T19:48:40.114455+00:00 DEBUG aya_obj::relocation: relocating map by symbol index Some(53), kind BtfMaps at insn 6 in section 18
2026-10-10T19:48:40.114456+00:00 DEBUG aya_obj::relocation: relocating map by symbol index Some(53), kind BtfMaps at insn 5 in section 20
2026-10-10T19:48:40.114461+00:00 DEBUG aya_obj::relocation: relocating map by symbol index Some(84), kind BtfMaps at insn 3119 in section 22
2026-10-10T19:48:40.114462+00:00 DEBUG aya_obj::relocation: relocating map by section index 24, kind Rodata at insn 2265 in section 22
2026-10-10T19:48:40.114463+00:00 DEBUG aya_obj::relocation: relocating map by symbol index Some(57), kind BtfMaps at insn 2884 in section 22
2026-10-10T19:48:40.114465+00:00 DEBUG aya_obj::relocation: relocating map by symbol index Some(91), kind BtfMaps at insn 3346 in section 22
2026-10-10T19:48:40.114466+00:00 DEBUG aya_obj::relocation: relocating map by symbol index Some(87), kind BtfMaps at insn 3288 in section 22
2026-10-10T19:48:40.114467+00:00 DEBUG aya_obj::relocation: relocating map by section index 24, kind Rodata at insn 897 in section 22
2026-10-10T19:48:40.114468+00:00 DEBUG aya_obj::relocation: relocating map by symbol index Some(85), kind BtfMaps at insn 1011 in section 22
2026-10-10T19:48:40.114469+00:00 DEBUG aya_obj::relocation: relocating map by symbol index Some(57), kind BtfMaps at insn 1316 in section 22
2026-10-10T19:48:40.114470+00:00 DEBUG aya_obj::relocation: relocating map by symbol index Some(86), kind BtfMaps at insn 1779 in section 22
2026-10-10T19:48:40.114472+00:00 DEBUG aya_obj::relocation: relocating map by symbol index Some(72), kind BtfMaps at insn 14 in section 22
2026-10-10T19:48:40.114473+00:00 DEBUG aya_obj::relocation: relocating map by symbol index Some(57), kind BtfMaps at insn 3081 in section 22
2026-10-10T19:48:40.114474+00:00 DEBUG aya_obj::relocation: relocating map by symbol index Some(87), kind BtfMaps at insn 2941 in section 22
2026-10-10T19:48:40.114475+00:00 DEBUG aya_obj::relocation: relocating map by symbol index Some(91), kind BtfMaps at insn 2974 in section 22
2026-10-10T19:48:40.114476+00:00 DEBUG aya_obj::relocation: relocating map by symbol index Some(80), kind BtfMaps at insn 1492 in section 22
2026-10-10T19:48:40.114477+00:00 DEBUG aya_obj::relocation: relocating map by symbol index Some(84), kind BtfMaps at insn 816 in section 22
2026-10-10T19:48:40.114478+00:00 DEBUG aya_obj::relocation: relocating map by section index 24, kind Rodata at insn 3094 in section 22
2026-10-10T19:48:40.114480+00:00 DEBUG aya_obj::relocation: relocating map by symbol index Some(79), kind BtfMaps at insn 1509 in section 22
2026-10-10T19:48:40.114481+00:00 DEBUG aya_obj::relocation: relocating map by symbol index Some(81), kind BtfMaps at insn 992 in section 22
2026-10-10T19:48:40.114482+00:00 DEBUG aya_obj::relocation: relocating map by symbol index Some(83), kind BtfMaps at insn 864 in section 22
2026-10-10T19:48:40.114483+00:00 DEBUG aya_obj::relocation: relocating map by symbol index Some(73), kind BtfMaps at insn 1307 in section 22
2026-10-10T19:48:40.114484+00:00 DEBUG aya_obj::relocation: relocating map by symbol index Some(84), kind BtfMaps at insn 851 in section 22
2026-10-10T19:48:40.114485+00:00 DEBUG aya_obj::relocation: relocating map by symbol index Some(90), kind BtfMaps at insn 2482 in section 22
2026-10-10T19:48:40.114486+00:00 DEBUG aya_obj::relocation: relocating map by symbol index Some(88), kind BtfMaps at insn 2072 in section 22
2026-10-10T19:48:40.114487+00:00 DEBUG aya_obj::relocation: relocating map by section index 24, kind Rodata at insn 2541 in section 22
2026-10-10T19:48:40.114489+00:00 DEBUG aya_obj::relocation: relocating map by symbol index Some(57), kind BtfMaps at insn 2681 in section 22
2026-10-10T19:48:40.114491+00:00 DEBUG aya_obj::relocation: relocating map by symbol index Some(73), kind BtfMaps at insn 2874 in section 22
2026-10-10T19:48:40.114492+00:00 DEBUG aya_obj::relocation: relocating map by symbol index Some(57), kind BtfMaps at insn 3296 in section 22
2026-10-10T19:48:40.114493+00:00 DEBUG aya_obj::relocation: relocating map by symbol index Some(79), kind BtfMaps at insn 2366 in section 22
2026-10-10T19:48:40.114494+00:00 DEBUG aya_obj::relocation: relocating map by symbol index Some(90), kind BtfMaps at insn 1192 in section 22
2026-10-10T19:48:40.114495+00:00 DEBUG aya_obj::relocation: relocating map by symbol index Some(79), kind BtfMaps at insn 715 in section 22
2026-10-10T19:48:40.114496+00:00 DEBUG aya_obj::relocation: relocating map by symbol index Some(78), kind BtfMaps at insn 615 in section 22
2026-10-10T19:48:40.114497+00:00 DEBUG aya_obj::relocation: relocating map by section index 24, kind Rodata at insn 2741 in section 22
2026-10-10T19:48:40.114499+00:00 DEBUG aya_obj::relocation: relocating map by symbol index Some(91), kind BtfMaps at insn 2311 in section 22
2026-10-10T19:48:40.114500+00:00 DEBUG aya_obj::relocation: relocating map by symbol index Some(71), kind BtfMaps at insn 5 in section 22
2026-10-10T19:48:40.114501+00:00 DEBUG aya_obj::relocation: relocating map by symbol index Some(83), kind BtfMaps at insn 807 in section 22
2026-10-10T19:48:40.114502+00:00 DEBUG aya_obj::relocation: relocating map by symbol index Some(87), kind BtfMaps at insn 3072 in section 22
2026-10-10T19:48:40.114503+00:00 DEBUG aya_obj::relocation: relocating map by symbol index Some(87), kind BtfMaps at insn 3169 in section 22
2026-10-10T19:48:40.114504+00:00 DEBUG aya_obj::relocation: relocating map by section index 24, kind Rodata at insn 658 in section 22
2026-10-10T19:48:40.114505+00:00 DEBUG aya_obj::relocation: relocating map by symbol index Some(73), kind BtfMaps at insn 2817 in section 22
2026-10-10T19:48:40.114506+00:00 DEBUG aya_obj::relocation: relocating map by section index 24, kind Rodata at insn 1198 in section 22
2026-10-10T19:48:40.114508+00:00 DEBUG aya_obj::relocation: relocating map by symbol index Some(82), kind BtfMaps at insn 1685 in section 22
2026-10-10T19:48:40.114509+00:00 DEBUG aya_obj::relocation: relocating map by symbol index Some(73), kind BtfMaps at insn 1851 in section 22
2026-10-10T19:48:40.114510+00:00 DEBUG aya_obj::relocation: relocating map by symbol index Some(73), kind BtfMaps at insn 2672 in section 22
2026-10-10T19:48:40.114511+00:00 DEBUG aya_obj::relocation: relocating map by symbol index Some(83), kind BtfMaps at insn 842 in section 22
2026-10-10T19:48:40.114512+00:00 DEBUG aya_obj::relocation: relocating map by section index 24, kind Rodata at insn 1042 in section 22
2026-10-10T19:48:40.114513+00:00 DEBUG aya_obj::relocation: relocating map by symbol index Some(87), kind BtfMaps at insn 2243 in section 22
2026-10-10T19:48:40.114514+00:00 DEBUG aya_obj::relocation: relocating map by symbol index Some(90), kind BtfMaps at insn 2535 in section 22
2026-10-10T19:48:40.114515+00:00 DEBUG aya_obj::relocation: relocating map by symbol index Some(88), kind BtfMaps at insn 1649 in section 22
2026-10-10T19:48:40.114517+00:00 DEBUG aya_obj::relocation: relocating map by symbol index Some(73), kind BtfMaps at insn 2621 in section 22
2026-10-10T19:48:40.114518+00:00 DEBUG aya_obj::relocation: relocating map by symbol index Some(83), kind BtfMaps at insn 828 in section 22
2026-10-10T19:48:40.114519+00:00 DEBUG aya_obj::relocation: relocating map by symbol index Some(81), kind BtfMaps at insn 1766 in section 22
2026-10-10T19:48:40.114520+00:00 DEBUG aya_obj::relocation: relocating map by symbol index Some(87), kind BtfMaps at insn 1825 in section 22
2026-10-10T19:48:40.114521+00:00 DEBUG aya_obj::relocation: relocating map by symbol index Some(53), kind BtfMaps at insn 1026 in section 22
2026-10-10T19:48:40.114523+00:00 DEBUG aya_obj::relocation: relocating map by symbol index Some(80), kind BtfMaps at insn 1068 in section 22
2026-10-10T19:48:40.114524+00:00 DEBUG aya_obj::relocation: relocating map by symbol index Some(57), kind BtfMaps at insn 2253 in section 22
2026-10-10T19:48:40.114525+00:00 DEBUG aya_obj::relocation: relocating map by symbol index Some(53), kind BtfMaps at insn 881 in section 22
2026-10-10T19:48:40.114526+00:00 DEBUG aya_obj::relocation: relocating map by symbol index Some(86), kind BtfMaps at insn 1005 in section 22
2026-10-10T19:48:40.114527+00:00 DEBUG aya_obj::relocation: relocating map by symbol index Some(80), kind BtfMaps at insn 1677 in section 22
2026-10-10T19:48:40.114528+00:00 DEBUG aya_obj::relocation: relocating map by symbol index Some(91), kind BtfMaps at insn 3202 in section 22
2026-10-10T19:48:40.114530+00:00 DEBUG aya_obj::relocation: relocating map by symbol index Some(91), kind BtfMaps at insn 3306 in section 22
2026-10-10T19:48:40.114531+00:00 DEBUG aya_obj::relocation: relocating map by symbol index Some(83), kind BtfMaps at insn 778 in section 22
2026-10-10T19:48:40.114532+00:00 DEBUG aya_obj::relocation: relocating map by symbol index Some(53), kind BtfMaps at insn 984 in section 22
2026-10-10T19:48:40.114533+00:00 DEBUG aya_obj::relocation: relocating map by section index 24, kind Rodata at insn 619 in section 22
2026-10-10T19:48:40.114534+00:00 DEBUG aya_obj::relocation: relocating map by symbol index Some(73), kind BtfMaps at insn 3233 in section 22
2026-10-10T19:48:40.114535+00:00 DEBUG aya_obj::relocation: relocating map by section index 24, kind Rodata at insn 2469 in section 22
2026-10-10T19:48:40.114537+00:00 DEBUG aya_obj::relocation: relocating map by symbol index Some(84), kind BtfMaps at insn 822 in section 22
2026-10-10T19:48:40.114538+00:00 DEBUG aya_obj::relocation: relocating map by symbol index Some(81), kind BtfMaps at insn 1063 in section 22
2026-10-10T19:48:40.114539+00:00 DEBUG aya_obj::relocation: relocating map by symbol index Some(82), kind BtfMaps at insn 1446 in section 22
2026-10-10T19:48:40.114540+00:00 DEBUG aya_obj::relocation: relocating map by symbol index Some(79), kind BtfMaps at insn 685 in section 22
2026-10-10T19:48:40.114541+00:00 DEBUG aya_obj::relocation: relocating map by symbol index Some(83), kind BtfMaps at insn 835 in section 22
2026-10-10T19:48:40.114542+00:00 DEBUG aya_obj::relocation: relocating map by symbol index Some(86), kind BtfMaps at insn 1076 in section 22
2026-10-10T19:48:40.114543+00:00 DEBUG aya_obj::relocation: relocating map by symbol index Some(90), kind BtfMaps at insn 2463 in section 22
2026-10-10T19:48:40.114545+00:00 DEBUG aya_obj::relocation: relocating map by symbol index Some(83), kind BtfMaps at insn 799 in section 22
2026-10-10T19:48:40.114546+00:00 DEBUG aya_obj::relocation: relocating map by symbol index Some(57), kind BtfMaps at insn 1407 in section 22
2026-10-10T19:48:40.114547+00:00 DEBUG aya_obj::relocation: relocating map by symbol index Some(57), kind BtfMaps at insn 2805 in section 22
2026-10-10T19:48:40.114548+00:00 DEBUG aya_obj::relocation: relocating map by symbol index Some(80), kind BtfMaps at insn 903 in section 22
2026-10-10T19:48:40.114549+00:00 DEBUG aya_obj::relocation: relocating map by symbol index Some(86), kind BtfMaps at insn 1526 in section 22
2026-10-10T19:48:40.114550+00:00 DEBUG aya_obj::relocation: relocating map by symbol index Some(81), kind BtfMaps at insn 1513 in section 22
2026-10-10T19:48:40.114551+00:00 DEBUG aya_obj::relocation: relocating map by symbol index Some(88), kind BtfMaps at insn 2140 in section 22
2026-10-10T19:48:40.114553+00:00 DEBUG aya_obj::relocation: relocating map by symbol index Some(73), kind BtfMaps at insn 2614 in section 22
2026-10-10T19:48:40.114554+00:00 DEBUG aya_obj::relocation: relocating map by section index 24, kind Rodata at insn 998 in section 22
2026-10-10T19:48:40.114555+00:00 DEBUG aya_obj::relocation: relocating map by symbol index Some(87), kind BtfMaps at insn 1397 in section 22
2026-10-10T19:48:40.114557+00:00 DEBUG aya_obj::relocation: relocating map by symbol index Some(91), kind BtfMaps at insn 2709 in section 22
2026-10-10T19:48:40.114558+00:00 DEBUG aya_obj::relocation: relocating map by symbol index Some(84), kind BtfMaps at insn 787 in section 22
2026-10-10T19:48:40.114559+00:00 DEBUG aya_obj::relocation: relocating map by symbol index Some(85), kind BtfMaps at insn 846 in section 22
2026-10-10T19:48:40.114560+00:00 DEBUG aya_obj::relocation: relocating map by symbol index Some(79), kind BtfMaps at insn 2300 in section 22
2026-10-10T19:48:40.114561+00:00 DEBUG aya_obj::relocation: relocating map by symbol index Some(79), kind BtfMaps at insn 1748 in section 22
2026-10-10T19:48:40.114562+00:00 DEBUG aya_obj::relocation: relocating map by symbol index Some(73), kind BtfMaps at insn 2193 in section 22
2026-10-10T19:48:40.114564+00:00 DEBUG aya_obj::relocation: relocating map by symbol index Some(73), kind BtfMaps at insn 3198 in section 22
2026-10-10T19:48:40.114565+00:00 DEBUG aya_obj::relocation: relocating map by symbol index Some(83), kind BtfMaps at insn 813 in section 22
2026-10-10T19:48:40.114566+00:00 DEBUG aya_obj::relocation: relocating map by symbol index Some(71), kind BtfMaps at insn 5 in section 22
2026-10-10T19:48:40.114567+00:00 DEBUG aya_obj::relocation: relocating map by symbol index Some(87), kind BtfMaps at insn 2675 in section 22
2026-10-10T19:48:40.114568+00:00 DEBUG aya_obj::relocation: relocating map by section index 24, kind Rodata at insn 3087 in section 22
2026-10-10T19:48:40.114569+00:00 DEBUG aya_obj::relocation: relocating map by symbol index Some(57), kind BtfMaps at insn 1259 in section 22
2026-10-10T19:48:40.114570+00:00 DEBUG aya_obj::relocation: relocating map by section index 24, kind Rodata at insn 1420 in section 22
2026-10-10T19:48:40.114572+00:00 DEBUG aya_obj::relocation: relocating map by symbol index Some(91), kind BtfMaps at insn 2250 in section 22
2026-10-10T19:48:40.114573+00:00 DEBUG aya_obj::relocation: relocating map by symbol index Some(90), kind BtfMaps at insn 1131 in section 22
2026-10-10T19:48:40.114574+00:00 DEBUG aya_obj::relocation: relocating map by symbol index Some(72), kind BtfMaps at insn 14 in section 22
2026-10-10T19:48:40.114575+00:00 DEBUG aya_obj::relocation: relocating map by symbol index Some(57), kind BtfMaps at insn 2623 in section 22
2026-10-10T19:48:40.114576+00:00 DEBUG aya_obj::relocation: relocating map by symbol index Some(87), kind BtfMaps at insn 2797 in section 22
2026-10-10T19:48:40.114577+00:00 DEBUG aya_obj::relocation: relocating map by symbol index Some(87), kind BtfMaps at insn 2945 in section 22
2026-10-10T19:48:40.114578+00:00 DEBUG aya_obj::relocation: relocating map by symbol index Some(73), kind BtfMaps at insn 2577 in section 22
2026-10-10T19:48:40.114579+00:00 DEBUG aya_obj::relocation: relocating map by symbol index Some(87), kind BtfMaps at insn 3066 in section 22
2026-10-10T19:48:40.114580+00:00 DEBUG aya_obj::relocation: relocating map by symbol index Some(57), kind BtfMaps at insn 3242 in section 22
2026-10-10T19:48:40.114581+00:00 DEBUG aya_obj::relocation: relocating map by section index 24, kind Rodata at insn 2859 in section 22
2026-10-10T19:48:40.114582+00:00 DEBUG aya_obj::relocation: relocating map by symbol index Some(84), kind BtfMaps at insn 3112 in section 22
2026-10-10T19:48:40.114584+00:00 DEBUG aya_obj::relocation: relocating map by symbol index Some(78), kind BtfMaps at insn 580 in section 22
2026-10-10T19:48:40.114585+00:00 DEBUG aya_obj::relocation: relocating map by symbol index Some(88), kind BtfMaps at insn 1891 in section 22
2026-10-10T19:48:40.114586+00:00 DEBUG aya_obj::relocation: relocating map by symbol index Some(91), kind BtfMaps at insn 2978 in section 22
2026-10-10T19:48:40.114587+00:00 DEBUG aya_obj::relocation: relocating map by section index 24, kind Rodata at insn 1137 in section 22
2026-10-10T19:48:40.114588+00:00 DEBUG aya_obj::relocation: relocating map by symbol index Some(90), kind BtfMaps at insn 2411 in section 22
2026-10-10T19:48:40.114589+00:00 DEBUG aya_obj::relocation: relocating map by symbol index Some(73), kind BtfMaps at insn 1250 in section 22
2026-10-10T19:48:40.114591+00:00 DEBUG aya_obj::relocation: relocating map by symbol index Some(80), kind BtfMaps at insn 1731 in section 22
2026-10-10T19:48:40.114592+00:00 DEBUG aya_obj::relocation: relocating map by symbol index Some(53), kind BtfMaps at insn 861 in section 22
2026-10-10T19:48:40.114593+00:00 DEBUG aya_obj::relocation: relocating map by symbol index Some(80), kind BtfMaps at insn 1438 in section 22
2026-10-10T19:48:40.114594+00:00 DEBUG aya_obj::relocation: relocating map by symbol index Some(87), kind BtfMaps at insn 2167 in section 22
2026-10-10T19:48:40.114595+00:00 DEBUG aya_obj::relocation: relocating map by symbol index Some(57), kind BtfMaps at insn 3075 in section 22
2026-10-10T19:48:40.114596+00:00 DEBUG aya_obj::relocation: relocating map by section index 24, kind Rodata at insn 877 in section 22
2026-10-10T19:48:40.114598+00:00 DEBUG aya_obj::relocation: relocating program `honk_udp6_receive_enter` function `honk_udp6_receive_enter` size 55
2026-10-10T19:48:40.114600+00:00 DEBUG aya_obj::relocation: finished relocating program `honk_udp6_receive_enter` function `honk_udp6_receive_enter`
2026-10-10T19:48:40.114602+00:00 DEBUG aya_obj::relocation: relocating program `honk_udp6_receive_exit` function `honk_udp6_receive_exit` size 88
2026-10-10T19:48:40.114604+00:00 DEBUG aya_obj::relocation: finished relocating program `honk_udp6_receive_exit` function `honk_udp6_receive_exit`
2026-10-10T19:48:40.114606+00:00 DEBUG aya_obj::relocation: relocating program `tproxy_wan_cg_sendmsg6_comm` function `tproxy_wan_cg_sendmsg6_comm` size 108
2026-10-10T19:48:40.114607+00:00 DEBUG aya_obj::relocation: relocating call to callee address 0x14b8 in section 2 (relocation) at instruction 24
2026-10-10T19:48:40.114609+00:00 DEBUG aya_obj::relocation: callee is `memset`
2026-10-10T19:48:40.114610+00:00 DEBUG aya_obj::relocation: linked function `memset` at instruction 108
2026-10-10T19:48:40.114611+00:00 DEBUG aya_obj::relocation: relocating program `tproxy_wan_cg_sendmsg6_comm` function `memset` size 8
2026-10-10T19:48:40.114613+00:00 DEBUG aya_obj::relocation: finished relocating program `tproxy_wan_cg_sendmsg6_comm` function `memset`
2026-10-10T19:48:40.114614+00:00 DEBUG aya_obj::relocation: callee `memset` is at ins 108, 83 from current instruction 24
2026-10-10T19:48:40.114615+00:00 DEBUG aya_obj::relocation: relocating call to callee address 0x14b8 in section 2 (relocation) at instruction 61
2026-10-10T19:48:40.114616+00:00 DEBUG aya_obj::relocation: callee is `memset`
2026-10-10T19:48:40.114617+00:00 DEBUG aya_obj::relocation: callee `memset` is at ins 108, 46 from current instruction 61
2026-10-10T19:48:40.114619+00:00 DEBUG aya_obj::relocation: finished relocating program `tproxy_wan_cg_sendmsg6_comm` function `tproxy_wan_cg_sendmsg6_comm`
2026-10-10T19:48:40.114620+00:00 DEBUG aya_obj::relocation: relocating program `tproxy_wan_cg_sock_create_comm` function `tproxy_wan_cg_sock_create_comm` size 108
2026-10-10T19:48:40.114622+00:00 DEBUG aya_obj::relocation: relocating call to callee address 0x14b8 in section 2 (relocation) at instruction 24
2026-10-10T19:48:40.114623+00:00 DEBUG aya_obj::relocation: callee is `memset`
2026-10-10T19:48:40.114624+00:00 DEBUG aya_obj::relocation: linked function `memset` at instruction 108
2026-10-10T19:48:40.114625+00:00 DEBUG aya_obj::relocation: relocating program `tproxy_wan_cg_sock_create_comm` function `memset` size 8
2026-10-10T19:48:40.114626+00:00 DEBUG aya_obj::relocation: finished relocating program `tproxy_wan_cg_sock_create_comm` function `memset`
2026-10-10T19:48:40.114627+00:00 DEBUG aya_obj::relocation: callee `memset` is at ins 108, 83 from current instruction 24
2026-10-10T19:48:40.114629+00:00 DEBUG aya_obj::relocation: relocating call to callee address 0x14b8 in section 2 (relocation) at instruction 61
2026-10-10T19:48:40.114630+00:00 DEBUG aya_obj::relocation: callee is `memset`
2026-10-10T19:48:40.114631+00:00 DEBUG aya_obj::relocation: callee `memset` is at ins 108, 46 from current instruction 61
2026-10-10T19:48:40.114633+00:00 DEBUG aya_obj::relocation: finished relocating program `tproxy_wan_cg_sock_create_comm` function `tproxy_wan_cg_sock_create_comm`
2026-10-10T19:48:40.114635+00:00 DEBUG aya_obj::relocation: relocating program `dae0peer_ingress` function `dae0peer_ingress` size 6
2026-10-10T19:48:40.114636+00:00 DEBUG aya_obj::relocation: relocating call to callee address 0x2c10 in section 2 (relocation) at instruction 3
2026-10-10T19:48:40.114637+00:00 DEBUG aya_obj::relocation: callee is `_RNvNtCs2GI6VrNTxWR_9honk_ebpf7ingress26do_tproxy_dae0peer_ingress`
2026-10-10T19:48:40.114638+00:00 DEBUG aya_obj::relocation: linked function `_RNvNtCs2GI6VrNTxWR_9honk_ebpf7ingress26do_tproxy_dae0peer_ingress` at instruction 6
2026-10-10T19:48:40.114640+00:00 DEBUG aya_obj::relocation: relocating program `dae0peer_ingress` function `_RNvNtCs2GI6VrNTxWR_9honk_ebpf7ingress26do_tproxy_dae0peer_ingress` size 200
2026-10-10T19:48:40.114643+00:00 DEBUG aya_obj::relocation: finished relocating program `dae0peer_ingress` function `_RNvNtCs2GI6VrNTxWR_9honk_ebpf7ingress26do_tproxy_dae0peer_ingress`
2026-10-10T19:48:40.114644+00:00 DEBUG aya_obj::relocation: callee `_RNvNtCs2GI6VrNTxWR_9honk_ebpf7ingress26do_tproxy_dae0peer_ingress` is at ins 6, 2 from current instruction 3
2026-10-10T19:48:40.114645+00:00 DEBUG aya_obj::relocation: finished relocating program `dae0peer_ingress` function `dae0peer_ingress`
2026-10-10T19:48:40.114647+00:00 DEBUG aya_obj::relocation: relocating program `tproxy_wan_cg_connect4_comm` function `tproxy_wan_cg_connect4_comm` size 108
2026-10-10T19:48:40.114648+00:00 DEBUG aya_obj::relocation: relocating call to callee address 0x14b8 in section 2 (relocation) at instruction 24
2026-10-10T19:48:40.114649+00:00 DEBUG aya_obj::relocation: callee is `memset`
2026-10-10T19:48:40.114650+00:00 DEBUG aya_obj::relocation: linked function `memset` at instruction 108
2026-10-10T19:48:40.114651+00:00 DEBUG aya_obj::relocation: relocating program `tproxy_wan_cg_connect4_comm` function `memset` size 8
2026-10-10T19:48:40.114652+00:00 DEBUG aya_obj::relocation: finished relocating program `tproxy_wan_cg_connect4_comm` function `memset`
2026-10-10T19:48:40.114653+00:00 DEBUG aya_obj::relocation: callee `memset` is at ins 108, 83 from current instruction 24
2026-10-10T19:48:40.114655+00:00 DEBUG aya_obj::relocation: relocating call to callee address 0x14b8 in section 2 (relocation) at instruction 61
2026-10-10T19:48:40.114656+00:00 DEBUG aya_obj::relocation: callee is `memset`
2026-10-10T19:48:40.114656+00:00 DEBUG aya_obj::relocation: callee `memset` is at ins 108, 46 from current instruction 61
2026-10-10T19:48:40.114658+00:00 DEBUG aya_obj::relocation: finished relocating program `tproxy_wan_cg_connect4_comm` function `tproxy_wan_cg_connect4_comm`
2026-10-10T19:48:40.114659+00:00 DEBUG aya_obj::relocation: relocating program `tproxy_wan_cg_sock_release` function `tproxy_wan_cg_sock_release` size 10
2026-10-10T19:48:40.114661+00:00 DEBUG aya_obj::relocation: finished relocating program `tproxy_wan_cg_sock_release` function `tproxy_wan_cg_sock_release`
2026-10-10T19:48:40.114662+00:00 DEBUG aya_obj::relocation: relocating program `tproxy_sk_lookup` function `tproxy_sk_lookup` size 45
2026-10-10T19:48:40.114663+00:00 DEBUG aya_obj::relocation: relocating call to callee address 0x12c8 in section 2 (relocation) at instruction 10
2026-10-10T19:48:40.114664+00:00 DEBUG aya_obj::relocation: callee is `_RNvNtCs2GI6VrNTxWR_9honk_ebpf9sk_lookup19udp_listener_key_v6`
2026-10-10T19:48:40.114665+00:00 DEBUG aya_obj::relocation: linked function `_RNvNtCs2GI6VrNTxWR_9honk_ebpf9sk_lookup19udp_listener_key_v6` at instruction 45
2026-10-10T19:48:40.114667+00:00 DEBUG aya_obj::relocation: relocating program `tproxy_sk_lookup` function `_RNvNtCs2GI6VrNTxWR_9honk_ebpf9sk_lookup19udp_listener_key_v6` size 11
2026-10-10T19:48:40.114668+00:00 DEBUG aya_obj::relocation: finished relocating program `tproxy_sk_lookup` function `_RNvNtCs2GI6VrNTxWR_9honk_ebpf9sk_lookup19udp_listener_key_v6`
2026-10-10T19:48:40.114670+00:00 DEBUG aya_obj::relocation: callee `_RNvNtCs2GI6VrNTxWR_9honk_ebpf9sk_lookup19udp_listener_key_v6` is at ins 45, 34 from current instruction 10
2026-10-10T19:48:40.114671+00:00 DEBUG aya_obj::relocation: relocating call to callee address 0x1270 in section 2 (relocation) at instruction 41
2026-10-10T19:48:40.114672+00:00 DEBUG aya_obj::relocation: callee is `_RNvNtCs2GI6VrNTxWR_9honk_ebpf9sk_lookup19udp_listener_key_v4`
2026-10-10T19:48:40.114673+00:00 DEBUG aya_obj::relocation: linked function `_RNvNtCs2GI6VrNTxWR_9honk_ebpf9sk_lookup19udp_listener_key_v4` at instruction 56
2026-10-10T19:48:40.114675+00:00 DEBUG aya_obj::relocation: relocating program `tproxy_sk_lookup` function `_RNvNtCs2GI6VrNTxWR_9honk_ebpf9sk_lookup19udp_listener_key_v4` size 11
2026-10-10T19:48:40.114676+00:00 DEBUG aya_obj::relocation: finished relocating program `tproxy_sk_lookup` function `_RNvNtCs2GI6VrNTxWR_9honk_ebpf9sk_lookup19udp_listener_key_v4`
2026-10-10T19:48:40.114677+00:00 DEBUG aya_obj::relocation: callee `_RNvNtCs2GI6VrNTxWR_9honk_ebpf9sk_lookup19udp_listener_key_v4` is at ins 56, 14 from current instruction 41
2026-10-10T19:48:40.114678+00:00 DEBUG aya_obj::relocation: finished relocating program `tproxy_sk_lookup` function `tproxy_sk_lookup`
2026-10-10T19:48:40.114680+00:00 DEBUG aya_obj::relocation: relocating program `tproxy_wan_cg_sendmsg4` function `tproxy_wan_cg_sendmsg4` size 185
2026-10-10T19:48:40.114681+00:00 DEBUG aya_obj::relocation: relocating call to callee address 0x14b8 in section 2 (relocation) at instruction 23
2026-10-10T19:48:40.114682+00:00 DEBUG aya_obj::relocation: callee is `memset`
2026-10-10T19:48:40.114684+00:00 DEBUG aya_obj::relocation: linked function `memset` at instruction 185
2026-10-10T19:48:40.114685+00:00 DEBUG aya_obj::relocation: relocating program `tproxy_wan_cg_sendmsg4` function `memset` size 8
2026-10-10T19:48:40.114686+00:00 DEBUG aya_obj::relocation: finished relocating program `tproxy_wan_cg_sendmsg4` function `memset`
2026-10-10T19:48:40.114687+00:00 DEBUG aya_obj::relocation: callee `memset` is at ins 185, 161 from current instruction 23
2026-10-10T19:48:40.114688+00:00 DEBUG aya_obj::relocation: relocating call to callee address 0x14b8 in section 2 (relocation) at instruction 80
2026-10-10T19:48:40.114689+00:00 DEBUG aya_obj::relocation: callee is `memset`
2026-10-10T19:48:40.114690+00:00 DEBUG aya_obj::relocation: callee `memset` is at ins 185, 104 from current instruction 80
2026-10-10T19:48:40.114692+00:00 DEBUG aya_obj::relocation: relocating reference to callee address 0x1320 in section 2 (relocation) at instruction 93
2026-10-10T19:48:40.114693+00:00 DEBUG aya_obj::relocation: callee is `_RNvNtCs2GI6VrNTxWR_9honk_ebpf12process_name13find_basename`
2026-10-10T19:48:40.114694+00:00 DEBUG aya_obj::relocation: linked function `_RNvNtCs2GI6VrNTxWR_9honk_ebpf12process_name13find_basename` at instruction 193
2026-10-10T19:48:40.114695+00:00 DEBUG aya_obj::relocation: relocating program `tproxy_wan_cg_sendmsg4` function `_RNvNtCs2GI6VrNTxWR_9honk_ebpf12process_name13find_basename` size 15
2026-10-10T19:48:40.114696+00:00 DEBUG aya_obj::relocation: finished relocating program `tproxy_wan_cg_sendmsg4` function `_RNvNtCs2GI6VrNTxWR_9honk_ebpf12process_name13find_basename`
2026-10-10T19:48:40.114697+00:00 DEBUG aya_obj::relocation: callee `_RNvNtCs2GI6VrNTxWR_9honk_ebpf12process_name13find_basename` is at ins 193, 99 from current instruction 93
2026-10-10T19:48:40.114699+00:00 DEBUG aya_obj::relocation: relocating call to callee address 0x14b8 in section 2 (relocation) at instruction 131
2026-10-10T19:48:40.114700+00:00 DEBUG aya_obj::relocation: callee is `memset`
2026-10-10T19:48:40.114701+00:00 DEBUG aya_obj::relocation: callee `memset` is at ins 185, 53 from current instruction 131
2026-10-10T19:48:40.114702+00:00 DEBUG aya_obj::relocation: finished relocating program `tproxy_wan_cg_sendmsg4` function `tproxy_wan_cg_sendmsg4`
2026-10-10T19:48:40.114704+00:00 DEBUG aya_obj::relocation: relocating program `lan_ingress_l2` function `lan_ingress_l2` size 7
2026-10-10T19:48:40.114706+00:00 DEBUG aya_obj::relocation: relocating call to callee address 0x3250 in section 2 (relocation) at instruction 4
2026-10-10T19:48:40.114707+00:00 DEBUG aya_obj::relocation: callee is `_RNvNtCs2GI6VrNTxWR_9honk_ebpf7ingress21do_tproxy_lan_ingress`
2026-10-10T19:48:40.114710+00:00 DEBUG aya_obj::relocation: linked function `_RNvNtCs2GI6VrNTxWR_9honk_ebpf7ingress21do_tproxy_lan_ingress` at instruction 7
2026-10-10T19:48:40.114713+00:00 DEBUG aya_obj::relocation: relocating program `lan_ingress_l2` function `_RNvNtCs2GI6VrNTxWR_9honk_ebpf7ingress21do_tproxy_lan_ingress` size 5441
2026-10-10T19:48:40.114715+00:00 DEBUG aya_obj::relocation: relocating call to callee address 0x14b8 in section 2 (relocation) at instruction 56
2026-10-10T19:48:40.114716+00:00 DEBUG aya_obj::relocation: callee is `memset`
2026-10-10T19:48:40.114719+00:00 DEBUG aya_obj::relocation: linked function `memset` at instruction 5448
2026-10-10T19:48:40.114721+00:00 DEBUG aya_obj::relocation: relocating program `lan_ingress_l2` function `memset` size 8
2026-10-10T19:48:40.114723+00:00 DEBUG aya_obj::relocation: finished relocating program `lan_ingress_l2` function `memset`
2026-10-10T19:48:40.114724+00:00 DEBUG aya_obj::relocation: callee `memset` is at ins 5448, 5391 from current instruction 56
2026-10-10T19:48:40.114725+00:00 DEBUG aya_obj::relocation: relocating call to callee address 0x14b8 in section 2 (relocation) at instruction 135
2026-10-10T19:48:40.114726+00:00 DEBUG aya_obj::relocation: callee is `memset`
2026-10-10T19:48:40.114727+00:00 DEBUG aya_obj::relocation: callee `memset` is at ins 5448, 5312 from current instruction 135
2026-10-10T19:48:40.114728+00:00 DEBUG aya_obj::relocation: relocating call to callee address 0x14b8 in section 2 (relocation) at instruction 144
2026-10-10T19:48:40.114730+00:00 DEBUG aya_obj::relocation: callee is `memset`
2026-10-10T19:48:40.114730+00:00 DEBUG aya_obj::relocation: callee `memset` is at ins 5448, 5303 from current instruction 144
2026-10-10T19:48:40.114733+00:00 DEBUG aya_obj::relocation: relocating call to callee address 0x13f0 in section 2 (relocation) at instruction 305
2026-10-10T19:48:40.114734+00:00 DEBUG aya_obj::relocation: callee is `memmove`
2026-10-10T19:48:40.114735+00:00 DEBUG aya_obj::relocation: linked function `memmove` at instruction 5456
2026-10-10T19:48:40.114736+00:00 DEBUG aya_obj::relocation: relocating program `lan_ingress_l2` function `memmove` size 25
2026-10-10T19:48:40.114737+00:00 DEBUG aya_obj::relocation: finished relocating program `lan_ingress_l2` function `memmove`
2026-10-10T19:48:40.114738+00:00 DEBUG aya_obj::relocation: callee `memmove` is at ins 5456, 5150 from current instruction 305
2026-10-10T19:48:40.114740+00:00 DEBUG aya_obj::relocation: relocating call to callee address 0x13f0 in section 2 (relocation) at instruction 372
2026-10-10T19:48:40.114741+00:00 DEBUG aya_obj::relocation: callee is `memmove`
2026-10-10T19:48:40.114742+00:00 DEBUG aya_obj::relocation: callee `memmove` is at ins 5456, 5083 from current instruction 372
2026-10-10T19:48:40.114743+00:00 DEBUG aya_obj::relocation: relocating call to callee address 0x13f0 in section 2 (relocation) at instruction 409
2026-10-10T19:48:40.114744+00:00 DEBUG aya_obj::relocation: callee is `memmove`
2026-10-10T19:48:40.114745+00:00 DEBUG aya_obj::relocation: callee `memmove` is at ins 5456, 5046 from current instruction 409
2026-10-10T19:48:40.114747+00:00 DEBUG aya_obj::relocation: relocating call to callee address 0x13f0 in section 2 (relocation) at instruction 437
2026-10-10T19:48:40.114748+00:00 DEBUG aya_obj::relocation: callee is `memmove`
2026-10-10T19:48:40.114748+00:00 DEBUG aya_obj::relocation: callee `memmove` is at ins 5456, 5018 from current instruction 437
2026-10-10T19:48:40.114750+00:00 DEBUG aya_obj::relocation: relocating call to callee address 0x13f0 in section 2 (relocation) at instruction 535
2026-10-10T19:48:40.114752+00:00 DEBUG aya_obj::relocation: callee is `memmove`
2026-10-10T19:48:40.114752+00:00 DEBUG aya_obj::relocation: callee `memmove` is at ins 5456, 4920 from current instruction 535
2026-10-10T19:48:40.114754+00:00 DEBUG aya_obj::relocation: relocating call to callee address 0x13f0 in section 2 (relocation) at instruction 542
2026-10-10T19:48:40.114755+00:00 DEBUG aya_obj::relocation: callee is `memmove`
2026-10-10T19:48:40.114756+00:00 DEBUG aya_obj::relocation: callee `memmove` is at ins 5456, 4913 from current instruction 542
2026-10-10T19:48:40.114758+00:00 DEBUG aya_obj::relocation: relocating call to callee address 0x14b8 in section 2 (relocation) at instruction 567
2026-10-10T19:48:40.114759+00:00 DEBUG aya_obj::relocation: callee is `memset`
2026-10-10T19:48:40.114760+00:00 DEBUG aya_obj::relocation: callee `memset` is at ins 5448, 4880 from current instruction 567
2026-10-10T19:48:40.114761+00:00 DEBUG aya_obj::relocation: relocating call to callee address 0x13f0 in section 2 (relocation) at instruction 602
2026-10-10T19:48:40.114762+00:00 DEBUG aya_obj::relocation: callee is `memmove`
2026-10-10T19:48:40.114763+00:00 DEBUG aya_obj::relocation: callee `memmove` is at ins 5456, 4853 from current instruction 602
2026-10-10T19:48:40.114764+00:00 DEBUG aya_obj::relocation: relocating call to callee address 0x13f0 in section 2 (relocation) at instruction 607
2026-10-10T19:48:40.114765+00:00 DEBUG aya_obj::relocation: callee is `memmove`
2026-10-10T19:48:40.114766+00:00 DEBUG aya_obj::relocation: callee `memmove` is at ins 5456, 4848 from current instruction 607
2026-10-10T19:48:40.114768+00:00 DEBUG aya_obj::relocation: relocating call to callee address 0x14b8 in section 2 (relocation) at instruction 719
2026-10-10T19:48:40.114769+00:00 DEBUG aya_obj::relocation: callee is `memset`
2026-10-10T19:48:40.114770+00:00 DEBUG aya_obj::relocation: callee `memset` is at ins 5448, 4728 from current instruction 719
2026-10-10T19:48:40.114771+00:00 DEBUG aya_obj::relocation: relocating call to callee address 0xdc58 in section 2 (pc-relative) at instruction 733
2026-10-10T19:48:40.114772+00:00 DEBUG aya_obj::relocation: callee is `_RNvNtCs2GI6VrNTxWR_9honk_ebpf8contrack15___mark_tcp_seen`
2026-10-10T19:48:40.114773+00:00 DEBUG aya_obj::relocation: linked function `_RNvNtCs2GI6VrNTxWR_9honk_ebpf8contrack15___mark_tcp_seen` at instruction 5481
2026-10-10T19:48:40.114775+00:00 DEBUG aya_obj::relocation: relocating program `lan_ingress_l2` function `_RNvNtCs2GI6VrNTxWR_9honk_ebpf8contrack15___mark_tcp_seen` size 460
2026-10-10T19:48:40.114776+00:00 DEBUG aya_obj::relocation: relocating call to callee address 0x14b8 in section 2 (relocation) at instruction 5504
2026-10-10T19:48:40.114777+00:00 DEBUG aya_obj::relocation: callee is `memset`
2026-10-10T19:48:40.114778+00:00 DEBUG aya_obj::relocation: callee `memset` is at ins 5448, -57 from current instruction 5504
2026-10-10T19:48:40.114779+00:00 DEBUG aya_obj::relocation: relocating call to callee address 0x14b8 in section 2 (relocation) at instruction 5509
2026-10-10T19:48:40.114781+00:00 DEBUG aya_obj::relocation: callee is `memset`
2026-10-10T19:48:40.114781+00:00 DEBUG aya_obj::relocation: callee `memset` is at ins 5448, -62 from current instruction 5509
2026-10-10T19:48:40.114783+00:00 DEBUG aya_obj::relocation: relocating call to callee address 0x14b8 in section 2 (relocation) at instruction 5514
2026-10-10T19:48:40.114784+00:00 DEBUG aya_obj::relocation: callee is `memset`
2026-10-10T19:48:40.114784+00:00 DEBUG aya_obj::relocation: callee `memset` is at ins 5448, -67 from current instruction 5514
2026-10-10T19:48:40.114787+00:00 DEBUG aya_obj::relocation: relocating call to callee address 0x14b8 in section 2 (relocation) at instruction 5625
2026-10-10T19:48:40.114788+00:00 DEBUG aya_obj::relocation: callee is `memset`
2026-10-10T19:48:40.114789+00:00 DEBUG aya_obj::relocation: callee `memset` is at ins 5448, -178 from current instruction 5625
2026-10-10T19:48:40.114790+00:00 DEBUG aya_obj::relocation: relocating call to callee address 0x14b8 in section 2 (relocation) at instruction 5630
2026-10-10T19:48:40.114791+00:00 DEBUG aya_obj::relocation: callee is `memset`
2026-10-10T19:48:40.114792+00:00 DEBUG aya_obj::relocation: callee `memset` is at ins 5448, -183 from current instruction 5630
2026-10-10T19:48:40.114793+00:00 DEBUG aya_obj::relocation: relocating call to callee address 0x14b8 in section 2 (relocation) at instruction 5635
2026-10-10T19:48:40.114795+00:00 DEBUG aya_obj::relocation: callee is `memset`
2026-10-10T19:48:40.114795+00:00 DEBUG aya_obj::relocation: callee `memset` is at ins 5448, -188 from current instruction 5635
2026-10-10T19:48:40.114798+00:00 DEBUG aya_obj::relocation: relocating call to callee address 0x14b8 in section 2 (relocation) at instruction 5795
2026-10-10T19:48:40.114799+00:00 DEBUG aya_obj::relocation: callee is `memset`
2026-10-10T19:48:40.114800+00:00 DEBUG aya_obj::relocation: callee `memset` is at ins 5448, -348 from current instruction 5795
2026-10-10T19:48:40.114803+00:00 DEBUG aya_obj::relocation: finished relocating program `lan_ingress_l2` function `_RNvNtCs2GI6VrNTxWR_9honk_ebpf8contrack15___mark_tcp_seen`
2026-10-10T19:48:40.114804+00:00 DEBUG aya_obj::relocation: callee `_RNvNtCs2GI6VrNTxWR_9honk_ebpf8contrack15___mark_tcp_seen` is at ins 5481, 4747 from current instruction 733
2026-10-10T19:48:40.114806+00:00 DEBUG aya_obj::relocation: relocating call to callee address 0x14b8 in section 2 (relocation) at instruction 785
2026-10-10T19:48:40.114807+00:00 DEBUG aya_obj::relocation: callee is `memset`
2026-10-10T19:48:40.114808+00:00 DEBUG aya_obj::relocation: callee `memset` is at ins 5448, 4662 from current instruction 785
2026-10-10T19:48:40.114809+00:00 DEBUG aya_obj::relocation: relocating call to callee address 0x14b8 in section 2 (relocation) at instruction 862
2026-10-10T19:48:40.114811+00:00 DEBUG aya_obj::relocation: callee is `memset`
2026-10-10T19:48:40.114811+00:00 DEBUG aya_obj::relocation: callee `memset` is at ins 5448, 4585 from current instruction 862
2026-10-10T19:48:40.114813+00:00 DEBUG aya_obj::relocation: relocating call to callee address 0xdc58 in section 2 (pc-relative) at instruction 878
2026-10-10T19:48:40.114814+00:00 DEBUG aya_obj::relocation: callee is `_RNvNtCs2GI6VrNTxWR_9honk_ebpf8contrack15___mark_tcp_seen`
2026-10-10T19:48:40.114815+00:00 DEBUG aya_obj::relocation: callee `_RNvNtCs2GI6VrNTxWR_9honk_ebpf8contrack15___mark_tcp_seen` is at ins 5481, 4602 from current instruction 878
2026-10-10T19:48:40.114817+00:00 DEBUG aya_obj::relocation: relocating call to callee address 0xeab8 in section 2 (pc-relative) at instruction 955
2026-10-10T19:48:40.114818+00:00 DEBUG aya_obj::relocation: callee is `_RNvNtCs2GI6VrNTxWR_9honk_ebpf2sk21socket_is_v4_wildcard`
2026-10-10T19:48:40.114819+00:00 DEBUG aya_obj::relocation: linked function `_RNvNtCs2GI6VrNTxWR_9honk_ebpf2sk21socket_is_v4_wildcard` at instruction 5941
2026-10-10T19:48:40.114820+00:00 DEBUG aya_obj::relocation: relocating program `lan_ingress_l2` function `_RNvNtCs2GI6VrNTxWR_9honk_ebpf2sk21socket_is_v4_wildcard` size 6
2026-10-10T19:48:40.114821+00:00 DEBUG aya_obj::relocation: finished relocating program `lan_ingress_l2` function `_RNvNtCs2GI6VrNTxWR_9honk_ebpf2sk21socket_is_v4_wildcard`
2026-10-10T19:48:40.114822+00:00 DEBUG aya_obj::relocation: callee `_RNvNtCs2GI6VrNTxWR_9honk_ebpf2sk21socket_is_v4_wildcard` is at ins 5941, 4985 from current instruction 955
2026-10-10T19:48:40.114825+00:00 DEBUG aya_obj::relocation: relocating call to callee address 0xeae8 in section 2 (pc-relative) at instruction 1030
2026-10-10T19:48:40.114826+00:00 DEBUG aya_obj::relocation: callee is `_RNvNtCs2GI6VrNTxWR_9honk_ebpf2sk21socket_is_v6_wildcard`
2026-10-10T19:48:40.114827+00:00 DEBUG aya_obj::relocation: linked function `_RNvNtCs2GI6VrNTxWR_9honk_ebpf2sk21socket_is_v6_wildcard` at instruction 5947
2026-10-10T19:48:40.114828+00:00 DEBUG aya_obj::relocation: relocating program `lan_ingress_l2` function `_RNvNtCs2GI6VrNTxWR_9honk_ebpf2sk21socket_is_v6_wildcard` size 13
2026-10-10T19:48:40.114829+00:00 DEBUG aya_obj::relocation: finished relocating program `lan_ingress_l2` function `_RNvNtCs2GI6VrNTxWR_9honk_ebpf2sk21socket_is_v6_wildcard`
2026-10-10T19:48:40.114830+00:00 DEBUG aya_obj::relocation: callee `_RNvNtCs2GI6VrNTxWR_9honk_ebpf2sk21socket_is_v6_wildcard` is at ins 5947, 4916 from current instruction 1030
2026-10-10T19:48:40.114832+00:00 DEBUG aya_obj::relocation: relocating call to callee address 0x14b8 in section 2 (relocation) at instruction 1066
2026-10-10T19:48:40.114834+00:00 DEBUG aya_obj::relocation: callee is `memset`
2026-10-10T19:48:40.114834+00:00 DEBUG aya_obj::relocation: callee `memset` is at ins 5448, 4381 from current instruction 1066
2026-10-10T19:48:40.114836+00:00 DEBUG aya_obj::relocation: relocating call to callee address 0x13f0 in section 2 (relocation) at instruction 1127
2026-10-10T19:48:40.114837+00:00 DEBUG aya_obj::relocation: callee is `memmove`
2026-10-10T19:48:40.114838+00:00 DEBUG aya_obj::relocation: callee `memmove` is at ins 5456, 4328 from current instruction 1127
2026-10-10T19:48:40.114839+00:00 DEBUG aya_obj::relocation: relocating call to callee address 0x13f0 in section 2 (relocation) at instruction 1132
2026-10-10T19:48:40.114840+00:00 DEBUG aya_obj::relocation: callee is `memmove`
2026-10-10T19:48:40.114841+00:00 DEBUG aya_obj::relocation: callee `memmove` is at ins 5456, 4323 from current instruction 1132
2026-10-10T19:48:40.114843+00:00 DEBUG aya_obj::relocation: relocating call to callee address 0x14b8 in section 2 (relocation) at instruction 1219
2026-10-10T19:48:40.114844+00:00 DEBUG aya_obj::relocation: callee is `memset`
2026-10-10T19:48:40.114845+00:00 DEBUG aya_obj::relocation: callee `memset` is at ins 5448, 4228 from current instruction 1219
2026-10-10T19:48:40.114846+00:00 DEBUG aya_obj::relocation: relocating call to callee address 0x14b8 in section 2 (relocation) at instruction 1232
2026-10-10T19:48:40.114847+00:00 DEBUG aya_obj::relocation: callee is `memset`
2026-10-10T19:48:40.114848+00:00 DEBUG aya_obj::relocation: callee `memset` is at ins 5448, 4215 from current instruction 1232
2026-10-10T19:48:40.114850+00:00 DEBUG aya_obj::relocation: relocating call to callee address 0x14b8 in section 2 (relocation) at instruction 1288
2026-10-10T19:48:40.114851+00:00 DEBUG aya_obj::relocation: callee is `memset`
2026-10-10T19:48:40.114852+00:00 DEBUG aya_obj::relocation: callee `memset` is at ins 5448, 4159 from current instruction 1288
2026-10-10T19:48:40.114854+00:00 DEBUG aya_obj::relocation: relocating call to callee address 0x14b8 in section 2 (relocation) at instruction 1386
2026-10-10T19:48:40.114855+00:00 DEBUG aya_obj::relocation: callee is `memset`
2026-10-10T19:48:40.114856+00:00 DEBUG aya_obj::relocation: callee `memset` is at ins 5448, 4061 from current instruction 1386
2026-10-10T19:48:40.114857+00:00 DEBUG aya_obj::relocation: relocating call to callee address 0x1070 in section 2 (relocation) at instruction 1422
2026-10-10T19:48:40.114863+00:00 DEBUG aya_obj::relocation: callee is `honk_route_slot1`
2026-10-10T19:48:40.114864+00:00 DEBUG aya_obj::relocation: linked function `honk_route_slot1` at instruction 5960
2026-10-10T19:48:40.114865+00:00 DEBUG aya_obj::relocation: relocating program `lan_ingress_l2` function `honk_route_slot1` size 64
2026-10-10T19:48:40.114867+00:00 DEBUG aya_obj::relocation: finished relocating program `lan_ingress_l2` function `honk_route_slot1`
2026-10-10T19:48:40.114868+00:00 DEBUG aya_obj::relocation: callee `honk_route_slot1` is at ins 5960, 4537 from current instruction 1422
2026-10-10T19:48:40.114869+00:00 DEBUG aya_obj::relocation: relocating call to callee address 0xe70 in section 2 (relocation) at instruction 1426
2026-10-10T19:48:40.114871+00:00 DEBUG aya_obj::relocation: callee is `honk_route_slot0`
2026-10-10T19:48:40.114872+00:00 DEBUG aya_obj::relocation: linked function `honk_route_slot0` at instruction 6024
2026-10-10T19:48:40.114873+00:00 DEBUG aya_obj::relocation: relocating program `lan_ingress_l2` function `honk_route_slot0` size 64
2026-10-10T19:48:40.114874+00:00 DEBUG aya_obj::relocation: finished relocating program `lan_ingress_l2` function `honk_route_slot0`
2026-10-10T19:48:40.114876+00:00 DEBUG aya_obj::relocation: callee `honk_route_slot0` is at ins 6024, 4597 from current instruction 1426
2026-10-10T19:48:40.114880+00:00 DEBUG aya_obj::relocation: relocating call to callee address 0x14b8 in section 2 (relocation) at instruction 1720
2026-10-10T19:48:40.114882+00:00 DEBUG aya_obj::relocation: callee is `memset`
2026-10-10T19:48:40.114883+00:00 DEBUG aya_obj::relocation: callee `memset` is at ins 5448, 3727 from current instruction 1720
2026-10-10T19:48:40.114894+00:00 DEBUG aya_obj::relocation: relocating call to callee address 0xeb50 in section 2 (pc-relative) at instruction 2655
2026-10-10T19:48:40.114896+00:00 DEBUG aya_obj::relocation: callee is `_RNvNtCs2GI6VrNTxWR_9honk_ebpf7ingress18stage_udp_decision`
2026-10-10T19:48:40.114897+00:00 DEBUG aya_obj::relocation: linked function `_RNvNtCs2GI6VrNTxWR_9honk_ebpf7ingress18stage_udp_decision` at instruction 6088
2026-10-10T19:48:40.114898+00:00 DEBUG aya_obj::relocation: relocating program `lan_ingress_l2` function `_RNvNtCs2GI6VrNTxWR_9honk_ebpf7ingress18stage_udp_decision` size 743
2026-10-10T19:48:40.114900+00:00 DEBUG aya_obj::relocation: relocating call to callee address 0x14b8 in section 2 (relocation) at instruction 6138
2026-10-10T19:48:40.114901+00:00 DEBUG aya_obj::relocation: callee is `memset`
2026-10-10T19:48:40.114902+00:00 DEBUG aya_obj::relocation: callee `memset` is at ins 5448, -691 from current instruction 6138
2026-10-10T19:48:40.114904+00:00 DEBUG aya_obj::relocation: relocating call to callee address 0x14b8 in section 2 (relocation) at instruction 6206
2026-10-10T19:48:40.114905+00:00 DEBUG aya_obj::relocation: callee is `memset`
2026-10-10T19:48:40.114906+00:00 DEBUG aya_obj::relocation: callee `memset` is at ins 5448, -759 from current instruction 6206
2026-10-10T19:48:40.114909+00:00 DEBUG aya_obj::relocation: relocating call to callee address 0x14b8 in section 2 (relocation) at instruction 6355
2026-10-10T19:48:40.114910+00:00 DEBUG aya_obj::relocation: callee is `memset`
2026-10-10T19:48:40.114911+00:00 DEBUG aya_obj::relocation: callee `memset` is at ins 5448, -908 from current instruction 6355
2026-10-10T19:48:40.114913+00:00 DEBUG aya_obj::relocation: relocating call to callee address 0x14b8 in section 2 (relocation) at instruction 6474
2026-10-10T19:48:40.114914+00:00 DEBUG aya_obj::relocation: callee is `memset`
2026-10-10T19:48:40.114915+00:00 DEBUG aya_obj::relocation: callee `memset` is at ins 5448, -1027 from current instruction 6474
2026-10-10T19:48:40.114918+00:00 DEBUG aya_obj::relocation: relocating call to callee address 0x14b8 in section 2 (relocation) at instruction 6609
2026-10-10T19:48:40.114919+00:00 DEBUG aya_obj::relocation: callee is `memset`
2026-10-10T19:48:40.114920+00:00 DEBUG aya_obj::relocation: callee `memset` is at ins 5448, -1162 from current instruction 6609
2026-10-10T19:48:40.114921+00:00 DEBUG aya_obj::relocation: relocating call to callee address 0x14b8 in section 2 (relocation) at instruction 6640
2026-10-10T19:48:40.114922+00:00 DEBUG aya_obj::relocation: callee is `memset`
2026-10-10T19:48:40.114923+00:00 DEBUG aya_obj::relocation: callee `memset` is at ins 5448, -1193 from current instruction 6640
2026-10-10T19:48:40.114925+00:00 DEBUG aya_obj::relocation: relocating call to callee address 0x14b8 in section 2 (relocation) at instruction 6674
2026-10-10T19:48:40.114926+00:00 DEBUG aya_obj::relocation: callee is `memset`
2026-10-10T19:48:40.114927+00:00 DEBUG aya_obj::relocation: callee `memset` is at ins 5448, -1227 from current instruction 6674
2026-10-10T19:48:40.114929+00:00 DEBUG aya_obj::relocation: relocating call to callee address 0x14b8 in section 2 (relocation) at instruction 6763
2026-10-10T19:48:40.114930+00:00 DEBUG aya_obj::relocation: callee is `memset`
2026-10-10T19:48:40.114931+00:00 DEBUG aya_obj::relocation: callee `memset` is at ins 5448, -1316 from current instruction 6763
2026-10-10T19:48:40.114932+00:00 DEBUG aya_obj::relocation: relocating call to callee address 0x14b8 in section 2 (relocation) at instruction 6794
2026-10-10T19:48:40.114933+00:00 DEBUG aya_obj::relocation: callee is `memset`
2026-10-10T19:48:40.114934+00:00 DEBUG aya_obj::relocation: callee `memset` is at ins 5448, -1347 from current instruction 6794
2026-10-10T19:48:40.114936+00:00 DEBUG aya_obj::relocation: finished relocating program `lan_ingress_l2` function `_RNvNtCs2GI6VrNTxWR_9honk_ebpf7ingress18stage_udp_decision`
2026-10-10T19:48:40.114937+00:00 DEBUG aya_obj::relocation: callee `_RNvNtCs2GI6VrNTxWR_9honk_ebpf7ingress18stage_udp_decision` is at ins 6088, 3432 from current instruction 2655
2026-10-10T19:48:40.114940+00:00 DEBUG aya_obj::relocation: relocating call to callee address 0x14b8 in section 2 (relocation) at instruction 2744
2026-10-10T19:48:40.114941+00:00 DEBUG aya_obj::relocation: callee is `memset`
2026-10-10T19:48:40.114942+00:00 DEBUG aya_obj::relocation: callee `memset` is at ins 5448, 2703 from current instruction 2744
2026-10-10T19:48:40.114943+00:00 DEBUG aya_obj::relocation: relocating call to callee address 0x10288 in section 2 (pc-relative) at instruction 2776
2026-10-10T19:48:40.114944+00:00 DEBUG aya_obj::relocation: callee is `_RNvNtCs2GI6VrNTxWR_9honk_ebpf8contrack15___mark_udp_seen`
2026-10-10T19:48:40.114945+00:00 DEBUG aya_obj::relocation: linked function `_RNvNtCs2GI6VrNTxWR_9honk_ebpf8contrack15___mark_udp_seen` at instruction 6831
2026-10-10T19:48:40.114947+00:00 DEBUG aya_obj::relocation: relocating program `lan_ingress_l2` function `_RNvNtCs2GI6VrNTxWR_9honk_ebpf8contrack15___mark_udp_seen` size 401
2026-10-10T19:48:40.114949+00:00 DEBUG aya_obj::relocation: relocating call to callee address 0x14b8 in section 2 (relocation) at instruction 6962
2026-10-10T19:48:40.114950+00:00 DEBUG aya_obj::relocation: callee is `memset`
2026-10-10T19:48:40.114951+00:00 DEBUG aya_obj::relocation: callee `memset` is at ins 5448, -1515 from current instruction 6962
2026-10-10T19:48:40.114952+00:00 DEBUG aya_obj::relocation: relocating call to callee address 0x14b8 in section 2 (relocation) at instruction 6967
2026-10-10T19:48:40.114953+00:00 DEBUG aya_obj::relocation: callee is `memset`
2026-10-10T19:48:40.114954+00:00 DEBUG aya_obj::relocation: callee `memset` is at ins 5448, -1520 from current instruction 6967
2026-10-10T19:48:40.114956+00:00 DEBUG aya_obj::relocation: relocating call to callee address 0x14b8 in section 2 (relocation) at instruction 7054
2026-10-10T19:48:40.114957+00:00 DEBUG aya_obj::relocation: callee is `memset`
2026-10-10T19:48:40.114958+00:00 DEBUG aya_obj::relocation: callee `memset` is at ins 5448, -1607 from current instruction 7054
2026-10-10T19:48:40.114960+00:00 DEBUG aya_obj::relocation: relocating call to callee address 0x14b8 in section 2 (relocation) at instruction 7124
2026-10-10T19:48:40.114961+00:00 DEBUG aya_obj::relocation: callee is `memset`
2026-10-10T19:48:40.114962+00:00 DEBUG aya_obj::relocation: callee `memset` is at ins 5448, -1677 from current instruction 7124
2026-10-10T19:48:40.114964+00:00 DEBUG aya_obj::relocation: finished relocating program `lan_ingress_l2` function `_RNvNtCs2GI6VrNTxWR_9honk_ebpf8contrack15___mark_udp_seen`
2026-10-10T19:48:40.114965+00:00 DEBUG aya_obj::relocation: callee `_RNvNtCs2GI6VrNTxWR_9honk_ebpf8contrack15___mark_udp_seen` is at ins 6831, 4054 from current instruction 2776
2026-10-10T19:48:40.114967+00:00 DEBUG aya_obj::relocation: relocating call to callee address 0x14b8 in section 2 (relocation) at instruction 2802
2026-10-10T19:48:40.114968+00:00 DEBUG aya_obj::relocation: callee is `memset`
2026-10-10T19:48:40.114969+00:00 DEBUG aya_obj::relocation: callee `memset` is at ins 5448, 2645 from current instruction 2802
2026-10-10T19:48:40.114976+00:00 DEBUG aya_obj::relocation: relocating call to callee address 0x14b8 in section 2 (relocation) at instruction 3406
2026-10-10T19:48:40.114977+00:00 DEBUG aya_obj::relocation: callee is `memset`
2026-10-10T19:48:40.114978+00:00 DEBUG aya_obj::relocation: callee `memset` is at ins 5448, 2041 from current instruction 3406
2026-10-10T19:48:40.114980+00:00 DEBUG aya_obj::relocation: relocating call to callee address 0x14b8 in section 2 (relocation) at instruction 3461
2026-10-10T19:48:40.114981+00:00 DEBUG aya_obj::relocation: callee is `memset`
2026-10-10T19:48:40.114982+00:00 DEBUG aya_obj::relocation: callee `memset` is at ins 5448, 1986 from current instruction 3461
2026-10-10T19:48:40.114984+00:00 DEBUG aya_obj::relocation: relocating call to callee address 0x14b8 in section 2 (relocation) at instruction 3524
2026-10-10T19:48:40.114985+00:00 DEBUG aya_obj::relocation: callee is `memset`
2026-10-10T19:48:40.114986+00:00 DEBUG aya_obj::relocation: callee `memset` is at ins 5448, 1923 from current instruction 3524
2026-10-10T19:48:40.114989+00:00 DEBUG aya_obj::relocation: relocating call to callee address 0x14b8 in section 2 (relocation) at instruction 3691
2026-10-10T19:48:40.114990+00:00 DEBUG aya_obj::relocation: callee is `memset`
2026-10-10T19:48:40.114991+00:00 DEBUG aya_obj::relocation: callee `memset` is at ins 5448, 1756 from current instruction 3691
2026-10-10T19:48:40.114993+00:00 DEBUG aya_obj::relocation: relocating call to callee address 0x14b8 in section 2 (relocation) at instruction 3781
2026-10-10T19:48:40.114994+00:00 DEBUG aya_obj::relocation: callee is `memset`
2026-10-10T19:48:40.114995+00:00 DEBUG aya_obj::relocation: callee `memset` is at ins 5448, 1666 from current instruction 3781
2026-10-10T19:48:40.114997+00:00 DEBUG aya_obj::relocation: relocating call to callee address 0x14b8 in section 2 (relocation) at instruction 3844
2026-10-10T19:48:40.114998+00:00 DEBUG aya_obj::relocation: callee is `memset`
2026-10-10T19:48:40.114998+00:00 DEBUG aya_obj::relocation: callee `memset` is at ins 5448, 1603 from current instruction 3844
2026-10-10T19:48:40.115002+00:00 DEBUG aya_obj::relocation: relocating call to callee address 0x14b8 in section 2 (relocation) at instruction 4099
2026-10-10T19:48:40.115003+00:00 DEBUG aya_obj::relocation: callee is `memset`
2026-10-10T19:48:40.115004+00:00 DEBUG aya_obj::relocation: callee `memset` is at ins 5448, 1348 from current instruction 4099
2026-10-10T19:48:40.115006+00:00 DEBUG aya_obj::relocation: relocating call to callee address 0x14b8 in section 2 (relocation) at instruction 4166
2026-10-10T19:48:40.115007+00:00 DEBUG aya_obj::relocation: callee is `memset`
2026-10-10T19:48:40.115008+00:00 DEBUG aya_obj::relocation: callee `memset` is at ins 5448, 1281 from current instruction 4166
2026-10-10T19:48:40.115010+00:00 DEBUG aya_obj::relocation: relocating call to callee address 0x14b8 in section 2 (relocation) at instruction 4229
2026-10-10T19:48:40.115011+00:00 DEBUG aya_obj::relocation: callee is `memset`
2026-10-10T19:48:40.115012+00:00 DEBUG aya_obj::relocation: callee `memset` is at ins 5448, 1218 from current instruction 4229
2026-10-10T19:48:40.115013+00:00 DEBUG aya_obj::relocation: relocating call to callee address 0x14b8 in section 2 (relocation) at instruction 4297
2026-10-10T19:48:40.115015+00:00 DEBUG aya_obj::relocation: callee is `memset`
2026-10-10T19:48:40.115015+00:00 DEBUG aya_obj::relocation: callee `memset` is at ins 5448, 1150 from current instruction 4297
2026-10-10T19:48:40.115016+00:00 DEBUG aya_obj::relocation: relocating call to callee address 0x14b8 in section 2 (relocation) at instruction 4303
2026-10-10T19:48:40.115017+00:00 DEBUG aya_obj::relocation: callee is `memset`
2026-10-10T19:48:40.115018+00:00 DEBUG aya_obj::relocation: callee `memset` is at ins 5448, 1144 from current instruction 4303
2026-10-10T19:48:40.115021+00:00 DEBUG aya_obj::relocation: relocating call to callee address 0x14b8 in section 2 (relocation) at instruction 4479
2026-10-10T19:48:40.115022+00:00 DEBUG aya_obj::relocation: callee is `memset`
2026-10-10T19:48:40.115023+00:00 DEBUG aya_obj::relocation: callee `memset` is at ins 5448, 968 from current instruction 4479
2026-10-10T19:48:40.115025+00:00 DEBUG aya_obj::relocation: relocating call to callee address 0x14b8 in section 2 (relocation) at instruction 4536
2026-10-10T19:48:40.115026+00:00 DEBUG aya_obj::relocation: callee is `memset`
2026-10-10T19:48:40.115027+00:00 DEBUG aya_obj::relocation: callee `memset` is at ins 5448, 911 from current instruction 4536
2026-10-10T19:48:40.115029+00:00 DEBUG aya_obj::relocation: relocating call to callee address 0x14b8 in section 2 (relocation) at instruction 4600
2026-10-10T19:48:40.115031+00:00 DEBUG aya_obj::relocation: callee is `memset`
2026-10-10T19:48:40.115031+00:00 DEBUG aya_obj::relocation: callee `memset` is at ins 5448, 847 from current instruction 4600
2026-10-10T19:48:40.115035+00:00 DEBUG aya_obj::relocation: relocating call to callee address 0x14b8 in section 2 (relocation) at instruction 4793
2026-10-10T19:48:40.115036+00:00 DEBUG aya_obj::relocation: callee is `memset`
2026-10-10T19:48:40.115037+00:00 DEBUG aya_obj::relocation: callee `memset` is at ins 5448, 654 from current instruction 4793
2026-10-10T19:48:40.115039+00:00 DEBUG aya_obj::relocation: relocating call to callee address 0x14b8 in section 2 (relocation) at instruction 4863
2026-10-10T19:48:40.115040+00:00 DEBUG aya_obj::relocation: callee is `memset`
2026-10-10T19:48:40.115040+00:00 DEBUG aya_obj::relocation: callee `memset` is at ins 5448, 584 from current instruction 4863
2026-10-10T19:48:40.115042+00:00 DEBUG aya_obj::relocation: relocating call to callee address 0x14b8 in section 2 (relocation) at instruction 4925
2026-10-10T19:48:40.115043+00:00 DEBUG aya_obj::relocation: callee is `memset`
2026-10-10T19:48:40.115044+00:00 DEBUG aya_obj::relocation: callee `memset` is at ins 5448, 522 from current instruction 4925
2026-10-10T19:48:40.115046+00:00 DEBUG aya_obj::relocation: relocating call to callee address 0x14b8 in section 2 (relocation) at instruction 4992
2026-10-10T19:48:40.115047+00:00 DEBUG aya_obj::relocation: callee is `memset`
2026-10-10T19:48:40.115048+00:00 DEBUG aya_obj::relocation: callee `memset` is at ins 5448, 455 from current instruction 4992
2026-10-10T19:48:40.115049+00:00 DEBUG aya_obj::relocation: relocating call to callee address 0x14b8 in section 2 (relocation) at instruction 4998
2026-10-10T19:48:40.115050+00:00 DEBUG aya_obj::relocation: callee is `memset`
2026-10-10T19:48:40.115051+00:00 DEBUG aya_obj::relocation: callee `memset` is at ins 5448, 449 from current instruction 4998
2026-10-10T19:48:40.115053+00:00 DEBUG aya_obj::relocation: relocating call to callee address 0x14b8 in section 2 (relocation) at instruction 5173
2026-10-10T19:48:40.115055+00:00 DEBUG aya_obj::relocation: callee is `memset`
2026-10-10T19:48:40.115055+00:00 DEBUG aya_obj::relocation: callee `memset` is at ins 5448, 274 from current instruction 5173
2026-10-10T19:48:40.115057+00:00 DEBUG aya_obj::relocation: relocating call to callee address 0x14b8 in section 2 (relocation) at instruction 5179
2026-10-10T19:48:40.115058+00:00 DEBUG aya_obj::relocation: callee is `memset`
2026-10-10T19:48:40.115058+00:00 DEBUG aya_obj::relocation: callee `memset` is at ins 5448, 268 from current instruction 5179
2026-10-10T19:48:40.115060+00:00 DEBUG aya_obj::relocation: relocating call to callee address 0x14b8 in section 2 (relocation) at instruction 5266
2026-10-10T19:48:40.115062+00:00 DEBUG aya_obj::relocation: callee is `memset`
2026-10-10T19:48:40.115062+00:00 DEBUG aya_obj::relocation: callee `memset` is at ins 5448, 181 from current instruction 5266
2026-10-10T19:48:40.115064+00:00 DEBUG aya_obj::relocation: relocating call to callee address 0x14b8 in section 2 (relocation) at instruction 5329
2026-10-10T19:48:40.115065+00:00 DEBUG aya_obj::relocation: callee is `memset`
2026-10-10T19:48:40.115066+00:00 DEBUG aya_obj::relocation: callee `memset` is at ins 5448, 118 from current instruction 5329
2026-10-10T19:48:40.115067+00:00 DEBUG aya_obj::relocation: relocating call to callee address 0x14b8 in section 2 (relocation) at instruction 5357
2026-10-10T19:48:40.115068+00:00 DEBUG aya_obj::relocation: callee is `memset`
2026-10-10T19:48:40.115069+00:00 DEBUG aya_obj::relocation: callee `memset` is at ins 5448, 90 from current instruction 5357
2026-10-10T19:48:40.115071+00:00 DEBUG aya_obj::relocation: finished relocating program `lan_ingress_l2` function `_RNvNtCs2GI6VrNTxWR_9honk_ebpf7ingress21do_tproxy_lan_ingress`
2026-10-10T19:48:40.115072+00:00 DEBUG aya_obj::relocation: callee `_RNvNtCs2GI6VrNTxWR_9honk_ebpf7ingress21do_tproxy_lan_ingress` is at ins 7, 2 from current instruction 4
2026-10-10T19:48:40.115074+00:00 DEBUG aya_obj::relocation: finished relocating program `lan_ingress_l2` function `lan_ingress_l2`
2026-10-10T19:48:40.115076+00:00 DEBUG aya_obj::relocation: relocating program `wan_ingress_l2` function `wan_ingress_l2` size 7
2026-10-10T19:48:40.115077+00:00 DEBUG aya_obj::relocation: relocating call to callee address 0x10f10 in section 2 (relocation) at instruction 4
2026-10-10T19:48:40.115078+00:00 DEBUG aya_obj::relocation: callee is `_RNvNtCs2GI6VrNTxWR_9honk_ebpf7ingress21do_tproxy_wan_ingress`
2026-10-10T19:48:40.115080+00:00 DEBUG aya_obj::relocation: linked function `_RNvNtCs2GI6VrNTxWR_9honk_ebpf7ingress21do_tproxy_wan_ingress` at instruction 7
2026-10-10T19:48:40.115081+00:00 DEBUG aya_obj::relocation: relocating program `wan_ingress_l2` function `_RNvNtCs2GI6VrNTxWR_9honk_ebpf7ingress21do_tproxy_wan_ingress` size 809
2026-10-10T19:48:40.115083+00:00 DEBUG aya_obj::relocation: relocating call to callee address 0x14b8 in section 2 (relocation) at instruction 41
2026-10-10T19:48:40.115084+00:00 DEBUG aya_obj::relocation: callee is `memset`
2026-10-10T19:48:40.115086+00:00 DEBUG aya_obj::relocation: linked function `memset` at instruction 816
2026-10-10T19:48:40.115087+00:00 DEBUG aya_obj::relocation: relocating program `wan_ingress_l2` function `memset` size 8
2026-10-10T19:48:40.115088+00:00 DEBUG aya_obj::relocation: finished relocating program `wan_ingress_l2` function `memset`
2026-10-10T19:48:40.115089+00:00 DEBUG aya_obj::relocation: callee `memset` is at ins 816, 774 from current instruction 41
2026-10-10T19:48:40.115091+00:00 DEBUG aya_obj::relocation: relocating call to callee address 0x14b8 in section 2 (relocation) at instruction 125
2026-10-10T19:48:40.115092+00:00 DEBUG aya_obj::relocation: callee is `memset`
2026-10-10T19:48:40.115093+00:00 DEBUG aya_obj::relocation: callee `memset` is at ins 816, 690 from current instruction 125
2026-10-10T19:48:40.115094+00:00 DEBUG aya_obj::relocation: relocating call to callee address 0x14b8 in section 2 (relocation) at instruction 133
2026-10-10T19:48:40.115095+00:00 DEBUG aya_obj::relocation: callee is `memset`
2026-10-10T19:48:40.115096+00:00 DEBUG aya_obj::relocation: callee `memset` is at ins 816, 682 from current instruction 133
2026-10-10T19:48:40.115098+00:00 DEBUG aya_obj::relocation: relocating call to callee address 0x13f0 in section 2 (relocation) at instruction 251
2026-10-10T19:48:40.115099+00:00 DEBUG aya_obj::relocation: callee is `memmove`
2026-10-10T19:48:40.115100+00:00 DEBUG aya_obj::relocation: linked function `memmove` at instruction 824
2026-10-10T19:48:40.115101+00:00 DEBUG aya_obj::relocation: relocating program `wan_ingress_l2` function `memmove` size 25
2026-10-10T19:48:40.115102+00:00 DEBUG aya_obj::relocation: finished relocating program `wan_ingress_l2` function `memmove`
2026-10-10T19:48:40.115103+00:00 DEBUG aya_obj::relocation: callee `memmove` is at ins 824, 572 from current instruction 251
2026-10-10T19:48:40.115106+00:00 DEBUG aya_obj::relocation: relocating call to callee address 0x13f0 in section 2 (relocation) at instruction 370
2026-10-10T19:48:40.115107+00:00 DEBUG aya_obj::relocation: callee is `memmove`
2026-10-10T19:48:40.115108+00:00 DEBUG aya_obj::relocation: callee `memmove` is at ins 824, 453 from current instruction 370
2026-10-10T19:48:40.115109+00:00 DEBUG aya_obj::relocation: relocating call to callee address 0x13f0 in section 2 (relocation) at instruction 412
2026-10-10T19:48:40.115110+00:00 DEBUG aya_obj::relocation: callee is `memmove`
2026-10-10T19:48:40.115111+00:00 DEBUG aya_obj::relocation: callee `memmove` is at ins 824, 411 from current instruction 412
2026-10-10T19:48:40.115113+00:00 DEBUG aya_obj::relocation: relocating call to callee address 0x13f0 in section 2 (relocation) at instruction 482
2026-10-10T19:48:40.115114+00:00 DEBUG aya_obj::relocation: callee is `memmove`
2026-10-10T19:48:40.115115+00:00 DEBUG aya_obj::relocation: callee `memmove` is at ins 824, 341 from current instruction 482
2026-10-10T19:48:40.115117+00:00 DEBUG aya_obj::relocation: relocating call to callee address 0x13f0 in section 2 (relocation) at instruction 614
2026-10-10T19:48:40.115119+00:00 DEBUG aya_obj::relocation: callee is `memmove`
2026-10-10T19:48:40.115120+00:00 DEBUG aya_obj::relocation: callee `memmove` is at ins 824, 209 from current instruction 614
2026-10-10T19:48:40.115121+00:00 DEBUG aya_obj::relocation: relocating call to callee address 0x13f0 in section 2 (relocation) at instruction 621
2026-10-10T19:48:40.115122+00:00 DEBUG aya_obj::relocation: callee is `memmove`
2026-10-10T19:48:40.115123+00:00 DEBUG aya_obj::relocation: callee `memmove` is at ins 824, 202 from current instruction 621
2026-10-10T19:48:40.115124+00:00 DEBUG aya_obj::relocation: relocating call to callee address 0x14b8 in section 2 (relocation) at instruction 648
2026-10-10T19:48:40.115125+00:00 DEBUG aya_obj::relocation: callee is `memset`
2026-10-10T19:48:40.115126+00:00 DEBUG aya_obj::relocation: callee `memset` is at ins 816, 167 from current instruction 648
2026-10-10T19:48:40.115128+00:00 DEBUG aya_obj::relocation: relocating call to callee address 0x13f0 in section 2 (relocation) at instruction 683
2026-10-10T19:48:40.115129+00:00 DEBUG aya_obj::relocation: callee is `memmove`
2026-10-10T19:48:40.115130+00:00 DEBUG aya_obj::relocation: callee `memmove` is at ins 824, 140 from current instruction 683
2026-10-10T19:48:40.115131+00:00 DEBUG aya_obj::relocation: relocating call to callee address 0x13f0 in section 2 (relocation) at instruction 688
2026-10-10T19:48:40.115132+00:00 DEBUG aya_obj::relocation: callee is `memmove`
2026-10-10T19:48:40.115133+00:00 DEBUG aya_obj::relocation: callee `memmove` is at ins 824, 135 from current instruction 688
2026-10-10T19:48:40.115134+00:00 DEBUG aya_obj::relocation: relocating call to callee address 0x14b8 in section 2 (relocation) at instruction 761
2026-10-10T19:48:40.115135+00:00 DEBUG aya_obj::relocation: callee is `memset`
2026-10-10T19:48:40.115136+00:00 DEBUG aya_obj::relocation: callee `memset` is at ins 816, 54 from current instruction 761
2026-10-10T19:48:40.115137+00:00 DEBUG aya_obj::relocation: relocating call to callee address 0x10288 in section 2 (pc-relative) at instruction 767
2026-10-10T19:48:40.115138+00:00 DEBUG aya_obj::relocation: callee is `_RNvNtCs2GI6VrNTxWR_9honk_ebpf8contrack15___mark_udp_seen`
2026-10-10T19:48:40.115140+00:00 DEBUG aya_obj::relocation: linked function `_RNvNtCs2GI6VrNTxWR_9honk_ebpf8contrack15___mark_udp_seen` at instruction 849
2026-10-10T19:48:40.115141+00:00 DEBUG aya_obj::relocation: relocating program `wan_ingress_l2` function `_RNvNtCs2GI6VrNTxWR_9honk_ebpf8contrack15___mark_udp_seen` size 401
2026-10-10T19:48:40.115144+00:00 DEBUG aya_obj::relocation: relocating call to callee address 0x14b8 in section 2 (relocation) at instruction 980
2026-10-10T19:48:40.115145+00:00 DEBUG aya_obj::relocation: callee is `memset`
2026-10-10T19:48:40.115146+00:00 DEBUG aya_obj::relocation: callee `memset` is at ins 816, -165 from current instruction 980
2026-10-10T19:48:40.115147+00:00 DEBUG aya_obj::relocation: relocating call to callee address 0x14b8 in section 2 (relocation) at instruction 985
2026-10-10T19:48:40.115148+00:00 DEBUG aya_obj::relocation: callee is `memset`
2026-10-10T19:48:40.115149+00:00 DEBUG aya_obj::relocation: callee `memset` is at ins 816, -170 from current instruction 985
2026-10-10T19:48:40.115151+00:00 DEBUG aya_obj::relocation: relocating call to callee address 0x14b8 in section 2 (relocation) at instruction 1072
2026-10-10T19:48:40.115152+00:00 DEBUG aya_obj::relocation: callee is `memset`
2026-10-10T19:48:40.115153+00:00 DEBUG aya_obj::relocation: callee `memset` is at ins 816, -257 from current instruction 1072
2026-10-10T19:48:40.115154+00:00 DEBUG aya_obj::relocation: relocating call to callee address 0x14b8 in section 2 (relocation) at instruction 1142
2026-10-10T19:48:40.115156+00:00 DEBUG aya_obj::relocation: callee is `memset`
2026-10-10T19:48:40.115156+00:00 DEBUG aya_obj::relocation: callee `memset` is at ins 816, -327 from current instruction 1142
2026-10-10T19:48:40.115159+00:00 DEBUG aya_obj::relocation: finished relocating program `wan_ingress_l2` function `_RNvNtCs2GI6VrNTxWR_9honk_ebpf8contrack15___mark_udp_seen`
2026-10-10T19:48:40.115161+00:00 DEBUG aya_obj::relocation: callee `_RNvNtCs2GI6VrNTxWR_9honk_ebpf8contrack15___mark_udp_seen` is at ins 849, 81 from current instruction 767
2026-10-10T19:48:40.115162+00:00 DEBUG aya_obj::relocation: relocating call to callee address 0x14b8 in section 2 (relocation) at instruction 798
2026-10-10T19:48:40.115163+00:00 DEBUG aya_obj::relocation: callee is `memset`
2026-10-10T19:48:40.115164+00:00 DEBUG aya_obj::relocation: callee `memset` is at ins 816, 17 from current instruction 798
2026-10-10T19:48:40.115165+00:00 DEBUG aya_obj::relocation: relocating call to callee address 0xdc58 in section 2 (pc-relative) at instruction 813
2026-10-10T19:48:40.115166+00:00 DEBUG aya_obj::relocation: callee is `_RNvNtCs2GI6VrNTxWR_9honk_ebpf8contrack15___mark_tcp_seen`
2026-10-10T19:48:40.115168+00:00 DEBUG aya_obj::relocation: linked function `_RNvNtCs2GI6VrNTxWR_9honk_ebpf8contrack15___mark_tcp_seen` at instruction 1250
2026-10-10T19:48:40.115169+00:00 DEBUG aya_obj::relocation: relocating program `wan_ingress_l2` function `_RNvNtCs2GI6VrNTxWR_9honk_ebpf8contrack15___mark_tcp_seen` size 460
2026-10-10T19:48:40.115171+00:00 DEBUG aya_obj::relocation: relocating call to callee address 0x14b8 in section 2 (relocation) at instruction 1273
2026-10-10T19:48:40.115172+00:00 DEBUG aya_obj::relocation: callee is `memset`
2026-10-10T19:48:40.115173+00:00 DEBUG aya_obj::relocation: callee `memset` is at ins 816, -458 from current instruction 1273
2026-10-10T19:48:40.115174+00:00 DEBUG aya_obj::relocation: relocating call to callee address 0x14b8 in section 2 (relocation) at instruction 1278
2026-10-10T19:48:40.115175+00:00 DEBUG aya_obj::relocation: callee is `memset`
2026-10-10T19:48:40.115176+00:00 DEBUG aya_obj::relocation: callee `memset` is at ins 816, -463 from current instruction 1278
2026-10-10T19:48:40.115177+00:00 DEBUG aya_obj::relocation: relocating call to callee address 0x14b8 in section 2 (relocation) at instruction 1283
2026-10-10T19:48:40.115178+00:00 DEBUG aya_obj::relocation: callee is `memset`
2026-10-10T19:48:40.115179+00:00 DEBUG aya_obj::relocation: callee `memset` is at ins 816, -468 from current instruction 1283
2026-10-10T19:48:40.115181+00:00 DEBUG aya_obj::relocation: relocating call to callee address 0x14b8 in section 2 (relocation) at instruction 1394
2026-10-10T19:48:40.115182+00:00 DEBUG aya_obj::relocation: callee is `memset`
2026-10-10T19:48:40.115183+00:00 DEBUG aya_obj::relocation: callee `memset` is at ins 816, -579 from current instruction 1394
2026-10-10T19:48:40.115184+00:00 DEBUG aya_obj::relocation: relocating call to callee address 0x14b8 in section 2 (relocation) at instruction 1399
2026-10-10T19:48:40.115185+00:00 DEBUG aya_obj::relocation: callee is `memset`
2026-10-10T19:48:40.115186+00:00 DEBUG aya_obj::relocation: callee `memset` is at ins 816, -584 from current instruction 1399
2026-10-10T19:48:40.115187+00:00 DEBUG aya_obj::relocation: relocating call to callee address 0x14b8 in section 2 (relocation) at instruction 1404
2026-10-10T19:48:40.115188+00:00 DEBUG aya_obj::relocation: callee is `memset`
2026-10-10T19:48:40.115189+00:00 DEBUG aya_obj::relocation: callee `memset` is at ins 816, -589 from current instruction 1404
2026-10-10T19:48:40.115191+00:00 DEBUG aya_obj::relocation: relocating call to callee address 0x14b8 in section 2 (relocation) at instruction 1564
2026-10-10T19:48:40.115192+00:00 DEBUG aya_obj::relocation: callee is `memset`
2026-10-10T19:48:40.115193+00:00 DEBUG aya_obj::relocation: callee `memset` is at ins 816, -749 from current instruction 1564
2026-10-10T19:48:40.115196+00:00 DEBUG aya_obj::relocation: finished relocating program `wan_ingress_l2` function `_RNvNtCs2GI6VrNTxWR_9honk_ebpf8contrack15___mark_tcp_seen`
2026-10-10T19:48:40.115197+00:00 DEBUG aya_obj::relocation: callee `_RNvNtCs2GI6VrNTxWR_9honk_ebpf8contrack15___mark_tcp_seen` is at ins 1250, 436 from current instruction 813
2026-10-10T19:48:40.115198+00:00 DEBUG aya_obj::relocation: finished relocating program `wan_ingress_l2` function `_RNvNtCs2GI6VrNTxWR_9honk_ebpf7ingress21do_tproxy_wan_ingress`
2026-10-10T19:48:40.115200+00:00 DEBUG aya_obj::relocation: callee `_RNvNtCs2GI6VrNTxWR_9honk_ebpf7ingress21do_tproxy_wan_ingress` is at ins 7, 2 from current instruction 4
2026-10-10T19:48:40.115201+00:00 DEBUG aya_obj::relocation: finished relocating program `wan_ingress_l2` function `wan_ingress_l2`
2026-10-10T19:48:40.115202+00:00 DEBUG aya_obj::relocation: relocating program `wan_ingress_l3` function `wan_ingress_l3` size 7
2026-10-10T19:48:40.115204+00:00 DEBUG aya_obj::relocation: relocating call to callee address 0x10f10 in section 2 (relocation) at instruction 4
2026-10-10T19:48:40.115205+00:00 DEBUG aya_obj::relocation: callee is `_RNvNtCs2GI6VrNTxWR_9honk_ebpf7ingress21do_tproxy_wan_ingress`
2026-10-10T19:48:40.115206+00:00 DEBUG aya_obj::relocation: linked function `_RNvNtCs2GI6VrNTxWR_9honk_ebpf7ingress21do_tproxy_wan_ingress` at instruction 7
2026-10-10T19:48:40.115207+00:00 DEBUG aya_obj::relocation: relocating program `wan_ingress_l3` function `_RNvNtCs2GI6VrNTxWR_9honk_ebpf7ingress21do_tproxy_wan_ingress` size 809
2026-10-10T19:48:40.115209+00:00 DEBUG aya_obj::relocation: relocating call to callee address 0x14b8 in section 2 (relocation) at instruction 41
2026-10-10T19:48:40.115210+00:00 DEBUG aya_obj::relocation: callee is `memset`
2026-10-10T19:48:40.115212+00:00 DEBUG aya_obj::relocation: linked function `memset` at instruction 816
2026-10-10T19:48:40.115213+00:00 DEBUG aya_obj::relocation: relocating program `wan_ingress_l3` function `memset` size 8
2026-10-10T19:48:40.115214+00:00 DEBUG aya_obj::relocation: finished relocating program `wan_ingress_l3` function `memset`
2026-10-10T19:48:40.115215+00:00 DEBUG aya_obj::relocation: callee `memset` is at ins 816, 774 from current instruction 41
2026-10-10T19:48:40.115217+00:00 DEBUG aya_obj::relocation: relocating call to callee address 0x14b8 in section 2 (relocation) at instruction 125
2026-10-10T19:48:40.115218+00:00 DEBUG aya_obj::relocation: callee is `memset`
2026-10-10T19:48:40.115219+00:00 DEBUG aya_obj::relocation: callee `memset` is at ins 816, 690 from current instruction 125
2026-10-10T19:48:40.115220+00:00 DEBUG aya_obj::relocation: relocating call to callee address 0x14b8 in section 2 (relocation) at instruction 133
2026-10-10T19:48:40.115221+00:00 DEBUG aya_obj::relocation: callee is `memset`
2026-10-10T19:48:40.115222+00:00 DEBUG aya_obj::relocation: callee `memset` is at ins 816, 682 from current instruction 133
2026-10-10T19:48:40.115224+00:00 DEBUG aya_obj::relocation: relocating call to callee address 0x13f0 in section 2 (relocation) at instruction 251
2026-10-10T19:48:40.115225+00:00 DEBUG aya_obj::relocation: callee is `memmove`
2026-10-10T19:48:40.115226+00:00 DEBUG aya_obj::relocation: linked function `memmove` at instruction 824
2026-10-10T19:48:40.115227+00:00 DEBUG aya_obj::relocation: relocating program `wan_ingress_l3` function `memmove` size 25
2026-10-10T19:48:40.115228+00:00 DEBUG aya_obj::relocation: finished relocating program `wan_ingress_l3` function `memmove`
2026-10-10T19:48:40.115229+00:00 DEBUG aya_obj::relocation: callee `memmove` is at ins 824, 572 from current instruction 251
2026-10-10T19:48:40.115231+00:00 DEBUG aya_obj::relocation: relocating call to callee address 0x13f0 in section 2 (relocation) at instruction 370
2026-10-10T19:48:40.115233+00:00 DEBUG aya_obj::relocation: callee is `memmove`
2026-10-10T19:48:40.115233+00:00 DEBUG aya_obj::relocation: callee `memmove` is at ins 824, 453 from current instruction 370
2026-10-10T19:48:40.115235+00:00 DEBUG aya_obj::relocation: relocating call to callee address 0x13f0 in section 2 (relocation) at instruction 412
2026-10-10T19:48:40.115236+00:00 DEBUG aya_obj::relocation: callee is `memmove`
2026-10-10T19:48:40.115237+00:00 DEBUG aya_obj::relocation: callee `memmove` is at ins 824, 411 from current instruction 412
2026-10-10T19:48:40.115238+00:00 DEBUG aya_obj::relocation: relocating call to callee address 0x13f0 in section 2 (relocation) at instruction 482
2026-10-10T19:48:40.115240+00:00 DEBUG aya_obj::relocation: callee is `memmove`
2026-10-10T19:48:40.115241+00:00 DEBUG aya_obj::relocation: callee `memmove` is at ins 824, 341 from current instruction 482
2026-10-10T19:48:40.115244+00:00 DEBUG aya_obj::relocation: relocating call to callee address 0x13f0 in section 2 (relocation) at instruction 614
2026-10-10T19:48:40.115245+00:00 DEBUG aya_obj::relocation: callee is `memmove`
2026-10-10T19:48:40.115246+00:00 DEBUG aya_obj::relocation: callee `memmove` is at ins 824, 209 from current instruction 614
2026-10-10T19:48:40.115247+00:00 DEBUG aya_obj::relocation: relocating call to callee address 0x13f0 in section 2 (relocation) at instruction 621
2026-10-10T19:48:40.115248+00:00 DEBUG aya_obj::relocation: callee is `memmove`
2026-10-10T19:48:40.115249+00:00 DEBUG aya_obj::relocation: callee `memmove` is at ins 824, 202 from current instruction 621
2026-10-10T19:48:40.115250+00:00 DEBUG aya_obj::relocation: relocating call to callee address 0x14b8 in section 2 (relocation) at instruction 648
2026-10-10T19:48:40.115251+00:00 DEBUG aya_obj::relocation: callee is `memset`
2026-10-10T19:48:40.115252+00:00 DEBUG aya_obj::relocation: callee `memset` is at ins 816, 167 from current instruction 648
2026-10-10T19:48:40.115253+00:00 DEBUG aya_obj::relocation: relocating call to callee address 0x13f0 in section 2 (relocation) at instruction 683
2026-10-10T19:48:40.115254+00:00 DEBUG aya_obj::relocation: callee is `memmove`
2026-10-10T19:48:40.115255+00:00 DEBUG aya_obj::relocation: callee `memmove` is at ins 824, 140 from current instruction 683
2026-10-10T19:48:40.115256+00:00 DEBUG aya_obj::relocation: relocating call to callee address 0x13f0 in section 2 (relocation) at instruction 688
2026-10-10T19:48:40.115257+00:00 DEBUG aya_obj::relocation: callee is `memmove`
2026-10-10T19:48:40.115258+00:00 DEBUG aya_obj::relocation: callee `memmove` is at ins 824, 135 from current instruction 688
2026-10-10T19:48:40.115260+00:00 DEBUG aya_obj::relocation: relocating call to callee address 0x14b8 in section 2 (relocation) at instruction 761
2026-10-10T19:48:40.115261+00:00 DEBUG aya_obj::relocation: callee is `memset`
2026-10-10T19:48:40.115262+00:00 DEBUG aya_obj::relocation: callee `memset` is at ins 816, 54 from current instruction 761
2026-10-10T19:48:40.115263+00:00 DEBUG aya_obj::relocation: relocating call to callee address 0x10288 in section 2 (pc-relative) at instruction 767
2026-10-10T19:48:40.115264+00:00 DEBUG aya_obj::relocation: callee is `_RNvNtCs2GI6VrNTxWR_9honk_ebpf8contrack15___mark_udp_seen`
2026-10-10T19:48:40.115265+00:00 DEBUG aya_obj::relocation: linked function `_RNvNtCs2GI6VrNTxWR_9honk_ebpf8contrack15___mark_udp_seen` at instruction 849
2026-10-10T19:48:40.115266+00:00 DEBUG aya_obj::relocation: relocating program `wan_ingress_l3` function `_RNvNtCs2GI6VrNTxWR_9honk_ebpf8contrack15___mark_udp_seen` size 401
2026-10-10T19:48:40.115269+00:00 DEBUG aya_obj::relocation: relocating call to callee address 0x14b8 in section 2 (relocation) at instruction 980
2026-10-10T19:48:40.115270+00:00 DEBUG aya_obj::relocation: callee is `memset`
2026-10-10T19:48:40.115271+00:00 DEBUG aya_obj::relocation: callee `memset` is at ins 816, -165 from current instruction 980
2026-10-10T19:48:40.115272+00:00 DEBUG aya_obj::relocation: relocating call to callee address 0x14b8 in section 2 (relocation) at instruction 985
2026-10-10T19:48:40.115273+00:00 DEBUG aya_obj::relocation: callee is `memset`
2026-10-10T19:48:40.115274+00:00 DEBUG aya_obj::relocation: callee `memset` is at ins 816, -170 from current instruction 985
2026-10-10T19:48:40.115276+00:00 DEBUG aya_obj::relocation: relocating call to callee address 0x14b8 in section 2 (relocation) at instruction 1072
2026-10-10T19:48:40.115277+00:00 DEBUG aya_obj::relocation: callee is `memset`
2026-10-10T19:48:40.115278+00:00 DEBUG aya_obj::relocation: callee `memset` is at ins 816, -257 from current instruction 1072
2026-10-10T19:48:40.115279+00:00 DEBUG aya_obj::relocation: relocating call to callee address 0x14b8 in section 2 (relocation) at instruction 1142
2026-10-10T19:48:40.115281+00:00 DEBUG aya_obj::relocation: callee is `memset`
2026-10-10T19:48:40.115282+00:00 DEBUG aya_obj::relocation: callee `memset` is at ins 816, -327 from current instruction 1142
2026-10-10T19:48:40.115284+00:00 DEBUG aya_obj::relocation: finished relocating program `wan_ingress_l3` function `_RNvNtCs2GI6VrNTxWR_9honk_ebpf8contrack15___mark_udp_seen`
2026-10-10T19:48:40.115285+00:00 DEBUG aya_obj::relocation: callee `_RNvNtCs2GI6VrNTxWR_9honk_ebpf8contrack15___mark_udp_seen` is at ins 849, 81 from current instruction 767
2026-10-10T19:48:40.115287+00:00 DEBUG aya_obj::relocation: relocating call to callee address 0x14b8 in section 2 (relocation) at instruction 798
2026-10-10T19:48:40.115288+00:00 DEBUG aya_obj::relocation: callee is `memset`
2026-10-10T19:48:40.115289+00:00 DEBUG aya_obj::relocation: callee `memset` is at ins 816, 17 from current instruction 798
2026-10-10T19:48:40.115290+00:00 DEBUG aya_obj::relocation: relocating call to callee address 0xdc58 in section 2 (pc-relative) at instruction 813
2026-10-10T19:48:40.115291+00:00 DEBUG aya_obj::relocation: callee is `_RNvNtCs2GI6VrNTxWR_9honk_ebpf8contrack15___mark_tcp_seen`
2026-10-10T19:48:40.115293+00:00 DEBUG aya_obj::relocation: linked function `_RNvNtCs2GI6VrNTxWR_9honk_ebpf8contrack15___mark_tcp_seen` at instruction 1250
2026-10-10T19:48:40.115294+00:00 DEBUG aya_obj::relocation: relocating program `wan_ingress_l3` function `_RNvNtCs2GI6VrNTxWR_9honk_ebpf8contrack15___mark_tcp_seen` size 460
2026-10-10T19:48:40.115296+00:00 DEBUG aya_obj::relocation: relocating call to callee address 0x14b8 in section 2 (relocation) at instruction 1273
2026-10-10T19:48:40.115297+00:00 DEBUG aya_obj::relocation: callee is `memset`
2026-10-10T19:48:40.115297+00:00 DEBUG aya_obj::relocation: callee `memset` is at ins 816, -458 from current instruction 1273
2026-10-10T19:48:40.115299+00:00 DEBUG aya_obj::relocation: relocating call to callee address 0x14b8 in section 2 (relocation) at instruction 1278
2026-10-10T19:48:40.115300+00:00 DEBUG aya_obj::relocation: callee is `memset`
2026-10-10T19:48:40.115300+00:00 DEBUG aya_obj::relocation: callee `memset` is at ins 816, -463 from current instruction 1278
2026-10-10T19:48:40.115302+00:00 DEBUG aya_obj::relocation: relocating call to callee address 0x14b8 in section 2 (relocation) at instruction 1283
2026-10-10T19:48:40.115303+00:00 DEBUG aya_obj::relocation: callee is `memset`
2026-10-10T19:48:40.115303+00:00 DEBUG aya_obj::relocation: callee `memset` is at ins 816, -468 from current instruction 1283
2026-10-10T19:48:40.115306+00:00 DEBUG aya_obj::relocation: relocating call to callee address 0x14b8 in section 2 (relocation) at instruction 1394
2026-10-10T19:48:40.115307+00:00 DEBUG aya_obj::relocation: callee is `memset`
2026-10-10T19:48:40.115307+00:00 DEBUG aya_obj::relocation: callee `memset` is at ins 816, -579 from current instruction 1394
2026-10-10T19:48:40.115309+00:00 DEBUG aya_obj::relocation: relocating call to callee address 0x14b8 in section 2 (relocation) at instruction 1399
2026-10-10T19:48:40.115310+00:00 DEBUG aya_obj::relocation: callee is `memset`
2026-10-10T19:48:40.115310+00:00 DEBUG aya_obj::relocation: callee `memset` is at ins 816, -584 from current instruction 1399
2026-10-10T19:48:40.115311+00:00 DEBUG aya_obj::relocation: relocating call to callee address 0x14b8 in section 2 (relocation) at instruction 1404
2026-10-10T19:48:40.115313+00:00 DEBUG aya_obj::relocation: callee is `memset`
2026-10-10T19:48:40.115313+00:00 DEBUG aya_obj::relocation: callee `memset` is at ins 816, -589 from current instruction 1404
2026-10-10T19:48:40.115316+00:00 DEBUG aya_obj::relocation: relocating call to callee address 0x14b8 in section 2 (relocation) at instruction 1564
2026-10-10T19:48:40.115317+00:00 DEBUG aya_obj::relocation: callee is `memset`
2026-10-10T19:48:40.115318+00:00 DEBUG aya_obj::relocation: callee `memset` is at ins 816, -749 from current instruction 1564
2026-10-10T19:48:40.115321+00:00 DEBUG aya_obj::relocation: finished relocating program `wan_ingress_l3` function `_RNvNtCs2GI6VrNTxWR_9honk_ebpf8contrack15___mark_tcp_seen`
2026-10-10T19:48:40.115323+00:00 DEBUG aya_obj::relocation: callee `_RNvNtCs2GI6VrNTxWR_9honk_ebpf8contrack15___mark_tcp_seen` is at ins 1250, 436 from current instruction 813
2026-10-10T19:48:40.115324+00:00 DEBUG aya_obj::relocation: finished relocating program `wan_ingress_l3` function `_RNvNtCs2GI6VrNTxWR_9honk_ebpf7ingress21do_tproxy_wan_ingress`
2026-10-10T19:48:40.115325+00:00 DEBUG aya_obj::relocation: callee `_RNvNtCs2GI6VrNTxWR_9honk_ebpf7ingress21do_tproxy_wan_ingress` is at ins 7, 2 from current instruction 4
2026-10-10T19:48:40.115326+00:00 DEBUG aya_obj::relocation: finished relocating program `wan_ingress_l3` function `wan_ingress_l3`
2026-10-10T19:48:40.115329+00:00 DEBUG aya_obj::relocation: relocating program `wan_egress_l2` function `wan_egress_l2` size 3360
2026-10-10T19:48:40.115331+00:00 DEBUG aya_obj::relocation: relocating call to callee address 0x14b8 in section 2 (relocation) at instruction 30
2026-10-10T19:48:40.115332+00:00 DEBUG aya_obj::relocation: callee is `memset`
2026-10-10T19:48:40.115335+00:00 DEBUG aya_obj::relocation: linked function `memset` at instruction 3360
2026-10-10T19:48:40.115336+00:00 DEBUG aya_obj::relocation: relocating program `wan_egress_l2` function `memset` size 8
2026-10-10T19:48:40.115337+00:00 DEBUG aya_obj::relocation: finished relocating program `wan_egress_l2` function `memset`
2026-10-10T19:48:40.115338+00:00 DEBUG aya_obj::relocation: callee `memset` is at ins 3360, 3329 from current instruction 30
2026-10-10T19:48:40.115340+00:00 DEBUG aya_obj::relocation: relocating call to callee address 0x14b8 in section 2 (relocation) at instruction 85
2026-10-10T19:48:40.115341+00:00 DEBUG aya_obj::relocation: callee is `memset`
2026-10-10T19:48:40.115342+00:00 DEBUG aya_obj::relocation: callee `memset` is at ins 3360, 3274 from current instruction 85
2026-10-10T19:48:40.115345+00:00 DEBUG aya_obj::relocation: relocating call to callee address 0x13f0 in section 2 (relocation) at instruction 246
2026-10-10T19:48:40.115346+00:00 DEBUG aya_obj::relocation: callee is `memmove`
2026-10-10T19:48:40.115347+00:00 DEBUG aya_obj::relocation: linked function `memmove` at instruction 3368
2026-10-10T19:48:40.115348+00:00 DEBUG aya_obj::relocation: relocating program `wan_egress_l2` function `memmove` size 25
2026-10-10T19:48:40.115349+00:00 DEBUG aya_obj::relocation: finished relocating program `wan_egress_l2` function `memmove`
2026-10-10T19:48:40.115350+00:00 DEBUG aya_obj::relocation: callee `memmove` is at ins 3368, 3121 from current instruction 246
2026-10-10T19:48:40.115352+00:00 DEBUG aya_obj::relocation: relocating call to callee address 0x13f0 in section 2 (relocation) at instruction 314
2026-10-10T19:48:40.115353+00:00 DEBUG aya_obj::relocation: callee is `memmove`
2026-10-10T19:48:40.115354+00:00 DEBUG aya_obj::relocation: callee `memmove` is at ins 3368, 3053 from current instruction 314
2026-10-10T19:48:40.115356+00:00 DEBUG aya_obj::relocation: relocating call to callee address 0x13f0 in section 2 (relocation) at instruction 347
2026-10-10T19:48:40.115357+00:00 DEBUG aya_obj::relocation: callee is `memmove`
2026-10-10T19:48:40.115358+00:00 DEBUG aya_obj::relocation: callee `memmove` is at ins 3368, 3020 from current instruction 347
2026-10-10T19:48:40.115359+00:00 DEBUG aya_obj::relocation: relocating call to callee address 0x13f0 in section 2 (relocation) at instruction 376
2026-10-10T19:48:40.115360+00:00 DEBUG aya_obj::relocation: callee is `memmove`
2026-10-10T19:48:40.115361+00:00 DEBUG aya_obj::relocation: callee `memmove` is at ins 3368, 2991 from current instruction 376
2026-10-10T19:48:40.115363+00:00 DEBUG aya_obj::relocation: relocating call to callee address 0x13f0 in section 2 (relocation) at instruction 478
2026-10-10T19:48:40.115364+00:00 DEBUG aya_obj::relocation: callee is `memmove`
2026-10-10T19:48:40.115365+00:00 DEBUG aya_obj::relocation: callee `memmove` is at ins 3368, 2889 from current instruction 478
2026-10-10T19:48:40.115366+00:00 DEBUG aya_obj::relocation: relocating call to callee address 0x13f0 in section 2 (relocation) at instruction 485
2026-10-10T19:48:40.115368+00:00 DEBUG aya_obj::relocation: callee is `memmove`
2026-10-10T19:48:40.115369+00:00 DEBUG aya_obj::relocation: callee `memmove` is at ins 3368, 2882 from current instruction 485
2026-10-10T19:48:40.115370+00:00 DEBUG aya_obj::relocation: relocating call to callee address 0x14b8 in section 2 (relocation) at instruction 510
2026-10-10T19:48:40.115372+00:00 DEBUG aya_obj::relocation: callee is `memset`
2026-10-10T19:48:40.115372+00:00 DEBUG aya_obj::relocation: callee `memset` is at ins 3360, 2849 from current instruction 510
2026-10-10T19:48:40.115374+00:00 DEBUG aya_obj::relocation: relocating call to callee address 0x13f0 in section 2 (relocation) at instruction 544
2026-10-10T19:48:40.115375+00:00 DEBUG aya_obj::relocation: callee is `memmove`
2026-10-10T19:48:40.115376+00:00 DEBUG aya_obj::relocation: callee `memmove` is at ins 3368, 2823 from current instruction 544
2026-10-10T19:48:40.115377+00:00 DEBUG aya_obj::relocation: relocating call to callee address 0x13f0 in section 2 (relocation) at instruction 549
2026-10-10T19:48:40.115378+00:00 DEBUG aya_obj::relocation: callee is `memmove`
2026-10-10T19:48:40.115379+00:00 DEBUG aya_obj::relocation: callee `memmove` is at ins 3368, 2818 from current instruction 549
2026-10-10T19:48:40.115382+00:00 DEBUG aya_obj::relocation: relocating call to callee address 0x14b8 in section 2 (relocation) at instruction 723
2026-10-10T19:48:40.115383+00:00 DEBUG aya_obj::relocation: callee is `memset`
2026-10-10T19:48:40.115384+00:00 DEBUG aya_obj::relocation: callee `memset` is at ins 3360, 2636 from current instruction 723
2026-10-10T19:48:40.115385+00:00 DEBUG aya_obj::relocation: relocating call to callee address 0xdc58 in section 2 (relocation) at instruction 737
2026-10-10T19:48:40.115386+00:00 DEBUG aya_obj::relocation: callee is `_RNvNtCs2GI6VrNTxWR_9honk_ebpf8contrack15___mark_tcp_seen`
2026-10-10T19:48:40.115388+00:00 DEBUG aya_obj::relocation: linked function `_RNvNtCs2GI6VrNTxWR_9honk_ebpf8contrack15___mark_tcp_seen` at instruction 3393
2026-10-10T19:48:40.115389+00:00 DEBUG aya_obj::relocation: relocating program `wan_egress_l2` function `_RNvNtCs2GI6VrNTxWR_9honk_ebpf8contrack15___mark_tcp_seen` size 460
2026-10-10T19:48:40.115390+00:00 DEBUG aya_obj::relocation: relocating call to callee address 0x14b8 in section 2 (relocation) at instruction 3416
2026-10-10T19:48:40.115391+00:00 DEBUG aya_obj::relocation: callee is `memset`
2026-10-10T19:48:40.115392+00:00 DEBUG aya_obj::relocation: callee `memset` is at ins 3360, -57 from current instruction 3416
2026-10-10T19:48:40.115393+00:00 DEBUG aya_obj::relocation: relocating call to callee address 0x14b8 in section 2 (relocation) at instruction 3421
2026-10-10T19:48:40.115394+00:00 DEBUG aya_obj::relocation: callee is `memset`
2026-10-10T19:48:40.115395+00:00 DEBUG aya_obj::relocation: callee `memset` is at ins 3360, -62 from current instruction 3421
2026-10-10T19:48:40.115396+00:00 DEBUG aya_obj::relocation: relocating call to callee address 0x14b8 in section 2 (relocation) at instruction 3426
2026-10-10T19:48:40.115397+00:00 DEBUG aya_obj::relocation: callee is `memset`
2026-10-10T19:48:40.115398+00:00 DEBUG aya_obj::relocation: callee `memset` is at ins 3360, -67 from current instruction 3426
2026-10-10T19:48:40.115400+00:00 DEBUG aya_obj::relocation: relocating call to callee address 0x14b8 in section 2 (relocation) at instruction 3537
2026-10-10T19:48:40.115401+00:00 DEBUG aya_obj::relocation: callee is `memset`
2026-10-10T19:48:40.115402+00:00 DEBUG aya_obj::relocation: callee `memset` is at ins 3360, -178 from current instruction 3537
2026-10-10T19:48:40.115403+00:00 DEBUG aya_obj::relocation: relocating call to callee address 0x14b8 in section 2 (relocation) at instruction 3542
2026-10-10T19:48:40.115404+00:00 DEBUG aya_obj::relocation: callee is `memset`
2026-10-10T19:48:40.115405+00:00 DEBUG aya_obj::relocation: callee `memset` is at ins 3360, -183 from current instruction 3542
2026-10-10T19:48:40.115406+00:00 DEBUG aya_obj::relocation: relocating call to callee address 0x14b8 in section 2 (relocation) at instruction 3547
2026-10-10T19:48:40.115408+00:00 DEBUG aya_obj::relocation: callee is `memset`
2026-10-10T19:48:40.115409+00:00 DEBUG aya_obj::relocation: callee `memset` is at ins 3360, -188 from current instruction 3547
2026-10-10T19:48:40.115412+00:00 DEBUG aya_obj::relocation: relocating call to callee address 0x14b8 in section 2 (relocation) at instruction 3707
2026-10-10T19:48:40.115413+00:00 DEBUG aya_obj::relocation: callee is `memset`
2026-10-10T19:48:40.115413+00:00 DEBUG aya_obj::relocation: callee `memset` is at ins 3360, -348 from current instruction 3707
2026-10-10T19:48:40.115416+00:00 DEBUG aya_obj::relocation: finished relocating program `wan_egress_l2` function `_RNvNtCs2GI6VrNTxWR_9honk_ebpf8contrack15___mark_tcp_seen`
2026-10-10T19:48:40.115417+00:00 DEBUG aya_obj::relocation: callee `_RNvNtCs2GI6VrNTxWR_9honk_ebpf8contrack15___mark_tcp_seen` is at ins 3393, 2655 from current instruction 737
2026-10-10T19:48:40.115421+00:00 DEBUG aya_obj::relocation: relocating call to callee address 0x14b8 in section 2 (relocation) at instruction 947
2026-10-10T19:48:40.115422+00:00 DEBUG aya_obj::relocation: callee is `memset`
2026-10-10T19:48:40.115423+00:00 DEBUG aya_obj::relocation: callee `memset` is at ins 3360, 2412 from current instruction 947
2026-10-10T19:48:40.115427+00:00 DEBUG aya_obj::relocation: relocating call to callee address 0x14b8 in section 2 (relocation) at instruction 1175
2026-10-10T19:48:40.115429+00:00 DEBUG aya_obj::relocation: callee is `memset`
2026-10-10T19:48:40.115429+00:00 DEBUG aya_obj::relocation: callee `memset` is at ins 3360, 2184 from current instruction 1175
2026-10-10T19:48:40.115432+00:00 DEBUG aya_obj::relocation: relocating call to callee address 0x14b8 in section 2 (relocation) at instruction 1248
2026-10-10T19:48:40.115433+00:00 DEBUG aya_obj::relocation: callee is `memset`
2026-10-10T19:48:40.115434+00:00 DEBUG aya_obj::relocation: callee `memset` is at ins 3360, 2111 from current instruction 1248
2026-10-10T19:48:40.115436+00:00 DEBUG aya_obj::relocation: relocating call to callee address 0x0 in section 2 (relocation) at instruction 1336
2026-10-10T19:48:40.115437+00:00 DEBUG aya_obj::relocation: callee is `honk_normalize_process_name`
2026-10-10T19:48:40.115438+00:00 DEBUG aya_obj::relocation: linked function `honk_normalize_process_name` at instruction 3853
2026-10-10T19:48:40.115439+00:00 DEBUG aya_obj::relocation: relocating program `wan_egress_l2` function `honk_normalize_process_name` size 145
2026-10-10T19:48:40.115440+00:00 DEBUG aya_obj::relocation: relocating call to callee address 0x14b8 in section 2 (relocation) at instruction 3862
2026-10-10T19:48:40.115441+00:00 DEBUG aya_obj::relocation: callee is `memset`
2026-10-10T19:48:40.115442+00:00 DEBUG aya_obj::relocation: callee `memset` is at ins 3360, -503 from current instruction 3862
2026-10-10T19:48:40.115443+00:00 DEBUG aya_obj::relocation: relocating call to callee address 0x14b8 in section 2 (relocation) at instruction 3868
2026-10-10T19:48:40.115444+00:00 DEBUG aya_obj::relocation: callee is `memset`
2026-10-10T19:48:40.115445+00:00 DEBUG aya_obj::relocation: callee `memset` is at ins 3360, -509 from current instruction 3868
2026-10-10T19:48:40.115446+00:00 DEBUG aya_obj::relocation: relocating call to callee address 0x488 in section 2 (relocation) at instruction 3872
2026-10-10T19:48:40.115448+00:00 DEBUG aya_obj::relocation: callee is `honk_normalize_process_step`
2026-10-10T19:48:40.115449+00:00 DEBUG aya_obj::relocation: linked function `honk_normalize_process_step` at instruction 3998
2026-10-10T19:48:40.115450+00:00 DEBUG aya_obj::relocation: relocating program `wan_egress_l2` function `honk_normalize_process_step` size 317
2026-10-10T19:48:40.115454+00:00 DEBUG aya_obj::relocation: finished relocating program `wan_egress_l2` function `honk_normalize_process_step`
2026-10-10T19:48:40.115455+00:00 DEBUG aya_obj::relocation: callee `honk_normalize_process_step` is at ins 3998, 125 from current instruction 3872
2026-10-10T19:48:40.115457+00:00 DEBUG aya_obj::relocation: relocating call to callee address 0x488 in section 2 (relocation) at instruction 3884
2026-10-10T19:48:40.115458+00:00 DEBUG aya_obj::relocation: callee is `honk_normalize_process_step`
2026-10-10T19:48:40.115459+00:00 DEBUG aya_obj::relocation: callee `honk_normalize_process_step` is at ins 3998, 113 from current instruction 3884
2026-10-10T19:48:40.115460+00:00 DEBUG aya_obj::relocation: relocating call to callee address 0x488 in section 2 (relocation) at instruction 3892
2026-10-10T19:48:40.115461+00:00 DEBUG aya_obj::relocation: callee is `honk_normalize_process_step`
2026-10-10T19:48:40.115462+00:00 DEBUG aya_obj::relocation: callee `honk_normalize_process_step` is at ins 3998, 105 from current instruction 3892
2026-10-10T19:48:40.115463+00:00 DEBUG aya_obj::relocation: relocating call to callee address 0x488 in section 2 (relocation) at instruction 3900
2026-10-10T19:48:40.115464+00:00 DEBUG aya_obj::relocation: callee is `honk_normalize_process_step`
2026-10-10T19:48:40.115465+00:00 DEBUG aya_obj::relocation: callee `honk_normalize_process_step` is at ins 3998, 97 from current instruction 3900
2026-10-10T19:48:40.115466+00:00 DEBUG aya_obj::relocation: relocating call to callee address 0x488 in section 2 (relocation) at instruction 3908
2026-10-10T19:48:40.115467+00:00 DEBUG aya_obj::relocation: callee is `honk_normalize_process_step`
2026-10-10T19:48:40.115468+00:00 DEBUG aya_obj::relocation: callee `honk_normalize_process_step` is at ins 3998, 89 from current instruction 3908
2026-10-10T19:48:40.115470+00:00 DEBUG aya_obj::relocation: relocating call to callee address 0x488 in section 2 (relocation) at instruction 3916
2026-10-10T19:48:40.115471+00:00 DEBUG aya_obj::relocation: callee is `honk_normalize_process_step`
2026-10-10T19:48:40.115472+00:00 DEBUG aya_obj::relocation: callee `honk_normalize_process_step` is at ins 3998, 81 from current instruction 3916
2026-10-10T19:48:40.115473+00:00 DEBUG aya_obj::relocation: relocating call to callee address 0x488 in section 2 (relocation) at instruction 3924
2026-10-10T19:48:40.115474+00:00 DEBUG aya_obj::relocation: callee is `honk_normalize_process_step`
2026-10-10T19:48:40.115475+00:00 DEBUG aya_obj::relocation: callee `honk_normalize_process_step` is at ins 3998, 73 from current instruction 3924
2026-10-10T19:48:40.115476+00:00 DEBUG aya_obj::relocation: relocating call to callee address 0x488 in section 2 (relocation) at instruction 3932
2026-10-10T19:48:40.115477+00:00 DEBUG aya_obj::relocation: callee is `honk_normalize_process_step`
2026-10-10T19:48:40.115478+00:00 DEBUG aya_obj::relocation: callee `honk_normalize_process_step` is at ins 3998, 65 from current instruction 3932
2026-10-10T19:48:40.115479+00:00 DEBUG aya_obj::relocation: relocating call to callee address 0x488 in section 2 (relocation) at instruction 3940
2026-10-10T19:48:40.115480+00:00 DEBUG aya_obj::relocation: callee is `honk_normalize_process_step`
2026-10-10T19:48:40.115481+00:00 DEBUG aya_obj::relocation: callee `honk_normalize_process_step` is at ins 3998, 57 from current instruction 3940
2026-10-10T19:48:40.115482+00:00 DEBUG aya_obj::relocation: relocating call to callee address 0x488 in section 2 (relocation) at instruction 3948
2026-10-10T19:48:40.115483+00:00 DEBUG aya_obj::relocation: callee is `honk_normalize_process_step`
2026-10-10T19:48:40.115484+00:00 DEBUG aya_obj::relocation: callee `honk_normalize_process_step` is at ins 3998, 49 from current instruction 3948
2026-10-10T19:48:40.115485+00:00 DEBUG aya_obj::relocation: relocating call to callee address 0x488 in section 2 (relocation) at instruction 3956
2026-10-10T19:48:40.115486+00:00 DEBUG aya_obj::relocation: callee is `honk_normalize_process_step`
2026-10-10T19:48:40.115487+00:00 DEBUG aya_obj::relocation: callee `honk_normalize_process_step` is at ins 3998, 41 from current instruction 3956
2026-10-10T19:48:40.115488+00:00 DEBUG aya_obj::relocation: relocating call to callee address 0x488 in section 2 (relocation) at instruction 3964
2026-10-10T19:48:40.115490+00:00 DEBUG aya_obj::relocation: callee is `honk_normalize_process_step`
2026-10-10T19:48:40.115491+00:00 DEBUG aya_obj::relocation: callee `honk_normalize_process_step` is at ins 3998, 33 from current instruction 3964
2026-10-10T19:48:40.115492+00:00 DEBUG aya_obj::relocation: relocating call to callee address 0x488 in section 2 (relocation) at instruction 3972
2026-10-10T19:48:40.115493+00:00 DEBUG aya_obj::relocation: callee is `honk_normalize_process_step`
2026-10-10T19:48:40.115494+00:00 DEBUG aya_obj::relocation: callee `honk_normalize_process_step` is at ins 3998, 25 from current instruction 3972
2026-10-10T19:48:40.115496+00:00 DEBUG aya_obj::relocation: relocating call to callee address 0x488 in section 2 (relocation) at instruction 3980
2026-10-10T19:48:40.115497+00:00 DEBUG aya_obj::relocation: callee is `honk_normalize_process_step`
2026-10-10T19:48:40.115497+00:00 DEBUG aya_obj::relocation: callee `honk_normalize_process_step` is at ins 3998, 17 from current instruction 3980
2026-10-10T19:48:40.115499+00:00 DEBUG aya_obj::relocation: relocating call to callee address 0x488 in section 2 (relocation) at instruction 3988
2026-10-10T19:48:40.115500+00:00 DEBUG aya_obj::relocation: callee is `honk_normalize_process_step`
2026-10-10T19:48:40.115501+00:00 DEBUG aya_obj::relocation: callee `honk_normalize_process_step` is at ins 3998, 9 from current instruction 3988
2026-10-10T19:48:40.115502+00:00 DEBUG aya_obj::relocation: relocating call to callee address 0x488 in section 2 (relocation) at instruction 3996
2026-10-10T19:48:40.115503+00:00 DEBUG aya_obj::relocation: callee is `honk_normalize_process_step`
2026-10-10T19:48:40.115504+00:00 DEBUG aya_obj::relocation: callee `honk_normalize_process_step` is at ins 3998, 1 from current instruction 3996
2026-10-10T19:48:40.115505+00:00 DEBUG aya_obj::relocation: finished relocating program `wan_egress_l2` function `honk_normalize_process_name`
2026-10-10T19:48:40.115506+00:00 DEBUG aya_obj::relocation: callee `honk_normalize_process_name` is at ins 3853, 2516 from current instruction 1336
2026-10-10T19:48:40.115507+00:00 DEBUG aya_obj::relocation: relocating call to callee address 0x1070 in section 2 (relocation) at instruction 1367
2026-10-10T19:48:40.115508+00:00 DEBUG aya_obj::relocation: callee is `honk_route_slot1`
2026-10-10T19:48:40.115509+00:00 DEBUG aya_obj::relocation: linked function `honk_route_slot1` at instruction 4315
2026-10-10T19:48:40.115510+00:00 DEBUG aya_obj::relocation: relocating program `wan_egress_l2` function `honk_route_slot1` size 64
2026-10-10T19:48:40.115512+00:00 DEBUG aya_obj::relocation: finished relocating program `wan_egress_l2` function `honk_route_slot1`
2026-10-10T19:48:40.115513+00:00 DEBUG aya_obj::relocation: callee `honk_route_slot1` is at ins 4315, 2947 from current instruction 1367
2026-10-10T19:48:40.115514+00:00 DEBUG aya_obj::relocation: relocating call to callee address 0xe70 in section 2 (relocation) at instruction 1371
2026-10-10T19:48:40.115515+00:00 DEBUG aya_obj::relocation: callee is `honk_route_slot0`
2026-10-10T19:48:40.115516+00:00 DEBUG aya_obj::relocation: linked function `honk_route_slot0` at instruction 4379
2026-10-10T19:48:40.115517+00:00 DEBUG aya_obj::relocation: relocating program `wan_egress_l2` function `honk_route_slot0` size 64
2026-10-10T19:48:40.115519+00:00 DEBUG aya_obj::relocation: finished relocating program `wan_egress_l2` function `honk_route_slot0`
2026-10-10T19:48:40.115520+00:00 DEBUG aya_obj::relocation: callee `honk_route_slot0` is at ins 4379, 3007 from current instruction 1371
2026-10-10T19:48:40.115523+00:00 DEBUG aya_obj::relocation: relocating call to callee address 0x14b8 in section 2 (relocation) at instruction 1517
2026-10-10T19:48:40.115524+00:00 DEBUG aya_obj::relocation: callee is `memset`
2026-10-10T19:48:40.115525+00:00 DEBUG aya_obj::relocation: callee `memset` is at ins 3360, 1842 from current instruction 1517
2026-10-10T19:48:40.115527+00:00 DEBUG aya_obj::relocation: relocating call to callee address 0xdc58 in section 2 (relocation) at instruction 1601
2026-10-10T19:48:40.115529+00:00 DEBUG aya_obj::relocation: callee is `_RNvNtCs2GI6VrNTxWR_9honk_ebpf8contrack15___mark_tcp_seen`
2026-10-10T19:48:40.115530+00:00 DEBUG aya_obj::relocation: callee `_RNvNtCs2GI6VrNTxWR_9honk_ebpf8contrack15___mark_tcp_seen` is at ins 3393, 1791 from current instruction 1601
2026-10-10T19:48:40.115533+00:00 DEBUG aya_obj::relocation: relocating call to callee address 0x14b8 in section 2 (relocation) at instruction 1728
2026-10-10T19:48:40.115534+00:00 DEBUG aya_obj::relocation: callee is `memset`
2026-10-10T19:48:40.115535+00:00 DEBUG aya_obj::relocation: callee `memset` is at ins 3360, 1631 from current instruction 1728
2026-10-10T19:48:40.115537+00:00 DEBUG aya_obj::relocation: relocating call to callee address 0x14b8 in section 2 (relocation) at instruction 1823
2026-10-10T19:48:40.115538+00:00 DEBUG aya_obj::relocation: callee is `memset`
2026-10-10T19:48:40.115539+00:00 DEBUG aya_obj::relocation: callee `memset` is at ins 3360, 1536 from current instruction 1823
2026-10-10T19:48:40.115540+00:00 DEBUG aya_obj::relocation: relocating call to callee address 0x0 in section 2 (relocation) at instruction 1861
2026-10-10T19:48:40.115542+00:00 DEBUG aya_obj::relocation: callee is `honk_normalize_process_name`
2026-10-10T19:48:40.115542+00:00 DEBUG aya_obj::relocation: callee `honk_normalize_process_name` is at ins 3853, 1991 from current instruction 1861
2026-10-10T19:48:40.115544+00:00 DEBUG aya_obj::relocation: relocating call to callee address 0x1070 in section 2 (relocation) at instruction 1892
2026-10-10T19:48:40.115545+00:00 DEBUG aya_obj::relocation: callee is `honk_route_slot1`
2026-10-10T19:48:40.115546+00:00 DEBUG aya_obj::relocation: callee `honk_route_slot1` is at ins 4315, 2422 from current instruction 1892
2026-10-10T19:48:40.115547+00:00 DEBUG aya_obj::relocation: relocating call to callee address 0xe70 in section 2 (relocation) at instruction 1896
2026-10-10T19:48:40.115548+00:00 DEBUG aya_obj::relocation: callee is `honk_route_slot0`
2026-10-10T19:48:40.115549+00:00 DEBUG aya_obj::relocation: callee `honk_route_slot0` is at ins 4379, 2482 from current instruction 1896
2026-10-10T19:48:40.115553+00:00 DEBUG aya_obj::relocation: relocating call to callee address 0x14b8 in section 2 (relocation) at instruction 2138
2026-10-10T19:48:40.115554+00:00 DEBUG aya_obj::relocation: callee is `memset`
2026-10-10T19:48:40.115555+00:00 DEBUG aya_obj::relocation: callee `memset` is at ins 3360, 1221 from current instruction 2138
2026-10-10T19:48:40.115557+00:00 DEBUG aya_obj::relocation: relocating call to callee address 0x14b8 in section 2 (relocation) at instruction 2235
2026-10-10T19:48:40.115559+00:00 DEBUG aya_obj::relocation: callee is `memset`
2026-10-10T19:48:40.115559+00:00 DEBUG aya_obj::relocation: callee `memset` is at ins 3360, 1124 from current instruction 2235
2026-10-10T19:48:40.115563+00:00 DEBUG aya_obj::relocation: relocating call to callee address 0x14b8 in section 2 (relocation) at instruction 2375
2026-10-10T19:48:40.115564+00:00 DEBUG aya_obj::relocation: callee is `memset`
2026-10-10T19:48:40.115564+00:00 DEBUG aya_obj::relocation: callee `memset` is at ins 3360, 984 from current instruction 2375
2026-10-10T19:48:40.115567+00:00 DEBUG aya_obj::relocation: relocating call to callee address 0x10288 in section 2 (relocation) at instruction 2437
2026-10-10T19:48:40.115568+00:00 DEBUG aya_obj::relocation: callee is `_RNvNtCs2GI6VrNTxWR_9honk_ebpf8contrack15___mark_udp_seen`
2026-10-10T19:48:40.115569+00:00 DEBUG aya_obj::relocation: linked function `_RNvNtCs2GI6VrNTxWR_9honk_ebpf8contrack15___mark_udp_seen` at instruction 4443
2026-10-10T19:48:40.115570+00:00 DEBUG aya_obj::relocation: relocating program `wan_egress_l2` function `_RNvNtCs2GI6VrNTxWR_9honk_ebpf8contrack15___mark_udp_seen` size 401
2026-10-10T19:48:40.115573+00:00 DEBUG aya_obj::relocation: relocating call to callee address 0x14b8 in section 2 (relocation) at instruction 4574
2026-10-10T19:48:40.115574+00:00 DEBUG aya_obj::relocation: callee is `memset`
2026-10-10T19:48:40.115575+00:00 DEBUG aya_obj::relocation: callee `memset` is at ins 3360, -1215 from current instruction 4574
2026-10-10T19:48:40.115576+00:00 DEBUG aya_obj::relocation: relocating call to callee address 0x14b8 in section 2 (relocation) at instruction 4579
2026-10-10T19:48:40.115578+00:00 DEBUG aya_obj::relocation: callee is `memset`
2026-10-10T19:48:40.115578+00:00 DEBUG aya_obj::relocation: callee `memset` is at ins 3360, -1220 from current instruction 4579
2026-10-10T19:48:40.115580+00:00 DEBUG aya_obj::relocation: relocating call to callee address 0x14b8 in section 2 (relocation) at instruction 4666
2026-10-10T19:48:40.115581+00:00 DEBUG aya_obj::relocation: callee is `memset`
2026-10-10T19:48:40.115582+00:00 DEBUG aya_obj::relocation: callee `memset` is at ins 3360, -1307 from current instruction 4666
2026-10-10T19:48:40.115584+00:00 DEBUG aya_obj::relocation: relocating call to callee address 0x14b8 in section 2 (relocation) at instruction 4736
2026-10-10T19:48:40.115585+00:00 DEBUG aya_obj::relocation: callee is `memset`
2026-10-10T19:48:40.115586+00:00 DEBUG aya_obj::relocation: callee `memset` is at ins 3360, -1377 from current instruction 4736
2026-10-10T19:48:40.115588+00:00 DEBUG aya_obj::relocation: finished relocating program `wan_egress_l2` function `_RNvNtCs2GI6VrNTxWR_9honk_ebpf8contrack15___mark_udp_seen`
2026-10-10T19:48:40.115589+00:00 DEBUG aya_obj::relocation: callee `_RNvNtCs2GI6VrNTxWR_9honk_ebpf8contrack15___mark_udp_seen` is at ins 4443, 2005 from current instruction 2437
2026-10-10T19:48:40.115593+00:00 DEBUG aya_obj::relocation: relocating call to callee address 0x14b8 in section 2 (relocation) at instruction 2593
2026-10-10T19:48:40.115594+00:00 DEBUG aya_obj::relocation: callee is `memset`
2026-10-10T19:48:40.115595+00:00 DEBUG aya_obj::relocation: callee `memset` is at ins 3360, 766 from current instruction 2593
2026-10-10T19:48:40.115598+00:00 DEBUG aya_obj::relocation: relocating call to callee address 0x14b8 in section 2 (relocation) at instruction 2791
2026-10-10T19:48:40.115600+00:00 DEBUG aya_obj::relocation: callee is `memset`
2026-10-10T19:48:40.115600+00:00 DEBUG aya_obj::relocation: callee `memset` is at ins 3360, 568 from current instruction 2791
2026-10-10T19:48:40.115604+00:00 DEBUG aya_obj::relocation: relocating call to callee address 0x14b8 in section 2 (relocation) at instruction 2958
2026-10-10T19:48:40.115605+00:00 DEBUG aya_obj::relocation: callee is `memset`
2026-10-10T19:48:40.115606+00:00 DEBUG aya_obj::relocation: callee `memset` is at ins 3360, 401 from current instruction 2958
2026-10-10T19:48:40.115608+00:00 DEBUG aya_obj::relocation: relocating call to callee address 0x14b8 in section 2 (relocation) at instruction 3062
2026-10-10T19:48:40.115609+00:00 DEBUG aya_obj::relocation: callee is `memset`
2026-10-10T19:48:40.115610+00:00 DEBUG aya_obj::relocation: callee `memset` is at ins 3360, 297 from current instruction 3062
2026-10-10T19:48:40.115614+00:00 DEBUG aya_obj::relocation: relocating call to callee address 0x14b8 in section 2 (relocation) at instruction 3276
2026-10-10T19:48:40.115615+00:00 DEBUG aya_obj::relocation: callee is `memset`
2026-10-10T19:48:40.115616+00:00 DEBUG aya_obj::relocation: callee `memset` is at ins 3360, 83 from current instruction 3276
2026-10-10T19:48:40.115618+00:00 DEBUG aya_obj::relocation: finished relocating program `wan_egress_l2` function `wan_egress_l2`
2026-10-10T19:48:40.115620+00:00 DEBUG aya_obj::relocation: relocating program `honk_udp_receive_exit` function `honk_udp_receive_exit` size 88
2026-10-10T19:48:40.115622+00:00 DEBUG aya_obj::relocation: finished relocating program `honk_udp_receive_exit` function `honk_udp_receive_exit`
2026-10-10T19:48:40.115623+00:00 DEBUG aya_obj::relocation: relocating program `tproxy_wan_cg_sock_create` function `tproxy_wan_cg_sock_create` size 185
2026-10-10T19:48:40.115625+00:00 DEBUG aya_obj::relocation: relocating call to callee address 0x14b8 in section 2 (relocation) at instruction 23
2026-10-10T19:48:40.115626+00:00 DEBUG aya_obj::relocation: callee is `memset`
2026-10-10T19:48:40.115627+00:00 DEBUG aya_obj::relocation: linked function `memset` at instruction 185
2026-10-10T19:48:40.115630+00:00 DEBUG aya_obj::relocation: relocating program `tproxy_wan_cg_sock_create` function `memset` size 8
2026-10-10T19:48:40.115631+00:00 DEBUG aya_obj::relocation: finished relocating program `tproxy_wan_cg_sock_create` function `memset`
2026-10-10T19:48:40.115632+00:00 DEBUG aya_obj::relocation: callee `memset` is at ins 185, 161 from current instruction 23
2026-10-10T19:48:40.115634+00:00 DEBUG aya_obj::relocation: relocating call to callee address 0x14b8 in section 2 (relocation) at instruction 80
2026-10-10T19:48:40.115635+00:00 DEBUG aya_obj::relocation: callee is `memset`
2026-10-10T19:48:40.115636+00:00 DEBUG aya_obj::relocation: callee `memset` is at ins 185, 104 from current instruction 80
2026-10-10T19:48:40.115637+00:00 DEBUG aya_obj::relocation: relocating reference to callee address 0x1320 in section 2 (relocation) at instruction 93
2026-10-10T19:48:40.115638+00:00 DEBUG aya_obj::relocation: callee is `_RNvNtCs2GI6VrNTxWR_9honk_ebpf12process_name13find_basename`
2026-10-10T19:48:40.115639+00:00 DEBUG aya_obj::relocation: linked function `_RNvNtCs2GI6VrNTxWR_9honk_ebpf12process_name13find_basename` at instruction 193
2026-10-10T19:48:40.115640+00:00 DEBUG aya_obj::relocation: relocating program `tproxy_wan_cg_sock_create` function `_RNvNtCs2GI6VrNTxWR_9honk_ebpf12process_name13find_basename` size 15
2026-10-10T19:48:40.115641+00:00 DEBUG aya_obj::relocation: finished relocating program `tproxy_wan_cg_sock_create` function `_RNvNtCs2GI6VrNTxWR_9honk_ebpf12process_name13find_basename`
2026-10-10T19:48:40.115642+00:00 DEBUG aya_obj::relocation: callee `_RNvNtCs2GI6VrNTxWR_9honk_ebpf12process_name13find_basename` is at ins 193, 99 from current instruction 93
2026-10-10T19:48:40.115644+00:00 DEBUG aya_obj::relocation: relocating call to callee address 0x14b8 in section 2 (relocation) at instruction 131
2026-10-10T19:48:40.115645+00:00 DEBUG aya_obj::relocation: callee is `memset`
2026-10-10T19:48:40.115646+00:00 DEBUG aya_obj::relocation: callee `memset` is at ins 185, 53 from current instruction 131
2026-10-10T19:48:40.115648+00:00 DEBUG aya_obj::relocation: finished relocating program `tproxy_wan_cg_sock_create` function `tproxy_wan_cg_sock_create`
2026-10-10T19:48:40.115649+00:00 DEBUG aya_obj::relocation: relocating program `tproxy_wan_cg_connect6` function `tproxy_wan_cg_connect6` size 185
2026-10-10T19:48:40.115650+00:00 DEBUG aya_obj::relocation: relocating call to callee address 0x14b8 in section 2 (relocation) at instruction 23
2026-10-10T19:48:40.115652+00:00 DEBUG aya_obj::relocation: callee is `memset`
2026-10-10T19:48:40.115653+00:00 DEBUG aya_obj::relocation: linked function `memset` at instruction 185
2026-10-10T19:48:40.115654+00:00 DEBUG aya_obj::relocation: relocating program `tproxy_wan_cg_connect6` function `memset` size 8
2026-10-10T19:48:40.115655+00:00 DEBUG aya_obj::relocation: finished relocating program `tproxy_wan_cg_connect6` function `memset`
2026-10-10T19:48:40.115656+00:00 DEBUG aya_obj::relocation: callee `memset` is at ins 185, 161 from current instruction 23
2026-10-10T19:48:40.115658+00:00 DEBUG aya_obj::relocation: relocating call to callee address 0x14b8 in section 2 (relocation) at instruction 80
2026-10-10T19:48:40.115659+00:00 DEBUG aya_obj::relocation: callee is `memset`
2026-10-10T19:48:40.115660+00:00 DEBUG aya_obj::relocation: callee `memset` is at ins 185, 104 from current instruction 80
2026-10-10T19:48:40.115661+00:00 DEBUG aya_obj::relocation: relocating reference to callee address 0x1320 in section 2 (relocation) at instruction 93
2026-10-10T19:48:40.115662+00:00 DEBUG aya_obj::relocation: callee is `_RNvNtCs2GI6VrNTxWR_9honk_ebpf12process_name13find_basename`
2026-10-10T19:48:40.115663+00:00 DEBUG aya_obj::relocation: linked function `_RNvNtCs2GI6VrNTxWR_9honk_ebpf12process_name13find_basename` at instruction 193
2026-10-10T19:48:40.115664+00:00 DEBUG aya_obj::relocation: relocating program `tproxy_wan_cg_connect6` function `_RNvNtCs2GI6VrNTxWR_9honk_ebpf12process_name13find_basename` size 15
2026-10-10T19:48:40.115666+00:00 DEBUG aya_obj::relocation: finished relocating program `tproxy_wan_cg_connect6` function `_RNvNtCs2GI6VrNTxWR_9honk_ebpf12process_name13find_basename`
2026-10-10T19:48:40.115667+00:00 DEBUG aya_obj::relocation: callee `_RNvNtCs2GI6VrNTxWR_9honk_ebpf12process_name13find_basename` is at ins 193, 99 from current instruction 93
2026-10-10T19:48:40.115669+00:00 DEBUG aya_obj::relocation: relocating call to callee address 0x14b8 in section 2 (relocation) at instruction 131
2026-10-10T19:48:40.115670+00:00 DEBUG aya_obj::relocation: callee is `memset`
2026-10-10T19:48:40.115671+00:00 DEBUG aya_obj::relocation: callee `memset` is at ins 185, 53 from current instruction 131
2026-10-10T19:48:40.115673+00:00 DEBUG aya_obj::relocation: finished relocating program `tproxy_wan_cg_connect6` function `tproxy_wan_cg_connect6`
2026-10-10T19:48:40.115674+00:00 DEBUG aya_obj::relocation: relocating program `honk_udp_receive_enter` function `honk_udp_receive_enter` size 55
2026-10-10T19:48:40.115676+00:00 DEBUG aya_obj::relocation: finished relocating program `honk_udp_receive_enter` function `honk_udp_receive_enter`
2026-10-10T19:48:40.115677+00:00 DEBUG aya_obj::relocation: relocating program `tproxy_wan_cg_sendmsg4_comm` function `tproxy_wan_cg_sendmsg4_comm` size 108
2026-10-10T19:48:40.115678+00:00 DEBUG aya_obj::relocation: relocating call to callee address 0x14b8 in section 2 (relocation) at instruction 24
2026-10-10T19:48:40.115679+00:00 DEBUG aya_obj::relocation: callee is `memset`
2026-10-10T19:48:40.115680+00:00 DEBUG aya_obj::relocation: linked function `memset` at instruction 108
2026-10-10T19:48:40.115681+00:00 DEBUG aya_obj::relocation: relocating program `tproxy_wan_cg_sendmsg4_comm` function `memset` size 8
2026-10-10T19:48:40.115683+00:00 DEBUG aya_obj::relocation: finished relocating program `tproxy_wan_cg_sendmsg4_comm` function `memset`
2026-10-10T19:48:40.115684+00:00 DEBUG aya_obj::relocation: callee `memset` is at ins 108, 83 from current instruction 24
2026-10-10T19:48:40.115685+00:00 DEBUG aya_obj::relocation: relocating call to callee address 0x14b8 in section 2 (relocation) at instruction 61
2026-10-10T19:48:40.115686+00:00 DEBUG aya_obj::relocation: callee is `memset`
2026-10-10T19:48:40.115687+00:00 DEBUG aya_obj::relocation: callee `memset` is at ins 108, 46 from current instruction 61
2026-10-10T19:48:40.115688+00:00 DEBUG aya_obj::relocation: finished relocating program `tproxy_wan_cg_sendmsg4_comm` function `tproxy_wan_cg_sendmsg4_comm`
2026-10-10T19:48:40.115690+00:00 DEBUG aya_obj::relocation: relocating program `dae0_ingress` function `dae0_ingress` size 6
2026-10-10T19:48:40.115691+00:00 DEBUG aya_obj::relocation: relocating call to callee address 0x14f8 in section 2 (relocation) at instruction 3
2026-10-10T19:48:40.115692+00:00 DEBUG aya_obj::relocation: callee is `_RNvNtCs2GI6VrNTxWR_9honk_ebpf7ingress22do_tproxy_dae0_ingress`
2026-10-10T19:48:40.115693+00:00 DEBUG aya_obj::relocation: linked function `_RNvNtCs2GI6VrNTxWR_9honk_ebpf7ingress22do_tproxy_dae0_ingress` at instruction 6
2026-10-10T19:48:40.115695+00:00 DEBUG aya_obj::relocation: relocating program `dae0_ingress` function `_RNvNtCs2GI6VrNTxWR_9honk_ebpf7ingress22do_tproxy_dae0_ingress` size 739
2026-10-10T19:48:40.115696+00:00 DEBUG aya_obj::relocation: relocating call to callee address 0x14b8 in section 2 (relocation) at instruction 38
2026-10-10T19:48:40.115697+00:00 DEBUG aya_obj::relocation: callee is `memset`
2026-10-10T19:48:40.115699+00:00 DEBUG aya_obj::relocation: linked function `memset` at instruction 745
2026-10-10T19:48:40.115700+00:00 DEBUG aya_obj::relocation: relocating program `dae0_ingress` function `memset` size 8
2026-10-10T19:48:40.115701+00:00 DEBUG aya_obj::relocation: finished relocating program `dae0_ingress` function `memset`
2026-10-10T19:48:40.115702+00:00 DEBUG aya_obj::relocation: callee `memset` is at ins 745, 706 from current instruction 38
2026-10-10T19:48:40.115704+00:00 DEBUG aya_obj::relocation: relocating call to callee address 0x14b8 in section 2 (relocation) at instruction 92
2026-10-10T19:48:40.115706+00:00 DEBUG aya_obj::relocation: callee is `memset`
2026-10-10T19:48:40.115707+00:00 DEBUG aya_obj::relocation: callee `memset` is at ins 745, 652 from current instruction 92
2026-10-10T19:48:40.115709+00:00 DEBUG aya_obj::relocation: relocating call to callee address 0x13f0 in section 2 (relocation) at instruction 253
2026-10-10T19:48:40.115711+00:00 DEBUG aya_obj::relocation: callee is `memmove`
2026-10-10T19:48:40.115711+00:00 DEBUG aya_obj::relocation: linked function `memmove` at instruction 753
2026-10-10T19:48:40.115712+00:00 DEBUG aya_obj::relocation: relocating program `dae0_ingress` function `memmove` size 25
2026-10-10T19:48:40.115714+00:00 DEBUG aya_obj::relocation: finished relocating program `dae0_ingress` function `memmove`
2026-10-10T19:48:40.115715+00:00 DEBUG aya_obj::relocation: callee `memmove` is at ins 753, 499 from current instruction 253
2026-10-10T19:48:40.115716+00:00 DEBUG aya_obj::relocation: relocating call to callee address 0x13f0 in section 2 (relocation) at instruction 321
2026-10-10T19:48:40.115717+00:00 DEBUG aya_obj::relocation: callee is `memmove`
2026-10-10T19:48:40.115718+00:00 DEBUG aya_obj::relocation: callee `memmove` is at ins 753, 431 from current instruction 321
2026-10-10T19:48:40.115720+00:00 DEBUG aya_obj::relocation: relocating call to callee address 0x13f0 in section 2 (relocation) at instruction 354
2026-10-10T19:48:40.115721+00:00 DEBUG aya_obj::relocation: callee is `memmove`
2026-10-10T19:48:40.115722+00:00 DEBUG aya_obj::relocation: callee `memmove` is at ins 753, 398 from current instruction 354
2026-10-10T19:48:40.115723+00:00 DEBUG aya_obj::relocation: relocating call to callee address 0x13f0 in section 2 (relocation) at instruction 391
2026-10-10T19:48:40.115724+00:00 DEBUG aya_obj::relocation: callee is `memmove`
2026-10-10T19:48:40.115725+00:00 DEBUG aya_obj::relocation: callee `memmove` is at ins 753, 361 from current instruction 391
2026-10-10T19:48:40.115727+00:00 DEBUG aya_obj::relocation: relocating call to callee address 0x13f0 in section 2 (relocation) at instruction 489
2026-10-10T19:48:40.115728+00:00 DEBUG aya_obj::relocation: callee is `memmove`
2026-10-10T19:48:40.115729+00:00 DEBUG aya_obj::relocation: callee `memmove` is at ins 753, 263 from current instruction 489
2026-10-10T19:48:40.115730+00:00 DEBUG aya_obj::relocation: relocating call to callee address 0x13f0 in section 2 (relocation) at instruction 496
2026-10-10T19:48:40.115731+00:00 DEBUG aya_obj::relocation: callee is `memmove`
2026-10-10T19:48:40.115732+00:00 DEBUG aya_obj::relocation: callee `memmove` is at ins 753, 256 from current instruction 496
2026-10-10T19:48:40.115733+00:00 DEBUG aya_obj::relocation: relocating call to callee address 0x14b8 in section 2 (relocation) at instruction 520
2026-10-10T19:48:40.115734+00:00 DEBUG aya_obj::relocation: callee is `memset`
2026-10-10T19:48:40.115735+00:00 DEBUG aya_obj::relocation: callee `memset` is at ins 745, 224 from current instruction 520
2026-10-10T19:48:40.115736+00:00 DEBUG aya_obj::relocation: relocating call to callee address 0x13f0 in section 2 (relocation) at instruction 555
2026-10-10T19:48:40.115737+00:00 DEBUG aya_obj::relocation: callee is `memmove`
2026-10-10T19:48:40.115738+00:00 DEBUG aya_obj::relocation: callee `memmove` is at ins 753, 197 from current instruction 555
2026-10-10T19:48:40.115739+00:00 DEBUG aya_obj::relocation: relocating call to callee address 0x13f0 in section 2 (relocation) at instruction 560
2026-10-10T19:48:40.115740+00:00 DEBUG aya_obj::relocation: callee is `memmove`
2026-10-10T19:48:40.115741+00:00 DEBUG aya_obj::relocation: callee `memmove` is at ins 753, 192 from current instruction 560
2026-10-10T19:48:40.115743+00:00 DEBUG aya_obj::relocation: relocating call to callee address 0x14b8 in section 2 (relocation) at instruction 606
2026-10-10T19:48:40.115744+00:00 DEBUG aya_obj::relocation: callee is `memset`
2026-10-10T19:48:40.115745+00:00 DEBUG aya_obj::relocation: callee `memset` is at ins 745, 138 from current instruction 606
2026-10-10T19:48:40.115747+00:00 DEBUG aya_obj::relocation: relocating call to callee address 0x14b8 in section 2 (relocation) at instruction 736
2026-10-10T19:48:40.115749+00:00 DEBUG aya_obj::relocation: callee is `memset`
2026-10-10T19:48:40.115750+00:00 DEBUG aya_obj::relocation: callee `memset` is at ins 745, 8 from current instruction 736
2026-10-10T19:48:40.115751+00:00 DEBUG aya_obj::relocation: finished relocating program `dae0_ingress` function `_RNvNtCs2GI6VrNTxWR_9honk_ebpf7ingress22do_tproxy_dae0_ingress`
2026-10-10T19:48:40.115752+00:00 DEBUG aya_obj::relocation: callee `_RNvNtCs2GI6VrNTxWR_9honk_ebpf7ingress22do_tproxy_dae0_ingress` is at ins 6, 2 from current instruction 3
2026-10-10T19:48:40.115753+00:00 DEBUG aya_obj::relocation: finished relocating program `dae0_ingress` function `dae0_ingress`
2026-10-10T19:48:40.115756+00:00 DEBUG aya_obj::relocation: relocating program `wan_egress_l3` function `wan_egress_l3` size 3320
2026-10-10T19:48:40.115758+00:00 DEBUG aya_obj::relocation: relocating call to callee address 0x14b8 in section 2 (relocation) at instruction 31
2026-10-10T19:48:40.115759+00:00 DEBUG aya_obj::relocation: callee is `memset`
2026-10-10T19:48:40.115761+00:00 DEBUG aya_obj::relocation: linked function `memset` at instruction 3320
2026-10-10T19:48:40.115763+00:00 DEBUG aya_obj::relocation: relocating program `wan_egress_l3` function `memset` size 8
2026-10-10T19:48:40.115764+00:00 DEBUG aya_obj::relocation: finished relocating program `wan_egress_l3` function `memset`
2026-10-10T19:48:40.115765+00:00 DEBUG aya_obj::relocation: callee `memset` is at ins 3320, 3288 from current instruction 31
2026-10-10T19:48:40.115766+00:00 DEBUG aya_obj::relocation: relocating call to callee address 0x14b8 in section 2 (relocation) at instruction 46
2026-10-10T19:48:40.115767+00:00 DEBUG aya_obj::relocation: callee is `memset`
2026-10-10T19:48:40.115768+00:00 DEBUG aya_obj::relocation: callee `memset` is at ins 3320, 3273 from current instruction 46
2026-10-10T19:48:40.115769+00:00 DEBUG aya_obj::relocation: relocating call to callee address 0x14b8 in section 2 (relocation) at instruction 55
2026-10-10T19:48:40.115770+00:00 DEBUG aya_obj::relocation: callee is `memset`
2026-10-10T19:48:40.115771+00:00 DEBUG aya_obj::relocation: callee `memset` is at ins 3320, 3264 from current instruction 55
2026-10-10T19:48:40.115774+00:00 DEBUG aya_obj::relocation: relocating call to callee address 0x13f0 in section 2 (relocation) at instruction 216
2026-10-10T19:48:40.115775+00:00 DEBUG aya_obj::relocation: callee is `memmove`
2026-10-10T19:48:40.115776+00:00 DEBUG aya_obj::relocation: linked function `memmove` at instruction 3328
2026-10-10T19:48:40.115777+00:00 DEBUG aya_obj::relocation: relocating program `wan_egress_l3` function `memmove` size 25
2026-10-10T19:48:40.115778+00:00 DEBUG aya_obj::relocation: finished relocating program `wan_egress_l3` function `memmove`
2026-10-10T19:48:40.115779+00:00 DEBUG aya_obj::relocation: callee `memmove` is at ins 3328, 3111 from current instruction 216
2026-10-10T19:48:40.115781+00:00 DEBUG aya_obj::relocation: relocating call to callee address 0x13f0 in section 2 (relocation) at instruction 281
2026-10-10T19:48:40.115782+00:00 DEBUG aya_obj::relocation: callee is `memmove`
2026-10-10T19:48:40.115783+00:00 DEBUG aya_obj::relocation: callee `memmove` is at ins 3328, 3046 from current instruction 281
2026-10-10T19:48:40.115785+00:00 DEBUG aya_obj::relocation: relocating call to callee address 0x13f0 in section 2 (relocation) at instruction 315
2026-10-10T19:48:40.115786+00:00 DEBUG aya_obj::relocation: callee is `memmove`
2026-10-10T19:48:40.115787+00:00 DEBUG aya_obj::relocation: callee `memmove` is at ins 3328, 3012 from current instruction 315
2026-10-10T19:48:40.115788+00:00 DEBUG aya_obj::relocation: relocating call to callee address 0x13f0 in section 2 (relocation) at instruction 343
2026-10-10T19:48:40.115789+00:00 DEBUG aya_obj::relocation: callee is `memmove`
2026-10-10T19:48:40.115790+00:00 DEBUG aya_obj::relocation: callee `memmove` is at ins 3328, 2984 from current instruction 343
2026-10-10T19:48:40.115793+00:00 DEBUG aya_obj::relocation: relocating call to callee address 0x13f0 in section 2 (relocation) at instruction 442
2026-10-10T19:48:40.115794+00:00 DEBUG aya_obj::relocation: callee is `memmove`
2026-10-10T19:48:40.115795+00:00 DEBUG aya_obj::relocation: callee `memmove` is at ins 3328, 2885 from current instruction 442
2026-10-10T19:48:40.115796+00:00 DEBUG aya_obj::relocation: relocating call to callee address 0x13f0 in section 2 (relocation) at instruction 449
2026-10-10T19:48:40.115798+00:00 DEBUG aya_obj::relocation: callee is `memmove`
2026-10-10T19:48:40.115798+00:00 DEBUG aya_obj::relocation: callee `memmove` is at ins 3328, 2878 from current instruction 449
2026-10-10T19:48:40.115800+00:00 DEBUG aya_obj::relocation: relocating call to callee address 0x14b8 in section 2 (relocation) at instruction 474
2026-10-10T19:48:40.115801+00:00 DEBUG aya_obj::relocation: callee is `memset`
2026-10-10T19:48:40.115802+00:00 DEBUG aya_obj::relocation: callee `memset` is at ins 3320, 2845 from current instruction 474
2026-10-10T19:48:40.115803+00:00 DEBUG aya_obj::relocation: relocating call to callee address 0x13f0 in section 2 (relocation) at instruction 509
2026-10-10T19:48:40.115804+00:00 DEBUG aya_obj::relocation: callee is `memmove`
2026-10-10T19:48:40.115805+00:00 DEBUG aya_obj::relocation: callee `memmove` is at ins 3328, 2818 from current instruction 509
2026-10-10T19:48:40.115806+00:00 DEBUG aya_obj::relocation: relocating call to callee address 0x13f0 in section 2 (relocation) at instruction 514
2026-10-10T19:48:40.115807+00:00 DEBUG aya_obj::relocation: callee is `memmove`
2026-10-10T19:48:40.115808+00:00 DEBUG aya_obj::relocation: callee `memmove` is at ins 3328, 2813 from current instruction 514
2026-10-10T19:48:40.115811+00:00 DEBUG aya_obj::relocation: relocating call to callee address 0x14b8 in section 2 (relocation) at instruction 678
2026-10-10T19:48:40.115812+00:00 DEBUG aya_obj::relocation: callee is `memset`
2026-10-10T19:48:40.115813+00:00 DEBUG aya_obj::relocation: callee `memset` is at ins 3320, 2641 from current instruction 678
2026-10-10T19:48:40.115815+00:00 DEBUG aya_obj::relocation: relocating call to callee address 0x14b8 in section 2 (relocation) at instruction 693
2026-10-10T19:48:40.115816+00:00 DEBUG aya_obj::relocation: callee is `memset`
2026-10-10T19:48:40.115816+00:00 DEBUG aya_obj::relocation: callee `memset` is at ins 3320, 2626 from current instruction 693
2026-10-10T19:48:40.115818+00:00 DEBUG aya_obj::relocation: relocating call to callee address 0xdc58 in section 2 (relocation) at instruction 707
2026-10-10T19:48:40.115819+00:00 DEBUG aya_obj::relocation: callee is `_RNvNtCs2GI6VrNTxWR_9honk_ebpf8contrack15___mark_tcp_seen`
2026-10-10T19:48:40.115820+00:00 DEBUG aya_obj::relocation: linked function `_RNvNtCs2GI6VrNTxWR_9honk_ebpf8contrack15___mark_tcp_seen` at instruction 3353
2026-10-10T19:48:40.115821+00:00 DEBUG aya_obj::relocation: relocating program `wan_egress_l3` function `_RNvNtCs2GI6VrNTxWR_9honk_ebpf8contrack15___mark_tcp_seen` size 460
2026-10-10T19:48:40.115822+00:00 DEBUG aya_obj::relocation: relocating call to callee address 0x14b8 in section 2 (relocation) at instruction 3376
2026-10-10T19:48:40.115824+00:00 DEBUG aya_obj::relocation: callee is `memset`
2026-10-10T19:48:40.115824+00:00 DEBUG aya_obj::relocation: callee `memset` is at ins 3320, -57 from current instruction 3376
2026-10-10T19:48:40.115826+00:00 DEBUG aya_obj::relocation: relocating call to callee address 0x14b8 in section 2 (relocation) at instruction 3381
2026-10-10T19:48:40.115827+00:00 DEBUG aya_obj::relocation: callee is `memset`
2026-10-10T19:48:40.115827+00:00 DEBUG aya_obj::relocation: callee `memset` is at ins 3320, -62 from current instruction 3381
2026-10-10T19:48:40.115829+00:00 DEBUG aya_obj::relocation: relocating call to callee address 0x14b8 in section 2 (relocation) at instruction 3386
2026-10-10T19:48:40.115830+00:00 DEBUG aya_obj::relocation: callee is `memset`
2026-10-10T19:48:40.115831+00:00 DEBUG aya_obj::relocation: callee `memset` is at ins 3320, -67 from current instruction 3386
2026-10-10T19:48:40.115834+00:00 DEBUG aya_obj::relocation: relocating call to callee address 0x14b8 in section 2 (relocation) at instruction 3497
2026-10-10T19:48:40.115835+00:00 DEBUG aya_obj::relocation: callee is `memset`
2026-10-10T19:48:40.115835+00:00 DEBUG aya_obj::relocation: callee `memset` is at ins 3320, -178 from current instruction 3497
2026-10-10T19:48:40.115837+00:00 DEBUG aya_obj::relocation: relocating call to callee address 0x14b8 in section 2 (relocation) at instruction 3502
2026-10-10T19:48:40.115838+00:00 DEBUG aya_obj::relocation: callee is `memset`
2026-10-10T19:48:40.115838+00:00 DEBUG aya_obj::relocation: callee `memset` is at ins 3320, -183 from current instruction 3502
2026-10-10T19:48:40.115840+00:00 DEBUG aya_obj::relocation: relocating call to callee address 0x14b8 in section 2 (relocation) at instruction 3507
2026-10-10T19:48:40.115841+00:00 DEBUG aya_obj::relocation: callee is `memset`
2026-10-10T19:48:40.115841+00:00 DEBUG aya_obj::relocation: callee `memset` is at ins 3320, -188 from current instruction 3507
2026-10-10T19:48:40.115844+00:00 DEBUG aya_obj::relocation: relocating call to callee address 0x14b8 in section 2 (relocation) at instruction 3667
2026-10-10T19:48:40.115845+00:00 DEBUG aya_obj::relocation: callee is `memset`
2026-10-10T19:48:40.115846+00:00 DEBUG aya_obj::relocation: callee `memset` is at ins 3320, -348 from current instruction 3667
2026-10-10T19:48:40.115849+00:00 DEBUG aya_obj::relocation: finished relocating program `wan_egress_l3` function `_RNvNtCs2GI6VrNTxWR_9honk_ebpf8contrack15___mark_tcp_seen`
2026-10-10T19:48:40.115850+00:00 DEBUG aya_obj::relocation: callee `_RNvNtCs2GI6VrNTxWR_9honk_ebpf8contrack15___mark_tcp_seen` is at ins 3353, 2645 from current instruction 707
2026-10-10T19:48:40.115856+00:00 DEBUG aya_obj::relocation: relocating call to callee address 0x14b8 in section 2 (relocation) at instruction 1033
2026-10-10T19:48:40.115857+00:00 DEBUG aya_obj::relocation: callee is `memset`
2026-10-10T19:48:40.115861+00:00 DEBUG aya_obj::relocation: callee `memset` is at ins 3320, 2286 from current instruction 1033
2026-10-10T19:48:40.115864+00:00 DEBUG aya_obj::relocation: relocating call to callee address 0x14b8 in section 2 (relocation) at instruction 1114
2026-10-10T19:48:40.115865+00:00 DEBUG aya_obj::relocation: callee is `memset`
2026-10-10T19:48:40.115866+00:00 DEBUG aya_obj::relocation: callee `memset` is at ins 3320, 2205 from current instruction 1114
2026-10-10T19:48:40.115867+00:00 DEBUG aya_obj::relocation: relocating call to callee address 0x14b8 in section 2 (relocation) at instruction 1171
2026-10-10T19:48:40.115869+00:00 DEBUG aya_obj::relocation: callee is `memset`
2026-10-10T19:48:40.115869+00:00 DEBUG aya_obj::relocation: callee `memset` is at ins 3320, 2148 from current instruction 1171
2026-10-10T19:48:40.115871+00:00 DEBUG aya_obj::relocation: relocating call to callee address 0x14b8 in section 2 (relocation) at instruction 1215
2026-10-10T19:48:40.115872+00:00 DEBUG aya_obj::relocation: callee is `memset`
2026-10-10T19:48:40.115873+00:00 DEBUG aya_obj::relocation: callee `memset` is at ins 3320, 2104 from current instruction 1215
2026-10-10T19:48:40.115874+00:00 DEBUG aya_obj::relocation: relocating call to callee address 0x14b8 in section 2 (relocation) at instruction 1234
2026-10-10T19:48:40.115875+00:00 DEBUG aya_obj::relocation: callee is `memset`
2026-10-10T19:48:40.115876+00:00 DEBUG aya_obj::relocation: callee `memset` is at ins 3320, 2085 from current instruction 1234
2026-10-10T19:48:40.115878+00:00 DEBUG aya_obj::relocation: relocating call to callee address 0x14b8 in section 2 (relocation) at instruction 1294
2026-10-10T19:48:40.115879+00:00 DEBUG aya_obj::relocation: callee is `memset`
2026-10-10T19:48:40.115880+00:00 DEBUG aya_obj::relocation: callee `memset` is at ins 3320, 2025 from current instruction 1294
2026-10-10T19:48:40.115882+00:00 DEBUG aya_obj::relocation: relocating call to callee address 0x14b8 in section 2 (relocation) at instruction 1389
2026-10-10T19:48:40.115883+00:00 DEBUG aya_obj::relocation: callee is `memset`
2026-10-10T19:48:40.115885+00:00 DEBUG aya_obj::relocation: callee `memset` is at ins 3320, 1930 from current instruction 1389
2026-10-10T19:48:40.115888+00:00 DEBUG aya_obj::relocation: relocating call to callee address 0x14b8 in section 2 (relocation) at instruction 1482
2026-10-10T19:48:40.115890+00:00 DEBUG aya_obj::relocation: callee is `memset`
2026-10-10T19:48:40.115891+00:00 DEBUG aya_obj::relocation: callee `memset` is at ins 3320, 1837 from current instruction 1482
2026-10-10T19:48:40.115895+00:00 DEBUG aya_obj::relocation: relocating call to callee address 0x14b8 in section 2 (relocation) at instruction 1570
2026-10-10T19:48:40.115896+00:00 DEBUG aya_obj::relocation: callee is `memset`
2026-10-10T19:48:40.115897+00:00 DEBUG aya_obj::relocation: callee `memset` is at ins 3320, 1749 from current instruction 1570
2026-10-10T19:48:40.115899+00:00 DEBUG aya_obj::relocation: relocating call to callee address 0x0 in section 2 (relocation) at instruction 1575
2026-10-10T19:48:40.115900+00:00 DEBUG aya_obj::relocation: callee is `honk_normalize_process_name`
2026-10-10T19:48:40.115901+00:00 DEBUG aya_obj::relocation: linked function `honk_normalize_process_name` at instruction 3813
2026-10-10T19:48:40.115903+00:00 DEBUG aya_obj::relocation: relocating program `wan_egress_l3` function `honk_normalize_process_name` size 145
2026-10-10T19:48:40.115905+00:00 DEBUG aya_obj::relocation: relocating call to callee address 0x14b8 in section 2 (relocation) at instruction 3822
2026-10-10T19:48:40.115907+00:00 DEBUG aya_obj::relocation: callee is `memset`
2026-10-10T19:48:40.115908+00:00 DEBUG aya_obj::relocation: callee `memset` is at ins 3320, -503 from current instruction 3822
2026-10-10T19:48:40.115911+00:00 DEBUG aya_obj::relocation: relocating call to callee address 0x14b8 in section 2 (relocation) at instruction 3828
2026-10-10T19:48:40.115912+00:00 DEBUG aya_obj::relocation: callee is `memset`
2026-10-10T19:48:40.115913+00:00 DEBUG aya_obj::relocation: callee `memset` is at ins 3320, -509 from current instruction 3828
2026-10-10T19:48:40.115914+00:00 DEBUG aya_obj::relocation: relocating call to callee address 0x488 in section 2 (relocation) at instruction 3832
2026-10-10T19:48:40.115915+00:00 DEBUG aya_obj::relocation: callee is `honk_normalize_process_step`
2026-10-10T19:48:40.115916+00:00 DEBUG aya_obj::relocation: linked function `honk_normalize_process_step` at instruction 3958
2026-10-10T19:48:40.115917+00:00 DEBUG aya_obj::relocation: relocating program `wan_egress_l3` function `honk_normalize_process_step` size 317
2026-10-10T19:48:40.115921+00:00 DEBUG aya_obj::relocation: finished relocating program `wan_egress_l3` function `honk_normalize_process_step`
2026-10-10T19:48:40.115922+00:00 DEBUG aya_obj::relocation: callee `honk_normalize_process_step` is at ins 3958, 125 from current instruction 3832
2026-10-10T19:48:40.115923+00:00 DEBUG aya_obj::relocation: relocating call to callee address 0x488 in section 2 (relocation) at instruction 3844
2026-10-10T19:48:40.115924+00:00 DEBUG aya_obj::relocation: callee is `honk_normalize_process_step`
2026-10-10T19:48:40.115925+00:00 DEBUG aya_obj::relocation: callee `honk_normalize_process_step` is at ins 3958, 113 from current instruction 3844
2026-10-10T19:48:40.115926+00:00 DEBUG aya_obj::relocation: relocating call to callee address 0x488 in section 2 (relocation) at instruction 3852
2026-10-10T19:48:40.115927+00:00 DEBUG aya_obj::relocation: callee is `honk_normalize_process_step`
2026-10-10T19:48:40.115928+00:00 DEBUG aya_obj::relocation: callee `honk_normalize_process_step` is at ins 3958, 105 from current instruction 3852
2026-10-10T19:48:40.115930+00:00 DEBUG aya_obj::relocation: relocating call to callee address 0x488 in section 2 (relocation) at instruction 3860
2026-10-10T19:48:40.115931+00:00 DEBUG aya_obj::relocation: callee is `honk_normalize_process_step`
2026-10-10T19:48:40.115932+00:00 DEBUG aya_obj::relocation: callee `honk_normalize_process_step` is at ins 3958, 97 from current instruction 3860
2026-10-10T19:48:40.115933+00:00 DEBUG aya_obj::relocation: relocating call to callee address 0x488 in section 2 (relocation) at instruction 3868
2026-10-10T19:48:40.115935+00:00 DEBUG aya_obj::relocation: callee is `honk_normalize_process_step`
2026-10-10T19:48:40.115936+00:00 DEBUG aya_obj::relocation: callee `honk_normalize_process_step` is at ins 3958, 89 from current instruction 3868
2026-10-10T19:48:40.115937+00:00 DEBUG aya_obj::relocation: relocating call to callee address 0x488 in section 2 (relocation) at instruction 3876
2026-10-10T19:48:40.115938+00:00 DEBUG aya_obj::relocation: callee is `honk_normalize_process_step`
2026-10-10T19:48:40.115939+00:00 DEBUG aya_obj::relocation: callee `honk_normalize_process_step` is at ins 3958, 81 from current instruction 3876
2026-10-10T19:48:40.115940+00:00 DEBUG aya_obj::relocation: relocating call to callee address 0x488 in section 2 (relocation) at instruction 3884
2026-10-10T19:48:40.115941+00:00 DEBUG aya_obj::relocation: callee is `honk_normalize_process_step`
2026-10-10T19:48:40.115942+00:00 DEBUG aya_obj::relocation: callee `honk_normalize_process_step` is at ins 3958, 73 from current instruction 3884
2026-10-10T19:48:40.115943+00:00 DEBUG aya_obj::relocation: relocating call to callee address 0x488 in section 2 (relocation) at instruction 3892
2026-10-10T19:48:40.115944+00:00 DEBUG aya_obj::relocation: callee is `honk_normalize_process_step`
2026-10-10T19:48:40.115945+00:00 DEBUG aya_obj::relocation: callee `honk_normalize_process_step` is at ins 3958, 65 from current instruction 3892
2026-10-10T19:48:40.115946+00:00 DEBUG aya_obj::relocation: relocating call to callee address 0x488 in section 2 (relocation) at instruction 3900
2026-10-10T19:48:40.115947+00:00 DEBUG aya_obj::relocation: callee is `honk_normalize_process_step`
2026-10-10T19:48:40.115948+00:00 DEBUG aya_obj::relocation: callee `honk_normalize_process_step` is at ins 3958, 57 from current instruction 3900
2026-10-10T19:48:40.115949+00:00 DEBUG aya_obj::relocation: relocating call to callee address 0x488 in section 2 (relocation) at instruction 3908
2026-10-10T19:48:40.115950+00:00 DEBUG aya_obj::relocation: callee is `honk_normalize_process_step`
2026-10-10T19:48:40.115951+00:00 DEBUG aya_obj::relocation: callee `honk_normalize_process_step` is at ins 3958, 49 from current instruction 3908
2026-10-10T19:48:40.115952+00:00 DEBUG aya_obj::relocation: relocating call to callee address 0x488 in section 2 (relocation) at instruction 3916
2026-10-10T19:48:40.115953+00:00 DEBUG aya_obj::relocation: callee is `honk_normalize_process_step`
2026-10-10T19:48:40.115954+00:00 DEBUG aya_obj::relocation: callee `honk_normalize_process_step` is at ins 3958, 41 from current instruction 3916
2026-10-10T19:48:40.115955+00:00 DEBUG aya_obj::relocation: relocating call to callee address 0x488 in section 2 (relocation) at instruction 3924
2026-10-10T19:48:40.115956+00:00 DEBUG aya_obj::relocation: callee is `honk_normalize_process_step`
2026-10-10T19:48:40.115957+00:00 DEBUG aya_obj::relocation: callee `honk_normalize_process_step` is at ins 3958, 33 from current instruction 3924
2026-10-10T19:48:40.115959+00:00 DEBUG aya_obj::relocation: relocating call to callee address 0x488 in section 2 (relocation) at instruction 3932
2026-10-10T19:48:40.115960+00:00 DEBUG aya_obj::relocation: callee is `honk_normalize_process_step`
2026-10-10T19:48:40.115960+00:00 DEBUG aya_obj::relocation: callee `honk_normalize_process_step` is at ins 3958, 25 from current instruction 3932
2026-10-10T19:48:40.115962+00:00 DEBUG aya_obj::relocation: relocating call to callee address 0x488 in section 2 (relocation) at instruction 3940
2026-10-10T19:48:40.115963+00:00 DEBUG aya_obj::relocation: callee is `honk_normalize_process_step`
2026-10-10T19:48:40.115964+00:00 DEBUG aya_obj::relocation: callee `honk_normalize_process_step` is at ins 3958, 17 from current instruction 3940
2026-10-10T19:48:40.115965+00:00 DEBUG aya_obj::relocation: relocating call to callee address 0x488 in section 2 (relocation) at instruction 3948
2026-10-10T19:48:40.115966+00:00 DEBUG aya_obj::relocation: callee is `honk_normalize_process_step`
2026-10-10T19:48:40.115968+00:00 DEBUG aya_obj::relocation: callee `honk_normalize_process_step` is at ins 3958, 9 from current instruction 3948
2026-10-10T19:48:40.115969+00:00 DEBUG aya_obj::relocation: relocating call to callee address 0x488 in section 2 (relocation) at instruction 3956
2026-10-10T19:48:40.115970+00:00 DEBUG aya_obj::relocation: callee is `honk_normalize_process_step`
2026-10-10T19:48:40.115971+00:00 DEBUG aya_obj::relocation: callee `honk_normalize_process_step` is at ins 3958, 1 from current instruction 3956
2026-10-10T19:48:40.115972+00:00 DEBUG aya_obj::relocation: finished relocating program `wan_egress_l3` function `honk_normalize_process_name`
2026-10-10T19:48:40.115973+00:00 DEBUG aya_obj::relocation: callee `honk_normalize_process_name` is at ins 3813, 2237 from current instruction 1575
2026-10-10T19:48:40.115974+00:00 DEBUG aya_obj::relocation: relocating call to callee address 0x1070 in section 2 (relocation) at instruction 1606
2026-10-10T19:48:40.115975+00:00 DEBUG aya_obj::relocation: callee is `honk_route_slot1`
2026-10-10T19:48:40.115976+00:00 DEBUG aya_obj::relocation: linked function `honk_route_slot1` at instruction 4275
2026-10-10T19:48:40.115977+00:00 DEBUG aya_obj::relocation: relocating program `wan_egress_l3` function `honk_route_slot1` size 64
2026-10-10T19:48:40.115979+00:00 DEBUG aya_obj::relocation: finished relocating program `wan_egress_l3` function `honk_route_slot1`
2026-10-10T19:48:40.115980+00:00 DEBUG aya_obj::relocation: callee `honk_route_slot1` is at ins 4275, 2668 from current instruction 1606
2026-10-10T19:48:40.115981+00:00 DEBUG aya_obj::relocation: relocating call to callee address 0xe70 in section 2 (relocation) at instruction 1610
2026-10-10T19:48:40.115982+00:00 DEBUG aya_obj::relocation: callee is `honk_route_slot0`
2026-10-10T19:48:40.115983+00:00 DEBUG aya_obj::relocation: linked function `honk_route_slot0` at instruction 4339
2026-10-10T19:48:40.115984+00:00 DEBUG aya_obj::relocation: relocating program `wan_egress_l3` function `honk_route_slot0` size 64
2026-10-10T19:48:40.115986+00:00 DEBUG aya_obj::relocation: finished relocating program `wan_egress_l3` function `honk_route_slot0`
2026-10-10T19:48:40.115987+00:00 DEBUG aya_obj::relocation: callee `honk_route_slot0` is at ins 4339, 2728 from current instruction 1610
2026-10-10T19:48:40.115990+00:00 DEBUG aya_obj::relocation: relocating call to callee address 0x14b8 in section 2 (relocation) at instruction 1756
2026-10-10T19:48:40.115991+00:00 DEBUG aya_obj::relocation: callee is `memset`
2026-10-10T19:48:40.115992+00:00 DEBUG aya_obj::relocation: callee `memset` is at ins 3320, 1563 from current instruction 1756
2026-10-10T19:48:40.115994+00:00 DEBUG aya_obj::relocation: relocating call to callee address 0xdc58 in section 2 (relocation) at instruction 1842
2026-10-10T19:48:40.115995+00:00 DEBUG aya_obj::relocation: callee is `_RNvNtCs2GI6VrNTxWR_9honk_ebpf8contrack15___mark_tcp_seen`
2026-10-10T19:48:40.115996+00:00 DEBUG aya_obj::relocation: callee `_RNvNtCs2GI6VrNTxWR_9honk_ebpf8contrack15___mark_tcp_seen` is at ins 3353, 1510 from current instruction 1842
2026-10-10T19:48:40.115999+00:00 DEBUG aya_obj::relocation: relocating call to callee address 0x0 in section 2 (relocation) at instruction 1937
2026-10-10T19:48:40.116000+00:00 DEBUG aya_obj::relocation: callee is `honk_normalize_process_name`
2026-10-10T19:48:40.116001+00:00 DEBUG aya_obj::relocation: callee `honk_normalize_process_name` is at ins 3813, 1875 from current instruction 1937
2026-10-10T19:48:40.116002+00:00 DEBUG aya_obj::relocation: relocating call to callee address 0x1070 in section 2 (relocation) at instruction 1968
2026-10-10T19:48:40.116003+00:00 DEBUG aya_obj::relocation: callee is `honk_route_slot1`
2026-10-10T19:48:40.116004+00:00 DEBUG aya_obj::relocation: callee `honk_route_slot1` is at ins 4275, 2306 from current instruction 1968
2026-10-10T19:48:40.116005+00:00 DEBUG aya_obj::relocation: relocating call to callee address 0xe70 in section 2 (relocation) at instruction 1972
2026-10-10T19:48:40.116006+00:00 DEBUG aya_obj::relocation: callee is `honk_route_slot0`
2026-10-10T19:48:40.116008+00:00 DEBUG aya_obj::relocation: callee `honk_route_slot0` is at ins 4339, 2366 from current instruction 1972
2026-10-10T19:48:40.116014+00:00 DEBUG aya_obj::relocation: relocating call to callee address 0x14b8 in section 2 (relocation) at instruction 2309
2026-10-10T19:48:40.116015+00:00 DEBUG aya_obj::relocation: callee is `memset`
2026-10-10T19:48:40.116016+00:00 DEBUG aya_obj::relocation: callee `memset` is at ins 3320, 1010 from current instruction 2309
2026-10-10T19:48:40.116018+00:00 DEBUG aya_obj::relocation: relocating call to callee address 0x10288 in section 2 (relocation) at instruction 2369
2026-10-10T19:48:40.116019+00:00 DEBUG aya_obj::relocation: callee is `_RNvNtCs2GI6VrNTxWR_9honk_ebpf8contrack15___mark_udp_seen`
2026-10-10T19:48:40.116020+00:00 DEBUG aya_obj::relocation: linked function `_RNvNtCs2GI6VrNTxWR_9honk_ebpf8contrack15___mark_udp_seen` at instruction 4403
2026-10-10T19:48:40.116021+00:00 DEBUG aya_obj::relocation: relocating program `wan_egress_l3` function `_RNvNtCs2GI6VrNTxWR_9honk_ebpf8contrack15___mark_udp_seen` size 401
2026-10-10T19:48:40.116024+00:00 DEBUG aya_obj::relocation: relocating call to callee address 0x14b8 in section 2 (relocation) at instruction 4534
2026-10-10T19:48:40.116025+00:00 DEBUG aya_obj::relocation: callee is `memset`
2026-10-10T19:48:40.116026+00:00 DEBUG aya_obj::relocation: callee `memset` is at ins 3320, -1215 from current instruction 4534
2026-10-10T19:48:40.116027+00:00 DEBUG aya_obj::relocation: relocating call to callee address 0x14b8 in section 2 (relocation) at instruction 4539
2026-10-10T19:48:40.116028+00:00 DEBUG aya_obj::relocation: callee is `memset`
2026-10-10T19:48:40.116029+00:00 DEBUG aya_obj::relocation: callee `memset` is at ins 3320, -1220 from current instruction 4539
2026-10-10T19:48:40.116030+00:00 DEBUG aya_obj::relocation: relocating call to callee address 0x14b8 in section 2 (relocation) at instruction 4626
2026-10-10T19:48:40.116032+00:00 DEBUG aya_obj::relocation: callee is `memset`
2026-10-10T19:48:40.116032+00:00 DEBUG aya_obj::relocation: callee `memset` is at ins 3320, -1307 from current instruction 4626
2026-10-10T19:48:40.116034+00:00 DEBUG aya_obj::relocation: relocating call to callee address 0x14b8 in section 2 (relocation) at instruction 4696
2026-10-10T19:48:40.116035+00:00 DEBUG aya_obj::relocation: callee is `memset`
2026-10-10T19:48:40.116036+00:00 DEBUG aya_obj::relocation: callee `memset` is at ins 3320, -1377 from current instruction 4696
2026-10-10T19:48:40.116038+00:00 DEBUG aya_obj::relocation: finished relocating program `wan_egress_l3` function `_RNvNtCs2GI6VrNTxWR_9honk_ebpf8contrack15___mark_udp_seen`
2026-10-10T19:48:40.116039+00:00 DEBUG aya_obj::relocation: callee `_RNvNtCs2GI6VrNTxWR_9honk_ebpf8contrack15___mark_udp_seen` is at ins 4403, 2033 from current instruction 2369
2026-10-10T19:48:40.116042+00:00 DEBUG aya_obj::relocation: relocating call to callee address 0x14b8 in section 2 (relocation) at instruction 2503
2026-10-10T19:48:40.116043+00:00 DEBUG aya_obj::relocation: callee is `memset`
2026-10-10T19:48:40.116044+00:00 DEBUG aya_obj::relocation: callee `memset` is at ins 3320, 816 from current instruction 2503
2026-10-10T19:48:40.116046+00:00 DEBUG aya_obj::relocation: relocating call to callee address 0x14b8 in section 2 (relocation) at instruction 2549
2026-10-10T19:48:40.116047+00:00 DEBUG aya_obj::relocation: callee is `memset`
2026-10-10T19:48:40.116048+00:00 DEBUG aya_obj::relocation: callee `memset` is at ins 3320, 770 from current instruction 2549
2026-10-10T19:48:40.116050+00:00 DEBUG aya_obj::relocation: relocating call to callee address 0x14b8 in section 2 (relocation) at instruction 2597
2026-10-10T19:48:40.116051+00:00 DEBUG aya_obj::relocation: callee is `memset`
2026-10-10T19:48:40.116052+00:00 DEBUG aya_obj::relocation: callee `memset` is at ins 3320, 722 from current instruction 2597
2026-10-10T19:48:40.116055+00:00 DEBUG aya_obj::relocation: relocating call to callee address 0x14b8 in section 2 (relocation) at instruction 2784
2026-10-10T19:48:40.116057+00:00 DEBUG aya_obj::relocation: callee is `memset`
2026-10-10T19:48:40.116058+00:00 DEBUG aya_obj::relocation: callee `memset` is at ins 3320, 535 from current instruction 2784
2026-10-10T19:48:40.116061+00:00 DEBUG aya_obj::relocation: relocating call to callee address 0x14b8 in section 2 (relocation) at instruction 2893
2026-10-10T19:48:40.116062+00:00 DEBUG aya_obj::relocation: callee is `memset`
2026-10-10T19:48:40.116063+00:00 DEBUG aya_obj::relocation: callee `memset` is at ins 3320, 426 from current instruction 2893
2026-10-10T19:48:40.116065+00:00 DEBUG aya_obj::relocation: relocating call to callee address 0x14b8 in section 2 (relocation) at instruction 2962
2026-10-10T19:48:40.116066+00:00 DEBUG aya_obj::relocation: callee is `memset`
2026-10-10T19:48:40.116066+00:00 DEBUG aya_obj::relocation: callee `memset` is at ins 3320, 357 from current instruction 2962
2026-10-10T19:48:40.116069+00:00 DEBUG aya_obj::relocation: relocating call to callee address 0x14b8 in section 2 (relocation) at instruction 3056
2026-10-10T19:48:40.116070+00:00 DEBUG aya_obj::relocation: callee is `memset`
2026-10-10T19:48:40.116071+00:00 DEBUG aya_obj::relocation: callee `memset` is at ins 3320, 263 from current instruction 3056
2026-10-10T19:48:40.116074+00:00 DEBUG aya_obj::relocation: relocating call to callee address 0x14b8 in section 2 (relocation) at instruction 3171
2026-10-10T19:48:40.116075+00:00 DEBUG aya_obj::relocation: callee is `memset`
2026-10-10T19:48:40.116075+00:00 DEBUG aya_obj::relocation: callee `memset` is at ins 3320, 148 from current instruction 3171
2026-10-10T19:48:40.116077+00:00 DEBUG aya_obj::relocation: relocating call to callee address 0x14b8 in section 2 (relocation) at instruction 3216
2026-10-10T19:48:40.116078+00:00 DEBUG aya_obj::relocation: callee is `memset`
2026-10-10T19:48:40.116079+00:00 DEBUG aya_obj::relocation: callee `memset` is at ins 3320, 103 from current instruction 3216
2026-10-10T19:48:40.116082+00:00 DEBUG aya_obj::relocation: finished relocating program `wan_egress_l3` function `wan_egress_l3`
2026-10-10T19:48:40.116084+00:00 DEBUG aya_obj::relocation: relocating program `tproxy_wan_cg_sendmsg6` function `tproxy_wan_cg_sendmsg6` size 185
2026-10-10T19:48:40.116085+00:00 DEBUG aya_obj::relocation: relocating call to callee address 0x14b8 in section 2 (relocation) at instruction 23
2026-10-10T19:48:40.116086+00:00 DEBUG aya_obj::relocation: callee is `memset`
2026-10-10T19:48:40.116087+00:00 DEBUG aya_obj::relocation: linked function `memset` at instruction 185
2026-10-10T19:48:40.116088+00:00 DEBUG aya_obj::relocation: relocating program `tproxy_wan_cg_sendmsg6` function `memset` size 8
2026-10-10T19:48:40.116089+00:00 DEBUG aya_obj::relocation: finished relocating program `tproxy_wan_cg_sendmsg6` function `memset`
2026-10-10T19:48:40.116090+00:00 DEBUG aya_obj::relocation: callee `memset` is at ins 185, 161 from current instruction 23
2026-10-10T19:48:40.116092+00:00 DEBUG aya_obj::relocation: relocating call to callee address 0x14b8 in section 2 (relocation) at instruction 80
2026-10-10T19:48:40.116093+00:00 DEBUG aya_obj::relocation: callee is `memset`
2026-10-10T19:48:40.116094+00:00 DEBUG aya_obj::relocation: callee `memset` is at ins 185, 104 from current instruction 80
2026-10-10T19:48:40.116095+00:00 DEBUG aya_obj::relocation: relocating reference to callee address 0x1320 in section 2 (relocation) at instruction 93
2026-10-10T19:48:40.116096+00:00 DEBUG aya_obj::relocation: callee is `_RNvNtCs2GI6VrNTxWR_9honk_ebpf12process_name13find_basename`
2026-10-10T19:48:40.116097+00:00 DEBUG aya_obj::relocation: linked function `_RNvNtCs2GI6VrNTxWR_9honk_ebpf12process_name13find_basename` at instruction 193
2026-10-10T19:48:40.116098+00:00 DEBUG aya_obj::relocation: relocating program `tproxy_wan_cg_sendmsg6` function `_RNvNtCs2GI6VrNTxWR_9honk_ebpf12process_name13find_basename` size 15
2026-10-10T19:48:40.116100+00:00 DEBUG aya_obj::relocation: finished relocating program `tproxy_wan_cg_sendmsg6` function `_RNvNtCs2GI6VrNTxWR_9honk_ebpf12process_name13find_basename`
2026-10-10T19:48:40.116102+00:00 DEBUG aya_obj::relocation: callee `_RNvNtCs2GI6VrNTxWR_9honk_ebpf12process_name13find_basename` is at ins 193, 99 from current instruction 93
2026-10-10T19:48:40.116103+00:00 DEBUG aya_obj::relocation: relocating call to callee address 0x14b8 in section 2 (relocation) at instruction 131
2026-10-10T19:48:40.116104+00:00 DEBUG aya_obj::relocation: callee is `memset`
2026-10-10T19:48:40.116105+00:00 DEBUG aya_obj::relocation: callee `memset` is at ins 185, 53 from current instruction 131
2026-10-10T19:48:40.116107+00:00 DEBUG aya_obj::relocation: finished relocating program `tproxy_wan_cg_sendmsg6` function `tproxy_wan_cg_sendmsg6`
2026-10-10T19:48:40.116108+00:00 DEBUG aya_obj::relocation: relocating program `tproxy_wan_cg_connect4` function `tproxy_wan_cg_connect4` size 185
2026-10-10T19:48:40.116110+00:00 DEBUG aya_obj::relocation: relocating call to callee address 0x14b8 in section 2 (relocation) at instruction 23
2026-10-10T19:48:40.116111+00:00 DEBUG aya_obj::relocation: callee is `memset`
2026-10-10T19:48:40.116112+00:00 DEBUG aya_obj::relocation: linked function `memset` at instruction 185
2026-10-10T19:48:40.116113+00:00 DEBUG aya_obj::relocation: relocating program `tproxy_wan_cg_connect4` function `memset` size 8
2026-10-10T19:48:40.116114+00:00 DEBUG aya_obj::relocation: finished relocating program `tproxy_wan_cg_connect4` function `memset`
2026-10-10T19:48:40.116115+00:00 DEBUG aya_obj::relocation: callee `memset` is at ins 185, 161 from current instruction 23
2026-10-10T19:48:40.116117+00:00 DEBUG aya_obj::relocation: relocating call to callee address 0x14b8 in section 2 (relocation) at instruction 80
2026-10-10T19:48:40.116118+00:00 DEBUG aya_obj::relocation: callee is `memset`
2026-10-10T19:48:40.116119+00:00 DEBUG aya_obj::relocation: callee `memset` is at ins 185, 104 from current instruction 80
2026-10-10T19:48:40.116120+00:00 DEBUG aya_obj::relocation: relocating reference to callee address 0x1320 in section 2 (relocation) at instruction 93
2026-10-10T19:48:40.116121+00:00 DEBUG aya_obj::relocation: callee is `_RNvNtCs2GI6VrNTxWR_9honk_ebpf12process_name13find_basename`
2026-10-10T19:48:40.116122+00:00 DEBUG aya_obj::relocation: linked function `_RNvNtCs2GI6VrNTxWR_9honk_ebpf12process_name13find_basename` at instruction 193
2026-10-10T19:48:40.116123+00:00 DEBUG aya_obj::relocation: relocating program `tproxy_wan_cg_connect4` function `_RNvNtCs2GI6VrNTxWR_9honk_ebpf12process_name13find_basename` size 15
2026-10-10T19:48:40.116124+00:00 DEBUG aya_obj::relocation: finished relocating program `tproxy_wan_cg_connect4` function `_RNvNtCs2GI6VrNTxWR_9honk_ebpf12process_name13find_basename`
2026-10-10T19:48:40.116126+00:00 DEBUG aya_obj::relocation: callee `_RNvNtCs2GI6VrNTxWR_9honk_ebpf12process_name13find_basename` is at ins 193, 99 from current instruction 93
2026-10-10T19:48:40.116127+00:00 DEBUG aya_obj::relocation: relocating call to callee address 0x14b8 in section 2 (relocation) at instruction 131
2026-10-10T19:48:40.116128+00:00 DEBUG aya_obj::relocation: callee is `memset`
2026-10-10T19:48:40.116129+00:00 DEBUG aya_obj::relocation: callee `memset` is at ins 185, 53 from current instruction 131
2026-10-10T19:48:40.116131+00:00 DEBUG aya_obj::relocation: finished relocating program `tproxy_wan_cg_connect4` function `tproxy_wan_cg_connect4`
2026-10-10T19:48:40.116132+00:00 DEBUG aya_obj::relocation: relocating program `honk_udp_receive_candidate` function `honk_udp_receive_candidate` size 88
2026-10-10T19:48:40.116134+00:00 DEBUG aya_obj::relocation: finished relocating program `honk_udp_receive_candidate` function `honk_udp_receive_candidate`
2026-10-10T19:48:40.116135+00:00 DEBUG aya_obj::relocation: relocating program `lan_egress_l2` function `lan_egress_l2` size 7
2026-10-10T19:48:40.116137+00:00 DEBUG aya_obj::relocation: relocating call to callee address 0x12858 in section 2 (relocation) at instruction 4
2026-10-10T19:48:40.116138+00:00 DEBUG aya_obj::relocation: callee is `_RNvNtCs2GI6VrNTxWR_9honk_ebpf6egress20do_tproxy_lan_egress`
2026-10-10T19:48:40.116140+00:00 DEBUG aya_obj::relocation: linked function `_RNvNtCs2GI6VrNTxWR_9honk_ebpf6egress20do_tproxy_lan_egress` at instruction 7
2026-10-10T19:48:40.116141+00:00 DEBUG aya_obj::relocation: relocating program `lan_egress_l2` function `_RNvNtCs2GI6VrNTxWR_9honk_ebpf6egress20do_tproxy_lan_egress` size 887
2026-10-10T19:48:40.116143+00:00 DEBUG aya_obj::relocation: relocating call to callee address 0x14b8 in section 2 (relocation) at instruction 43
2026-10-10T19:48:40.116144+00:00 DEBUG aya_obj::relocation: callee is `memset`
2026-10-10T19:48:40.116146+00:00 DEBUG aya_obj::relocation: linked function `memset` at instruction 894
2026-10-10T19:48:40.116147+00:00 DEBUG aya_obj::relocation: relocating program `lan_egress_l2` function `memset` size 8
2026-10-10T19:48:40.116148+00:00 DEBUG aya_obj::relocation: finished relocating program `lan_egress_l2` function `memset`
2026-10-10T19:48:40.116149+00:00 DEBUG aya_obj::relocation: callee `memset` is at ins 894, 850 from current instruction 43
2026-10-10T19:48:40.116151+00:00 DEBUG aya_obj::relocation: relocating call to callee address 0x14b8 in section 2 (relocation) at instruction 118
2026-10-10T19:48:40.116152+00:00 DEBUG aya_obj::relocation: callee is `memset`
2026-10-10T19:48:40.116153+00:00 DEBUG aya_obj::relocation: callee `memset` is at ins 894, 775 from current instruction 118
2026-10-10T19:48:40.116154+00:00 DEBUG aya_obj::relocation: relocating call to callee address 0x14b8 in section 2 (relocation) at instruction 126
2026-10-10T19:48:40.116155+00:00 DEBUG aya_obj::relocation: callee is `memset`
2026-10-10T19:48:40.116156+00:00 DEBUG aya_obj::relocation: callee `memset` is at ins 894, 767 from current instruction 126
2026-10-10T19:48:40.116157+00:00 DEBUG aya_obj::relocation: relocating call to callee address 0x13f0 in section 2 (relocation) at instruction 182
2026-10-10T19:48:40.116158+00:00 DEBUG aya_obj::relocation: callee is `memmove`
2026-10-10T19:48:40.116159+00:00 DEBUG aya_obj::relocation: linked function `memmove` at instruction 902
2026-10-10T19:48:40.116160+00:00 DEBUG aya_obj::relocation: relocating program `lan_egress_l2` function `memmove` size 25
2026-10-10T19:48:40.116164+00:00 DEBUG aya_obj::relocation: finished relocating program `lan_egress_l2` function `memmove`
2026-10-10T19:48:40.116166+00:00 DEBUG aya_obj::relocation: callee `memmove` is at ins 902, 719 from current instruction 182
2026-10-10T19:48:40.116168+00:00 DEBUG aya_obj::relocation: relocating call to callee address 0x13f0 in section 2 (relocation) at instruction 290
2026-10-10T19:48:40.116169+00:00 DEBUG aya_obj::relocation: callee is `memmove`
2026-10-10T19:48:40.116170+00:00 DEBUG aya_obj::relocation: callee `memmove` is at ins 902, 611 from current instruction 290
2026-10-10T19:48:40.116171+00:00 DEBUG aya_obj::relocation: relocating call to callee address 0x13f0 in section 2 (relocation) at instruction 327
2026-10-10T19:48:40.116172+00:00 DEBUG aya_obj::relocation: callee is `memmove`
2026-10-10T19:48:40.116173+00:00 DEBUG aya_obj::relocation: callee `memmove` is at ins 902, 574 from current instruction 327
2026-10-10T19:48:40.116175+00:00 DEBUG aya_obj::relocation: relocating call to callee address 0x13f0 in section 2 (relocation) at instruction 370
2026-10-10T19:48:40.116176+00:00 DEBUG aya_obj::relocation: callee is `memmove`
2026-10-10T19:48:40.116177+00:00 DEBUG aya_obj::relocation: callee `memmove` is at ins 902, 531 from current instruction 370
2026-10-10T19:48:40.116179+00:00 DEBUG aya_obj::relocation: relocating call to callee address 0x13f0 in section 2 (relocation) at instruction 533
2026-10-10T19:48:40.116180+00:00 DEBUG aya_obj::relocation: callee is `memmove`
2026-10-10T19:48:40.116181+00:00 DEBUG aya_obj::relocation: callee `memmove` is at ins 902, 368 from current instruction 533
2026-10-10T19:48:40.116182+00:00 DEBUG aya_obj::relocation: relocating call to callee address 0x13f0 in section 2 (relocation) at instruction 540
2026-10-10T19:48:40.116183+00:00 DEBUG aya_obj::relocation: callee is `memmove`
2026-10-10T19:48:40.116184+00:00 DEBUG aya_obj::relocation: callee `memmove` is at ins 902, 361 from current instruction 540
2026-10-10T19:48:40.116186+00:00 DEBUG aya_obj::relocation: relocating call to callee address 0x14b8 in section 2 (relocation) at instruction 568
2026-10-10T19:48:40.116188+00:00 DEBUG aya_obj::relocation: callee is `memset`
2026-10-10T19:48:40.116188+00:00 DEBUG aya_obj::relocation: callee `memset` is at ins 894, 325 from current instruction 568
2026-10-10T19:48:40.116190+00:00 DEBUG aya_obj::relocation: relocating call to callee address 0x13f0 in section 2 (relocation) at instruction 612
2026-10-10T19:48:40.116191+00:00 DEBUG aya_obj::relocation: callee is `memmove`
2026-10-10T19:48:40.116192+00:00 DEBUG aya_obj::relocation: callee `memmove` is at ins 902, 289 from current instruction 612
2026-10-10T19:48:40.116193+00:00 DEBUG aya_obj::relocation: relocating call to callee address 0x13f0 in section 2 (relocation) at instruction 617
2026-10-10T19:48:40.116194+00:00 DEBUG aya_obj::relocation: callee is `memmove`
2026-10-10T19:48:40.116195+00:00 DEBUG aya_obj::relocation: callee `memmove` is at ins 902, 284 from current instruction 617
2026-10-10T19:48:40.116197+00:00 DEBUG aya_obj::relocation: relocating call to callee address 0x14b8 in section 2 (relocation) at instruction 729
2026-10-10T19:48:40.116198+00:00 DEBUG aya_obj::relocation: callee is `memset`
2026-10-10T19:48:40.116199+00:00 DEBUG aya_obj::relocation: callee `memset` is at ins 894, 164 from current instruction 729
2026-10-10T19:48:40.116200+00:00 DEBUG aya_obj::relocation: relocating call to callee address 0xdc58 in section 2 (pc-relative) at instruction 744
2026-10-10T19:48:40.116201+00:00 DEBUG aya_obj::relocation: callee is `_RNvNtCs2GI6VrNTxWR_9honk_ebpf8contrack15___mark_tcp_seen`
2026-10-10T19:48:40.116202+00:00 DEBUG aya_obj::relocation: linked function `_RNvNtCs2GI6VrNTxWR_9honk_ebpf8contrack15___mark_tcp_seen` at instruction 927
2026-10-10T19:48:40.116204+00:00 DEBUG aya_obj::relocation: relocating program `lan_egress_l2` function `_RNvNtCs2GI6VrNTxWR_9honk_ebpf8contrack15___mark_tcp_seen` size 460
2026-10-10T19:48:40.116205+00:00 DEBUG aya_obj::relocation: relocating call to callee address 0x14b8 in section 2 (relocation) at instruction 950
2026-10-10T19:48:40.116206+00:00 DEBUG aya_obj::relocation: callee is `memset`
2026-10-10T19:48:40.116207+00:00 DEBUG aya_obj::relocation: callee `memset` is at ins 894, -57 from current instruction 950
2026-10-10T19:48:40.116208+00:00 DEBUG aya_obj::relocation: relocating call to callee address 0x14b8 in section 2 (relocation) at instruction 955
2026-10-10T19:48:40.116209+00:00 DEBUG aya_obj::relocation: callee is `memset`
2026-10-10T19:48:40.116210+00:00 DEBUG aya_obj::relocation: callee `memset` is at ins 894, -62 from current instruction 955
2026-10-10T19:48:40.116211+00:00 DEBUG aya_obj::relocation: relocating call to callee address 0x14b8 in section 2 (relocation) at instruction 960
2026-10-10T19:48:40.116212+00:00 DEBUG aya_obj::relocation: callee is `memset`
2026-10-10T19:48:40.116213+00:00 DEBUG aya_obj::relocation: callee `memset` is at ins 894, -67 from current instruction 960
2026-10-10T19:48:40.116215+00:00 DEBUG aya_obj::relocation: relocating call to callee address 0x14b8 in section 2 (relocation) at instruction 1071
2026-10-10T19:48:40.116216+00:00 DEBUG aya_obj::relocation: callee is `memset`
2026-10-10T19:48:40.116217+00:00 DEBUG aya_obj::relocation: callee `memset` is at ins 894, -178 from current instruction 1071
2026-10-10T19:48:40.116218+00:00 DEBUG aya_obj::relocation: relocating call to callee address 0x14b8 in section 2 (relocation) at instruction 1076
2026-10-10T19:48:40.116219+00:00 DEBUG aya_obj::relocation: callee is `memset`
2026-10-10T19:48:40.116220+00:00 DEBUG aya_obj::relocation: callee `memset` is at ins 894, -183 from current instruction 1076
2026-10-10T19:48:40.116221+00:00 DEBUG aya_obj::relocation: relocating call to callee address 0x14b8 in section 2 (relocation) at instruction 1081
2026-10-10T19:48:40.116222+00:00 DEBUG aya_obj::relocation: callee is `memset`
2026-10-10T19:48:40.116224+00:00 DEBUG aya_obj::relocation: callee `memset` is at ins 894, -188 from current instruction 1081
2026-10-10T19:48:40.116226+00:00 DEBUG aya_obj::relocation: relocating call to callee address 0x14b8 in section 2 (relocation) at instruction 1241
2026-10-10T19:48:40.116228+00:00 DEBUG aya_obj::relocation: callee is `memset`
2026-10-10T19:48:40.116228+00:00 DEBUG aya_obj::relocation: callee `memset` is at ins 894, -348 from current instruction 1241
2026-10-10T19:48:40.116231+00:00 DEBUG aya_obj::relocation: finished relocating program `lan_egress_l2` function `_RNvNtCs2GI6VrNTxWR_9honk_ebpf8contrack15___mark_tcp_seen`
2026-10-10T19:48:40.116232+00:00 DEBUG aya_obj::relocation: callee `_RNvNtCs2GI6VrNTxWR_9honk_ebpf8contrack15___mark_tcp_seen` is at ins 927, 182 from current instruction 744
2026-10-10T19:48:40.116234+00:00 DEBUG aya_obj::relocation: relocating call to callee address 0x14b8 in section 2 (relocation) at instruction 848
2026-10-10T19:48:40.116235+00:00 DEBUG aya_obj::relocation: callee is `memset`
2026-10-10T19:48:40.116236+00:00 DEBUG aya_obj::relocation: callee `memset` is at ins 894, 45 from current instruction 848
2026-10-10T19:48:40.116237+00:00 DEBUG aya_obj::relocation: relocating call to callee address 0x10288 in section 2 (pc-relative) at instruction 854
2026-10-10T19:48:40.116238+00:00 DEBUG aya_obj::relocation: callee is `_RNvNtCs2GI6VrNTxWR_9honk_ebpf8contrack15___mark_udp_seen`
2026-10-10T19:48:40.116240+00:00 DEBUG aya_obj::relocation: linked function `_RNvNtCs2GI6VrNTxWR_9honk_ebpf8contrack15___mark_udp_seen` at instruction 1387
2026-10-10T19:48:40.116241+00:00 DEBUG aya_obj::relocation: relocating program `lan_egress_l2` function `_RNvNtCs2GI6VrNTxWR_9honk_ebpf8contrack15___mark_udp_seen` size 401
2026-10-10T19:48:40.116243+00:00 DEBUG aya_obj::relocation: relocating call to callee address 0x14b8 in section 2 (relocation) at instruction 1518
2026-10-10T19:48:40.116244+00:00 DEBUG aya_obj::relocation: callee is `memset`
2026-10-10T19:48:40.116245+00:00 DEBUG aya_obj::relocation: callee `memset` is at ins 894, -625 from current instruction 1518
2026-10-10T19:48:40.116246+00:00 DEBUG aya_obj::relocation: relocating call to callee address 0x14b8 in section 2 (relocation) at instruction 1523
2026-10-10T19:48:40.116247+00:00 DEBUG aya_obj::relocation: callee is `memset`
2026-10-10T19:48:40.116248+00:00 DEBUG aya_obj::relocation: callee `memset` is at ins 894, -630 from current instruction 1523
2026-10-10T19:48:40.116250+00:00 DEBUG aya_obj::relocation: relocating call to callee address 0x14b8 in section 2 (relocation) at instruction 1610
2026-10-10T19:48:40.116251+00:00 DEBUG aya_obj::relocation: callee is `memset`
2026-10-10T19:48:40.116252+00:00 DEBUG aya_obj::relocation: callee `memset` is at ins 894, -717 from current instruction 1610
2026-10-10T19:48:40.116254+00:00 DEBUG aya_obj::relocation: relocating call to callee address 0x14b8 in section 2 (relocation) at instruction 1680
2026-10-10T19:48:40.116255+00:00 DEBUG aya_obj::relocation: callee is `memset`
2026-10-10T19:48:40.116256+00:00 DEBUG aya_obj::relocation: callee `memset` is at ins 894, -787 from current instruction 1680
2026-10-10T19:48:40.116258+00:00 DEBUG aya_obj::relocation: finished relocating program `lan_egress_l2` function `_RNvNtCs2GI6VrNTxWR_9honk_ebpf8contrack15___mark_udp_seen`
2026-10-10T19:48:40.116259+00:00 DEBUG aya_obj::relocation: callee `_RNvNtCs2GI6VrNTxWR_9honk_ebpf8contrack15___mark_udp_seen` is at ins 1387, 532 from current instruction 854
2026-10-10T19:48:40.116261+00:00 DEBUG aya_obj::relocation: finished relocating program `lan_egress_l2` function `_RNvNtCs2GI6VrNTxWR_9honk_ebpf6egress20do_tproxy_lan_egress`
2026-10-10T19:48:40.116262+00:00 DEBUG aya_obj::relocation: callee `_RNvNtCs2GI6VrNTxWR_9honk_ebpf6egress20do_tproxy_lan_egress` is at ins 7, 2 from current instruction 4
2026-10-10T19:48:40.116263+00:00 DEBUG aya_obj::relocation: finished relocating program `lan_egress_l2` function `lan_egress_l2`
2026-10-10T19:48:40.116264+00:00 DEBUG aya_obj::relocation: relocating program `lan_ingress_l3` function `lan_ingress_l3` size 7
2026-10-10T19:48:40.116266+00:00 DEBUG aya_obj::relocation: relocating call to callee address 0x3250 in section 2 (relocation) at instruction 4
2026-10-10T19:48:40.116267+00:00 DEBUG aya_obj::relocation: callee is `_RNvNtCs2GI6VrNTxWR_9honk_ebpf7ingress21do_tproxy_lan_ingress`
2026-10-10T19:48:40.116269+00:00 DEBUG aya_obj::relocation: linked function `_RNvNtCs2GI6VrNTxWR_9honk_ebpf7ingress21do_tproxy_lan_ingress` at instruction 7
2026-10-10T19:48:40.116272+00:00 DEBUG aya_obj::relocation: relocating program `lan_ingress_l3` function `_RNvNtCs2GI6VrNTxWR_9honk_ebpf7ingress21do_tproxy_lan_ingress` size 5441
2026-10-10T19:48:40.116273+00:00 DEBUG aya_obj::relocation: relocating call to callee address 0x14b8 in section 2 (relocation) at instruction 56
2026-10-10T19:48:40.116275+00:00 DEBUG aya_obj::relocation: callee is `memset`
2026-10-10T19:48:40.116277+00:00 DEBUG aya_obj::relocation: linked function `memset` at instruction 5448
2026-10-10T19:48:40.116280+00:00 DEBUG aya_obj::relocation: relocating program `lan_ingress_l3` function `memset` size 8
2026-10-10T19:48:40.116281+00:00 DEBUG aya_obj::relocation: finished relocating program `lan_ingress_l3` function `memset`
2026-10-10T19:48:40.116282+00:00 DEBUG aya_obj::relocation: callee `memset` is at ins 5448, 5391 from current instruction 56
2026-10-10T19:48:40.116284+00:00 DEBUG aya_obj::relocation: relocating call to callee address 0x14b8 in section 2 (relocation) at instruction 135
2026-10-10T19:48:40.116285+00:00 DEBUG aya_obj::relocation: callee is `memset`
2026-10-10T19:48:40.116286+00:00 DEBUG aya_obj::relocation: callee `memset` is at ins 5448, 5312 from current instruction 135
2026-10-10T19:48:40.116287+00:00 DEBUG aya_obj::relocation: relocating call to callee address 0x14b8 in section 2 (relocation) at instruction 144
2026-10-10T19:48:40.116288+00:00 DEBUG aya_obj::relocation: callee is `memset`
2026-10-10T19:48:40.116289+00:00 DEBUG aya_obj::relocation: callee `memset` is at ins 5448, 5303 from current instruction 144
2026-10-10T19:48:40.116292+00:00 DEBUG aya_obj::relocation: relocating call to callee address 0x13f0 in section 2 (relocation) at instruction 305
2026-10-10T19:48:40.116293+00:00 DEBUG aya_obj::relocation: callee is `memmove`
2026-10-10T19:48:40.116294+00:00 DEBUG aya_obj::relocation: linked function `memmove` at instruction 5456
2026-10-10T19:48:40.116295+00:00 DEBUG aya_obj::relocation: relocating program `lan_ingress_l3` function `memmove` size 25
2026-10-10T19:48:40.116296+00:00 DEBUG aya_obj::relocation: finished relocating program `lan_ingress_l3` function `memmove`
2026-10-10T19:48:40.116297+00:00 DEBUG aya_obj::relocation: callee `memmove` is at ins 5456, 5150 from current instruction 305
2026-10-10T19:48:40.116298+00:00 DEBUG aya_obj::relocation: relocating call to callee address 0x13f0 in section 2 (relocation) at instruction 372
2026-10-10T19:48:40.116300+00:00 DEBUG aya_obj::relocation: callee is `memmove`
2026-10-10T19:48:40.116300+00:00 DEBUG aya_obj::relocation: callee `memmove` is at ins 5456, 5083 from current instruction 372
2026-10-10T19:48:40.116302+00:00 DEBUG aya_obj::relocation: relocating call to callee address 0x13f0 in section 2 (relocation) at instruction 409
2026-10-10T19:48:40.116303+00:00 DEBUG aya_obj::relocation: callee is `memmove`
2026-10-10T19:48:40.116304+00:00 DEBUG aya_obj::relocation: callee `memmove` is at ins 5456, 5046 from current instruction 409
2026-10-10T19:48:40.116305+00:00 DEBUG aya_obj::relocation: relocating call to callee address 0x13f0 in section 2 (relocation) at instruction 437
2026-10-10T19:48:40.116306+00:00 DEBUG aya_obj::relocation: callee is `memmove`
2026-10-10T19:48:40.116307+00:00 DEBUG aya_obj::relocation: callee `memmove` is at ins 5456, 5018 from current instruction 437
2026-10-10T19:48:40.116309+00:00 DEBUG aya_obj::relocation: relocating call to callee address 0x13f0 in section 2 (relocation) at instruction 535
2026-10-10T19:48:40.116310+00:00 DEBUG aya_obj::relocation: callee is `memmove`
2026-10-10T19:48:40.116311+00:00 DEBUG aya_obj::relocation: callee `memmove` is at ins 5456, 4920 from current instruction 535
2026-10-10T19:48:40.116313+00:00 DEBUG aya_obj::relocation: relocating call to callee address 0x13f0 in section 2 (relocation) at instruction 542
2026-10-10T19:48:40.116314+00:00 DEBUG aya_obj::relocation: callee is `memmove`
2026-10-10T19:48:40.116315+00:00 DEBUG aya_obj::relocation: callee `memmove` is at ins 5456, 4913 from current instruction 542
2026-10-10T19:48:40.116316+00:00 DEBUG aya_obj::relocation: relocating call to callee address 0x14b8 in section 2 (relocation) at instruction 567
2026-10-10T19:48:40.116317+00:00 DEBUG aya_obj::relocation: callee is `memset`
2026-10-10T19:48:40.116318+00:00 DEBUG aya_obj::relocation: callee `memset` is at ins 5448, 4880 from current instruction 567
2026-10-10T19:48:40.116319+00:00 DEBUG aya_obj::relocation: relocating call to callee address 0x13f0 in section 2 (relocation) at instruction 602
2026-10-10T19:48:40.116320+00:00 DEBUG aya_obj::relocation: callee is `memmove`
2026-10-10T19:48:40.116321+00:00 DEBUG aya_obj::relocation: callee `memmove` is at ins 5456, 4853 from current instruction 602
2026-10-10T19:48:40.116322+00:00 DEBUG aya_obj::relocation: relocating call to callee address 0x13f0 in section 2 (relocation) at instruction 607
2026-10-10T19:48:40.116323+00:00 DEBUG aya_obj::relocation: callee is `memmove`
2026-10-10T19:48:40.116324+00:00 DEBUG aya_obj::relocation: callee `memmove` is at ins 5456, 4848 from current instruction 607
2026-10-10T19:48:40.116326+00:00 DEBUG aya_obj::relocation: relocating call to callee address 0x14b8 in section 2 (relocation) at instruction 719
2026-10-10T19:48:40.116327+00:00 DEBUG aya_obj::relocation: callee is `memset`
2026-10-10T19:48:40.116328+00:00 DEBUG aya_obj::relocation: callee `memset` is at ins 5448, 4728 from current instruction 719
2026-10-10T19:48:40.116329+00:00 DEBUG aya_obj::relocation: relocating call to callee address 0xdc58 in section 2 (pc-relative) at instruction 733
2026-10-10T19:48:40.116331+00:00 DEBUG aya_obj::relocation: callee is `_RNvNtCs2GI6VrNTxWR_9honk_ebpf8contrack15___mark_tcp_seen`
2026-10-10T19:48:40.116332+00:00 DEBUG aya_obj::relocation: linked function `_RNvNtCs2GI6VrNTxWR_9honk_ebpf8contrack15___mark_tcp_seen` at instruction 5481
2026-10-10T19:48:40.116333+00:00 DEBUG aya_obj::relocation: relocating program `lan_ingress_l3` function `_RNvNtCs2GI6VrNTxWR_9honk_ebpf8contrack15___mark_tcp_seen` size 460
2026-10-10T19:48:40.116335+00:00 DEBUG aya_obj::relocation: relocating call to callee address 0x14b8 in section 2 (relocation) at instruction 5504
2026-10-10T19:48:40.116336+00:00 DEBUG aya_obj::relocation: callee is `memset`
2026-10-10T19:48:40.116337+00:00 DEBUG aya_obj::relocation: callee `memset` is at ins 5448, -57 from current instruction 5504
2026-10-10T19:48:40.116338+00:00 DEBUG aya_obj::relocation: relocating call to callee address 0x14b8 in section 2 (relocation) at instruction 5509
2026-10-10T19:48:40.116339+00:00 DEBUG aya_obj::relocation: callee is `memset`
2026-10-10T19:48:40.116340+00:00 DEBUG aya_obj::relocation: callee `memset` is at ins 5448, -62 from current instruction 5509
2026-10-10T19:48:40.116341+00:00 DEBUG aya_obj::relocation: relocating call to callee address 0x14b8 in section 2 (relocation) at instruction 5514
2026-10-10T19:48:40.116342+00:00 DEBUG aya_obj::relocation: callee is `memset`
2026-10-10T19:48:40.116343+00:00 DEBUG aya_obj::relocation: callee `memset` is at ins 5448, -67 from current instruction 5514
2026-10-10T19:48:40.116345+00:00 DEBUG aya_obj::relocation: relocating call to callee address 0x14b8 in section 2 (relocation) at instruction 5625
2026-10-10T19:48:40.116346+00:00 DEBUG aya_obj::relocation: callee is `memset`
2026-10-10T19:48:40.116347+00:00 DEBUG aya_obj::relocation: callee `memset` is at ins 5448, -178 from current instruction 5625
2026-10-10T19:48:40.116348+00:00 DEBUG aya_obj::relocation: relocating call to callee address 0x14b8 in section 2 (relocation) at instruction 5630
2026-10-10T19:48:40.116349+00:00 DEBUG aya_obj::relocation: callee is `memset`
2026-10-10T19:48:40.116350+00:00 DEBUG aya_obj::relocation: callee `memset` is at ins 5448, -183 from current instruction 5630
2026-10-10T19:48:40.116352+00:00 DEBUG aya_obj::relocation: relocating call to callee address 0x14b8 in section 2 (relocation) at instruction 5635
2026-10-10T19:48:40.116353+00:00 DEBUG aya_obj::relocation: callee is `memset`
2026-10-10T19:48:40.116354+00:00 DEBUG aya_obj::relocation: callee `memset` is at ins 5448, -188 from current instruction 5635
2026-10-10T19:48:40.116356+00:00 DEBUG aya_obj::relocation: relocating call to callee address 0x14b8 in section 2 (relocation) at instruction 5795
2026-10-10T19:48:40.116357+00:00 DEBUG aya_obj::relocation: callee is `memset`
2026-10-10T19:48:40.116358+00:00 DEBUG aya_obj::relocation: callee `memset` is at ins 5448, -348 from current instruction 5795
2026-10-10T19:48:40.116361+00:00 DEBUG aya_obj::relocation: finished relocating program `lan_ingress_l3` function `_RNvNtCs2GI6VrNTxWR_9honk_ebpf8contrack15___mark_tcp_seen`
2026-10-10T19:48:40.116362+00:00 DEBUG aya_obj::relocation: callee `_RNvNtCs2GI6VrNTxWR_9honk_ebpf8contrack15___mark_tcp_seen` is at ins 5481, 4747 from current instruction 733
2026-10-10T19:48:40.116364+00:00 DEBUG aya_obj::relocation: relocating call to callee address 0x14b8 in section 2 (relocation) at instruction 785
2026-10-10T19:48:40.116365+00:00 DEBUG aya_obj::relocation: callee is `memset`
2026-10-10T19:48:40.116365+00:00 DEBUG aya_obj::relocation: callee `memset` is at ins 5448, 4662 from current instruction 785
2026-10-10T19:48:40.116367+00:00 DEBUG aya_obj::relocation: relocating call to callee address 0x14b8 in section 2 (relocation) at instruction 862
2026-10-10T19:48:40.116368+00:00 DEBUG aya_obj::relocation: callee is `memset`
2026-10-10T19:48:40.116369+00:00 DEBUG aya_obj::relocation: callee `memset` is at ins 5448, 4585 from current instruction 862
2026-10-10T19:48:40.116370+00:00 DEBUG aya_obj::relocation: relocating call to callee address 0xdc58 in section 2 (pc-relative) at instruction 878
2026-10-10T19:48:40.116371+00:00 DEBUG aya_obj::relocation: callee is `_RNvNtCs2GI6VrNTxWR_9honk_ebpf8contrack15___mark_tcp_seen`
2026-10-10T19:48:40.116372+00:00 DEBUG aya_obj::relocation: callee `_RNvNtCs2GI6VrNTxWR_9honk_ebpf8contrack15___mark_tcp_seen` is at ins 5481, 4602 from current instruction 878
2026-10-10T19:48:40.116374+00:00 DEBUG aya_obj::relocation: relocating call to callee address 0xeab8 in section 2 (pc-relative) at instruction 955
2026-10-10T19:48:40.116376+00:00 DEBUG aya_obj::relocation: callee is `_RNvNtCs2GI6VrNTxWR_9honk_ebpf2sk21socket_is_v4_wildcard`
2026-10-10T19:48:40.116377+00:00 DEBUG aya_obj::relocation: linked function `_RNvNtCs2GI6VrNTxWR_9honk_ebpf2sk21socket_is_v4_wildcard` at instruction 5941
2026-10-10T19:48:40.116378+00:00 DEBUG aya_obj::relocation: relocating program `lan_ingress_l3` function `_RNvNtCs2GI6VrNTxWR_9honk_ebpf2sk21socket_is_v4_wildcard` size 6
2026-10-10T19:48:40.116379+00:00 DEBUG aya_obj::relocation: finished relocating program `lan_ingress_l3` function `_RNvNtCs2GI6VrNTxWR_9honk_ebpf2sk21socket_is_v4_wildcard`
2026-10-10T19:48:40.116380+00:00 DEBUG aya_obj::relocation: callee `_RNvNtCs2GI6VrNTxWR_9honk_ebpf2sk21socket_is_v4_wildcard` is at ins 5941, 4985 from current instruction 955
2026-10-10T19:48:40.116382+00:00 DEBUG aya_obj::relocation: relocating call to callee address 0xeae8 in section 2 (pc-relative) at instruction 1030
2026-10-10T19:48:40.116383+00:00 DEBUG aya_obj::relocation: callee is `_RNvNtCs2GI6VrNTxWR_9honk_ebpf2sk21socket_is_v6_wildcard`
2026-10-10T19:48:40.116384+00:00 DEBUG aya_obj::relocation: linked function `_RNvNtCs2GI6VrNTxWR_9honk_ebpf2sk21socket_is_v6_wildcard` at instruction 5947
2026-10-10T19:48:40.116385+00:00 DEBUG aya_obj::relocation: relocating program `lan_ingress_l3` function `_RNvNtCs2GI6VrNTxWR_9honk_ebpf2sk21socket_is_v6_wildcard` size 13
2026-10-10T19:48:40.116387+00:00 DEBUG aya_obj::relocation: finished relocating program `lan_ingress_l3` function `_RNvNtCs2GI6VrNTxWR_9honk_ebpf2sk21socket_is_v6_wildcard`
2026-10-10T19:48:40.116388+00:00 DEBUG aya_obj::relocation: callee `_RNvNtCs2GI6VrNTxWR_9honk_ebpf2sk21socket_is_v6_wildcard` is at ins 5947, 4916 from current instruction 1030
2026-10-10T19:48:40.116390+00:00 DEBUG aya_obj::relocation: relocating call to callee address 0x14b8 in section 2 (relocation) at instruction 1066
2026-10-10T19:48:40.116391+00:00 DEBUG aya_obj::relocation: callee is `memset`
2026-10-10T19:48:40.116392+00:00 DEBUG aya_obj::relocation: callee `memset` is at ins 5448, 4381 from current instruction 1066
2026-10-10T19:48:40.116394+00:00 DEBUG aya_obj::relocation: relocating call to callee address 0x13f0 in section 2 (relocation) at instruction 1127
2026-10-10T19:48:40.116395+00:00 DEBUG aya_obj::relocation: callee is `memmove`
2026-10-10T19:48:40.116396+00:00 DEBUG aya_obj::relocation: callee `memmove` is at ins 5456, 4328 from current instruction 1127
2026-10-10T19:48:40.116397+00:00 DEBUG aya_obj::relocation: relocating call to callee address 0x13f0 in section 2 (relocation) at instruction 1132
2026-10-10T19:48:40.116398+00:00 DEBUG aya_obj::relocation: callee is `memmove`
2026-10-10T19:48:40.116399+00:00 DEBUG aya_obj::relocation: callee `memmove` is at ins 5456, 4323 from current instruction 1132
2026-10-10T19:48:40.116401+00:00 DEBUG aya_obj::relocation: relocating call to callee address 0x14b8 in section 2 (relocation) at instruction 1219
2026-10-10T19:48:40.116402+00:00 DEBUG aya_obj::relocation: callee is `memset`
2026-10-10T19:48:40.116403+00:00 DEBUG aya_obj::relocation: callee `memset` is at ins 5448, 4228 from current instruction 1219
2026-10-10T19:48:40.116404+00:00 DEBUG aya_obj::relocation: relocating call to callee address 0x14b8 in section 2 (relocation) at instruction 1232
2026-10-10T19:48:40.116405+00:00 DEBUG aya_obj::relocation: callee is `memset`
2026-10-10T19:48:40.116406+00:00 DEBUG aya_obj::relocation: callee `memset` is at ins 5448, 4215 from current instruction 1232
2026-10-10T19:48:40.116408+00:00 DEBUG aya_obj::relocation: relocating call to callee address 0x14b8 in section 2 (relocation) at instruction 1288
2026-10-10T19:48:40.116409+00:00 DEBUG aya_obj::relocation: callee is `memset`
2026-10-10T19:48:40.116410+00:00 DEBUG aya_obj::relocation: callee `memset` is at ins 5448, 4159 from current instruction 1288
2026-10-10T19:48:40.116412+00:00 DEBUG aya_obj::relocation: relocating call to callee address 0x14b8 in section 2 (relocation) at instruction 1386
2026-10-10T19:48:40.116413+00:00 DEBUG aya_obj::relocation: callee is `memset`
2026-10-10T19:48:40.116414+00:00 DEBUG aya_obj::relocation: callee `memset` is at ins 5448, 4061 from current instruction 1386
2026-10-10T19:48:40.116415+00:00 DEBUG aya_obj::relocation: relocating call to callee address 0x1070 in section 2 (relocation) at instruction 1422
2026-10-10T19:48:40.116416+00:00 DEBUG aya_obj::relocation: callee is `honk_route_slot1`
2026-10-10T19:48:40.116417+00:00 DEBUG aya_obj::relocation: linked function `honk_route_slot1` at instruction 5960
2026-10-10T19:48:40.116418+00:00 DEBUG aya_obj::relocation: relocating program `lan_ingress_l3` function `honk_route_slot1` size 64
2026-10-10T19:48:40.116420+00:00 DEBUG aya_obj::relocation: finished relocating program `lan_ingress_l3` function `honk_route_slot1`
2026-10-10T19:48:40.116421+00:00 DEBUG aya_obj::relocation: callee `honk_route_slot1` is at ins 5960, 4537 from current instruction 1422
2026-10-10T19:48:40.116422+00:00 DEBUG aya_obj::relocation: relocating call to callee address 0xe70 in section 2 (relocation) at instruction 1426
2026-10-10T19:48:40.116423+00:00 DEBUG aya_obj::relocation: callee is `honk_route_slot0`
2026-10-10T19:48:40.116424+00:00 DEBUG aya_obj::relocation: linked function `honk_route_slot0` at instruction 6024
2026-10-10T19:48:40.116425+00:00 DEBUG aya_obj::relocation: relocating program `lan_ingress_l3` function `honk_route_slot0` size 64
2026-10-10T19:48:40.116427+00:00 DEBUG aya_obj::relocation: finished relocating program `lan_ingress_l3` function `honk_route_slot0`
2026-10-10T19:48:40.116428+00:00 DEBUG aya_obj::relocation: callee `honk_route_slot0` is at ins 6024, 4597 from current instruction 1426
2026-10-10T19:48:40.116436+00:00 DEBUG aya_obj::relocation: relocating call to callee address 0x14b8 in section 2 (relocation) at instruction 1720
2026-10-10T19:48:40.116437+00:00 DEBUG aya_obj::relocation: callee is `memset`
2026-10-10T19:48:40.116438+00:00 DEBUG aya_obj::relocation: callee `memset` is at ins 5448, 3727 from current instruction 1720
2026-10-10T19:48:40.116449+00:00 DEBUG aya_obj::relocation: relocating call to callee address 0xeb50 in section 2 (pc-relative) at instruction 2655
2026-10-10T19:48:40.116450+00:00 DEBUG aya_obj::relocation: callee is `_RNvNtCs2GI6VrNTxWR_9honk_ebpf7ingress18stage_udp_decision`
2026-10-10T19:48:40.116452+00:00 DEBUG aya_obj::relocation: linked function `_RNvNtCs2GI6VrNTxWR_9honk_ebpf7ingress18stage_udp_decision` at instruction 6088
2026-10-10T19:48:40.116453+00:00 DEBUG aya_obj::relocation: relocating program `lan_ingress_l3` function `_RNvNtCs2GI6VrNTxWR_9honk_ebpf7ingress18stage_udp_decision` size 743
2026-10-10T19:48:40.116455+00:00 DEBUG aya_obj::relocation: relocating call to callee address 0x14b8 in section 2 (relocation) at instruction 6138
2026-10-10T19:48:40.116456+00:00 DEBUG aya_obj::relocation: callee is `memset`
2026-10-10T19:48:40.116457+00:00 DEBUG aya_obj::relocation: callee `memset` is at ins 5448, -691 from current instruction 6138
2026-10-10T19:48:40.116459+00:00 DEBUG aya_obj::relocation: relocating call to callee address 0x14b8 in section 2 (relocation) at instruction 6206
2026-10-10T19:48:40.116460+00:00 DEBUG aya_obj::relocation: callee is `memset`
2026-10-10T19:48:40.116461+00:00 DEBUG aya_obj::relocation: callee `memset` is at ins 5448, -759 from current instruction 6206
2026-10-10T19:48:40.116464+00:00 DEBUG aya_obj::relocation: relocating call to callee address 0x14b8 in section 2 (relocation) at instruction 6355
2026-10-10T19:48:40.116465+00:00 DEBUG aya_obj::relocation: callee is `memset`
2026-10-10T19:48:40.116465+00:00 DEBUG aya_obj::relocation: callee `memset` is at ins 5448, -908 from current instruction 6355
2026-10-10T19:48:40.116468+00:00 DEBUG aya_obj::relocation: relocating call to callee address 0x14b8 in section 2 (relocation) at instruction 6474
2026-10-10T19:48:40.116469+00:00 DEBUG aya_obj::relocation: callee is `memset`
2026-10-10T19:48:40.116470+00:00 DEBUG aya_obj::relocation: callee `memset` is at ins 5448, -1027 from current instruction 6474
2026-10-10T19:48:40.116472+00:00 DEBUG aya_obj::relocation: relocating call to callee address 0x14b8 in section 2 (relocation) at instruction 6609
2026-10-10T19:48:40.116473+00:00 DEBUG aya_obj::relocation: callee is `memset`
2026-10-10T19:48:40.116474+00:00 DEBUG aya_obj::relocation: callee `memset` is at ins 5448, -1162 from current instruction 6609
2026-10-10T19:48:40.116476+00:00 DEBUG aya_obj::relocation: relocating call to callee address 0x14b8 in section 2 (relocation) at instruction 6640
2026-10-10T19:48:40.116477+00:00 DEBUG aya_obj::relocation: callee is `memset`
2026-10-10T19:48:40.116478+00:00 DEBUG aya_obj::relocation: callee `memset` is at ins 5448, -1193 from current instruction 6640
2026-10-10T19:48:40.116479+00:00 DEBUG aya_obj::relocation: relocating call to callee address 0x14b8 in section 2 (relocation) at instruction 6674
2026-10-10T19:48:40.116480+00:00 DEBUG aya_obj::relocation: callee is `memset`
2026-10-10T19:48:40.116481+00:00 DEBUG aya_obj::relocation: callee `memset` is at ins 5448, -1227 from current instruction 6674
2026-10-10T19:48:40.116483+00:00 DEBUG aya_obj::relocation: relocating call to callee address 0x14b8 in section 2 (relocation) at instruction 6763
2026-10-10T19:48:40.116484+00:00 DEBUG aya_obj::relocation: callee is `memset`
2026-10-10T19:48:40.116485+00:00 DEBUG aya_obj::relocation: callee `memset` is at ins 5448, -1316 from current instruction 6763
2026-10-10T19:48:40.116486+00:00 DEBUG aya_obj::relocation: relocating call to callee address 0x14b8 in section 2 (relocation) at instruction 6794
2026-10-10T19:48:40.116488+00:00 DEBUG aya_obj::relocation: callee is `memset`
2026-10-10T19:48:40.116488+00:00 DEBUG aya_obj::relocation: callee `memset` is at ins 5448, -1347 from current instruction 6794
2026-10-10T19:48:40.116491+00:00 DEBUG aya_obj::relocation: finished relocating program `lan_ingress_l3` function `_RNvNtCs2GI6VrNTxWR_9honk_ebpf7ingress18stage_udp_decision`
2026-10-10T19:48:40.116492+00:00 DEBUG aya_obj::relocation: callee `_RNvNtCs2GI6VrNTxWR_9honk_ebpf7ingress18stage_udp_decision` is at ins 6088, 3432 from current instruction 2655
2026-10-10T19:48:40.116494+00:00 DEBUG aya_obj::relocation: relocating call to callee address 0x14b8 in section 2 (relocation) at instruction 2744
2026-10-10T19:48:40.116495+00:00 DEBUG aya_obj::relocation: callee is `memset`
2026-10-10T19:48:40.116496+00:00 DEBUG aya_obj::relocation: callee `memset` is at ins 5448, 2703 from current instruction 2744
2026-10-10T19:48:40.116497+00:00 DEBUG aya_obj::relocation: relocating call to callee address 0x10288 in section 2 (pc-relative) at instruction 2776
2026-10-10T19:48:40.116498+00:00 DEBUG aya_obj::relocation: callee is `_RNvNtCs2GI6VrNTxWR_9honk_ebpf8contrack15___mark_udp_seen`
2026-10-10T19:48:40.116499+00:00 DEBUG aya_obj::relocation: linked function `_RNvNtCs2GI6VrNTxWR_9honk_ebpf8contrack15___mark_udp_seen` at instruction 6831
2026-10-10T19:48:40.116501+00:00 DEBUG aya_obj::relocation: relocating program `lan_ingress_l3` function `_RNvNtCs2GI6VrNTxWR_9honk_ebpf8contrack15___mark_udp_seen` size 401
2026-10-10T19:48:40.116503+00:00 DEBUG aya_obj::relocation: relocating call to callee address 0x14b8 in section 2 (relocation) at instruction 6962
2026-10-10T19:48:40.116504+00:00 DEBUG aya_obj::relocation: callee is `memset`
2026-10-10T19:48:40.116505+00:00 DEBUG aya_obj::relocation: callee `memset` is at ins 5448, -1515 from current instruction 6962
2026-10-10T19:48:40.116506+00:00 DEBUG aya_obj::relocation: relocating call to callee address 0x14b8 in section 2 (relocation) at instruction 6967
2026-10-10T19:48:40.116507+00:00 DEBUG aya_obj::relocation: callee is `memset`
2026-10-10T19:48:40.116508+00:00 DEBUG aya_obj::relocation: callee `memset` is at ins 5448, -1520 from current instruction 6967
2026-10-10T19:48:40.116510+00:00 DEBUG aya_obj::relocation: relocating call to callee address 0x14b8 in section 2 (relocation) at instruction 7054
2026-10-10T19:48:40.116511+00:00 DEBUG aya_obj::relocation: callee is `memset`
2026-10-10T19:48:40.116512+00:00 DEBUG aya_obj::relocation: callee `memset` is at ins 5448, -1607 from current instruction 7054
2026-10-10T19:48:40.116514+00:00 DEBUG aya_obj::relocation: relocating call to callee address 0x14b8 in section 2 (relocation) at instruction 7124
2026-10-10T19:48:40.116515+00:00 DEBUG aya_obj::relocation: callee is `memset`
2026-10-10T19:48:40.116516+00:00 DEBUG aya_obj::relocation: callee `memset` is at ins 5448, -1677 from current instruction 7124
2026-10-10T19:48:40.116518+00:00 DEBUG aya_obj::relocation: finished relocating program `lan_ingress_l3` function `_RNvNtCs2GI6VrNTxWR_9honk_ebpf8contrack15___mark_udp_seen`
2026-10-10T19:48:40.116519+00:00 DEBUG aya_obj::relocation: callee `_RNvNtCs2GI6VrNTxWR_9honk_ebpf8contrack15___mark_udp_seen` is at ins 6831, 4054 from current instruction 2776
2026-10-10T19:48:40.116520+00:00 DEBUG aya_obj::relocation: relocating call to callee address 0x14b8 in section 2 (relocation) at instruction 2802
2026-10-10T19:48:40.116521+00:00 DEBUG aya_obj::relocation: callee is `memset`
2026-10-10T19:48:40.116522+00:00 DEBUG aya_obj::relocation: callee `memset` is at ins 5448, 2645 from current instruction 2802
2026-10-10T19:48:40.116530+00:00 DEBUG aya_obj::relocation: relocating call to callee address 0x14b8 in section 2 (relocation) at instruction 3406
2026-10-10T19:48:40.116531+00:00 DEBUG aya_obj::relocation: callee is `memset`
2026-10-10T19:48:40.116532+00:00 DEBUG aya_obj::relocation: callee `memset` is at ins 5448, 2041 from current instruction 3406
2026-10-10T19:48:40.116533+00:00 DEBUG aya_obj::relocation: relocating call to callee address 0x14b8 in section 2 (relocation) at instruction 3461
2026-10-10T19:48:40.116534+00:00 DEBUG aya_obj::relocation: callee is `memset`
2026-10-10T19:48:40.116535+00:00 DEBUG aya_obj::relocation: callee `memset` is at ins 5448, 1986 from current instruction 3461
2026-10-10T19:48:40.116538+00:00 DEBUG aya_obj::relocation: relocating call to callee address 0x14b8 in section 2 (relocation) at instruction 3524
2026-10-10T19:48:40.116539+00:00 DEBUG aya_obj::relocation: callee is `memset`
2026-10-10T19:48:40.116540+00:00 DEBUG aya_obj::relocation: callee `memset` is at ins 5448, 1923 from current instruction 3524
2026-10-10T19:48:40.116543+00:00 DEBUG aya_obj::relocation: relocating call to callee address 0x14b8 in section 2 (relocation) at instruction 3691
2026-10-10T19:48:40.116544+00:00 DEBUG aya_obj::relocation: callee is `memset`
2026-10-10T19:48:40.116545+00:00 DEBUG aya_obj::relocation: callee `memset` is at ins 5448, 1756 from current instruction 3691
2026-10-10T19:48:40.116547+00:00 DEBUG aya_obj::relocation: relocating call to callee address 0x14b8 in section 2 (relocation) at instruction 3781
2026-10-10T19:48:40.116548+00:00 DEBUG aya_obj::relocation: callee is `memset`
2026-10-10T19:48:40.116549+00:00 DEBUG aya_obj::relocation: callee `memset` is at ins 5448, 1666 from current instruction 3781
2026-10-10T19:48:40.116551+00:00 DEBUG aya_obj::relocation: relocating call to callee address 0x14b8 in section 2 (relocation) at instruction 3844
2026-10-10T19:48:40.116552+00:00 DEBUG aya_obj::relocation: callee is `memset`
2026-10-10T19:48:40.116552+00:00 DEBUG aya_obj::relocation: callee `memset` is at ins 5448, 1603 from current instruction 3844
2026-10-10T19:48:40.116556+00:00 DEBUG aya_obj::relocation: relocating call to callee address 0x14b8 in section 2 (relocation) at instruction 4099
2026-10-10T19:48:40.116557+00:00 DEBUG aya_obj::relocation: callee is `memset`
2026-10-10T19:48:40.116558+00:00 DEBUG aya_obj::relocation: callee `memset` is at ins 5448, 1348 from current instruction 4099
2026-10-10T19:48:40.116560+00:00 DEBUG aya_obj::relocation: relocating call to callee address 0x14b8 in section 2 (relocation) at instruction 4166
2026-10-10T19:48:40.116561+00:00 DEBUG aya_obj::relocation: callee is `memset`
2026-10-10T19:48:40.116562+00:00 DEBUG aya_obj::relocation: callee `memset` is at ins 5448, 1281 from current instruction 4166
2026-10-10T19:48:40.116564+00:00 DEBUG aya_obj::relocation: relocating call to callee address 0x14b8 in section 2 (relocation) at instruction 4229
2026-10-10T19:48:40.116565+00:00 DEBUG aya_obj::relocation: callee is `memset`
2026-10-10T19:48:40.116566+00:00 DEBUG aya_obj::relocation: callee `memset` is at ins 5448, 1218 from current instruction 4229
2026-10-10T19:48:40.116567+00:00 DEBUG aya_obj::relocation: relocating call to callee address 0x14b8 in section 2 (relocation) at instruction 4297
2026-10-10T19:48:40.116568+00:00 DEBUG aya_obj::relocation: callee is `memset`
2026-10-10T19:48:40.116569+00:00 DEBUG aya_obj::relocation: callee `memset` is at ins 5448, 1150 from current instruction 4297
2026-10-10T19:48:40.116570+00:00 DEBUG aya_obj::relocation: relocating call to callee address 0x14b8 in section 2 (relocation) at instruction 4303
2026-10-10T19:48:40.116572+00:00 DEBUG aya_obj::relocation: callee is `memset`
2026-10-10T19:48:40.116572+00:00 DEBUG aya_obj::relocation: callee `memset` is at ins 5448, 1144 from current instruction 4303
2026-10-10T19:48:40.116575+00:00 DEBUG aya_obj::relocation: relocating call to callee address 0x14b8 in section 2 (relocation) at instruction 4479
2026-10-10T19:48:40.116577+00:00 DEBUG aya_obj::relocation: callee is `memset`
2026-10-10T19:48:40.116577+00:00 DEBUG aya_obj::relocation: callee `memset` is at ins 5448, 968 from current instruction 4479
2026-10-10T19:48:40.116579+00:00 DEBUG aya_obj::relocation: relocating call to callee address 0x14b8 in section 2 (relocation) at instruction 4536
2026-10-10T19:48:40.116580+00:00 DEBUG aya_obj::relocation: callee is `memset`
2026-10-10T19:48:40.116581+00:00 DEBUG aya_obj::relocation: callee `memset` is at ins 5448, 911 from current instruction 4536
2026-10-10T19:48:40.116583+00:00 DEBUG aya_obj::relocation: relocating call to callee address 0x14b8 in section 2 (relocation) at instruction 4600
2026-10-10T19:48:40.116585+00:00 DEBUG aya_obj::relocation: callee is `memset`
2026-10-10T19:48:40.116586+00:00 DEBUG aya_obj::relocation: callee `memset` is at ins 5448, 847 from current instruction 4600
2026-10-10T19:48:40.116590+00:00 DEBUG aya_obj::relocation: relocating call to callee address 0x14b8 in section 2 (relocation) at instruction 4793
2026-10-10T19:48:40.116591+00:00 DEBUG aya_obj::relocation: callee is `memset`
2026-10-10T19:48:40.116592+00:00 DEBUG aya_obj::relocation: callee `memset` is at ins 5448, 654 from current instruction 4793
2026-10-10T19:48:40.116593+00:00 DEBUG aya_obj::relocation: relocating call to callee address 0x14b8 in section 2 (relocation) at instruction 4863
2026-10-10T19:48:40.116595+00:00 DEBUG aya_obj::relocation: callee is `memset`
2026-10-10T19:48:40.116595+00:00 DEBUG aya_obj::relocation: callee `memset` is at ins 5448, 584 from current instruction 4863
2026-10-10T19:48:40.116597+00:00 DEBUG aya_obj::relocation: relocating call to callee address 0x14b8 in section 2 (relocation) at instruction 4925
2026-10-10T19:48:40.116598+00:00 DEBUG aya_obj::relocation: callee is `memset`
2026-10-10T19:48:40.116599+00:00 DEBUG aya_obj::relocation: callee `memset` is at ins 5448, 522 from current instruction 4925
2026-10-10T19:48:40.116601+00:00 DEBUG aya_obj::relocation: relocating call to callee address 0x14b8 in section 2 (relocation) at instruction 4992
2026-10-10T19:48:40.116602+00:00 DEBUG aya_obj::relocation: callee is `memset`
2026-10-10T19:48:40.116603+00:00 DEBUG aya_obj::relocation: callee `memset` is at ins 5448, 455 from current instruction 4992
2026-10-10T19:48:40.116604+00:00 DEBUG aya_obj::relocation: relocating call to callee address 0x14b8 in section 2 (relocation) at instruction 4998
2026-10-10T19:48:40.116605+00:00 DEBUG aya_obj::relocation: callee is `memset`
2026-10-10T19:48:40.116606+00:00 DEBUG aya_obj::relocation: callee `memset` is at ins 5448, 449 from current instruction 4998
2026-10-10T19:48:40.116609+00:00 DEBUG aya_obj::relocation: relocating call to callee address 0x14b8 in section 2 (relocation) at instruction 5173
2026-10-10T19:48:40.116610+00:00 DEBUG aya_obj::relocation: callee is `memset`
2026-10-10T19:48:40.116610+00:00 DEBUG aya_obj::relocation: callee `memset` is at ins 5448, 274 from current instruction 5173
2026-10-10T19:48:40.116612+00:00 DEBUG aya_obj::relocation: relocating call to callee address 0x14b8 in section 2 (relocation) at instruction 5179
2026-10-10T19:48:40.116613+00:00 DEBUG aya_obj::relocation: callee is `memset`
2026-10-10T19:48:40.116613+00:00 DEBUG aya_obj::relocation: callee `memset` is at ins 5448, 268 from current instruction 5179
2026-10-10T19:48:40.116615+00:00 DEBUG aya_obj::relocation: relocating call to callee address 0x14b8 in section 2 (relocation) at instruction 5266
2026-10-10T19:48:40.116616+00:00 DEBUG aya_obj::relocation: callee is `memset`
2026-10-10T19:48:40.116617+00:00 DEBUG aya_obj::relocation: callee `memset` is at ins 5448, 181 from current instruction 5266
2026-10-10T19:48:40.116619+00:00 DEBUG aya_obj::relocation: relocating call to callee address 0x14b8 in section 2 (relocation) at instruction 5329
2026-10-10T19:48:40.116620+00:00 DEBUG aya_obj::relocation: callee is `memset`
2026-10-10T19:48:40.116621+00:00 DEBUG aya_obj::relocation: callee `memset` is at ins 5448, 118 from current instruction 5329
2026-10-10T19:48:40.116622+00:00 DEBUG aya_obj::relocation: relocating call to callee address 0x14b8 in section 2 (relocation) at instruction 5357
2026-10-10T19:48:40.116623+00:00 DEBUG aya_obj::relocation: callee is `memset`
2026-10-10T19:48:40.116624+00:00 DEBUG aya_obj::relocation: callee `memset` is at ins 5448, 90 from current instruction 5357
2026-10-10T19:48:40.116626+00:00 DEBUG aya_obj::relocation: finished relocating program `lan_ingress_l3` function `_RNvNtCs2GI6VrNTxWR_9honk_ebpf7ingress21do_tproxy_lan_ingress`
2026-10-10T19:48:40.116627+00:00 DEBUG aya_obj::relocation: callee `_RNvNtCs2GI6VrNTxWR_9honk_ebpf7ingress21do_tproxy_lan_ingress` is at ins 7, 2 from current instruction 4
2026-10-10T19:48:40.116629+00:00 DEBUG aya_obj::relocation: finished relocating program `lan_ingress_l3` function `lan_ingress_l3`
2026-10-10T19:48:40.116631+00:00 DEBUG aya_obj::relocation: relocating program `lan_egress_l3` function `lan_egress_l3` size 7
2026-10-10T19:48:40.116632+00:00 DEBUG aya_obj::relocation: relocating call to callee address 0x12858 in section 2 (relocation) at instruction 4
2026-10-10T19:48:40.116633+00:00 DEBUG aya_obj::relocation: callee is `_RNvNtCs2GI6VrNTxWR_9honk_ebpf6egress20do_tproxy_lan_egress`
2026-10-10T19:48:40.116634+00:00 DEBUG aya_obj::relocation: linked function `_RNvNtCs2GI6VrNTxWR_9honk_ebpf6egress20do_tproxy_lan_egress` at instruction 7
2026-10-10T19:48:40.116636+00:00 DEBUG aya_obj::relocation: relocating program `lan_egress_l3` function `_RNvNtCs2GI6VrNTxWR_9honk_ebpf6egress20do_tproxy_lan_egress` size 887
2026-10-10T19:48:40.116637+00:00 DEBUG aya_obj::relocation: relocating call to callee address 0x14b8 in section 2 (relocation) at instruction 43
2026-10-10T19:48:40.116638+00:00 DEBUG aya_obj::relocation: callee is `memset`
2026-10-10T19:48:40.116639+00:00 DEBUG aya_obj::relocation: linked function `memset` at instruction 894
2026-10-10T19:48:40.116642+00:00 DEBUG aya_obj::relocation: relocating program `lan_egress_l3` function `memset` size 8
2026-10-10T19:48:40.116643+00:00 DEBUG aya_obj::relocation: finished relocating program `lan_egress_l3` function `memset`
2026-10-10T19:48:40.116644+00:00 DEBUG aya_obj::relocation: callee `memset` is at ins 894, 850 from current instruction 43
2026-10-10T19:48:40.116646+00:00 DEBUG aya_obj::relocation: relocating call to callee address 0x14b8 in section 2 (relocation) at instruction 118
2026-10-10T19:48:40.116647+00:00 DEBUG aya_obj::relocation: callee is `memset`
2026-10-10T19:48:40.116648+00:00 DEBUG aya_obj::relocation: callee `memset` is at ins 894, 775 from current instruction 118
2026-10-10T19:48:40.116649+00:00 DEBUG aya_obj::relocation: relocating call to callee address 0x14b8 in section 2 (relocation) at instruction 126
2026-10-10T19:48:40.116650+00:00 DEBUG aya_obj::relocation: callee is `memset`
2026-10-10T19:48:40.116651+00:00 DEBUG aya_obj::relocation: callee `memset` is at ins 894, 767 from current instruction 126
2026-10-10T19:48:40.116653+00:00 DEBUG aya_obj::relocation: relocating call to callee address 0x13f0 in section 2 (relocation) at instruction 182
2026-10-10T19:48:40.116654+00:00 DEBUG aya_obj::relocation: callee is `memmove`
2026-10-10T19:48:40.116655+00:00 DEBUG aya_obj::relocation: linked function `memmove` at instruction 902
2026-10-10T19:48:40.116656+00:00 DEBUG aya_obj::relocation: relocating program `lan_egress_l3` function `memmove` size 25
2026-10-10T19:48:40.116657+00:00 DEBUG aya_obj::relocation: finished relocating program `lan_egress_l3` function `memmove`
2026-10-10T19:48:40.116658+00:00 DEBUG aya_obj::relocation: callee `memmove` is at ins 902, 719 from current instruction 182
2026-10-10T19:48:40.116660+00:00 DEBUG aya_obj::relocation: relocating call to callee address 0x13f0 in section 2 (relocation) at instruction 290
2026-10-10T19:48:40.116661+00:00 DEBUG aya_obj::relocation: callee is `memmove`
2026-10-10T19:48:40.116662+00:00 DEBUG aya_obj::relocation: callee `memmove` is at ins 902, 611 from current instruction 290
2026-10-10T19:48:40.116663+00:00 DEBUG aya_obj::relocation: relocating call to callee address 0x13f0 in section 2 (relocation) at instruction 327
2026-10-10T19:48:40.116664+00:00 DEBUG aya_obj::relocation: callee is `memmove`
2026-10-10T19:48:40.116665+00:00 DEBUG aya_obj::relocation: callee `memmove` is at ins 902, 574 from current instruction 327
2026-10-10T19:48:40.116667+00:00 DEBUG aya_obj::relocation: relocating call to callee address 0x13f0 in section 2 (relocation) at instruction 370
2026-10-10T19:48:40.116668+00:00 DEBUG aya_obj::relocation: callee is `memmove`
2026-10-10T19:48:40.116669+00:00 DEBUG aya_obj::relocation: callee `memmove` is at ins 902, 531 from current instruction 370
2026-10-10T19:48:40.116671+00:00 DEBUG aya_obj::relocation: relocating call to callee address 0x13f0 in section 2 (relocation) at instruction 533
2026-10-10T19:48:40.116673+00:00 DEBUG aya_obj::relocation: callee is `memmove`
2026-10-10T19:48:40.116674+00:00 DEBUG aya_obj::relocation: callee `memmove` is at ins 902, 368 from current instruction 533
2026-10-10T19:48:40.116675+00:00 DEBUG aya_obj::relocation: relocating call to callee address 0x13f0 in section 2 (relocation) at instruction 540
2026-10-10T19:48:40.116676+00:00 DEBUG aya_obj::relocation: callee is `memmove`
2026-10-10T19:48:40.116677+00:00 DEBUG aya_obj::relocation: callee `memmove` is at ins 902, 361 from current instruction 540
2026-10-10T19:48:40.116678+00:00 DEBUG aya_obj::relocation: relocating call to callee address 0x14b8 in section 2 (relocation) at instruction 568
2026-10-10T19:48:40.116680+00:00 DEBUG aya_obj::relocation: callee is `memset`
2026-10-10T19:48:40.116680+00:00 DEBUG aya_obj::relocation: callee `memset` is at ins 894, 325 from current instruction 568
2026-10-10T19:48:40.116682+00:00 DEBUG aya_obj::relocation: relocating call to callee address 0x13f0 in section 2 (relocation) at instruction 612
2026-10-10T19:48:40.116683+00:00 DEBUG aya_obj::relocation: callee is `memmove`
2026-10-10T19:48:40.116684+00:00 DEBUG aya_obj::relocation: callee `memmove` is at ins 902, 289 from current instruction 612
2026-10-10T19:48:40.116685+00:00 DEBUG aya_obj::relocation: relocating call to callee address 0x13f0 in section 2 (relocation) at instruction 617
2026-10-10T19:48:40.116686+00:00 DEBUG aya_obj::relocation: callee is `memmove`
2026-10-10T19:48:40.116687+00:00 DEBUG aya_obj::relocation: callee `memmove` is at ins 902, 284 from current instruction 617
2026-10-10T19:48:40.116689+00:00 DEBUG aya_obj::relocation: relocating call to callee address 0x14b8 in section 2 (relocation) at instruction 729
2026-10-10T19:48:40.116690+00:00 DEBUG aya_obj::relocation: callee is `memset`
2026-10-10T19:48:40.116691+00:00 DEBUG aya_obj::relocation: callee `memset` is at ins 894, 164 from current instruction 729
2026-10-10T19:48:40.116692+00:00 DEBUG aya_obj::relocation: relocating call to callee address 0xdc58 in section 2 (pc-relative) at instruction 744
2026-10-10T19:48:40.116693+00:00 DEBUG aya_obj::relocation: callee is `_RNvNtCs2GI6VrNTxWR_9honk_ebpf8contrack15___mark_tcp_seen`
2026-10-10T19:48:40.116694+00:00 DEBUG aya_obj::relocation: linked function `_RNvNtCs2GI6VrNTxWR_9honk_ebpf8contrack15___mark_tcp_seen` at instruction 927
2026-10-10T19:48:40.116696+00:00 DEBUG aya_obj::relocation: relocating program `lan_egress_l3` function `_RNvNtCs2GI6VrNTxWR_9honk_ebpf8contrack15___mark_tcp_seen` size 460
2026-10-10T19:48:40.116697+00:00 DEBUG aya_obj::relocation: relocating call to callee address 0x14b8 in section 2 (relocation) at instruction 950
2026-10-10T19:48:40.116698+00:00 DEBUG aya_obj::relocation: callee is `memset`
2026-10-10T19:48:40.116699+00:00 DEBUG aya_obj::relocation: callee `memset` is at ins 894, -57 from current instruction 950
2026-10-10T19:48:40.116700+00:00 DEBUG aya_obj::relocation: relocating call to callee address 0x14b8 in section 2 (relocation) at instruction 955
2026-10-10T19:48:40.116701+00:00 DEBUG aya_obj::relocation: callee is `memset`
2026-10-10T19:48:40.116702+00:00 DEBUG aya_obj::relocation: callee `memset` is at ins 894, -62 from current instruction 955
2026-10-10T19:48:40.116703+00:00 DEBUG aya_obj::relocation: relocating call to callee address 0x14b8 in section 2 (relocation) at instruction 960
2026-10-10T19:48:40.116704+00:00 DEBUG aya_obj::relocation: callee is `memset`
2026-10-10T19:48:40.116705+00:00 DEBUG aya_obj::relocation: callee `memset` is at ins 894, -67 from current instruction 960
2026-10-10T19:48:40.116707+00:00 DEBUG aya_obj::relocation: relocating call to callee address 0x14b8 in section 2 (relocation) at instruction 1071
2026-10-10T19:48:40.116708+00:00 DEBUG aya_obj::relocation: callee is `memset`
2026-10-10T19:48:40.116709+00:00 DEBUG aya_obj::relocation: callee `memset` is at ins 894, -178 from current instruction 1071
2026-10-10T19:48:40.116710+00:00 DEBUG aya_obj::relocation: relocating call to callee address 0x14b8 in section 2 (relocation) at instruction 1076
2026-10-10T19:48:40.116712+00:00 DEBUG aya_obj::relocation: callee is `memset`
2026-10-10T19:48:40.116713+00:00 DEBUG aya_obj::relocation: callee `memset` is at ins 894, -183 from current instruction 1076
2026-10-10T19:48:40.116714+00:00 DEBUG aya_obj::relocation: relocating call to callee address 0x14b8 in section 2 (relocation) at instruction 1081
2026-10-10T19:48:40.116715+00:00 DEBUG aya_obj::relocation: callee is `memset`
2026-10-10T19:48:40.116716+00:00 DEBUG aya_obj::relocation: callee `memset` is at ins 894, -188 from current instruction 1081
2026-10-10T19:48:40.116718+00:00 DEBUG aya_obj::relocation: relocating call to callee address 0x14b8 in section 2 (relocation) at instruction 1241
2026-10-10T19:48:40.116719+00:00 DEBUG aya_obj::relocation: callee is `memset`
2026-10-10T19:48:40.116720+00:00 DEBUG aya_obj::relocation: callee `memset` is at ins 894, -348 from current instruction 1241
2026-10-10T19:48:40.116723+00:00 DEBUG aya_obj::relocation: finished relocating program `lan_egress_l3` function `_RNvNtCs2GI6VrNTxWR_9honk_ebpf8contrack15___mark_tcp_seen`
2026-10-10T19:48:40.116724+00:00 DEBUG aya_obj::relocation: callee `_RNvNtCs2GI6VrNTxWR_9honk_ebpf8contrack15___mark_tcp_seen` is at ins 927, 182 from current instruction 744
2026-10-10T19:48:40.116726+00:00 DEBUG aya_obj::relocation: relocating call to callee address 0x14b8 in section 2 (relocation) at instruction 848
2026-10-10T19:48:40.116727+00:00 DEBUG aya_obj::relocation: callee is `memset`
2026-10-10T19:48:40.116728+00:00 DEBUG aya_obj::relocation: callee `memset` is at ins 894, 45 from current instruction 848
2026-10-10T19:48:40.116729+00:00 DEBUG aya_obj::relocation: relocating call to callee address 0x10288 in section 2 (pc-relative) at instruction 854
2026-10-10T19:48:40.116730+00:00 DEBUG aya_obj::relocation: callee is `_RNvNtCs2GI6VrNTxWR_9honk_ebpf8contrack15___mark_udp_seen`
2026-10-10T19:48:40.116731+00:00 DEBUG aya_obj::relocation: linked function `_RNvNtCs2GI6VrNTxWR_9honk_ebpf8contrack15___mark_udp_seen` at instruction 1387
2026-10-10T19:48:40.116733+00:00 DEBUG aya_obj::relocation: relocating program `lan_egress_l3` function `_RNvNtCs2GI6VrNTxWR_9honk_ebpf8contrack15___mark_udp_seen` size 401
2026-10-10T19:48:40.116735+00:00 DEBUG aya_obj::relocation: relocating call to callee address 0x14b8 in section 2 (relocation) at instruction 1518
2026-10-10T19:48:40.116736+00:00 DEBUG aya_obj::relocation: callee is `memset`
2026-10-10T19:48:40.116737+00:00 DEBUG aya_obj::relocation: callee `memset` is at ins 894, -625 from current instruction 1518
2026-10-10T19:48:40.116738+00:00 DEBUG aya_obj::relocation: relocating call to callee address 0x14b8 in section 2 (relocation) at instruction 1523
2026-10-10T19:48:40.116739+00:00 DEBUG aya_obj::relocation: callee is `memset`
2026-10-10T19:48:40.116740+00:00 DEBUG aya_obj::relocation: callee `memset` is at ins 894, -630 from current instruction 1523
2026-10-10T19:48:40.116742+00:00 DEBUG aya_obj::relocation: relocating call to callee address 0x14b8 in section 2 (relocation) at instruction 1610
2026-10-10T19:48:40.116743+00:00 DEBUG aya_obj::relocation: callee is `memset`
2026-10-10T19:48:40.116744+00:00 DEBUG aya_obj::relocation: callee `memset` is at ins 894, -717 from current instruction 1610
2026-10-10T19:48:40.116746+00:00 DEBUG aya_obj::relocation: relocating call to callee address 0x14b8 in section 2 (relocation) at instruction 1680
2026-10-10T19:48:40.116747+00:00 DEBUG aya_obj::relocation: callee is `memset`
2026-10-10T19:48:40.116747+00:00 DEBUG aya_obj::relocation: callee `memset` is at ins 894, -787 from current instruction 1680
2026-10-10T19:48:40.116750+00:00 DEBUG aya_obj::relocation: finished relocating program `lan_egress_l3` function `_RNvNtCs2GI6VrNTxWR_9honk_ebpf8contrack15___mark_udp_seen`
2026-10-10T19:48:40.116751+00:00 DEBUG aya_obj::relocation: callee `_RNvNtCs2GI6VrNTxWR_9honk_ebpf8contrack15___mark_udp_seen` is at ins 1387, 532 from current instruction 854
2026-10-10T19:48:40.116752+00:00 DEBUG aya_obj::relocation: finished relocating program `lan_egress_l3` function `_RNvNtCs2GI6VrNTxWR_9honk_ebpf6egress20do_tproxy_lan_egress`
2026-10-10T19:48:40.116754+00:00 DEBUG aya_obj::relocation: callee `_RNvNtCs2GI6VrNTxWR_9honk_ebpf6egress20do_tproxy_lan_egress` is at ins 7, 2 from current instruction 4
2026-10-10T19:48:40.116755+00:00 DEBUG aya_obj::relocation: finished relocating program `lan_egress_l3` function `lan_egress_l3`
2026-10-10T19:48:40.116757+00:00 DEBUG aya_obj::relocation: relocating program `tproxy_wan_cg_connect6_comm` function `tproxy_wan_cg_connect6_comm` size 108
2026-10-10T19:48:40.116758+00:00 DEBUG aya_obj::relocation: relocating call to callee address 0x14b8 in section 2 (relocation) at instruction 24
2026-10-10T19:48:40.116759+00:00 DEBUG aya_obj::relocation: callee is `memset`
2026-10-10T19:48:40.116760+00:00 DEBUG aya_obj::relocation: linked function `memset` at instruction 108
2026-10-10T19:48:40.116761+00:00 DEBUG aya_obj::relocation: relocating program `tproxy_wan_cg_connect6_comm` function `memset` size 8
2026-10-10T19:48:40.116762+00:00 DEBUG aya_obj::relocation: finished relocating program `tproxy_wan_cg_connect6_comm` function `memset`
2026-10-10T19:48:40.116763+00:00 DEBUG aya_obj::relocation: callee `memset` is at ins 108, 83 from current instruction 24
2026-10-10T19:48:40.116765+00:00 DEBUG aya_obj::relocation: relocating call to callee address 0x14b8 in section 2 (relocation) at instruction 61
2026-10-10T19:48:40.116766+00:00 DEBUG aya_obj::relocation: callee is `memset`
2026-10-10T19:48:40.116767+00:00 DEBUG aya_obj::relocation: callee `memset` is at ins 108, 46 from current instruction 61
2026-10-10T19:48:40.116768+00:00 DEBUG aya_obj::relocation: finished relocating program `tproxy_wan_cg_connect6_comm` function `tproxy_wan_cg_connect6_comm`
2026-10-10T19:48:40.116884+00:00 DEBUG honk_core::ebpf::real::attach: pinned 'ROUTE_TRACE_SEQUENCE'
2026-10-10T19:48:40.116890+00:00 DEBUG honk_core::ebpf::real::attach: pinned 'OUTBOUND_CONNECTIVITY_MAP'
2026-10-10T19:48:40.116893+00:00 DEBUG honk_core::ebpf::real::attach: pinned 'PKT_SCRATCH_KEY'
2026-10-10T19:48:40.116896+00:00 DEBUG honk_core::ebpf::real::attach: pinned 'CONN_STATE_MAP'
2026-10-10T19:48:40.116899+00:00 DEBUG honk_core::ebpf::real::attach: pinned 'ROUTE_TRACE_MAP'
2026-10-10T19:48:40.116913+00:00 DEBUG honk_core::ebpf::real::attach: pinned 'COOKIE_PID_MAP'
2026-10-10T19:48:40.116917+00:00 DEBUG honk_core::ebpf::real::attach: pinned 'UDP_DECISION_RETIRE_FENCE'
2026-10-10T19:48:40.116919+00:00 DEBUG honk_core::ebpf::real::attach: pinned 'OUTBOUND_STATS'
2026-10-10T19:48:40.116922+00:00 DEBUG honk_core::ebpf::real::attach: pinned 'ROUTING_HANDOFF_MAP'
2026-10-10T19:48:40.116925+00:00 DEBUG honk_core::ebpf::real::attach: pinned 'DATAPATH_FLAGS_MAP'
2026-10-10T19:48:40.116928+00:00 DEBUG honk_core::ebpf::real::attach: pinned 'UDP_DECISION_EPOCH'
2026-10-10T19:48:40.116931+00:00 DEBUG honk_core::ebpf::real::attach: pinned 'BPF_STATS_MAP'
2026-10-10T19:48:40.116932+00:00 DEBUG honk_core::ebpf::real::attach: skipping internal map '.rodata'
2026-10-10T19:48:40.116935+00:00 DEBUG honk_core::ebpf::real::attach: pinned 'RECEIVE_TRACE'
2026-10-10T19:48:40.116937+00:00 DEBUG honk_core::ebpf::real::attach: pinned 'UDP_DECISION_SCRATCH_MAP'
2026-10-10T19:48:40.116940+00:00 DEBUG honk_core::ebpf::real::attach: pinned 'REDIRECT_TRACK'
2026-10-10T19:48:40.116943+00:00 DEBUG honk_core::ebpf::real::attach: pinned 'UDP_DECISION_INFLIGHT'
2026-10-10T19:48:40.116946+00:00 DEBUG honk_core::ebpf::real::attach: pinned 'PARSE_CTX_MAP'
2026-10-10T19:48:40.116949+00:00 DEBUG honk_core::ebpf::real::attach: pinned 'CONNTRACK_ARGS_MAP'
2026-10-10T19:48:40.116951+00:00 DEBUG honk_core::ebpf::real::attach: pinned 'CONN_STATE_OCCUPANCY'
2026-10-10T19:48:40.116954+00:00 DEBUG honk_core::ebpf::real::attach: pinned 'LISTEN_SOCKET_MAP'
2026-10-10T19:48:40.116955+00:00 DEBUG honk_core::ebpf::real::attach: skipping internal map '.data'
2026-10-10T19:48:40.116958+00:00 DEBUG honk_core::ebpf::real::attach: pinned 'CLIENT_REPLY_TRACK'
2026-10-10T19:48:40.116961+00:00 DEBUG honk_core::ebpf::real::attach: pinned 'ROUTING_POLICY_ROOT'
2026-10-10T19:48:40.116965+00:00 DEBUG honk_core::ebpf::real::attach: pinned 'EVENT_RINGBUF'
2026-10-10T19:48:40.116968+00:00 DEBUG honk_core::ebpf::real::attach: pinned 'DATAPATH_STATE_MAP'
2026-10-10T19:48:40.116969+00:00  INFO honk_core::ebpf::real::attach: process-name routing uses argv[0] basename
2026-10-10T19:48:40.122034+00:00  INFO honk_core::ebpf::real::attach: Attached 6 cgroup programs to /sys/fs/cgroup
2026-10-10T19:48:40.122398+00:00  INFO honk_core::ebpf::real::attach: Attaching eBPF TC programs to LAN interface: veth-lab (configured: veth-lab)
2026-10-10T19:48:40.212939+00:00 DEBUG honk_core::ebpf::real::attach: attached 'lan_ingress_l2' to veth-lab (Ingress) link_id=SchedClassifierLinkId(FdLinkId(FdLinkId(57)))
2026-10-10T19:48:40.223925+00:00 DEBUG honk_core::ebpf::real::attach: attached 'lan_egress_l2' to veth-lab (Egress) link_id=SchedClassifierLinkId(FdLinkId(FdLinkId(59)))
2026-10-10T19:48:40.302926+00:00 DEBUG honk_core::ebpf::real::attach: attached 'wan_egress_l2' to ens3 (Egress) link_id=SchedClassifierLinkId(FdLinkId(FdLinkId(61)))
2026-10-10T19:48:40.314923+00:00 DEBUG honk_core::ebpf::real::attach: attached 'wan_ingress_l2' to ens3 (Ingress) link_id=SchedClassifierLinkId(FdLinkId(FdLinkId(63)))
2026-10-10T19:48:40.322898+00:00  INFO honk_core::ebpf::real::attach: eBPF loaded and attached
2026-10-10T19:48:40.322909+00:00 DEBUG honk_core::ebpf::real::attach: eBPF logger init failed (no log statements or aya-log mismatch): AYA_LOGS not found
2026-10-10T19:48:40.337872+00:00 DEBUG honk_core::ebpf::real::attach: attached 'dae0_ingress' to dae0 (Ingress) link_id=SchedClassifierLinkId(FdLinkId(FdLinkId(65)))
2026-10-10T19:48:40.337902+00:00  INFO honk_core::ebpf::real: dae0_ingress attached and link held
2026-10-10T19:48:40.337905+00:00  INFO honk_core: dae0 programs attached
2026-10-10T19:48:40.345077+00:00 DEBUG honk_core::netlink: set_link_netns_fd ifindex=1100 fd_no=14 ok=true
2026-10-10T19:48:40.345103+00:00  INFO honk_core: Moved dae0peer to daens
2026-10-10T19:48:40.345734+00:00  INFO honk_core: Configured daens namespace (mark=0x8000000)
2026-10-10T19:48:40.345743+00:00  INFO honk_core: dae0peer moved to daens netns
2026-10-10T19:48:40.346213+00:00  INFO honk_core::ebpf::real: tproxy_sk_lookup attached to daens namespace
2026-10-10T19:48:40.346220+00:00  INFO honk_core: tproxy_sk_lookup attached in daens
2026-10-10T19:48:40.354875+00:00 DEBUG honk_core::ebpf::real::attach: attached 'dae0peer_ingress' to dae0peer (Ingress) link_id=SchedClassifierLinkId(FdLinkId(FdLinkId(70)))
2026-10-10T19:48:40.354895+00:00  INFO honk_core::ebpf::real: dae0peer_ingress attached and link held
2026-10-10T19:48:40.354905+00:00  INFO honk_core: dae0peer_ingress attached in daens
2026-10-10T19:48:40.354909+00:00  INFO honk_core: Using eBPF TC redirect datapath (tproxy_mark=0x8000000)
2026-10-10T19:48:40.354968+00:00  INFO honk_core: Router ready with 7 compiled routes
2026-10-10T19:48:40.354993+00:00  INFO honk_core: Proxy registry ready (11 handlers)
2026-10-10T19:48:40.355025+00:00  INFO honk_core: DNS upstream config: name=alidns addr=223.5.5.5:53 proto=Udp outbound=None
2026-10-10T19:48:40.355042+00:00  INFO honk_core: DNS forwarder ready
2026-10-10T19:48:40.355084+00:00  INFO honk_core::control::bootstrap: Registered 6/8 nodes for health check (2 skipped: not in any group)
2026-10-10T19:48:40.355204+00:00  INFO honk_core::control::bootstrap: Control-plane descriptor budget nofile=524288 fixed=256 tcp_flows=16384 tcp_max=32768 tcp_pool=2048 dials=64 dial_ceiling=1024 vless_carriers=8192 udp_endpoints=8192 udp_slow=256 dns_slow=256
2026-10-10T19:48:40.521347+00:00  INFO honk_core: DNS upstream pool attached to SharedGroupManager + traffic Router
2026-10-10T19:48:40.521840+00:00  INFO honk_core: Starting control plane listeners and accept loop
2026-10-10T19:48:40.521854+00:00  INFO honk_core: honk-core is running.
2026-10-10T19:48:40.521988+00:00  INFO honk_core::clash_api: clash API listening on http://127.0.0.1:9090
2026-10-10T19:48:40.522075+00:00  WARN honk_core::control::runtime: LAN self-protection coverage could not be confirmed; review explicit direct(must) rules for management access, excluding port 53 if transparent DNS is intended; configured routing is unchanged lan_interfaces=["veth-lab"] local_addresses=["10.10.10.49/32", "192.0.2.55/32", "192.168.222.1/32", "240e:3b6:32b0:24d0:2a0:98ff:fe04:2a4b/128", "240e:3b6:32b0:4500:2a0:98ff:fe04:2a4b/128", "fd00:abab::2a0:98ff:fe04:2a4b/128"]
2026-10-10T19:48:40.522107+00:00  INFO honk_core::control::lifecycle: Control plane listening for TPROXY TCPv4 on 0.0.0.0:12345
2026-10-10T19:48:40.522119+00:00  INFO honk_core::control::lifecycle: Control plane listening for TPROXY TCPv6 on [::]:12345
2026-10-10T19:48:40.522145+00:00  INFO honk_core::control::lifecycle: Control plane listening for TPROXY UDPv4 x4 on 0.0.0.0:12345
2026-10-10T19:48:40.522171+00:00  INFO honk_core::control::lifecycle: Control plane listening for TPROXY UDPv6 x4 on [::]:12345
2026-10-10T19:48:40.522176+00:00 DEBUG honk_core::ebpf::real: Published listener socket to LISTEN_SOCKET_MAP fd=92 key=0
2026-10-10T19:48:40.522179+00:00 DEBUG honk_core::ebpf::real: Published listener socket to LISTEN_SOCKET_MAP fd=93 key=1
2026-10-10T19:48:40.522181+00:00 DEBUG honk_core::ebpf::real: Published listener socket to LISTEN_SOCKET_MAP fd=94 key=2
2026-10-10T19:48:40.522182+00:00 DEBUG honk_core::ebpf::real: Published listener socket to LISTEN_SOCKET_MAP fd=95 key=3
2026-10-10T19:48:40.522184+00:00 DEBUG honk_core::ebpf::real: Published listener socket to LISTEN_SOCKET_MAP fd=96 key=4
2026-10-10T19:48:40.522185+00:00 DEBUG honk_core::ebpf::real: Published listener socket to LISTEN_SOCKET_MAP fd=97 key=5
2026-10-10T19:48:40.522187+00:00 DEBUG honk_core::ebpf::real: Published listener socket to LISTEN_SOCKET_MAP fd=98 key=6
2026-10-10T19:48:40.522188+00:00 DEBUG honk_core::ebpf::real: Published listener socket to LISTEN_SOCKET_MAP fd=99 key=7
2026-10-10T19:48:40.522190+00:00 DEBUG honk_core::ebpf::real: Published listener socket to LISTEN_SOCKET_MAP fd=100 key=8
2026-10-10T19:48:40.522192+00:00 DEBUG honk_core::ebpf::real: Published listener socket to LISTEN_SOCKET_MAP fd=101 key=9
2026-10-10T19:48:40.523786+00:00  INFO honk_core::control::janitor: BPF janitor: started (tick=2s; conn-state sweep is watermark-driven)
2026-10-10T19:48:40.526935+00:00  INFO honk_outbound::tls: TLS mode: tls (Chrome fingerprint=false)
2026-10-10T19:48:40.526959+00:00 DEBUG honk_outbound::alive: Health check DNS resolved '10.10.10.70' → 1 IPs
2026-10-10T19:48:40.526961+00:00  INFO honk_outbound::alive: HTTP health check enabled (url=http://10.10.10.70:8080, method=HEAD)
2026-10-10T19:48:40.526965+00:00  INFO honk_core::control::lifecycle: UDP health check enabled (dns=10.10.10.70:53539)
2026-10-10T19:48:40.526967+00:00  INFO honk_core::control::lifecycle: Starting health check loop (interval=3600s, timeout=5s)
2026-10-10T19:48:40.526975+00:00  INFO honk_core::control::drain: DrainTracker: accepting new connections again
2026-10-10T19:48:40.526993+00:00  INFO honk_core::control::preconnect: Preconnect warmup started for 2 nodes (max 4 concurrent)
2026-10-10T19:48:40.527080+00:00 DEBUG honk_outbound::session: pool dial task spawned id=0
2026-10-10T19:48:40.527096+00:00  WARN honk_core::control::runtime: LAN self-protection coverage could not be confirmed; review explicit direct(must) rules for management access, excluding port 53 if transparent DNS is intended; configured routing is unchanged lan_interfaces=["veth-lab"] local_addresses=["10.10.10.49/32", "192.0.2.55/32", "192.168.222.1/32", "240e:3b6:32b0:24d0:2a0:98ff:fe04:2a4b/128", "240e:3b6:32b0:4500:2a0:98ff:fe04:2a4b/128", "fd00:abab::2a0:98ff:fe04:2a4b/128"]
2026-10-10T19:48:40.527174+00:00 DEBUG honk_outbound::session: offer parked on in-flight dial
2026-10-10T19:48:40.527220+00:00 DEBUG honk_outbound::session: pool dial task spawned id=0
2026-10-10T19:48:40.527348+00:00 DEBUG honk_outbound::session: offer parked on in-flight dial
2026-10-10T19:48:40.528273+00:00 DEBUG honk_outbound::session: pool dial task spawned id=0
2026-10-10T19:48:40.528377+00:00 DEBUG honk_outbound::session: offer parked on in-flight dial
2026-10-10T19:48:40.528437+00:00 DEBUG honk_outbound::session: pool dial task spawned id=0
2026-10-10T19:48:40.528543+00:00 DEBUG honk_outbound::session: offer parked on in-flight dial
2026-10-10T19:48:40.532476+00:00 DEBUG honk_outbound::proxy::shadowsocks: Shadowsocks: connecting to 10.10.10.70:2447 for target 10.10.10.70:8080
2026-10-10T19:48:40.532482+00:00 DEBUG honk_core::pool: Pool deposit: 10.10.10.70:2446 (1 total pooled)
2026-10-10T19:48:40.532489+00:00 DEBUG honk_core::pool: Pruned 0 expired pooled connections (1 remaining)
2026-10-10T19:48:40.532502+00:00 DEBUG honk_core::pool: Pool deposit: 10.10.10.70:2446 (2 total pooled)
2026-10-10T19:48:40.532504+00:00 DEBUG honk_core::control::preconnect: Preconnect warmup: deposited connection to 10.10.10.70:2446
2026-10-10T19:48:40.532506+00:00 DEBUG honk_core::pool: Pool deposit: 10.10.10.70:2447 (3 total pooled)
2026-10-10T19:48:40.532508+00:00 DEBUG honk_core::control::preconnect: Preconnect warmup: deposited connection to 10.10.10.70:2447
2026-10-10T19:48:40.532590+00:00 DEBUG honk_core::control::runtime: resized TCP flow admission budget previous=16384 limit=24149 active_permits=0 open_fds=115
2026-10-10T19:48:40.532630+00:00 DEBUG honk_outbound::proxy::anytls: AnyTLS: TCP connected to 10.10.10.70:2443
2026-10-10T19:48:40.532772+00:00 DEBUG honk_outbound::proxy::anytls: AnyTLS: TCP connected to 10.10.10.70:2445
2026-10-10T19:48:40.532779+00:00 DEBUG honk_core::pool: Pool deposit: 10.10.10.70:2447 (4 total pooled)
2026-10-10T19:48:40.532799+00:00 DEBUG honk_outbound::proxy::anytls: AnyTLS: TCP connected to 10.10.10.70:2443
2026-10-10T19:48:40.532799+00:00 DEBUG honk_outbound::urltest: HTTP probe dial established node=ss2022 addr=10.10.10.70:8080
2026-10-10T19:48:40.532819+00:00 DEBUG honk_outbound::proxy::anytls: AnyTLS: TCP connected to 10.10.10.70:2445
2026-10-10T19:48:40.533091+00:00 DEBUG honk_outbound::alive::probe: HTTP health check warm exchange failed for node 'ss2022' via 10.10.10.70:8080: HTTP probe read failed: Connection reset by peer (os error 104)
2026-10-10T19:48:40.533101+00:00 DEBUG honk_outbound::alive::probe: Node 'ss2022' failed HTTP health check for 'http://10.10.10.70:8080' through proxy endpoint 10.10.10.70:2447
2026-10-10T19:48:40.535349+00:00 DEBUG honk_outbound::urltest: HTTP probe dial established node=trojan addr=10.10.10.70:8080
2026-10-10T19:48:40.535514+00:00 DEBUG honk_outbound::proxy::anytls: AnyTLS: TLS handshake completed with 10.10.10.70:2445
2026-10-10T19:48:40.535533+00:00 DEBUG honk_outbound::proxy::anytls: AnyTLS session 1 for 10.10.10.70:2445 established
2026-10-10T19:48:40.535536+00:00 DEBUG honk_outbound::session: pool dial succeeded id=0
2026-10-10T19:48:40.536218+00:00 DEBUG honk_outbound::urltest: HTTP probe dial established node=hy2 addr=10.10.10.70:8080
2026-10-10T19:48:40.536496+00:00 DEBUG honk_outbound::alive::probe: HTTP health check succeeded for node 'trojan' via 10.10.10.70:8080 (1ms)
2026-10-10T19:48:40.536503+00:00 DEBUG honk_outbound::alive::probe: Node 'trojan' is alive after HTTP health check
2026-10-10T19:48:40.537361+00:00 DEBUG honk_outbound::alive::probe: HTTP health check succeeded for node 'hy2' via 10.10.10.70:8080 (0ms)
2026-10-10T19:48:40.537369+00:00 DEBUG honk_outbound::alive::probe: Node 'hy2' is alive after HTTP health check
2026-10-10T19:48:40.537454+00:00 DEBUG honk_outbound::proxy::anytls: AnyTLS: TLS handshake completed with 10.10.10.70:2445
2026-10-10T19:48:40.537471+00:00 DEBUG honk_outbound::proxy::anytls: AnyTLS session 2 for 10.10.10.70:2445 established
2026-10-10T19:48:40.537474+00:00 DEBUG honk_outbound::session: pool dial succeeded id=0
2026-10-10T19:48:40.537495+00:00 DEBUG honk_outbound::proxy::anytls: AnyTLS: multiplexing on session 2 (1 open stream(s))
2026-10-10T19:48:40.537499+00:00 DEBUG honk_outbound::proxy::anytls: AnyTLS session 2 opened direct sid=1
2026-10-10T19:48:40.537501+00:00 DEBUG honk_outbound::urltest: HTTP probe dial established node=anytls-sb addr=10.10.10.70:8080
2026-10-10T19:48:40.537897+00:00 DEBUG honk_outbound::urltest: HTTP probe dial established node=tuic addr=10.10.10.70:8080
2026-10-10T19:48:40.538131+00:00 DEBUG honk_outbound::proxy::anytls: AnyTLS: TLS handshake completed with 10.10.10.70:2443
2026-10-10T19:48:40.538150+00:00 DEBUG honk_outbound::proxy::anytls: AnyTLS session 3 for 10.10.10.70:2443 established
2026-10-10T19:48:40.538153+00:00 DEBUG honk_outbound::session: pool dial succeeded id=0
2026-10-10T19:48:40.538321+00:00 DEBUG honk_outbound::proxy::anytls: AnyTLS: TLS handshake completed with 10.10.10.70:2443
2026-10-10T19:48:40.538339+00:00 DEBUG honk_outbound::proxy::anytls: AnyTLS session 4 for 10.10.10.70:2443 established
2026-10-10T19:48:40.538342+00:00 DEBUG honk_outbound::session: pool dial succeeded id=0
2026-10-10T19:48:40.538364+00:00 DEBUG honk_outbound::proxy::anytls: AnyTLS: multiplexing on session 4 (1 open stream(s))
2026-10-10T19:48:40.538371+00:00 DEBUG honk_outbound::proxy::anytls: AnyTLS session 4 opened direct sid=1
2026-10-10T19:48:40.538374+00:00 DEBUG honk_outbound::urltest: HTTP probe dial established node=anytls-go addr=10.10.10.70:8080
2026-10-10T19:48:40.538709+00:00 DEBUG honk_outbound::proxy::anytls: AnyTLS session 2 sid=1 stream ended
2026-10-10T19:48:40.538712+00:00 DEBUG honk_outbound::proxy::anytls: AnyTLS session 2 sid=1 stream ended
2026-10-10T19:48:40.538718+00:00 DEBUG honk_outbound::proxy::anytls: AnyTLS session 2 for 10.10.10.70:2445 closed
2026-10-10T19:48:40.538747+00:00 DEBUG honk_outbound::alive::probe: HTTP health check succeeded for node 'anytls-sb' via 10.10.10.70:8080 (0ms)
2026-10-10T19:48:40.538753+00:00 DEBUG honk_outbound::alive::probe: Node 'anytls-sb' is alive after HTTP health check
2026-10-10T19:48:40.539203+00:00 DEBUG honk_outbound::alive::probe: HTTP health check succeeded for node 'tuic' via 10.10.10.70:8080 (1ms)
2026-10-10T19:48:40.539211+00:00 DEBUG honk_outbound::alive::probe: Node 'tuic' is alive after HTTP health check
2026-10-10T19:48:40.539893+00:00 DEBUG honk_outbound::proxy::anytls: AnyTLS session 4 sid=1 stream ended
2026-10-10T19:48:40.539900+00:00 DEBUG honk_outbound::proxy::anytls: AnyTLS session 4 sid=1 stream ended
2026-10-10T19:48:40.539905+00:00 DEBUG honk_outbound::proxy::anytls: AnyTLS session 4 for 10.10.10.70:2443 closed
2026-10-10T19:48:40.539926+00:00 DEBUG honk_outbound::alive::probe: HTTP health check succeeded for node 'anytls-go' via 10.10.10.70:8080 (1ms)
2026-10-10T19:48:40.539930+00:00 DEBUG honk_outbound::alive::probe: Node 'anytls-go' is alive after HTTP health check
2026-10-10T19:48:42.758341+00:00 DEBUG honk_outbound::urltest: HTTP probe dial established node=hy2 addr=10.10.10.70:8080
2026-10-10T19:48:42.758420+00:00 DEBUG honk_outbound::proxy::anytls: AnyTLS: multiplexing on session 3 (1 open stream(s))
2026-10-10T19:48:42.758487+00:00 DEBUG honk_outbound::proxy::anytls: AnyTLS session 3 opened direct sid=1
2026-10-10T19:48:42.758499+00:00 DEBUG honk_outbound::urltest: HTTP probe dial established node=anytls-go addr=10.10.10.70:8080
2026-10-10T19:48:42.758666+00:00 DEBUG honk_outbound::proxy::shadowsocks: Shadowsocks: connecting to 10.10.10.70:2447 for target 10.10.10.70:8080
2026-10-10T19:48:42.758662+00:00 DEBUG honk_outbound::proxy::anytls: AnyTLS: multiplexing on session 1 (1 open stream(s))
2026-10-10T19:48:42.758726+00:00 DEBUG honk_outbound::proxy::anytls: AnyTLS session 1 opened direct sid=1
2026-10-10T19:48:42.758738+00:00 DEBUG honk_outbound::urltest: HTTP probe dial established node=anytls-sb addr=10.10.10.70:8080
2026-10-10T19:48:42.758749+00:00 DEBUG honk_outbound::urltest: HTTP probe dial established node=tuic addr=10.10.10.70:8080
2026-10-10T19:48:42.759251+00:00 DEBUG honk_outbound::urltest: HTTP probe dial established node=ss2022 addr=10.10.10.70:8080
2026-10-10T19:48:42.760629+00:00 DEBUG honk_outbound::alive::probe: HTTP health check warm exchange failed for node 'ss2022' via 10.10.10.70:8080: HTTP probe read failed: Connection reset by peer (os error 104)
2026-10-10T19:48:42.760680+00:00 DEBUG honk_outbound::alive::probe: Node 'ss2022' failed HTTP health check for 'http://10.10.10.70:8080' through proxy endpoint 10.10.10.70:2447
2026-10-10T19:48:42.760818+00:00 DEBUG honk_outbound::proxy::shadowsocks: Shadowsocks UDP: session to 10.10.10.70:2447 for target 10.10.10.70:53539
2026-10-10T19:48:42.761253+00:00 DEBUG honk_outbound::proxy::anytls: AnyTLS session 3 sid=1 stream ended
2026-10-10T19:48:42.761300+00:00 DEBUG honk_outbound::proxy::anytls: AnyTLS session 3 sid=1 stream ended
2026-10-10T19:48:42.761318+00:00 DEBUG honk_outbound::alive::probe: HTTP health check succeeded for node 'anytls-go' via 10.10.10.70:8080 (2ms)
2026-10-10T19:48:42.761329+00:00 DEBUG honk_outbound::alive::probe: Node 'anytls-go' is alive after HTTP health check
2026-10-10T19:48:42.761393+00:00 DEBUG honk_outbound::proxy::anytls: AnyTLS session 3 opened uot sid=2
2026-10-10T19:48:42.765737+00:00 DEBUG honk_outbound::urltest: HTTP probe dial established node=trojan addr=10.10.10.70:8080
2026-10-10T19:48:42.766016+00:00 DEBUG honk_outbound::proxy::anytls: AnyTLS session 3 sid=2 uot stream ended
2026-10-10T19:48:42.766042+00:00 DEBUG honk_outbound::alive::probe: UDP health check succeeded for node 'anytls-go' (4ms)
2026-10-10T19:48:42.766882+00:00 DEBUG honk_outbound::proxy::anytls: AnyTLS session 1 sid=1 stream ended
2026-10-10T19:48:42.766923+00:00 DEBUG honk_outbound::proxy::anytls: AnyTLS session 1 sid=1 stream ended
2026-10-10T19:48:42.766943+00:00 DEBUG honk_outbound::alive::probe: HTTP health check succeeded for node 'anytls-sb' via 10.10.10.70:8080 (4ms)
2026-10-10T19:48:42.766955+00:00 DEBUG honk_outbound::alive::probe: Node 'anytls-sb' is alive after HTTP health check
2026-10-10T19:48:42.767016+00:00 DEBUG honk_outbound::proxy::anytls: AnyTLS session 1 opened uot sid=2
2026-10-10T19:48:42.767346+00:00 DEBUG honk_outbound::alive::probe: HTTP health check succeeded for node 'tuic' via 10.10.10.70:8080 (8ms)
2026-10-10T19:48:42.767360+00:00 DEBUG honk_outbound::alive::probe: Node 'tuic' is alive after HTTP health check
2026-10-10T19:48:42.768183+00:00 DEBUG honk_outbound::proxy::anytls: AnyTLS session 1 sid=2 uot stream ended
2026-10-10T19:48:42.768313+00:00 DEBUG honk_outbound::alive::probe: HTTP health check succeeded for node 'trojan' via 10.10.10.70:8080 (2ms)
2026-10-10T19:48:42.768326+00:00 DEBUG honk_outbound::alive::probe: Node 'trojan' is alive after HTTP health check
2026-10-10T19:48:42.768560+00:00 DEBUG honk_outbound::alive::probe: UDP health check succeeded for node 'tuic' (1ms)
2026-10-10T19:48:42.768616+00:00 DEBUG honk_outbound::alive::probe: HTTP health check succeeded for node 'hy2' via 10.10.10.70:8080 (9ms)
2026-10-10T19:48:42.768631+00:00 DEBUG honk_outbound::alive::probe: Node 'hy2' is alive after HTTP health check
2026-10-10T19:48:42.768776+00:00 DEBUG honk_outbound::alive::probe: UDP health check succeeded for node 'anytls-sb' (1ms)
2026-10-10T19:48:42.769039+00:00 DEBUG honk_outbound::alive::probe: UDP health check succeeded for node 'hy2' (0ms)
2026-10-10T19:48:42.773424+00:00 DEBUG honk_outbound::alive::probe: UDP health check succeeded for node 'trojan' (5ms)
2026-10-10T19:48:44.097417+00:00 DEBUG honk_core::control::connection::tcp: TPROXY TCP connection from 192.168.222.2:49290
2026-10-10T19:48:44.097448+00:00 DEBUG honk_core::control::connection::tcp: Original destination: 10.10.10.70:8001
2026-10-10T19:48:44.097471+00:00 DEBUG honk_core::routing: Connection 10.10.10.70:8001 matched rule 'rule-1' → 'proxy-hy2' (must=false, mark=0)
2026-10-10T19:48:44.097474+00:00 DEBUG honk_core::control::connection::routing: eBPF routing handoff outbound=2 mark=0 must=0 dscp=0 decision_token=0
2026-10-10T19:48:44.097499+00:00 DEBUG honk_core::control::connection::tcp::dial: Fresh TCP connect to 10.10.10.70:8443 for 10.10.10.70:8001
2026-10-10T19:48:44.097524+00:00 DEBUG honk_core::control::connection::tcp: TCP connection: 192.168.222.2:49290 <-> 10.10.10.70:8001 network="tcp" outbound=proxy-hy2 dialer=hy2 sniffed="" ip=10.10.10.70:8001 dscp=0 src=192.168.222.2:49290
2026-10-10T19:48:44.097531+00:00 DEBUG honk_core::relay: TCP relay started: 192.168.222.2:49290 → 10.10.10.70:8001
2026-10-10T19:48:44.099462+00:00 DEBUG honk_core::relay: TCP relay complete: 192.168.222.2:49290 → 10.10.10.70:8001 (1305 bytes in 1ms)
2026-10-10T19:48:44.099477+00:00 DEBUG honk_core::control::connection::handoff: TCP flow conn-state retired removed=1 self.tuples=TuplesKey { src_ip: ::ffff:2.222.168.192, dst_ip: ::ffff:70.10.10.10, src_port: 49290, dst_port: 8001, l4proto: 6 }
2026-10-10T19:48:44.099562+00:00 DEBUG honk_core::control::connection::tcp: TPROXY TCP connection from 192.168.222.2:39920
2026-10-10T19:48:44.099567+00:00 DEBUG honk_core::control::connection::tcp: Original destination: 10.10.10.70:8002
2026-10-10T19:48:44.099573+00:00 DEBUG honk_core::routing: Connection 10.10.10.70:8002 matched rule 'rule-2' → 'proxy-tuic' (must=false, mark=0)
2026-10-10T19:48:44.099575+00:00 DEBUG honk_core::control::connection::routing: eBPF routing handoff outbound=3 mark=0 must=0 dscp=0 decision_token=0
2026-10-10T19:48:44.099586+00:00 DEBUG honk_core::control::connection::tcp::dial: Fresh TCP connect to 10.10.10.70:2444 for 10.10.10.70:8002
2026-10-10T19:48:44.099602+00:00 DEBUG honk_core::control::connection::tcp: TCP connection: 192.168.222.2:39920 <-> 10.10.10.70:8002 network="tcp" outbound=proxy-tuic dialer=tuic sniffed="" ip=10.10.10.70:8002 dscp=0 src=192.168.222.2:39920
2026-10-10T19:48:44.099606+00:00 DEBUG honk_core::relay: TCP relay started: 192.168.222.2:39920 → 10.10.10.70:8002
2026-10-10T19:48:44.101145+00:00 DEBUG honk_core::relay: TCP relay complete: 192.168.222.2:39920 → 10.10.10.70:8002 (1305 bytes in 1ms)
2026-10-10T19:48:44.101154+00:00 DEBUG honk_core::control::connection::handoff: TCP flow conn-state retired removed=1 self.tuples=TuplesKey { src_ip: ::ffff:2.222.168.192, dst_ip: ::ffff:70.10.10.10, src_port: 39920, dst_port: 8002, l4proto: 6 }
2026-10-10T19:48:44.101243+00:00 DEBUG honk_core::control::connection::tcp: TPROXY TCP connection from 192.168.222.2:47556
2026-10-10T19:48:44.101247+00:00 DEBUG honk_core::control::connection::tcp: Original destination: 10.10.10.70:8003
2026-10-10T19:48:44.101252+00:00 DEBUG honk_core::routing: Connection 10.10.10.70:8003 matched rule 'rule-3' → 'proxy-ss2022' (must=false, mark=0)
2026-10-10T19:48:44.101254+00:00 DEBUG honk_core::control::connection::routing: eBPF routing handoff outbound=4 mark=0 must=0 dscp=0 decision_token=0
2026-10-10T19:48:44.101266+00:00 DEBUG honk_core::control::connection::tcp::dial: Pooled TCP to 10.10.10.70:2447 acquired for 10.10.10.70:8003
2026-10-10T19:48:44.101296+00:00 DEBUG honk_core::control::connection::tcp: TCP connection: 192.168.222.2:47556 <-> 10.10.10.70:8003 network="tcp" outbound=proxy-ss2022 dialer=ss2022 sniffed="" ip=10.10.10.70:8003 dscp=0 src=192.168.222.2:47556
2026-10-10T19:48:44.101300+00:00 DEBUG honk_core::relay: TCP relay started: 192.168.222.2:47556 → 10.10.10.70:8003
2026-10-10T19:48:44.101535+00:00 DEBUG honk_core::control::connection::tcp: TCP relay closed for 192.168.222.2:47556 -> 10.10.10.70:8003: Connection reset by peer (os error 104)
2026-10-10T19:48:44.101540+00:00 DEBUG honk_core::control::connection::handoff: TCP flow conn-state retired removed=1 self.tuples=TuplesKey { src_ip: ::ffff:2.222.168.192, dst_ip: ::ffff:70.10.10.10, src_port: 47556, dst_port: 8003, l4proto: 6 }
2026-10-10T19:48:44.101627+00:00 DEBUG honk_core::control::connection::tcp: TPROXY TCP connection from 192.168.222.2:49648
2026-10-10T19:48:44.101629+00:00 DEBUG honk_core::control::connection::tcp: Original destination: 10.10.10.70:8004
2026-10-10T19:48:44.101633+00:00 DEBUG honk_core::routing: Connection 10.10.10.70:8004 matched rule 'rule-4' → 'proxy-trojan' (must=false, mark=0)
2026-10-10T19:48:44.101634+00:00 DEBUG honk_core::control::connection::routing: eBPF routing handoff outbound=5 mark=0 must=0 dscp=0 decision_token=0
2026-10-10T19:48:44.101643+00:00 DEBUG honk_core::control::connection::tcp::dial: Pooled TCP to 10.10.10.70:2446 acquired for 10.10.10.70:8004
2026-10-10T19:48:44.105205+00:00 DEBUG honk_core::control::connection::tcp: TCP connection: 192.168.222.2:49648 <-> 10.10.10.70:8004 network="tcp" outbound=proxy-trojan dialer=trojan sniffed="" ip=10.10.10.70:8004 dscp=0 src=192.168.222.2:49648
2026-10-10T19:48:44.105224+00:00 DEBUG honk_core::relay: TCP relay started: 192.168.222.2:49648 → 10.10.10.70:8004
2026-10-10T19:48:44.106360+00:00 DEBUG honk_core::relay: TCP relay complete: 192.168.222.2:49648 → 10.10.10.70:8004 (1305 bytes in 1ms)
2026-10-10T19:48:44.106386+00:00 DEBUG honk_core::control::connection::handoff: TCP flow conn-state retired removed=1 self.tuples=TuplesKey { src_ip: ::ffff:2.222.168.192, dst_ip: ::ffff:70.10.10.10, src_port: 49648, dst_port: 8004, l4proto: 6 }
2026-10-10T19:48:44.106418+00:00 DEBUG honk_core::control::connection::tcp: TPROXY TCP connection from 192.168.222.2:36494
2026-10-10T19:48:44.106422+00:00 DEBUG honk_core::control::connection::tcp: Original destination: 10.10.10.70:8005
2026-10-10T19:48:44.106428+00:00 DEBUG honk_core::routing: Connection 10.10.10.70:8005 matched rule 'rule-5' → 'proxy-anytls-sb' (must=false, mark=0)
2026-10-10T19:48:44.106429+00:00 DEBUG honk_core::control::connection::routing: eBPF routing handoff outbound=6 mark=0 must=0 dscp=0 decision_token=0
2026-10-10T19:48:44.106440+00:00 DEBUG honk_core::control::connection::tcp::dial: Fresh TCP connect to 10.10.10.70:2445 for 10.10.10.70:8005
2026-10-10T19:48:44.106447+00:00 DEBUG honk_outbound::proxy::anytls: AnyTLS: multiplexing on session 1 (1 open stream(s))
2026-10-10T19:48:44.106451+00:00 DEBUG honk_outbound::proxy::anytls: AnyTLS session 1 opened direct sid=3
2026-10-10T19:48:44.106458+00:00 DEBUG honk_core::control::connection::tcp: TCP connection: 192.168.222.2:36494 <-> 10.10.10.70:8005 network="tcp" outbound=proxy-anytls-sb dialer=anytls-sb sniffed="" ip=10.10.10.70:8005 dscp=0 src=192.168.222.2:36494
2026-10-10T19:48:44.106462+00:00 DEBUG honk_core::relay: TCP relay started: 192.168.222.2:36494 → 10.10.10.70:8005
2026-10-10T19:48:44.107582+00:00 DEBUG honk_outbound::proxy::anytls: AnyTLS session 1 sid=3 stream ended
2026-10-10T19:48:44.107578+00:00 DEBUG honk_core::control::connection::tcp: TPROXY TCP connection from 192.168.222.2:59130
2026-10-10T19:48:44.107590+00:00 DEBUG honk_core::control::connection::tcp: Original destination: 10.10.10.70:8006
2026-10-10T19:48:44.107597+00:00 DEBUG honk_core::relay: TCP relay complete: 192.168.222.2:36494 → 10.10.10.70:8005 (1305 bytes in 1ms)
2026-10-10T19:48:44.107599+00:00 DEBUG honk_core::routing: Connection 10.10.10.70:8006 matched rule 'rule-6' → 'proxy-anytls-go' (must=false, mark=0)
2026-10-10T19:48:44.107600+00:00 DEBUG honk_outbound::proxy::anytls: AnyTLS session 1 sid=3 stream ended
2026-10-10T19:48:44.107600+00:00 DEBUG honk_core::control::connection::routing: eBPF routing handoff outbound=7 mark=0 must=0 dscp=0 decision_token=0
2026-10-10T19:48:44.107604+00:00 DEBUG honk_core::control::connection::handoff: TCP flow conn-state retired removed=1 self.tuples=TuplesKey { src_ip: ::ffff:2.222.168.192, dst_ip: ::ffff:70.10.10.10, src_port: 36494, dst_port: 8005, l4proto: 6 }
2026-10-10T19:48:44.107613+00:00 DEBUG honk_core::control::connection::tcp::dial: Fresh TCP connect to 10.10.10.70:2443 for 10.10.10.70:8006
2026-10-10T19:48:44.107618+00:00 DEBUG honk_outbound::proxy::anytls: AnyTLS: multiplexing on session 3 (1 open stream(s))
2026-10-10T19:48:44.107622+00:00 DEBUG honk_outbound::proxy::anytls: AnyTLS session 3 opened direct sid=3
2026-10-10T19:48:44.107630+00:00 DEBUG honk_core::control::connection::tcp: TCP connection: 192.168.222.2:59130 <-> 10.10.10.70:8006 network="tcp" outbound=proxy-anytls-go dialer=anytls-go sniffed="" ip=10.10.10.70:8006 dscp=0 src=192.168.222.2:59130
2026-10-10T19:48:44.107634+00:00 DEBUG honk_core::relay: TCP relay started: 192.168.222.2:59130 → 10.10.10.70:8006
2026-10-10T19:48:44.108586+00:00 DEBUG honk_outbound::proxy::anytls: AnyTLS session 3 sid=3 stream ended
2026-10-10T19:48:44.108647+00:00 DEBUG honk_core::relay: TCP relay complete: 192.168.222.2:59130 → 10.10.10.70:8006 (1305 bytes in 1ms)
2026-10-10T19:48:44.108649+00:00 DEBUG honk_outbound::proxy::anytls: AnyTLS session 3 sid=3 stream ended
2026-10-10T19:48:44.108656+00:00 DEBUG honk_core::control::connection::handoff: TCP flow conn-state retired removed=1 self.tuples=TuplesKey { src_ip: ::ffff:2.222.168.192, dst_ip: ::ffff:70.10.10.10, src_port: 59130, dst_port: 8006, l4proto: 6 }
2026-10-10T19:48:44.108695+00:00 DEBUG honk_core::control::connection::udp: UDP datagram from 192.168.222.2:40750 -> 10.10.10.70:53531 (15 bytes, decision token 0)
2026-10-10T19:48:44.108701+00:00 DEBUG honk_core::routing: Connection 10.10.10.70:53531 matched rule 'rule-1' → 'proxy-hy2' (must=false, mark=0)
2026-10-10T19:48:44.108702+00:00 DEBUG honk_core::control::connection::routing: eBPF routing handoff outbound=2 mark=0 must=0 dscp=0 decision_token=0
2026-10-10T19:48:44.108787+00:00 DEBUG honk_core::control::connection::udp: UDP connection: 192.168.222.2:40750 -> 10.10.10.70:53531 via hy2 (endpoint driver ready) network="udp" outbound=proxy-hy2 dialer=hy2 sniffed="" ip=10.10.10.70:53531 src=192.168.222.2:40750
2026-10-10T19:48:44.109309+00:00 DEBUG honk_core::control::connection::udp: UDP datagram from 192.168.222.2:48104 -> 10.10.10.70:53532 (15 bytes, decision token 0)
2026-10-10T19:48:44.109320+00:00 DEBUG honk_core::routing: Connection 10.10.10.70:53532 matched rule 'rule-2' → 'proxy-tuic' (must=false, mark=0)
2026-10-10T19:48:44.109321+00:00 DEBUG honk_core::control::connection::routing: eBPF routing handoff outbound=3 mark=0 must=0 dscp=0 decision_token=0
2026-10-10T19:48:44.109395+00:00 DEBUG honk_core::control::connection::udp: UDP connection: 192.168.222.2:48104 -> 10.10.10.70:53532 via tuic (endpoint driver ready) network="udp" outbound=proxy-tuic dialer=tuic sniffed="" ip=10.10.10.70:53532 src=192.168.222.2:48104
2026-10-10T19:48:44.109906+00:00 DEBUG honk_core::control::connection::udp: UDP datagram from 192.168.222.2:54119 -> 10.10.10.70:53533 (15 bytes, decision token 0)
2026-10-10T19:48:44.109913+00:00 DEBUG honk_core::routing: Connection 10.10.10.70:53533 matched rule 'rule-3' → 'proxy-ss2022' (must=false, mark=0)
2026-10-10T19:48:44.109914+00:00 DEBUG honk_core::control::connection::routing: eBPF routing handoff outbound=4 mark=0 must=0 dscp=0 decision_token=0
2026-10-10T19:48:44.109942+00:00 DEBUG honk_outbound::proxy::shadowsocks: Shadowsocks UDP: session to 10.10.10.70:2447 for target 10.10.10.70:53533
2026-10-10T19:48:44.110007+00:00 DEBUG honk_core::control::connection::udp: UDP connection: 192.168.222.2:54119 -> 10.10.10.70:53533 via ss2022 (endpoint driver ready) network="udp" outbound=proxy-ss2022 dialer=ss2022 sniffed="" ip=10.10.10.70:53533 src=192.168.222.2:54119
2026-10-10T19:48:47.762935+00:00 DEBUG honk_outbound::alive::probe: UDP health check failed for node 'ss2022': UDP probe timeout
2026-10-10T19:48:49.115326+00:00 DEBUG honk_core::control::connection::udp: UDP datagram from 192.168.222.2:47459 -> 10.10.10.70:53534 (15 bytes, decision token 0)
2026-10-10T19:48:49.115448+00:00 DEBUG honk_core::routing: Connection 10.10.10.70:53534 matched rule 'rule-4' → 'proxy-trojan' (must=false, mark=0)
2026-10-10T19:48:49.115458+00:00 DEBUG honk_core::control::connection::routing: eBPF routing handoff outbound=5 mark=0 must=0 dscp=0 decision_token=0
2026-10-10T19:48:49.122044+00:00 DEBUG honk_core::control::connection::udp: UDP connection: 192.168.222.2:47459 -> 10.10.10.70:53534 via trojan (endpoint driver ready) network="udp" outbound=proxy-trojan dialer=trojan sniffed="" ip=10.10.10.70:53534 src=192.168.222.2:47459
2026-10-10T19:48:49.123155+00:00 DEBUG honk_core::control::connection::udp: UDP datagram from 192.168.222.2:48897 -> 10.10.10.70:53535 (15 bytes, decision token 0)
2026-10-10T19:48:49.123209+00:00 DEBUG honk_core::routing: Connection 10.10.10.70:53535 matched rule 'rule-5' → 'proxy-anytls-sb' (must=false, mark=0)
2026-10-10T19:48:49.123216+00:00 DEBUG honk_core::control::connection::routing: eBPF routing handoff outbound=6 mark=0 must=0 dscp=0 decision_token=0
2026-10-10T19:48:49.123280+00:00 DEBUG honk_outbound::proxy::anytls: AnyTLS session 1 opened uot sid=4
2026-10-10T19:48:49.123538+00:00 DEBUG honk_core::control::connection::udp: UDP connection: 192.168.222.2:48897 -> 10.10.10.70:53535 via anytls-sb (endpoint driver ready) network="udp" outbound=proxy-anytls-sb dialer=anytls-sb sniffed="" ip=10.10.10.70:53535 src=192.168.222.2:48897
2026-10-10T19:48:49.124889+00:00 DEBUG honk_core::control::connection::udp: UDP datagram from 192.168.222.2:48391 -> 10.10.10.70:53536 (15 bytes, decision token 0)
2026-10-10T19:48:49.124939+00:00 DEBUG honk_core::routing: Connection 10.10.10.70:53536 matched rule 'rule-6' → 'proxy-anytls-go' (must=false, mark=0)
2026-10-10T19:48:49.124946+00:00 DEBUG honk_core::control::connection::routing: eBPF routing handoff outbound=7 mark=0 must=0 dscp=0 decision_token=0
2026-10-10T19:48:49.125015+00:00 DEBUG honk_outbound::proxy::anytls: AnyTLS session 3 opened uot sid=4
2026-10-10T19:48:49.125269+00:00 DEBUG honk_core::control::connection::udp: UDP connection: 192.168.222.2:48391 -> 10.10.10.70:53536 via anytls-go (endpoint driver ready) network="udp" outbound=proxy-anytls-go dialer=anytls-go sniffed="" ip=10.10.10.70:53536 src=192.168.222.2:48391
2026-10-10T19:48:49.143179+00:00  INFO honk_core: Received SIGINT, shutting down...
2026-10-10T19:48:49.143213+00:00  INFO honk_core::control::drain: DrainTracker: rejecting new connections
2026-10-10T19:48:49.143910+00:00 DEBUG honk_core::ebpf::real::iface_watch: interface watcher stopped
2026-10-10T19:48:49.143928+00:00  INFO honk_core::ebpf::real: Detaching BPF hooks (lan_ingress, lan_egress, wan_egress, wan_ingress, bond slaves, bridge slaves, cgroup, dae0, sk_lookup)
2026-10-10T19:48:49.182959+00:00  INFO honk_core::ebpf::real: BPF hooks detached, network restored
2026-10-10T19:48:49.183000+00:00  INFO honk_core::control::drain: DrainTracker: rejecting new connections
2026-10-10T19:48:49.183004+00:00  INFO honk_core::control::drain: DrainTracker: no active connections to drain
2026-10-10T19:48:49.183171+00:00 DEBUG honk_core::control::udp_endpoint::driver: UDP endpoint driver 192.168.222.2:48897 -> 10.10.10.70:53535 stopped: UDP endpoint queue closed
2026-10-10T19:48:49.183203+00:00 DEBUG honk_outbound::proxy::anytls: AnyTLS session 1 sid=4 uot stream ended
2026-10-10T19:48:49.183203+00:00 DEBUG honk_core::control::udp_endpoint::driver: UDP endpoint driver 192.168.222.2:54119 -> 10.10.10.70:53533 stopped: UDP endpoint queue closed
2026-10-10T19:48:49.183228+00:00 DEBUG honk_core::control::udp_endpoint::driver: UDP endpoint driver 192.168.222.2:48391 -> 10.10.10.70:53536 stopped: UDP endpoint queue closed
2026-10-10T19:48:49.183233+00:00 DEBUG honk_outbound::proxy::anytls: AnyTLS session 3 sid=4 uot stream ended
2026-10-10T19:48:49.183213+00:00 DEBUG honk_core::control::udp_endpoint::driver: UDP endpoint driver 192.168.222.2:48104 -> 10.10.10.70:53532 stopped: UDP endpoint queue closed
2026-10-10T19:48:49.183271+00:00 DEBUG honk_core::control::udp_endpoint::driver: UDP endpoint driver 192.168.222.2:47459 -> 10.10.10.70:53534 stopped: UDP endpoint queue closed
2026-10-10T19:48:49.183330+00:00 DEBUG honk_core::control::udp_endpoint::driver: UDP endpoint driver 192.168.222.2:40750 -> 10.10.10.70:53531 stopped: UDP endpoint queue closed
2026-10-10T19:48:49.243201+00:00 DEBUG honk_outbound::proxy::anytls: AnyTLS session 3 for 10.10.10.70:2443 closed
2026-10-10T19:48:49.243239+00:00 DEBUG honk_outbound::proxy::anytls: AnyTLS session 1 for 10.10.10.70:2445 closed
2026-10-10T19:48:49.243345+00:00  INFO honk_core::control::shutdown: shutdown: stopping DNS controller
2026-10-10T19:48:49.243596+00:00  INFO honk_core::control::shutdown: shutdown: cleaning up eBPF backend
2026-10-10T19:48:49.243606+00:00  INFO honk_core::ebpf::real: Detaching BPF hooks (lan_ingress, lan_egress, wan_egress, wan_ingress, bond slaves, bridge slaves, cgroup, dae0, sk_lookup)
2026-10-10T19:48:49.243611+00:00  INFO honk_core::ebpf::real: BPF hooks detached, network restored
2026-10-10T19:48:49.445256+00:00  INFO honk_core::control::shutdown: Control plane stopped
2026-10-10T19:48:49.445369+00:00  INFO honk_core: honk-core stopped
2026-10-10T19:48:49.445381+00:00  INFO honk_core: Cleaning up dae0 side effects
2026-10-10T19:48:49.460974+00:00  INFO honk_core::ebpf::real: Detaching BPF hooks (lan_ingress, lan_egress, wan_egress, wan_ingress, bond slaves, bridge slaves, cgroup, dae0, sk_lookup)
2026-10-10T19:48:49.460995+00:00  INFO honk_core::ebpf::real: BPF hooks detached, network restored
