
==> cargo fmt --check

==> cargo clippy --all-targets --no-default-features -D warnings
    Checking honk-config v0.0.1-alpha (/root/code/honk-cse-bench/crates/honk-config)
    Checking honk-ebpf-common v0.0.1-alpha (/root/code/honk-cse-bench/crates/honk-ebpf-common)
    Checking honk-outbound v0.0.1-alpha (/root/code/honk-cse-bench/crates/honk-outbound)
    Finished `dev` profile [unoptimized + debuginfo] target(s) in 22.20s

==> cargo clippy --all-targets --no-default-features --features rprx -D warnings
    Checking honk-outbound v0.0.1-alpha (/root/code/honk-cse-bench/crates/honk-outbound)
    Finished `dev` profile [unoptimized + debuginfo] target(s) in 20.15s

==> cargo test -p honk-config
   Compiling honk-config v0.0.1-alpha (/root/code/honk-cse-bench/crates/honk-config)
    Finished `test` profile [unoptimized + debuginfo] target(s) in 10.46s
     Running unittests src/lib.rs (/root/.herdr/worktrees/honk/feat-native-api/target/debug/deps/honk_config-ff792b24e812a931)

running 249 tests
test config::builtin_nodes_tests::test_builtin_node_resolves_registered_or_fresh ... ok
test config::builtin_nodes_tests::test_validate_accepts_supported_dns_bind ... ok
test config::builtin_nodes_tests::test_ensure_builtin_nodes_injects_direct_and_block_once ... ok
test config::builtin_nodes_tests::test_from_json_accepts_legacy_null_dns_routing_fields ... ok
test config::builtin_nodes_tests::test_validate_accepts_group_and_builtin_outbounds ... ok
test config::builtin_nodes_tests::test_validate_rejects_bare_node_outbounds ... ok
test config::builtin_nodes_tests::test_validate_rejects_datapath_reserved_routing_marks ... ok
test config::builtin_nodes_tests::test_validate_rejects_invalid_subscriptions ... ok
test config::builtin_nodes_tests::test_validate_rejects_invalid_structured_dns_bind_clearly ... ok
test config::builtin_nodes_tests::test_validate_rejects_invalid_structured_dns_client_subnet ... ok
test config::builtin_nodes_tests::test_validate_rejects_node_group_name_collision ... ok
test config::builtin_nodes_tests::test_validate_rejects_incompatible_vless_selected_paths ... ok
test config::builtin_nodes_tests::test_validate_rejects_unknown_dial_mode ... ok
test config::builtin_nodes_tests::test_validate_rejects_reserved_builtin_names_and_protocols ... ok
test config::builtin_nodes_tests::test_validate_rejects_unknown_outbounds ... ok
test dns::tests::dns_bind_bare_numeric_is_udp_and_semantically_canonical ... ok
test config::builtin_nodes_tests::test_validate_rejects_zero_check_interval ... ok
test dns::tests::dns_bind_supported_forms_select_exact_transports ... ok
test config::builtin_nodes_tests::test_validate_requires_absolute_data_dir ... ok
test dns::tests::dns_client_subnet_parses_fixed_and_auto_modes ... ok
test dns::tests::dns_bind_rejects_undocumented_or_malformed_forms ... ok
test dns::tests::dns_bind_is_serde_defaulted_and_empty_disables_it ... ok
test dns::tests::missing_cache_section_uses_nonzero_defaults ... ok
test dns::tests::missing_strategy_uses_both_for_serde_configs ... ok
test dns::tests::hosts_sources_are_serde_defaulted_and_accept_legacy_true ... ok
test config::builtin_nodes_tests::test_validate_rejects_unknown_transport ... ok
test config::builtin_nodes_tests::test_validate_rejects_reserved_group_ordinal_overflow ... ok
test dns::tests::test_dns_request_action_parse ... ok
test dns::tests::test_dns_response_action_parse ... ok
test dns::tests::test_fixed_domain_ttl_serde ... ok
test dns::tests::test_legacy_rules_serde_backcompat ... ok
test dns::tests::dns_client_subnet_rejects_ambiguous_values ... ok
test dns::tests::test_legacy_conversion ... ok
test dns::tests::legacy_conversion_preserves_rule_order_and_matcher_kind ... ok
test dns::tests::test_parse_qtype_token ... ok
test dns::tests::zero_cache_size_remains_accepted_for_runtime_clamping ... ok
test dns::tests::resolved_client_subnet_is_runtime_only ... ok
test dns::tests::test_default_dns_config_works ... ok
test node::tests::test_group_policy_serde_lowercase ... ok
test node::tests::test_group_policy_serde_rejects_legacy_honk ... ok
test node::tests::test_identity_escape_mutation_check ... ok
test node::tests::test_identity_effective_host_split ... ok
test node::tests::test_identity_dial_shape_split ... ok
test node::tests::test_identity_credential_split ... ok
test node::tests::test_identity_vless_credential_arity ... ok
test node::tests::test_derive_id_is_content_derived ... ok
test node::tests::test_identity_vless_layout_control ... ok
test node::tests::test_validate_redacts_anytls_alpn_context_name ... ok
test node::tests::test_tls_alpn_identity_is_ordered_and_framed ... ok
test node::vless::tests::normalization_erases_only_inactive_fallback_tuning ... ok
test node::vless::tests::selected_paths_apply_permission_then_udp443_then_pool ... ok
test node::vless::tests::vision_udp443_skip_preserves_protocol_fallback ... ok
test node::vless::tests::xray_signed_controls_normalize_to_canonical_pools ... ok
test node::tests::test_validate_redacts_vless_path_context_name ... ok
test node::tests::test_vless_packet_disable_identity_is_effective ... ok
test node::tests::test_tls_alpn_validation_boundaries_and_context ... ok
test parser::cursor_tests::coordinate_predicates_distinguish_glued_and_separated_source ... ok
test parser::cursor_tests::compact_include_keeps_empty_root_and_split_warning ... ok
test parser::cursor_tests::fatal_anonymous_opener_preserves_prior_diagnostics ... ok
test parser::cursor_tests::closed_quote_obligations_do_not_mask_later_unclosed_blocks ... ok
test parser::cursor_tests::fatal_glued_opener_preserves_prior_diagnostics ... ok
test parser::cursor_tests::fatal_quote_preserves_prior_diagnostics ... ok
test parser::cursor_tests::glued_header_braces_report_the_actual_byte ... ok
test node::vless::tests::direct_noncanonical_limits_are_rejected ... ok
test parser::cursor_tests::k22_a_closes_before_unknown_root_and_unmatched_close ... ok
test node::tests::test_vless_tls_identity_matches_effective_transport ... ok
test parser::cursor_tests::later_open_frames_cannot_replace_an_outstanding_quote_error ... ok
test parser::cursor_tests::hidden_closers_fail_with_one_quote_error_and_related_opener ... ok
test parser::cursor_tests::markerless_input_fails_without_provisional_warnings ... ok
test parser::cursor_tests::frozen_quoted_values_remain_inside_their_sections ... ok
test parser::cursor_tests::only_root_include_accepts_a_split_opener ... ok
test parser::cursor_tests::quoted_colon_headers_require_a_separate_opener ... ok
test parser::cursor_tests::k22_controls_keep_raw_scalar_and_entry_ownership ... ok
test parser::cursor_tests::segment_comment_uses_lexed_token_with_unicode_gap_and_crlf ... ok
test parser::cursor_tests::quoted_colon_in_a_root_header_still_opens_a_compact_empty_block ... ok
test parser::cursor_tests::segments_preserve_dynamic_headers_and_independent_positions ... ok
test node::tests::test_protocol_identity_goldens ... ok
test parser::cursor_tests::structural_segments_never_reclassify_quoted_or_commented_braces ... ok
test parser::cursor_tests::unmatched_close_warns ... ok
test node::tests::test_vless_identity_uses_canonical_effective_settings ... ok
test parser::lexer_tests::argument_position_quotes_are_opaque ... ok
test parser::lexer_tests::escapes_preserve_bytes_and_do_not_escape_physical_newlines ... ok
test parser::lexer_tests::frozen_subscription_quotes_retain_exact_token_and_quote_spans ... ok
test parser::lexer_tests::frozen_dns_quotes_retain_exact_token_and_quote_spans ... ok
test parser::lexer_tests::glued_tokens_continue_after_quotes ... ok
test parser::lexer_tests::head_hash_owns_the_remaining_line ... ok
test parser::lexer_tests::lossless_trivia_and_utf8_byte_locations ... ok
test parser::lexer_tests::only_standalone_unquoted_braces_are_structural ... ok
test parser::lexer_tests::quotes_open_after_a_colon ... ok
test parser::lexer_tests::unterminated_quotes_are_one_located_eol_error ... ok
test parser::cursor_tests::surviving_closers_recover_without_rescanning_error_tokens ... ok
test parser::source_edit::tests::group_check_url_edits_add_replace_and_remove_quoted_values ... ok
test parser::source_edit::tests::managed_subscription_deletion_inherits_assets_declared_in_an_include ... ok
test parser::source_edit::tests::restored_secret_in_a_compact_block_parses ... ok
test parser::source_edit::tests::managed_subscription_deletion_matches_fetch_identity_not_parser_uuid ... ok
test parser::source_edit::tests::managed_deletion_rejects_duplicate_declarations_and_never_edits_includes ... ok
test parser::source_edit::tests::managed_subscription_options_equal_to_built_in_defaults_override_assets ... ok
test parser::source_edit::tests::managed_subscription_deletion_owns_blocks_but_not_legacy_wrapper_headers ... ok
test parser::source_edit::tests::exact_group_edit_preserves_crlf_comments_includes_and_last_winners ... ok
test parser::source_edit::tests::managed_appends_create_sections_after_unterminated_comments ... ok
test parser::source_edit::tests::routing_positions_follow_parser_ordinals_across_includes ... ok
test parser::source_edit::tests::managed_appends_reject_injection_parse_skips_and_duplicate_identities ... ok
test parser::source_edit::tests::managed_appends_use_last_roots_and_preserve_literal_names_and_crlf ... ok
test parser::tests::assets_block::a_setting_in_both_places_is_refused_naming_both ... ok
test parser::source_edit::tests::managed_node_deletion_uses_normalized_identity_and_keeps_nested_siblings ... ok
test parser::tests::assets_block::assets_route_is_validated_as_a_download_detour ... ok
test parser::source_edit::tests::group_scalars_keep_inheritance_and_icons_keep_exact_values ... ok
test parser::tests::assets_block::each_legacy_key_occurrence_warns_at_its_line ... ok
test parser::source_edit::tests::managed_subscription_options_write_a_block_that_reads_back_and_deletes_whole ... ok
test parser::tests::assets_block::a_sub_block_route_wins_over_assets_route_and_that_over_routing ... ok
test parser::tests::assets_block::every_key_reaches_the_field_its_download_reads ... ok
test parser::tests::parser_tests::test_entry_comment_quoted_subscription_nested_parentheses ... ok
test parser::tests::parser_tests::test_entry_comment_quoted_node_trailing_text ... ok
test parser::tests::max_concurrent_dials_defaults_and_parses ... ok
test parser::tests::parser_tests::test_entry_comment_tagged_subscription ... ok
test parser::tests::assets_block::old_experimental_keys_keep_working_and_warn_at_each_occurrence ... ok
test parser::tests::parser_tests::test_entry_comment_tagged_node ... ok
test parser::tests::parser_tests::test_entry_comment_bare_node_fragment ... ok
test parser::tests::parser_tests::test_entry_literal_hash_in_user_agent ... ok
test parser::tests::parser_tests::test_entry_comment_tagless_file_subscription ... ok
test parser::tests::assets_block::a_subscription_entry_wins_over_assets_and_assets_over_the_built_in ... ok
test parser::tests::parser_tests::test_entry_node_escaped_quote_tag ... ok
test parser::tests::hosts_sources_default_off_and_collect_repeated_values ... ok
test parser::tests::parser_tests::test_entry_node_escaped_quote_uri ... ok
test parser::tests::parser_tests::test_entry_quoted_user_agent_protects_delimiters ... ok
test parser::tests::parser_tests::test_entry_subscription_apostrophe_tag ... ok
test parser::source_edit::tests::listener_secrets_strip_and_restore_by_span ... ok
test parser::tests::parser_tests::test_entry_quoted_subscription_glued_url_is_retained_with_hash_warning ... ok
test parser::tests::parser_tests::test_entry_subscription_empty_user_agent ... ok
test parser::tests::parser_tests::test_entry_subscription_escaped_quote_tag ... ok
test parser::tests::parser_tests::test_entry_subscription_hostless_name ... ok
test parser::source_edit::tests::managed_entries_write_bare_keys_and_delete_whole_lines ... ok
test parser::source_edit::tests::restored_listener_secrets_preserve_quotes_and_backslashes ... ok
test parser::tests::parser_tests::test_entry_subscription_spaced_tag ... ok
test parser::tests::parser_tests::test_entry_subscription_tag_inside_literal ... ok
test parser::tests::parser_tests::test_entry_subscription_tagged_invalid_url ... ok
test parser::tests::parser_tests::test_entry_subscription_tagless_quoted ... ok
test parser::tests::parser_tests::test_entry_subscription_tagless_bare ... ok
test parser::tests::parser_tests::test_entry_subscription_tagless_garbage ... ok
test parser::tests::parser_tests::test_entry_subscription_tagless_user_agent ... ok
test parser::tests::parser_tests::test_entry_subscription_user_agent_trailing_text_skips_entry ... ok
test parser::tests::parser_tests::test_global_check_tolerance_applies_to_dae_urltest_groups ... ok
test parser::tests::parser_tests::test_parse_data_dir ... ok
test parser::tests::parser_tests::test_node_section_rejects_removed_protocols_and_standalone_mux ... ok
test parser::tests::parser_tests::test_parse_anytls_node ... ok
test parser::tests::parser_tests::test_nested_call_in_group_filter_is_reported ... ok
test parser::tests::parser_tests::test_parse_dns_upstream_tls_server_name ... ok
test parser::tests::parser_tests::test_parse_dns_client_subnet ... ok
test parser::tests::parser_tests::test_parse_dns_upstream ... ok
test parser::tests::parser_tests::test_parse_dns_bind_scalar_and_current_dae_bare_udp ... ok
test parser::tests::parser_tests::test_from_file_preserves_timer_diagnostics ... ok
test parser::tests::parser_tests::test_parse_global_section ... ok
test parser::tests::parser_tests::test_parse_experimental_section ... ok
test config::builtin_nodes_tests::test_from_file_preserves_renamed_honk_policy_error ... ok
test parser::tests::parser_tests::test_parse_group_policies_loadbalance_fallback ... ok
test parser::tests::parser_tests::test_parse_legacy_honk_group_policy_is_actionable ... ok
test parser::tests::parser_tests::test_include_preserves_timer_diagnostics ... ok
test parser::tests::parser_tests::test_parse_domain_condition_prefixes ... ok
test parser::tests::parser_tests::test_parse_ip_routing_rules ... ok
test parser::tests::parser_tests::test_parse_dns_bind_rejects_invalid_values_clearly ... ok
test parser::tests::parser_tests::test_canonical_nfqueue_setting_wins_over_legacy ... ok
test parser::tests::parser_tests::test_entry_subscription_colliding_names_select_both_nodes ... ok
test parser::tests::parser_tests::test_parse_group_nested_group_filter ... ok
test parser::tests::parser_tests::test_parse_multiline_routing_matcher ... ok
test parser::tests::parser_tests::test_parse_full_global ... ok
test parser::tests::parser_tests::test_parse_store_subscribe ... ok
test parser::tests::parser_tests::test_parse_subscription_user_agent_forms ... ok
test parser::tests::parser_tests::test_legacy_nfqueue_setting_migrates_to_global ... ok
test parser::tests::parser_tests::test_parse_unknown_group_policy_remains_selector ... ok
test parser::tests::parser_tests::test_parse_tagged_vmess_with_empty_remark ... ok
test parser::tests::parser_tests::test_parse_wan_only_global ... ok
test parser::tests::parser_tests::test_parse_subscriptions ... ok
test parser::tests::parser_tests::test_parse_routing_rules ... ok
test parser::tests::parser_tests::test_parse_score_group_policy_case_insensitively ... ok
test parser::tests::parser_tests::test_parse_nodes ... ok
test parser::tests::parser_tests::test_quoted_value_without_a_space_after_the_colon ... ok
test parser::tests::parser_tests::test_timer_diagnostic_survives_later_parse_error ... ok
test parser::tests::subscription_entry_options::a_header_that_is_not_a_quoted_link_stays_a_legacy_wrapper ... ok
test parser::tests::subscription_entry_options::route_and_download_detour_together_are_refused_at_the_entry ... ok
test parser::tests::subscription_entry_options::each_option_is_read_on_its_own_and_comments_are_skipped ... ok
test parser::tests::subscription_entry_options::old_block_and_entry_options_read_the_same_subscription ... ok
test parser::tests::subscription_entry_options::entry_options_reject_unknown_keys_including_url_and_download_detour ... ok
test parser::tests::parser_tests::test_millisecond_durations_keep_the_default_and_return_diagnostics ... ok
test parser::tests::subscription_entry_options::options_follow_the_link_on_the_entry_line ... ok
test parser::tests::subscription_entry_options::old_forms_read_unchanged_without_warnings ... ok
test parser::tests::parser_tests::test_standalone_group_filter_comments_and_bare_tags ... ok
test parser::tests::preconnect_node_count_defaults_to_auto_and_zero_disables ... ok
test parser::tests::parser_tests::test_parse_groups ... ok
test parser::tests::test_group_filter_multi_tags_comma_and_pipe ... ok
test parser::tests::test_group_filter_diagnostics_do_not_echo_the_filter ... ok
test parser::tests::test_filter_ordinal_skips_subgroup_declarations ... ok
test parser::tests::test_group_filter_unterminated_group ... ok
test parser::tests::test_group_tags_serde_string_and_array ... ok
test parser::tests::parser_tests::test_parse_vless_packet_and_mux_links ... ok
test parser::tests::test_parse_dns_accepted_invalid_values_keep_fallbacks ... ok
test parser::tests::test_parse_dns_request_ignores_sub ... ok
test parser::tests::test_parse_dns_request_routing_negation ... ok
test parser::tests::test_parse_dns_duplicate_sections_preserve_source_order ... ok
test parser::tests::test_group_filter_unquoted_hash ... ok
test parser::tests::test_parse_dns_request_routing_qname ... ok
test parser::tests::test_parse_dns_request_response_order_is_first_match_relevant ... ok
test parser::tests::test_parse_dns_request_routing_reject_asis ... ok
test parser::tests::test_parse_dns_request_routing_qtype ... ok
test parser::tests::test_parse_dns_stale_reply_ttl_numeric_value_has_no_diagnostic ... ok
test parser::tests::test_parse_dns_request_routing_qname_and_qtype ... ok
test parser::tests::test_parse_dns_response_routing ... ok
test parser::tests::test_parse_dns_upstream_aliases_are_equivalent ... ok
test parser::tests::test_parse_dns_stale_reply_ttl_invalid_uses_default_and_diagnostic ... ok
test parser::tests::test_parse_dns_request_routing_sip ... ok
test parser::tests::test_parse_dns_zero_max_cache_size_is_preserved_for_runtime_clamp ... ok
test parser::tests::test_parse_ipversion_prefer_maps_to_prefer_variants ... ok
test parser::tests::test_parse_fixed_domain_ttl ... ok
test parser::tests::parser_tests::test_mixed_group_filter_is_reported_and_stays_empty ... ok
test parser::tests::test_routing_condition_not_serde_defaults ... ok
test parser::tests::test_parse_route_negation_production_rule ... ok
test parser::tests::test_parse_route_negation_bare_prefix_forms ... ok
test parser::tests::test_unparseable_fixed_domain_ttl_is_skipped_and_returns_a_diagnostic ... ok
test parser::tests::test_parse_group_check_url ... ok
test parser::tests::test_unparseable_group_filter_returns_a_diagnostic ... ok
test parser::tests::test_dae_writer_rejects_dae_extension_without_touching_source ... ok
test parser::tests::test_unparseable_dns_cache_numbers_use_the_fallback_and_return_diagnostics ... ok
test parser::tests::test_unknown_group_policy_returns_a_diagnostic_without_the_text ... ok
test parser::tests::test_unparseable_second_durations_use_the_fallback_and_return_diagnostics ... ok
test parser::tests::parser_tests::test_unrelated_scalar_cannot_hide_dae_semantic_failure ... ok
test parser::tests::quoted_conjunction_filter_matches_literal_on_reresolution ... ok
test parser::tests::test_parse_route_negation_matrix ... ok
test parser::tests::test_dae_dns_rules_are_not_silently_dropped_by_structured_writer ... ok
test parser::tests::parser_tests::test_structured_fallback_discards_only_abandoned_dae_diagnostics ... ok
test parser::tests::test_unparseable_ipversion_prefer_uses_the_fallback_and_returns_a_diagnostic ... ok
test parser::tests::test_parse_group_default_key ... ok
test paths::tests::absolute_paths_stay_explicit ... ok
test paths::tests::artifacts_honor_a_custom_data_directory ... ok
test parser::tests::udp_warm_node_count_defaults_to_strictly_disabled ... ok
test parser::tests::test_unterminated_group_filter_returns_a_diagnostic ... ok
test routing::tests::clash_rule_parts_picks_first_condition_kind ... ok
test routing::tests::structured_complex_outbound_is_rejected ... ok
test parser::tests::udp_warm_node_count_parses_zero_and_rejects_invalid_values ... ok
test types::tests::second_durations_reject_overflow_at_the_unit_boundary ... ok
test types::tests::c14_float_durations_reject_nonfinite_negative_and_out_of_range ... ok
test types::tests::test_node_protocol_parsing ... ok
test parser::tests::test_group_filter_trailing_comment ... ok
test paths::tests::legacy_resolution_prefers_configured_then_old_root_then_caller ... ok
test parser::tests::test_unparseable_ports_use_the_fallback_and_return_diagnostics ... ok
test parser::tests::test_unparseable_so_mark_uses_the_fallback_and_returns_a_diagnostic ... ok
test parser::tests::test_unrecognised_booleans_are_false_and_return_diagnostics ... ok
test parser::tests::parser_tests::test_parse_example_dae ... ok
test parser::tests::test_group_name_filter_exact_multi_and_regex ... ok
test parser::tests::test_group_filters_skip_injected_builtins_unless_named ... ok
test parser::tests::test_group_subscription_filter_exact_regex_and_compound ... ok

test result: ok. 249 passed; 0 failed; 0 ignored; 0 measured; 0 filtered out; finished in 0.02s

     Running tests/diagnostics.rs (/root/.herdr/worktrees/honk/feat-native-api/target/debug/deps/diagnostics-a4757ffcfcd5eba4)

running 32 tests
test detailed_diagnostics::failure_preserves_prefix_and_has_one_safe_terminal ... ok
test detailed_diagnostics::ignored_blocks_and_dns_keys_list_the_valid_names ... ok
test detailed_diagnostics::legacy_fallbacks_name_the_field_and_expected_form_but_not_the_value ... ok
test detailed_diagnostics::collection_admission_preserves_the_intrinsic_field_and_cause ... ok
test detailed_diagnostics::legacy_error_projection_preserves_every_category_without_payload ... ok
test detailed_diagnostics::source_metadata_retains_include_ancestry_without_input ... ok
test config_loaders::removed_vless_mode_preserves_indexed_safe_diagnostics ... ok
test detailed_diagnostics::routing_admission_identifies_the_invalid_target_without_echoing_it ... ok
test config_loaders::structured_group_failure_retains_original_index_in_map_and_sequence_forms ... ok
test detailed_diagnostics::parser_errors_name_the_entry_being_read ... ok
test parser_warnings::removed_settings_retain_safe_migration_causes ... ok
test parser_warnings::dns_unsupported_conditions_are_retained_before_failure ... ok
test parser_warnings::parser_returns_node_skip_and_legacy_nfqueue_warnings_as_safe_data ... ok
test parser_warnings::removed_vless_mode_is_terminal_at_the_dae_entry ... ok
test parser_warnings::dns_unsupported_conditions_are_safe_data_on_success ... ok
test structured_warnings::api_warning_survives_later_structured_node_failure ... ok
test parser_warnings::misplaced_experimental_keys_are_named_by_schema_name_only ... ok
test structured_warnings::api_exposure_warning_covers_custom_binds_without_values ... ok
test detailed_diagnostics::structured_node_failure_retains_its_semantic_field ... ok
test config_loaders::legacy_cache_file_keys_warn_in_dae_and_structured_input ... ok
test config_loaders::failed_fallback_retains_attempts_and_only_one_terminal ... ok
test failure_recognition::inline_dae_semantic_failure_is_not_a_yaml_mapping ... ok
test detailed_diagnostics::included_semantic_error_retains_the_winning_field_source ... ok
test failure_recognition::quoted_scalar_keeps_structured_fallback ... ok
test structured_warnings::included_api_warning_keeps_the_winning_field_source ... ok
test config_loaders::failed_fallback_keeps_the_indexed_cause_over_later_syntax_errors ... ok
test failure_recognition::flow_sequence_scalar_keeps_structured_fallback_and_caller_prefix ... ok
test detailed_diagnostics::node_entry_diagnostics_keep_coordinates_before_intrinsic_validation ... ok
test config_loaders::structured_loaders_ignore_removed_native_destination_keys_with_warnings ... ok
test config_loaders::structured_loaders_preserve_prefix_and_return_node_warnings ... ok
test failure_recognition::tolerated_prefixes_do_not_hide_dae_semantic_failures ... ok
test parser_warnings::recoverable_vless_rejections_keep_reasons_and_entry_sources ... ok

test result: ok. 32 passed; 0 failed; 0 ignored; 0 measured; 0 filtered out; finished in 0.02s

     Running tests/dns_parser.rs (/root/.herdr/worktrees/honk/feat-native-api/target/debug/deps/dns_parser-761ef4c7ff406157)

running 19 tests
test routing_syntax::comment_only_braces_do_not_report_a_changed_closer ... ok
test routing_syntax::completed_quote_before_unquoted_slash_in_hash_comment_reports_changed_rule ... ok
test routing_syntax::quoted_slashes_in_hash_comments_do_not_report_a_changed_rule ... ok
test routing_syntax::slash_comment_is_not_silently_removed_from_dns_rule ... ok
test routing_syntax::glued_hash_then_tab_or_space_comment_preserves_rule_and_precedence ... ok
test routing_syntax::literal_slash_arguments_are_not_action_comments ... ok
test routing_syntax::unknown_wrapper_headers_cannot_enable_dns_listeners ... ok
test routing_syntax::frozen_request_and_response_hash_suffixes_keep_projected_bytes ... ok
test routing_syntax::trailing_call_suffix_rejects_the_whole_dns_rule ... ok
test routing_syntax::split_qname_call_emits_two_located_incomplete_warnings ... ok
test routing_syntax::unicode_comment_gaps_keep_located_migration_notices ... ok
test upstream_syntax::upstream_comments_end_before_uri_and_detour_conversion ... ok
test ttl_syntax::fixed_ttl_requires_one_decimal_scalar_after_unquoting ... ok
test upstream_syntax::quoted_uri_separators_cannot_select_a_detour ... ok
test routing_syntax::dns_quote_shapes_match_lexical_recovery_contract ... ok
test scalar_syntax::bare_apostrophes_cannot_pair_across_a_comment_or_hide_the_closer ... ok
test scalar_syntax::dns_scalar_quotes_remove_only_the_enclosing_pair ... ok
test scalar_syntax::dns_scalar_unterminated_quote_is_a_terminal_lexical_error ... ok
test scalar_syntax::dns_hosts_keep_glued_hash_data_and_source_order ... ok

test result: ok. 19 passed; 0 failed; 0 ignored; 0 measured; 0 filtered out; finished in 0.01s

     Running tests/dns_validation.rs (/root/.herdr/worktrees/honk/feat-native-api/target/debug/deps/dns_validation-94a1814f69e251e9)

running 21 tests
test test_validate_rejects_unknown_quoted_dns_upstream_name ... ok
test test_validate_resolves_dns_upstream_names_across_quote_styles ... ok
test test_validate_rejects_effective_legacy_dns_fallback_target ... ok
test test_validate_rejects_last_legacy_dns_rule_target ... ok
test test_validate_rejects_effective_legacy_dns_rule_target ... ok
test test_validate_rejects_promoted_legacy_dns_fallback_target ... ok
test test_validate_rejects_dns_implicit_fallback_without_request_routing ... ok
test test_validate_rejects_dns_implicit_fallback_after_catch_all ... ok
test test_validate_rejects_omitted_legacy_dns_fallback ... ok
test test_validate_typed_api_legacy_rules_precede_new_request_fallback ... ok
test test_validate_typed_api_new_request_rules_ignore_legacy_fields ... ok
test test_validate_rejects_empty_legacy_dns_fallback ... ok
test test_validate_accepts_legacy_dns_exact_case ... ok
test test_validate_accepts_dns_empty_upstreams_with_terminal_fallback ... ok
test test_validate_accepts_named_dns_response_fallback ... ok
test test_validate_rejects_dns_response_fallback_target ... ok
test test_validate_rejects_dns_response_rule_target ... ok
test test_validate_rejects_dns_request_rule_target ... ok
test test_validate_rejects_dns_request_fallback_target ... ok
test test_validate_accepts_legacy_dns_upstream_sentinel_without_rules ... ok
test test_validate_rejects_dae_uppercase_declaration_mismatch ... ok

test result: ok. 21 passed; 0 failed; 0 ignored; 0 measured; 0 filtered out; finished in 0.02s

     Running tests/entries.rs (/root/.herdr/worktrees/honk/feat-native-api/target/debug/deps/entries-10402311d967eae7)

running 32 tests
test group_syntax::compact_child_blocks_preserve_siblings_and_scalar_data ... ok
test subscription_syntax::compact_subscription_field_headers_keep_raw_values ... ok
test subscription_syntax::bare_subscription_uri_hash_tail_remains_data ... ok
test subscription_syntax::compact_tokens_inside_user_agents_remain_data ... ok
test subscription_syntax::a_second_complete_user_agent_suffix_is_not_part_of_the_first ... ok
test group_syntax::filter_quote_without_a_space_is_the_same_unterminated_quote ... ok
test subscription_syntax::glued_user_agent_hash_comments_retain_entries_and_warn_at_hash ... ok
test subscription_syntax::incomplete_user_agent_hash_head_skips_entry_with_a_precise_diagnostic ... ok
test subscription_syntax::glued_hash_after_a_quoted_node_link_retains_both_nodes_and_warns_once ... ok
test subscription_syntax::invalid_subscription_cache_reports_the_cache_field ... ok
test subscription_syntax::nested_wrappers_traverse_entries_and_warn_once_per_wrapper ... ok
test subscription_syntax::k22_a_retains_commented_subscription_and_preserves_structural_order ... ok
test subscription_syntax::quoted_entry_hash_tails_cannot_supply_compact_siblings ... ok
test subscription_syntax::quoted_entry_comment_colons_do_not_create_tags ... ok
test subscription_syntax::quoted_embedded_tag_is_split_with_one_compatibility_warning ... ok
test subscription_syntax::subscription_blocks_advance_following_inline_diagnostic_ordinals ... ok
test subscription_syntax::quoted_subscription_user_agent_colons_are_data ... ok
test subscription_syntax::populated_bare_entries_keep_interior_compact_tokens ... ok
test subscription_syntax::quoted_embedded_tag_is_normalized_after_user_agent_and_glued_comment_parsing ... ok
test subscription_syntax::quoted_subscription_tag_and_user_agent_keep_exact_bytes ... ok
test subscription_syntax::skipped_inline_subscriptions_advance_following_block_warning_ordinals ... ok
test subscription_syntax::tagless_subscription_names_and_quoted_ua_are_derived_without_boundary_errors ... ok
test subscription_syntax::spaced_entry_tags_are_documented_admitted_and_normalized_for_nodes_and_subscriptions ... ok
test subscription_syntax::subscription_wrappers_retain_inline_header_entries_in_order ... ok
test subscription_syntax::subscription_blocks_preserve_values_and_duration_conversion ... ok
test group_syntax::annotation_is_an_invalid_whole_contribution ... ok
test group_syntax::glued_hash_in_a_filter_argument_is_data_and_warns_once ... ok
test group_syntax::malformed_argument_and_head_quotes_recover_only_with_surviving_closers ... ok
test group_syntax::quoted_brace_name_matches_and_suffix_junk_is_false ... ok
test group_syntax::frozen_balanced_incomplete_calls_keep_reader_diagnostics_and_policy ... ok
test group_syntax::quoted_subgroup_lists_and_explicit_empty_contributions_keep_boundaries ... ok
test group_syntax::quote_failure_still_fails_when_a_required_closer_is_hidden ... ok

test result: ok. 32 passed; 0 failed; 0 ignored; 0 measured; 0 filtered out; finished in 0.03s

     Running tests/example_configs.rs (/root/.herdr/worktrees/honk/feat-native-api/target/debug/deps/example_configs-4aa4d8c14899bf5a)

running 3 tests
test test_config_min_dae_parses ... ok
test test_example_dae_parses ... ok
test test_config_dae_parses ... ok

test result: ok. 3 passed; 0 failed; 0 ignored; 0 measured; 0 filtered out; finished in 0.01s

     Running tests/include.rs (/root/.herdr/worktrees/honk/feat-native-api/target/debug/deps/include-41126b35eb8ef33b)

running 21 tests
test adjacent_include_quote_errors_are_structural_in_string_mode ... ok
test include_preserves_renamed_honk_policy_error ... ok
test include_adjacent_quotes_stop_at_bare_path_bytes ... ok
test empty_included_files_contribute_no_sections ... ok
test include_rejects_symlinks_that_escape_the_entry_directory ... ok
test source_limits_cover_entry_and_dependency_bytes_and_counts ... ok
test include_rejects_cycles_and_paths_outside_the_entry_directory ... ok
test structural_source_check_rejects_recovered_lexical_errors ... ok
test include_glued_hash_is_literal_in_file_and_string_modes ... ok
test memory_sources_expand_includes_without_reading_the_disk ... ok
test source_secret_marker_keeps_overridden_native_and_clash_credentials_private ... ok
test source_overlay_resolves_siblings_and_virtual_globs_without_writing ... ok
test submitted_sources_are_ordered_syntax_only_and_reject_nested_includes ... ok
test include_loads_nested_globs_and_merges_sections ... ok
test adjacent_include_quotes_protect_filename_punctuation_without_leaking ... ok
test source_capture_preserves_preorder_bytes_and_physical_diagnostics ... ok
test include_split_opener_keeps_bounded_file_capture ... ok
test source_overlay_rejects_escaping_and_duplicate_physical_sources ... ok
test fragment_format_recognition_stays_at_the_entry_boundary ... ok
test marked_fallback_follows_all_included_rules_and_last_fallback_wins ... ok
test virtual_includes_follow_existing_directory_aliases_and_parent_components ... ok

test result: ok. 21 passed; 0 failed; 0 ignored; 0 measured; 0 filtered out; finished in 0.80s

     Running tests/logging.rs (/root/.herdr/worktrees/honk/feat-native-api/target/debug/deps/logging-0632e628e725fdee)

running 2 tests
test test_millisecond_duration_compat_entry_logs_warning ... ok
test standalone_serde_reports_once_and_redacts_success_and_failure ... ok

test result: ok. 2 passed; 0 failed; 0 ignored; 0 measured; 0 filtered out; finished in 0.00s

     Running tests/parser_syntax.rs (/root/.herdr/worktrees/honk/feat-native-api/target/debug/deps/parser_syntax-c39f7b4f64448373)

running 26 tests
test routing_syntax::spaced_must_is_an_outbound_name ... ok
test routing_syntax::compact_tokens_inside_matcher_arguments_remain_data ... ok
test routing_syntax::nested_parentheses_do_not_hide_trailing_matcher_text ... ok
test routing_syntax::ignored_statements_cannot_change_expression_continuation ... ok
test scalar_syntax::nfqueue_boolean_remains_strict ... ok
test scalar_syntax::bare_apostrophe_remains_literal_scalar_data ... ok
test routing_syntax::direct_marks_decode_decimal_hex_must_and_fallback ... ok
test scalar_syntax::token_head_unterminated_quote_fails_with_lexical_error ... ok
test scalar_syntax::lists_unquote_items_and_retain_check_target_aggregate_compatibility ... ok
test scalar_syntax::native_api_lists_have_no_legacy_reading_to_warn_about ... ok
test routing_syntax::unfinished_traffic_calls_do_not_cross_include_sources ... ok
test section_syntax::ignored_statement_suffixes_cannot_install_settings_or_rules ... ok
test scalar_syntax::scalar_remainder_does_not_enter_subscription_ua_logic ... ok
test scalar_syntax::glued_hash_is_scalar_data_with_legacy_notice ... ok
test section_syntax::comment_brace_notice_survives_early_failure_inside_an_open_root ... ok
test section_syntax::compact_blocks_preserve_mixed_section_siblings_and_rule_values ... ok
test section_syntax::strict_nfqueue_rejects_nested_content_but_optional_children_ignore_unknown_keys ... ok
test scalar_syntax::shorthand_booleans_keep_false_and_mark_the_migration ... ok
test section_syntax::unknown_subtrees_cannot_override_settings_or_leak_rules ... ok
test section_syntax::compact_header_does_not_detach_an_indexed_subtree ... ok
test section_syntax::sibling_notices_belong_to_the_enclosing_section ... ok
test routing_syntax::glued_hash_target_is_literal_and_warns_at_the_boundary ... ok
test routing_syntax::complete_matcher_with_junk_has_a_located_terminal_error ... ok
test routing_syntax::quoted_arguments_preserve_spaces_hashes_and_braces ... ok
test routing_syntax::direct_mark_options_fail_closed_without_echoing_values ... ok
test routing_syntax::traffic_quotes_fail_lexically_at_both_quote_boundaries ... ok

test result: ok. 26 passed; 0 failed; 0 ignored; 0 measured; 0 filtered out; finished in 0.00s

     Running tests/share_link.rs (/root/.herdr/worktrees/honk/feat-native-api/target/debug/deps/share_link-65fa8bd55215dd25)

running 108 tests
test c13_hy2_obfs_claims_preserve_exact_source_grammar ... ok
test c12_shadowrocket_cipher_aliases_keep_security_tls_meaning ... ok
test detailed_share_link_validation_preserves_intrinsic_cause ... ok
test c16_constructed_config_cannot_bypass_canonical_node_checks ... ok
test c08_share_link_verification_aliases_resolve_and_reject_invalid ... ok
test c08_share_link_verification_yes_on_warn_and_enable ... ok
test c16_flat_completion_rejects_invalid_nodes_without_alpn ... ok
test c13_tuic_relay_claims_cannot_be_discarded ... ok
test c10_share_link_stream_transport_aliases_resolve_before_storage ... ok
test c16_all_share_link_completions_reject_intrinsic_errors ... ok
test empty_share_link_host_alias_leaves_sni_absent ... ok
test c12_vmess_cipher_claims_resolve_before_assignment ... ok
test empty_share_link_flow_allows_xtls_vision ... ok
test c10_vmess_json_net_maps_only_to_stream_transport ... ok
test empty_share_link_flow_is_absent_and_valid ... ok
test c09_flat_credential_aliases_preserve_equal_conflicts_and_empty ... ok
test c15_hopping_sets_reject_duplicates_and_keep_valid_spelling ... ok
test c11_flat_packet_network_validates_and_preserves_spelling ... ok
test empty_share_link_reality_key_still_conflicts_with_plaintext ... ok
test empty_share_link_sni_does_not_mask_peer ... ok
test shadowrocket_vless_plaintext_and_display_name ... ok
test empty_share_link_sni_uses_the_host_fallback ... ok
test test_anytls_pool_query ... ok
test shadowrocket_hysteria2_peer_preserves_sni_and_identity ... ok
test shadowrocket_vless_reality_matches_canonical_link ... ok
test test_ech_query_params ... ok
test test_flat_optional_sni_and_flow_normalize_like_url_inputs ... ok
test test_fragment_name_is_utf8_decoded ... ok
test test_credential_bytes_are_not_replaced ... ok
test hy2_alias_preserves_userpass_and_hopping_identity ... ok
test test_name_fallback_never_contains_credentials ... ok
test shadowrocket_vless_rejects_invalid_authorities_and_security ... ok
test shadowrocket_vless_stream_transports_match_canonical_links ... ok
test test_legacy_cross_protocol_fields_are_stripped ... ok
test test_packet_encoding_none_is_a_noop_on_other_protocols ... ok
test shadowrocket_vmess_rejects_bad_authorities_and_conflicts ... ok
test test_percent_encoded_userinfo_is_decoded ... ok
test test_removed_protocol_links_rejected ... ok
test test_from_file_dae_fallback_chain ... ok
test test_rejects_vless_mode_on_other_protocols ... ok
test shadowrocket_vmess_ws_and_grpc_match_v2rayn_json ... ok
test test_ss_base64_userinfo ... ok
test test_share_link_flow_empty_is_absent_and_invalid_is_rejected ... ok
test test_ss_base64_userinfo_with_padding_and_plugin_suffix ... ok
test test_ss_compat_bare_hostname ... ok
test test_ss_compat_empty_base64_run ... ok
test test_ss_compat_nested_base64_userinfo ... ok
test test_ss_compat_legacy_path_suffix ... ok
test test_ss_legacy_encoded_method ... ok
test test_ss_legacy_colon_password ... ok
test test_ss_legacy_last_at_separates_endpoint ... ok
test test_ss_legacy_ipv6_matches_userinfo_form ... ok
test test_hysteria2_auth_and_obfs_params ... ok
test test_ss_legacy_literal_hash_password ... ok
test test_node_serialization_bytes_match_flat_wire_goldens ... ok
test test_reality_without_public_key_is_rejected_on_every_load_path ... ok
test test_ss_legacy_literal_slash_password ... ok
test test_ss_legacy_rejects_missing_credentials ... ok
test test_ss_legacy_padded_plugin_suffix ... ok
test test_ss_legacy_rejects_missing_method_separator ... ok
test test_ss_legacy_plain_matches_userinfo_form ... ok
test test_ss_full_base64_authority_with_fragment ... ok
test test_ss_legacy_remark_suffix ... ok
test test_ss_legacy_unpadded_plugin_delimiter ... ok
test test_hysteria2_embedded_hop_ports ... ok
test test_ss_legacy_standard_base64_slash ... ok
test test_share_link_tls_name_aliases_resolve_before_loss ... ok
test test_ss_legacy_literal_percent_password ... ok
test test_ss_plain_userinfo_base64_method ... ok
test test_ss_plain_userinfo ... ok
test test_ss_url_userinfo_still_percent_decodes ... ok
test test_ss_with_plugin ... ok
test test_trojan_ws_query ... ok
test test_validate_flow_rejects_unknown_value ... ok
test test_tuic_alpn_and_congestion_params ... ok
test test_unused_username_credential_is_stripped ... ok
test test_tuic_window_params ... ok
test test_validate_flow_requires_tls_or_reality ... ok
test test_tls_alpn_flat_wire_round_trip_and_legacy_omission ... ok
test test_config_json_round_trip ... ok
test test_unknown_scheme_rejected ... ok
test test_vless_grpc_transport_params ... ok
test test_vless_mux_query ... ok
test test_vless_no_security_keeps_tls_default ... ok
test test_vless_derive_id_differs_by_reality_public_key ... ok
test test_config_vless_flat_fields_and_removed_key_rejection ... ok
test test_vless_reality_spx_default ... ok
test test_vless_security_none ... ok
test test_vless_reality_full ... ok
test test_vless_packet_encoding_query ... ok
test test_vless_ws_host_falls_back_to_sni_without_ws ... ok
test test_vless_ws_transport_params ... ok
test test_vmess_invalid_links_rejected ... ok
test test_vmess_grpc_service_from_path ... ok
test test_vmess_standard_base64_and_numeric_port ... ok
test test_vmess_full_fields_ws_tls ... ok
test test_vless_share_link_rejects_external_mux_fields ... ok
test test_vless_vision_udp443_and_unreachable_native_fallback ... ok
test test_from_file_json_extension ... ok
test test_vless_udp_query_coalesces_equal_claims_and_rejects_bad_values ... ok
test test_vless_encryption_param_and_identity ... ok
test test_vless_encryption_with_vision_uses_supported_paths ... ok
test test_vless_canonical_query_rejections_keep_safe_fields ... ok
test test_vless_udp443_defaults_across_config_entrypoints ... ok
test test_config_toml_round_trip ... ok
test test_vless_udp443_flow_alias_preserves_explicit_reject_and_disable ... ok
test test_config_yaml_round_trip ... ok
test test_to_file_and_from_file_by_extension ... ok

test result: ok. 108 passed; 0 failed; 0 ignored; 0 measured; 0 filtered out; finished in 0.02s

     Running tests/validation.rs (/root/.herdr/worktrees/honk/feat-native-api/target/debug/deps/validation-4a9a39b8390e0b11)

running 26 tests
test check_targets::http_targets_reject_ambiguous_authorities_before_exposing_userinfo ... ok
test check_targets::http_targets_reject_explicit_zero_ports ... ok
test dns_networks::dns_network_admission_rejects_whole_rule_and_reports_host_bits ... ok
test check_targets::http_targets_preserve_caller_defaults_and_authority_boundaries ... ok
test node_collection_admission::test_config_validation_empty_node_name ... ok
test check_targets::malformed_udp_dns_targets_fail_located_admission ... ok
test node_collection_admission::c20_config_admission_preserves_canonical_identity ... ok
test native_api::native_api_security_syntax_never_falls_back ... ok
test native_api::removed_destination_settings_warn_and_are_not_serialized ... ok
test subscription_download_detour_names_direct_routing_or_a_group ... ok
test share_link_security::trojan_reality_preserves_authentication_intent ... ok
test node_collection_admission::incompatible_vless_fields_report_once_without_changing_node_identity ... ok
test traffic_and_dns_rules::regex_character_class_is_not_a_nested_predicate ... ok
test routing_marks::invalid_direct_marks_cannot_escape_file_loader_admission ... ok
test node_collection_admission::test_config_validation_no_address ... ok
test subscription_entry_route_is_validated_as_download_detour ... ok
test routing_marks::global_marks_keep_hex_first_lexing_and_zero_effective_default ... ok
test share_link_security::repeated_tls_claims_are_order_independent ... ok
test native_api::native_api_security_uses_every_admission_boundary ... ok
test traffic_and_dns_rules::invalid_dns_conjunct_omits_whole_rule ... ok
test traffic_and_dns_rules::unsafe_traffic_terms_reject_at_file_boundary ... ok
test empty_subgroups::structured_configs_keep_the_assets_block ... ok
test empty_subgroups::explicit_empty_contributions_survive_roundtrip_and_refresh ... ok
test node_collection_admission::structured_reality_intent_requires_nonblank_key ... ok
test node_collection_admission::structured_vless_mux_rejects_invalid_limits_and_missing_shared_tcp ... ok
test routing_marks::reserved_marks_remain_invalid_after_structured_loading ... ok

test result: ok. 26 passed; 0 failed; 0 ignored; 0 measured; 0 filtered out; finished in 0.05s

     Running tests/xhttp.rs (/root/.herdr/worktrees/honk/feat-native-api/target/debug/deps/xhttp-839f9b1eb5f964a0)

running 25 tests
test auto_mode_resolves_to_stream_one_only_over_reality ... ok
test direct_alpn_must_normalize_before_config_admission ... ok
test direct_options_must_normalize_before_config_admission ... ok
test download_settings_map_to_an_uninherited_download_peer ... ok
test equal_extra_claims_normalize_before_comparison_and_conflicts_reject ... ok
test nonstream_uri_protocols_reject_xhttp_claims_instead_of_discarding_them ... ok
test vmess_xhttp_tls_posture_has_distinct_reload_identity ... ok
test download_view_admission_covers_every_adapter ... ok
test literal_path_admission_keeps_raw_query_validation ... ok
test duplicate_json_claims_cannot_hide_invalid_xhttp_inputs ... ok
test inert_uri_metadata_is_accepted_only_with_inert_values ... ok
test path_length_is_bounded_before_escaping_can_overflow_the_request_target ... ok
test legacy_transports_ignore_unrelated_mode_and_extra ... ok
test download_address_must_be_a_dialable_host_and_is_normalized ... ok
test aliases_defaults_and_normalized_paths_share_identity ... ok
test xhttp_uri_exporter_metadata_preserves_tls_and_request_options ... ok
test xhttp_h2_validation_preserves_plain_tls_reality_and_vless_path_policy ... ok
test extra_request_fields_fill_only_absent_top_level_claims ... ok
test raw_unsupported_options_ranges_and_headers_fail_closed ... ok
test server_only_extras_and_default_xmux_are_checked_then_dropped ... ok
test accepted_extra_reaches_canonical_node_without_parameter_loss ... ok
test vmess_json_preserves_xhttp_top_fields_and_supported_extra ... ok
test all_xhttp_option_differences_change_reload_identity ... ok
test download_settings_reject_unrepresentable_peers ... ok
test vmess_exported_xhttp_mode_and_empty_alpn_are_canonical ... ok

test result: ok. 25 passed; 0 failed; 0 ignored; 0 measured; 0 filtered out; finished in 0.01s

   Doc-tests honk_config

running 0 tests

test result: ok. 0 passed; 0 failed; 0 ignored; 0 measured; 0 filtered out; finished in 0.00s


==> cargo test -p honk-outbound --no-default-features
   Compiling honk-config v0.0.1-alpha (/root/code/honk-cse-bench/crates/honk-config)
   Compiling honk-ebpf-common v0.0.1-alpha (/root/code/honk-cse-bench/crates/honk-ebpf-common)
   Compiling honk-outbound v0.0.1-alpha (/root/code/honk-cse-bench/crates/honk-outbound)
    Finished `test` profile [unoptimized + debuginfo] target(s) in 1m 30s
     Running unittests src/lib.rs (/root/.herdr/worktrees/honk/feat-native-api/target/debug/deps/honk_outbound-f41e9e221c66f3d5)

running 1034 tests
test address_race::tests::address_order_interleaves_families_stably ... ok
test alive::latencies::tests::test_last_real_sample_skips_synthetic ... ok
test alive::latencies::tests::test_empty ... ok
test alive::latencies::tests::test_ring_overflow ... ok
test alive::latencies::tests::test_append_and_last ... ok
test address_race::tests::fallback_starts_after_stagger_and_cancels_loser ... ok
test address_race::tests::healthy_first_never_starts_fallback ... ok
test alive::merge_check_addrs_tests::literals_come_before_resolved_even_when_they_sort_later ... ok
test address_race::tests::race_never_exceeds_two_attempts ... ok
test address_race::tests::fast_failure_waits_ten_milliseconds_and_preserves_last_error ... ok
test alive::observations::tests::averages_follow_healthy_probes_only ... ok
test alive::observations::tests::native_completion_keeps_typed_keys_out_of_legacy_latency ... ok
test alive::observations::tests::native_direct_completion_preserves_duplicate_member_associations ... ok
test alive::observations::tests::native_global_ticket_rejects_reloaded_targets_without_changing_periodic_writes ... ok
test alive::observations::tests::native_ticket_rejects_invalidated_group_epoch_and_older_samples ... ok
test alive::observations::tests::native_ticket_rejects_missing_removed_and_replaced_registration ... ok
test alive::tests::available_traffic_fast_path_preserves_clean_state_and_resets_dirty_state ... ok
test alive::tests::group_activity_ignores_untracked_groups_and_reuses_registered_key ... ok
test alive::tests::health_shutdown_timeout_keeps_admission_closed ... ok
test alive::tests::invalid_http_check_url_falls_back_before_probe_cycles ... ok
test alive::tests::native_udp_observations_precede_legacy_family_fanout ... ok
test alive::tests::native_group_publication_invalidates_evidence_before_target_sync ... ok
test alive::tests::health_shutdown_preserves_completed_failure_before_cancelled_retry ... ok
test alive::tests::test_alive_set_per_protocol ... ok
test alive::tests::test_block_ignores_traffic_failures ... ok
test alive::tests::late_http_probe_preserves_unregistered_traffic_health ... ok
test alive::tests::late_raw_tcp_probe_preserves_replacement_health ... ok
test alive::tests::local_carrier_capacity_does_not_demote_or_revive_probe_health ... ok
test alive::tests::test_alive_set_basic ... ok
test alive::tests::recovered_traffic_suppresses_a_pending_probe_death_notification ... ok
test alive::tests::scheduled_udp_probe_does_not_become_an_unregistered_probe ... ok
test alive::tests::health_external_jobs_survive_response_disconnect_and_join_on_shutdown ... ok
test alive::tests::test_builtin_leaf_probe_recovers_url_state ... ok
test alive::tests::removed_node_discards_collections_and_late_probe_results ... ok
test alive::tests::test_death_callback_fires_on_flip_only ... ok
test alive::tests::native_custom_probe_retains_sampled_leaf_and_rejects_old_config ... ok
test alive::tests::test_block_probe_exempt ... ok
test alive::tests::test_dial_success_resets_failure_streak ... ok
test alive::tests::raw_tcp_probe_with_v4_only_node_address_leaves_v6_untouched ... ok
test alive::tests::test_direct_ignores_failure_marks ... ok
test alive::tests::test_death_callback_skipped_while_udp_sibling_alive ... ok
test alive::tests::test_has_udp_state_from_traffic_reports ... ok
test alive::tests::test_merge_check_addrs_dedup ... ok
test alive::tests::reentrant_probe_callbacks_cannot_update_replacement_registration ... ok
test alive::tests::test_network_change_bypasses_backoff_but_requires_fresh_success ... ok
test alive::tests::test_probe_cooldown_backoff ... ok
test alive::tests::resolution_cancelled_by_shutdown_reports_stopped_checks ... ok
test alive::tests::test_parse_check_literals ... ok
test alive::tests::native_observations_exclude_legacy_and_preserve_zero_and_failures ... ok
test alive::tests::test_probe_node_udp_dns_blocked_but_data_path_ok_keeps_data_udp_alive ... ok
test alive::tests::test_probe_node_udp_dns_skip_updates_only_measured_data_path ... ok
test alive::tests::test_probe_node_udp_no_prober_is_noop ... ok
test alive::tests::test_direct_probe_uses_direct_check_addr ... ok
test alive::tests::resolver_hook_rejection_skips_system_fallback_and_health_penalty ... ok
test alive::tests::test_health_cycle_runs_udp_probe_after_tcp ... ok
test alive::tests::test_failure_demotion_needs_consecutive_successes ... ok
test alive::tests::test_probe_node_udp_success_marks_udp_domains_alive ... ok
test alive::tests::test_probe_node_udp_failures_kill_udp_domains_only ... ok
test alive::tests::test_report_dial_latency_demotes_after_three_slow_dials ... ok
test alive::tests::test_report_dial_latency_floor_covers_fast_node_load_jitter ... ok
test alive::tests::test_health_cycle_skips_idle_urltest_nodes ... ok
test alive::tests::test_report_dial_latency_ignores_builtin_nodes ... ok
test alive::tests::test_probe_node_udp_skipped_targets_are_neutral ... ok
test alive::tests::test_restore_latency_seeds_ranking_not_liveness ... ok
test alive::tests::test_push_ebpf_uses_outbound_resolver ... ok
test alive::tests::test_stopped_node_probes_on_slow_cadence_and_recovers ... ok
test alive::tests::test_sync_group_check_urls_prunes_unused_urls ... ok
test alive::tests::test_recovery_cycle_probes_due_dead_udp_nodes ... ok
test alive::tests::test_recovery_cycle_probes_due_dead_nodes ... ok
test alive::tests::test_traffic_failures_ignored_during_grace ... ok
test alive::tests::test_url_probe_state_independence ... ok
test alive::tests::test_sync_urltest_groups_full_refresh ... ok
test bootstrap::tests::system_hosts_matches_aliases_and_address_families ... ok
test bootstrap::tests::test_build_and_parse_roundtrip ... ok
test bootstrap::tests::test_parse_resolver ... ok
test alive::tests::test_tcp_probe_failure_does_not_touch_udp ... ok
test bootstrap::tests::test_parse_https_rr_ech ... ok
test alive::tests::v4_only_check_url_leaves_v6_family_untouched ... ok
test descriptor::tests::every_protocol_has_a_descriptor ... ok
test bootstrap::tests::test_resolve_literal_ip_skips_lookup ... ok
test descriptor::tests::udp_capability_follows_the_network_gate ... ok
test descriptor::tests::vless_capabilities_follow_selected_paths ... ok
test alive::tests::warm_http_probe_is_the_only_result_recorded_as_latency ... ok
test descriptor::tests::vless_udp_443_policy_is_path_scoped ... ok
test descriptor::tests::xhttp_owns_warming_without_bare_or_ready_tcp_competition ... ok
test bootstrap::tests::test_resolve_via_bootstrap_udp ... ok
test bootstrap::tests::truncated_udp_answer_retries_over_tcp ... ok
test bootstrap::tests::test_query_ech_config_via_bootstrap_udp ... ok
test group::score::tests::attribution::compact_outcome_finds_nested_io_errors ... ok
test group::score::tests::attribution::aggregate_display_does_not_advance_nested_load_balance ... ok
test group::score::tests::attribution::dead_candidate_is_excluded_before_scoring ... ok
test group::score::tests::attribution::duplicate_direct_leaf_stays_direct_on_last_resort ... ok
test alive::trigger_tests::trigger_queue_is_deduplicated_and_bounded ... ok
test group::score::tests::attribution::deep_score_last_resort_keeps_every_attribution ... ok
test group::score::tests::attribution::feedback_for_node_merges_nested_score_memberships_once ... ok
test group::score::tests::attribution::aggregate_feedback_completion_and_cancellation_are_accounted_once ... ok
test group::score::tests::attribution::builtin_direct_final_is_valid_feedback_membership ... ok
test group::score::tests::attribution::cancelled_exact_attempt_does_not_hide_aggregate_failure ... ok
test group::score::tests::attribution::inflight_exact_attempt_does_not_mask_aggregate_reliability ... ok
test group::score::selection::tests::publication_between_ranking_and_plan_construction_refuses_node_work ... ok
test group::score::tests::attribution::duplicate_leaf_paths_do_not_change_score_rank ... ok
test group::score::tests::attribution::final_outbound_late_completion_keeps_extant_leaf_and_drops_deleted_leaf ... ok
test alive::tests::test_health_flips_log_once ... ok
test group::score::tests::attribution::cold_exploration_is_deterministic_and_cancelled_loser_is_neutral ... ok
test group::score::tests::attribution::late_completion_keeps_extant_member_and_drops_deleted_member ... ok
test group::score::tests::attribution::normalizes_domain_key_and_keeps_target_dimensions_independent ... ok
test group::score::tests::attribution::nested_score_last_resort_keeps_child_attribution ... ok
test group::score::tests::attribution::selector_tcp_last_resort_keeps_the_chosen_member_chain ... ok
test group::score::tests::attribution::rejected_exact_attempt_is_neutral ... ok
test group::score::tests::attribution::setup_failure_switches_to_the_other_candidate ... ok
test group::score::tests::attribution::reload_reuses_state_and_prunes_removed_members ... ok
test group::score::tests::attribution::nested_score_groups_keep_the_target_and_complete_attribution_path ... ok
test group::score::tests::attribution::setup_only_success_does_not_become_usefulness_failure ... ok
test group::score::tests::attribution::network_target_and_family_buckets_are_isolated ... ok
test group::score::tests::attribution::urltest_retry_plan_keeps_the_group_in_the_selection_chain ... ok
test group::score::tests::attribution::setup_only_family_samples_keep_global_reliability ... ok
test group::score::tests::attribution::nested_final_feedback_reaches_score_ancestors_and_probe_membership ... ok
test group::score::tests::attribution::setup_only_exact_samples_keep_aggregate_reliability ... ok
test group::score::tests::availability::confirmed_sends_reconcile_four_live_replies_at_their_receive_time ... ok
test group::score::tests::availability::continuous_rx_keeps_live_availability_but_idle_settlement_cannot_refresh_it ... ok
test group::score::tests::availability::confirmed_send_clones_and_settlement_do_not_duplicate_bytes_or_credit ... ok
test group::score::tests::availability::distinct_live_udp_flows_establish_usability_without_terminal_successes ... ok
test group::score::tests::availability::confirmed_send_reconciliation_requires_a_closed_causal_window ... ok
test group::score::tests::availability::exactly_sixty_seconds_of_silence_requires_four_reporters_again ... ok
test group::score::tests::availability::finished_reporters_ignore_late_send_completion_and_success_settlement ... ok
test group::score::tests::availability::failure_fences_live_rx_without_requiring_survivors_to_settle ... ok
test group::score::tests::availability::delayed_send_completion_cannot_revive_or_bridge_an_expired_cohort ... ok
test alive::tests::test_concurrent_dial_failures_cannot_collapse ... ok
test group::score::tests::availability::confirmed_sends_cannot_move_old_replies_across_failure_or_reload_fences ... ok
test alive::tests::test_suspension_check_releases_node_groups_before_reading_timeouts ... ok
test group::score::tests::availability::future_start_rejects_reconciliation_but_still_counts_accepted_tx ... ok
test group::score::tests::availability::ordinary_tx_first_prevents_later_send_completion_from_reconciling_old_rx ... ok
test group::score::tests::availability::reload_requires_new_rx_from_each_surviving_reporter ... ok
test group::score::tests::availability::global_family_and_exact_cells_credit_their_own_availability_cohorts ... ok
test group::score::tests::availability::zero_tx_does_not_consume_the_first_positive_send ... ok
test group::score::tests::availability::neutral_settlement_flushes_throttled_eligible_rx_at_its_event_time ... ok
test group::score::tests::budget::accepted_reporters_no_longer_suppress_missing_distinct_support ... ok
test group::score::tests::availability::settlement_cannot_count_live_reporters_twice ... ok
test group::score::tests::budget::pending_expiry_refunds_and_started_expiry_only_releases_suppression ... ok
test group::score::tests::budget::nested_losers_refund_and_selected_chain_shares_one_original_business ... ok
test group::score::tests::availability::recreated_cells_reject_old_live_reporters_even_after_fresh_rx ... ok
test group::score::tests::budget::reusable_factory_stays_independent_after_explicit_business_admission ... ok
test group::score::tests::budget::reload_refunds_pending_but_retains_running_trial_cap_until_settlement_or_ttl ... ok
test group::score::tests::budget::retry_and_related_context_preserve_original_identity_without_optional_cost ... ok
test group::score::tests::budget::setup_cost_includes_pre_reporter_work_and_local_refusal_is_neutral ... ok
test group::score::tests::budget::targetless_reserved_work_is_refunded_and_cannot_start_for_free ... ok
test group::score::tests::budget::stale_generation_start_refunds_and_never_publishes_root_or_scope_counts ... ok
test group::score::tests::budget::stale_observation_cannot_authorize_an_uncommitted_retry_pool ... ok
test group::score::tests::budget::trial_outcomes_and_setup_histogram_do_not_change_terminal_reliability_units ... ok
test group::score::tests::budget::related_route_selections_do_not_reserve_optional_work_with_cold_credit_remaining ... ok
test group::score::tests::budget::unstarted_plans_refund_once_after_last_clone_without_minting_business ... ok
test group::score::tests::budget::sparse_arrivals_obey_spent_plus_reserved_bound_without_clock_currency ... ok
test group::score::tests::budget_projection::aggregate_read_skips_a_challenger_its_begun_trial_holds_at_the_selection ... ok
test group::score::tests::budget::concurrent_begin_clones_spend_once_and_cancel_without_refund ... ok
test group::score::tests::availability::only_targeted_traffic_rx_after_setup_and_tx_establishes_availability ... ok
test group::score::tests::budget_projection::targeted_unknown_family_uses_its_own_budget_and_inflight_scope ... ok
test group::score::tests::budget_projection::expired_earned_reservation_is_available_but_started_work_never_refunds ... ok
test group::score::tests::budget_projection::unrelated_inflight_work_cannot_fill_a_target_availability_gap ... ok
test group::score::tests::budget_projection::expired_pending_credit_is_visible_without_refunding_on_read ... ok
test address_race::tests::real_tcp_loser_socket_closes_when_fallback_wins ... ok
test group::score::tests::budget_yield::trial_yield_ignores_refusing_targets_and_resets_on_reload ... ok
test group::score::tests::budget_projection::aggregate_budget_wait_requires_both_target_families_exhausted_and_is_readonly ... ok
test group::score::tests::cadence::all_failing_fallback_remains_selectable ... ok
test group::score::tests::cadence::answered_unfinished_trial_holds_the_challenger_at_the_selection_ceiling ... ok
test group::score::tests::budget_yield::removed_members_settle_cost_without_changing_replacement_yield ... ok
test group::score::tests::budget_yield::busy_scopes_with_productive_trials_earn_twice_as_fast ... ok
test group::score::tests::budget_yield::a_failing_scope_tests_one_trial_at_a_time_below_the_pause ... ok
test group::score::tests::budget_projection::aggregate_inflight_wait_keeps_missing_or_free_target_family_available ... ok
test group::score::tests::cadence::overlapping_layers_count_each_terminal_completion_once ... ok
test group::score::tests::cadence::expired_backoff_gets_bounded_recovery_despite_normal_exclusion ... ok
test group::score::tests::cadence::cancelled_cold_trials_keep_alternative_coverage ... ok
test group::score::tests::cadence::source_outcomes_do_not_forgive_traffic_backoff ... ok
test group::score::tests::cadence::first_normal_selection_uses_quality_not_the_last_startup_trial ... ok
test group::score::tests::budget::family_network_and_nested_route_continuations_never_earn_again ... ok
test group::score::tests::cadence::terminal_success_with_same_time_rx_does_not_clear_failure_backoff ... ok
test group::score::tests::cadence::unbegun_plans_do_not_rotate_discovery ... ok
test alive::tests::test_probe_node_udp_timeout_counts_as_failure ... ok
test group::score::tests::comparison::relations::a_held_incumbent_reports_a_materially_faster_rival ... ok
test group::score::tests::budget_yield::a_pause_counts_only_candidates_the_ledger_refuses ... ok
test group::score::tests::cadence::qualified_trial_does_not_replace_committed_incumbent_without_new_evidence ... ok
test group::score::tests::comparison::relations::common_targets_do_not_promote_a_simpson_mixture ... ok
test group::score::tests::comparison::relations::common_target_aggregation_discards_lost_direction_identity ... ok
test group::score::tests::comparison::storage_timing::a_fresh_sample_does_not_rejuvenate_old_blocks_or_diversity ... ok
test group::score::tests::comparison::storage_timing::changed_probe_cohorts_and_invalid_cadences_cannot_inherit_comparison_support ... ok
test group::score::tests::comparison::storage_timing::common_time_blocks_receive_equal_weights_not_reporter_mix_weights ... ok
test group::score::tests::comparison::storage_timing::disjoint_time_blocks_do_not_compare_even_when_both_nodes_are_fresh ... ok
test group::score::tests::comparison::storage_timing::failed_probe_cannot_requalify_from_its_prior_samples ... ok
test group::score::tests::comparison::storage_timing::failures_delayed_events_and_recreated_incarnations_cannot_revive_proof ... ok
test group::score::tests::cadence::unchanged_failed_incumbent_allows_funded_recovery_without_free_trials ... ok
test group::score::tests::comparison::storage_timing::ordinary_probe_streams_qualify_through_block_rotation_and_expire_on_weaker_support ... ok
test group::score::tests::comparison::storage_timing::reporter_diversity_is_a_union_not_a_sum_of_bucket_counts ... ok
test group::score::tests::comparison::storage_timing::parent_eviction_and_recreation_cannot_revive_exact_proof_or_old_reporters ... ok
test group::score::tests::directional::direction_tolerance_boundaries_are_inclusive_but_do_not_reduce_hold_margin ... ok
test group::score::tests::directional::first_choice_and_real_failure_escape_need_no_comparison_evidence ... ok
test group::score::tests::directional::throughput_needs_response_and_same_unit_qualified_reliability ... ok
test group::score::tests::directional::unilateral_upload_and_download_gains_promote_without_max_direction_masking ... ok
test group::score::tests::directional::unknown_direction_stays_unknown_but_does_not_veto_a_supported_gain ... ok
test group::score::tests::comparison::storage_timing::target_failure_preserves_other_targets_and_probe_but_node_failure_invalidates_them ... ok
test group::score::tests::evaluation::a_short_retry_view_cannot_reduce_funded_capacity ... ok
test group::score::tests::budget::earned_credit_is_capped_and_target_churn_or_peeks_never_replenish_cold_allowance ... ok
test group::score::tests::evaluation::filtered_views_cannot_disable_evaluation_bounds ... ok
test group::score::tests::evaluation::members_missing_from_one_view_keep_their_place ... ok
test group::score::tests::comparison::relations::response_equivalence_uses_actual_symmetric_tolerance_including_zero ... ok
test group::score::tests::evaluation::readonly_reads_never_store_an_evaluation_set ... ok
test group::score::tests::evaluation::only_node_failure_streaks_replace_shared_evaluation_members ... ok
test group::score::tests::evaluation::rotation_visits_every_member_outside_the_ranked_set ... ok
test group::score::tests::attribution::aggregate_cache_has_a_hard_lru_bound ... ok
test group::score::tests::evaluation::unevaluated_members_keep_probes_out_of_comparison_cells ... ok
test group::score::tests::evidence::captured_feedback_requires_current_authority_at_start ... ok
test group::score::tests::cadence::new_targets_cannot_mint_exploration_and_peek_cannot_spend_it ... ok
test group::score::tests::evaluation::readonly_refresh_does_not_replace_committed_participants ... ok
test group::score::tests::evidence::shared_carrier_failure_counts_flows_but_only_one_hard_episode ... ok
test group::score::tests::cadence::sparse_selection_without_started_business_cannot_earn_currency ... ok
test group::score::tests::evidence::parsed_score_policy_learns_without_a_feature_flag ... ok
test group::score::tests::evidence::target_refusal_before_setup_or_without_family_never_opens_node_episode ... ok
test group::score::tests::evidence::stale_manager_authority_stays_revoked_after_same_name_recreation ... ok
test group::score::tests::live::cloned_reporters_serialize_live_observations_against_terminal_settlement ... ok
test group::score::tests::live::concurrent_failed_probe_cannot_retire_successful_probe_evidence ... ok
test group::score::tests::attribution::stale_aggregate_completion_does_not_mutate_recreated_cell ... ok
test group::score::tests::live::evicted_live_reporter_cannot_update_recreated_exact_or_aggregate_cells ... ok
test group::score::tests::live::generation_publication_rejects_pending_health_but_keeps_admitted_traffic ... ok
test group::score::tests::live::live_windows_are_directional_nonoverlapping_and_ignore_idle_bursts ... ok
test group::score::tests::live::live_old_generation_reports_survivors_but_cannot_start_again ... ok
test group::score::tests::live::nontraffic_bytes_and_responses_never_become_business_quality ... ok
test group::score::tests::live::node_fault_fences_healthy_exact_and_replaced_parent_rejects_old_reporter ... ok
test group::score::tests::live::probe_failure_invalidates_only_matching_identity_and_current_authority ... ok
test group::score::tests::evidence::unrelated_target_failures_preserve_healthy_exact_selection_and_probe_support ... ok
test group::score::tests::live::response_is_published_once_at_event_time_not_terminal_time ... ok
test group::score::tests::live::setup_quality_survives_neutral_completion_without_a_response ... ok
test group::score::tests::live::open_flow_progress_changes_selection_without_terminal_completions ... ok
test group::score::tests::live::warmup_setup_quality_remains_available_without_business_completions ... ok
test group::score::tests::comparison::relations::common_target_cap_follows_qualification_and_directional_metrics_keep_that_cohort ... ok
test group::score::tests::evaluation::evaluation_limit_follows_offered_business_only_at_refresh ... ok
test group::score::tests::performance::health_probe_targets_cannot_evict_live_business_evidence ... ok
test group::score::tests::performance::http_probe_path_query_and_method_define_distinct_comparison_cohorts ... ok
test group::score::tests::live::trained_target_needs_own_four_replies_after_inherited_node_failure ... ok
test group::score::tests::performance::expired_incumbent_holds_unmatched_refresh_but_shared_probe_can_promote ... ok
test group::score::tests::cadence::settled_cohorts_stop_sampling_and_expiry_spends_only_business_funding ... ok
test group::score::tests::performance::one_healthy_probe_scope_does_not_replace_another ... ok
test group::score::tests::performance::probe_domains_and_health_families_are_not_comparable ... ok
test group::score::tests::comparison::storage_timing::comparison_memory_cap_counts_keys_and_container_capacity_and_eviction_loses_support ... ok
test group::score::tests::evidence::recovered_historical_failure_holds_five_percent_latency_jitter ... ok
test group::score::tests::performance::same_host_probe_url_reload_discards_baselines_at_commit_before_new_samples ... ok
test group::score::tests::performance::opposite_direction_strengths_do_not_create_a_pairwise_rate_gain ... ok
test group::score::tests::performance::qualified_half_faster_goodput_switches_but_latency_jitter_holds ... ok
test alive::tests::test_urltest_idle_suspension ... ok
test group::score::tests::pool_admission::begun_flow_settles_after_pool_departure_and_reload ... ok
test group::score::tests::pool_admission::final_owner_is_exempt_but_ordinary_score_ancestor_is_not ... ok
test group::score::tests::pool_admission::pending_ordinary_requires_initialized_pool_even_after_reload ... ok
test group::score::tests::pool_admission::pending_pool_departure_cancels_ordinary_and_refunds_trial_without_business ... ok
test group::score::tests::pool_admission::related_context_requires_its_networks_committed_pool ... ok
test group::score::tests::performance::unsupported_global_best_cannot_mask_comparable_third_challenger ... ok
test group::score::tests::pressure::carrier_pressure_is_owner_scoped_expiring_and_cannot_create_flow_evidence ... ok
test group::score::tests::performance::one_exact_success_cannot_weaken_mature_incumbent_protection ... ok
test group::score::tests::pressure::pressure_reopens_responses_until_every_common_target_refreshes ... ok
test group::score::tests::pressure::answered_open_response_does_not_block_the_next_pressure_episode ... ok
test group::score::tests::pressure::replaced_runtime_and_retired_manager_cannot_publish_carrier_pressure ... ok
test group::score::tests::live::new_target_live_recovery_requires_node_failure_not_reload_fence ... ok
test group::score::tests::pressure::shadowsocks_tcp_pressure_does_not_spend_native_udp_validation ... ok
test group::score::tests::progress::active_udp_keeps_earned_qualification_without_inventing_completions ... ok
test group::score::tests::progress::delayed_terminal_bridges_qualification_to_already_observed_newer_rx ... ok
test group::score::tests::performance::excluded_leaf_cannot_change_eligible_performance_winner_or_reason ... ok
test group::score::tests::progress::reload_and_eviction_fence_progress_without_disabling_surviving_reporters ... ok
test group::score::tests::reasons::nested_score_groups_count_reasons_independently ... ok
test group::score::tests::reasons::ordinary_switch_counts_commits_but_not_first_choice_stay_peek_or_trial ... ok
test group::score::tests::reasons::private_reason_counts_follow_committed_name_lifecycle ... ok
test group::score::tests::reasons::score_reason_snapshot_is_sorted_fixed_and_private ... ok
test group::score::tests::reasons::score_reason_snapshot_reload_policy_is_name_based ... ok
test group::score::tests::reasons::score_reload_prunes_removed_switch_history_members ... ok
test group::score::tests::reasons::selection_reason_counting_respects_apply_and_filter_boundaries ... ok
test group::score::tests::reasons::selection_reason_instrumentation_preserves_existing_winners ... ok
test group::score::tests::reasons::selection_reason_precedence_is_stable ... ok
test group::score::tests::pressure::carrier_pressure_reopens_only_budgeted_comparison_without_penalizing_business ... ok
test group::score::tests::reasons::switch_flap_counts_only_quick_committed_reversals ... ok
test group::score::tests::reasons::switch_flap_ignores_cross_target_interleaving ... ok
test group::score::tests::selection::delay_test_members_do_not_record_score_selection ... ok
test group::score::tests::selection::recovery_does_not_open_node_final_with_duplicate_display_name ... ok
test group::score::tests::selection::recovery_does_not_turn_ordinary_child_into_final_after_parent_url_failure ... ok
test group::score::tests::selection::recovery_keeps_nested_selector_permissions_health_and_attribution ... ok
test group::score::tests::selection::selector_commit_does_not_restore_a_stale_sibling ... ok
test group::score::tests::selection::selector_commit_follows_non_first_default ... ok
test group::score::tests::selection::selector_parent_peeks_unchosen_score_subgroups ... ok
test group::score::tests::selection::configured_http_probe_quality_stays_in_its_url_cohort ... ok
test group::score::tests::selection::selector_refusal_does_not_commit_a_sibling_score_group ... ok
test group::score::tests::serving::cold_first_selection_cannot_escape_the_committed_pool ... ok
test group::score::tests::serving::an_ordinary_winner_survives_rotation_and_comparison_expiry ... ok
test group::score::tests::serving::duplicate_group_uuids_do_not_alias_serving_slots ... ok
test group::score::tests::serving::health_filtering_replaces_an_unavailable_pool_without_extra_slots ... ok
test group::score::tests::serving::failed_and_ineligible_incumbents_escape_only_within_the_pool ... ok
test group::score::tests::progress::four_distinct_live_replies_restore_eligibility_without_paying_terminal_debt ... ok
test group::score::tests::serving::ipv4_pool_reconciliation_precedes_explicit_final ... ok
test group::score::tests::serving::nested_selector_withdrawal_replaces_still_healthy_old_leaves ... ok
test group::score::tests::serving::nested_udp_health_withdrawal_replaces_serving_slots ... ok
test group::score::tests::serving::pool_preflight_is_readonly_and_rejects_stale_authority ... ok
test group::score::tests::serving::readonly_evaluated_count_cannot_add_an_outside_target_winner ... ok
test group::score::tests::serving::nested_score_trials_replace_representatives_without_refund_starvation ... ok
test group::score::tests::serving::representative_reconciliation_preserves_a_health_filtered_direct_leaf ... ok
test group::score::tests::serving::selector_applies_its_chosen_subgroup_when_committed_peek_is_empty ... ok
test group::score::tests::verification::availability_validity_does_not_depend_on_decaying_terminal_completions ... ok
test group::score::tests::verification::configured_probe_pairs_never_settle_the_response_question ... ok
test group::score::tests::verification::delayed_settlement_preserves_fresh_live_availability_without_refreshing_old_rx ... ok
test group::score::tests::verification::cross_target_latency_is_not_node_degradation ... ok
test group::score::tests::verification::exhausted_budget_and_retired_authority_leave_counters_unchanged ... ok
test group::score::tests::performance::sparse_fast_leaf_earns_normal_traffic_with_bounded_validation ... ok
test group::score::tests::serving::selector_routes_and_target_favorites_share_one_serving_pool ... ok
test group::score::tests::verification::idle_terminal_does_not_refresh_old_business_evidence ... ok
test group::score::tests::verification::failure_requires_strictly_newer_rx_even_after_older_failure_completion ... ok
test group::score::tests::verification::one_unrelated_probe_cannot_suppress_comparable_http_pair ... ok
test group::score::tests::verification::only_reporters_after_the_selection_degraded_count_as_pair_progress ... ok
test group::score::tests::verification::old_history_cannot_refresh_availability_with_one_new_success ... ok
test group::score::tests::verification::partial_pair_progress_is_served_before_less_recently_selected_challengers ... ok
test group::score::tests::verification::funded_large_group_serves_promising_contender_until_graduation ... ok
test group::score::tests::verification::equivalent_response_stops_trials ... ok
test group::score::tests::verification::recent_business_uses_latest_rx_across_out_of_order_completions ... ok
test group::score::tests::verification::reload_rejects_old_rx_but_accepts_surviving_flow_progress ... ok
test group::score::tests::verification::probe_and_common_target_pairs_keep_their_basis ... ok
test group::score::tests::verification::removed_winner_leaves_no_flap_history ... ok
test group::score::tests::verification::response_pair_expires_with_its_support_block ... ok
test group::score::tests::verification::real_flow_gaps_become_usable_and_compared_with_measured_exposure ... ok
test group::score::tests::verification_boundaries::scope_expiry::cross_pair_responses_require_shared_fresh_reporters_after_old_blocks_expire ... ok
test group::score::tests::verification_boundaries::scope_expiry::disjoint_response_support_schedules_comparable_business ... ok
test group::score::tests::verification::stale_failure_keeps_recovery_work_outside_comparisons ... ok
test group::score::tests::verification_boundaries::scope_expiry::response_validity_uses_the_support_block_not_event_time ... ok
test group::score::tests::verification_boundaries::scope_expiry::sparse_common_support_stays_pending_until_every_common_target_qualifies ... ok
test group::score::tests::verification_boundaries::scope_expiry::winner_only_probe_does_not_replace_common_business_response_evidence ... ok
test group::tests::dead_single_leaf_remains_a_tcp_last_resort_only ... ok
test group::tests::direct_selector_plan_fast_path_preserves_choice_default_and_health ... ok
test group::tests::fallback_tcp_and_udp_pins_are_independent ... ok
test group::tests::loadbalance_tcp_and_udp_cursors_are_independent ... ok
test group::tests::peek_selection_plan_does_not_update_urltest_or_fallback_after_death ... ok
test group::tests::peek_selection_plan_keeps_cold_urltest_idle_and_cache_empty ... ok
test group::tests::peek_selection_plan_keeps_nested_child_idle_and_only_reads_tcp_mirror ... ok
test group::tests::peek_selection_plan_load_balance_does_not_advance_cursor ... ok
test group::tests::ranked_udp_leaves_orders_caps_and_filters ... ok
test group::tests::selection_plan_cold_urltest_keeps_mode_with_one_udp_eligible_leaf ... ok
test group::tests::selection_plan_ignores_udp_measurement_from_dead_candidate ... ok
test group::tests::selection_plan_preserves_authoritative_and_cold_urltest_provenance ... ok
test group::tests::selector_change_callback_fires_only_for_effective_choice_changes ... ok
test group::tests::selector_choice_filtered_by_health_refuses_without_rewriting_choice ... ok
test group::tests::selector_default_filtered_by_health_refuses ... ok
test group::score::tests::verification::partial_success_cannot_pin_cancelled_trials_forever ... ok
test group::tests::selector_networks::automatic_group_pins_act_as_selector_choices_until_replaced ... ok
test group::tests::selector_networks::exact_selector_identity_survives_duplicate_tags_and_reload ... ok
test group::tests::selector_networks::selecting_effective_default_pins_identity_across_member_reorder ... ok
test group::tests::selector_networks::pinned_automatic_group_does_not_advance_unchosen_members ... ok
test group::tests::selector_networks::selector_validates_before_atomic_publish_and_defers_effects ... ok
test group::tests::selector_networks::udp_choice_cannot_open_tcp_empty_path_or_replace_sole_dead_leaf ... ok
test group::tests::selector_networks::split_selector_drives_routes_peeks_score_finals_and_warmth ... ok
test group::tests::selector_tcp_last_resort_cannot_escape_an_empty_selected_subgroup ... ok
test group::score::tests::verification::sparse_cancellations_rotate_without_unbounded_exposure ... ok
test group::tests::selector_warm_node_keeps_dead_nested_choice_and_cold_fallback ... ok
test group::tests::selector_warm_node_keeps_duplicate_name_member_identity ... ok
test group::tests::test_cycle_detection_breaks_cycle_edge ... ok
test group::tests::test_fallback_first_alive_switch_and_no_flap_back ... ok
test group::tests::test_fallback_interrupt_on_switch ... ok
test group::tests::test_loadbalance_no_interrupt_on_rotation ... ok
test group::tests::test_interrupt_callback_selector ... ok
test group::tests::test_interrupt_callback_urltest_switch ... ok
test group::tests::test_loadbalance_order_for_parallel_dial ... ok
test group::tests::test_loadbalance_round_robin_independent_per_group ... ok
test group::tests::test_loadbalance_skips_dead_nodes ... ok
test group::tests::test_migrate_selector_choices_from ... ok
test group::score::tests::progress::stale_terminal_rx_preserves_failure_and_cannot_refresh_verification ... ok
test group::tests::test_nested_group_check_url_ranks_subgroups_by_tag ... ok
test group::tests::test_node_names_in_group ... ok
test group::tests::test_persist_callback_on_selector_change ... ok
test group::tests::test_nested_selector_three_levels ... ok
test group::tests::test_not_found ... ok
test group::tests::test_selector_default_first_member ... ok
test group::tests::test_select_marks_group_active ... ok
test group::tests::test_selector_dial_list_is_the_chosen_node_only ... ok
test group::tests::test_selector_runtime_choice_overrides_default ... ok
test group::tests::test_selector_with_default_name ... ok
test group::tests::test_udp_single_domain_alive_selectable ... ok
test group::tests::test_udp_unprobed_node_inherits_tcp_liveness ... ok
test group::tests::test_udp_both_dead_excluded_despite_tcp_alive ... ok
test group::tests::test_urltest_dial_list_single_when_data_exists_race_when_cold ... ok
test group::tests::test_urltest_group_custom_check_url_selection ... ok
test group::tests::test_urltest_keeps_incumbent_within_tolerance_of_current_latency ... ok
test group::tests::test_urltest_group_without_check_url_uses_global_state ... ok
test group::tests::test_urltest_selection ... ok
test group::tests::test_urltest_parent_with_urltest_subgroup ... ok
test group::tests::test_urltest_switches_when_incumbent_degrades ... ok
test group::tests::test_urltest_udp_falls_back_to_tcp_selection ... ok
test group::tests::test_urltest_tcp_udp_separate_selections ... ok
test group::tests::test_urltest_udp_selection_skips_udp_dead_node ... ok
test group::tests::test_urltest_udp_uses_dns_udp_latency_when_no_data_udp ... ok
test group::tests::udp_selection::final_peek_and_unselected_subgroups_do_not_advance_rotation ... ok
test group::tests::udp_selection::named_final_uses_first_declaration_not_hash_order_or_health ... ok
test group::tests::test_user_style_nested_layout ... ok
test group::tests::udp_selection::nested_final_waits_for_ipv4_proxy_health_before_direct ... ok
test group::score::tests::performance::fast_health_probes_cannot_erase_real_failures ... ok
test group::score::tests::cadence::latency_degradation_revalidation_cannot_bypass_exposure_budget ... ok
test group::tests::udp_selection::nested_score_udp_final_is_explicit_and_health_checked ... ok
test group::tests::udp_selection::selector_udp_health_family_fallback_keeps_the_selected_member ... ok
test group::tests::udp_selection::selector_udp_choice_does_not_fall_back_to_default_or_sibling ... ok
test group::tests::udp_selection::udp_pick_keeps_tcp_mirror_with_only_synthetic_failures ... ok
test group::tests::udp_selection::final_chains_preserve_cold_provenance_and_bound_mixed_cycles ... ok
test group::tests::udp_selection::selector_duplicate_names_keep_one_identity_across_entrypoints ... ok
test group::tests::udp_selection::udp_pick_prefers_node_with_udp_latency_over_mirror ... ok
test group::tests::udp_selection::udp_pick_switches_after_real_evidence_survives_ring_eviction ... ok
test group::tests::urltest_retry_plan_deduplicates_shared_nested_leaves_before_cap ... ok
test proxy::addr::tests::test_codec_roundtrip ... ok
test proxy::addr::tests::test_decode_truncated ... ok
test proxy::addr::tests::test_encode_domain ... ok
test group::tests::urltest_strike_demotion_needs_two_consecutive_successes ... ok
test group::tests::urltest_flaky_node_stays_demoted_after_dial_failure ... ok
test proxy::addr::tests::test_encode_enforces_domain_length_bounds ... ok
test group::tests::udp_selection::score_udp_capability_filters_selection_verification_and_nested_finals ... ok
test proxy::addr::tests::test_encode_ipv4 ... ok
test proxy::addr::tests::test_encode_ipv6 ... ok
test proxy::addr::tests::test_socks_addr_len ... ok
test proxy::addr::tests::test_encode_rejects_directly_constructed_oversized_domain - should panic ... ok
test group::tests::udp_selection::selector_udp_nested_choice_preserves_subgroup_policy_boundary ... ok
test proxy::anytls::tests::authentication_packet_covers_padding_length_boundaries ... ok
test proxy::addr::tests::test_read_from_stream ... ok
test proxy::anytls::tests::overflow_runtime::killed_stream_tombstone_follows_stream_owner ... ok
test proxy::anytls::tests::overflow_runtime::overflow_accounting_clears_on_lifecycle_exits ... ok
test proxy::anytls::tests::overflow_runtime::overflow_preserves_data_before_fin ... ok
test proxy::anytls::tests::overflow_runtime::large_parked_queue_flushes_without_blocking_siblings ... ok
test proxy::anytls::tests::overflow_runtime::overflow_transition_self_kicks_an_emptied_queue ... ok
test proxy::anytls::tests::overflow_runtime::session_close_preserves_killed_reset_until_owner_reads ... ok
test proxy::anytls::tests::overflow_runtime::parked_stream_survives_long_pause_without_pressure ... ok
test proxy::anytls::tests::overflow_runtime::session_hard_cap_kills_only_after_full_grace_of_waits ... ok
test group::tests::udp_selection::selector_udp_capability_keeps_the_pin_and_terminal_members ... ok
test proxy::anytls::tests::overflow_runtime::stale_remote_fin_after_overflow_kill_is_reset ... ok
test proxy::anytls::tests::overflow_runtime::session_hard_cap_kills_stream_that_outwaits_the_stall_grace ... ok
test proxy::anytls::tests::overflow_runtime::session_hard_cap_waits_for_progress_and_spares_everyone ... ok
test proxy::anytls::tests::overflow_state::overflow_admit_below_hard_cap_never_kills ... ok
test proxy::anytls::tests::overflow_state::overflow_admit_hard_cap_reaps_past_grace_stream ... ok
test proxy::anytls::tests::overflow_runtime::test_hol_stall_does_not_block_other_streams ... ok
test proxy::anytls::tests::overflow_state::overflow_flush_progress_resets_stall_age ... ok
test proxy::anytls::tests::overflow_state::overflow_full_requeue_preserves_stall_age ... ok
test proxy::anytls::tests::overflow_state::overflow_state_accounting_tracks_every_queue_operation ... ok
test proxy::anytls::tests::overflow_state::overflow_admit_hard_cap_waits_inside_the_grace ... ok
test proxy::anytls::tests::padding_scheme_matches_upstream_map_boundaries ... ok
test proxy::anytls::tests::overflow_state::overflow_terminal_events_cap_per_stream ... ok
test proxy::anytls::tests::padding_writer_honors_check_and_frame_size_boundaries ... ok
test proxy::anytls::tests::overflow_runtime::demux_large_overflow_never_blocks_sibling_streams ... ok
test proxy::anytls::tests::payload_budget::canceled_budget_waiter_does_not_stall_or_desync_demux ... ok
test proxy::anytls::tests::payload_budget::budget_wait_to_body_handoff_is_atomic_for_synack_liveness ... ok
test proxy::anytls::tests::payload_budget::closed_session_budget_reap_reports_reset ... ok
test proxy::anytls::tests::payload_budget::retired_tcp_frame_does_not_fail_its_session ... ok
test proxy::anytls::tests::overflow_runtime::concurrent_overflow_flush_preserves_stream_order ... ok
test proxy::anytls::tests::payload_budget::saturated_uot_budget_does_not_block_tcp_delivery ... ok
test proxy::anytls::tests::payload_budget::stalled_primary_queue_releases_pool_budget_for_sibling_session ... ok
test proxy::anytls::tests::payload_budget::terminal_event_releases_later_payload_credit ... ok
test proxy::anytls::tests::runtime::ephemeral_guard_releases_session_when_probe_is_aborted ... ok
test group::score::tests::performance::starts_and_warmups_do_not_renew_business_freshness ... ok
test proxy::anytls::tests::runtime::ephemeral_runtime_close_releases_session_and_connection ... ok
test proxy::anytls::tests::runtime::runtime_retirement_drains_live_session_without_cutting_it ... ok
test proxy::anytls::tests::runtime::runtime_dial_stays_on_captured_pool_after_registry_swap ... ok
test proxy::anytls::tests::runtime::runtime_udp_pool_hit_does_not_build_connector ... ok
test proxy::anytls::tests::runtime::speculative_detached_commit_fails_closed_after_generation_shutdown ... ok
test proxy::anytls::tests::runtime::speculative_shared_loser_unregisters_uot_sid_synchronously ... ok
test proxy::anytls::tests::runtime::speculative_detached_winner_commits_into_captured_pool_once ... ok
test proxy::anytls::tests::overflow_runtime::test_hol_slow_consumer_reset_after_queue_drains ... ok
test proxy::anytls::tests::runtime::speculative_udp_abort_cancels_injected_dial_without_pooling ... ok
test proxy::anytls::tests::runtime::speculative_udp_generation_shutdown_cancels_injected_dial ... ok
test proxy::anytls::tests::runtime::warm_resources_flip_with_pool_session ... ok
test proxy::anytls::tests::server_settings_use_the_final_version_value ... ok
test proxy::anytls::tests::runtime::warm_shutdown_cancels_a_notify_blocked_dial_and_keeps_pool_terminal ... ok
test proxy::anytls::tests::runtime::warm_uses_only_its_generation_owned_runtime_pool ... ok
test proxy::anytls::tests::streams::a_deferred_read_error_releases_the_stream_slot ... ok
test proxy::anytls::tests::streams::a_server_alert_does_not_become_clean_eof ... ok
test proxy::anytls::tests::streams::empty_control_frames_do_not_close_the_session ... ok
test proxy::anytls::tests::streams::failed_session_preserves_node_failure_after_stream_unregistration ... ok
test proxy::anytls::tests::streams::frame_bodies_are_exact_and_reject_short_reads ... ok
test proxy::anytls::tests::streams::padding_update_applies_to_an_active_session_before_stop ... ok
test group::score::tests::performance::less_sampled_faster_leaf_wins_normal_selection ... ok
test alive::tests::native_group_retention_has_a_fixed_slot_bound ... ok
test proxy::anytls::tests::streams::stream_drop_unregisters_before_returning ... ok
test proxy::anytls::tests::streams::concurrent_first_open_keeps_settings_ahead_of_syn ... ok
test proxy::anytls::tests::streams::test_concurrent_streams_on_one_session ... ok
test proxy::anytls::tests::streams::test_data_fin_same_batch_delivers_data_then_eof ... ok
test proxy::anytls::tests::streams::settings_wait_for_the_first_stream_open ... ok
test proxy::anytls::tests::runtime::late_predecessor_commit_obeys_successor_dial_limit ... ok
test proxy::anytls::tests::streams::test_multi_data_fin_same_batch ... ok
test proxy::anytls::tests::payload_budget::inbound_payload_budget_is_held_until_consumed_or_dropped ... ok
test proxy::anytls::tests::streams::test_pool_offer_reuses_and_invalidates ... ok
test proxy::anytls::tests::streams::test_registration_commit_moves_permit ... ok
test proxy::anytls::tests::streams::test_registration_guard_drop_cleans_uncommitted ... ok
test proxy::anytls::tests::streams::test_registration_guard_partial_frame_sends_fin ... ok
test proxy::anytls::tests::streams::test_server_fin_closes_only_that_stream ... ok
test proxy::anytls::tests::streams::test_try_reserve_rejects_draining ... ok
test proxy::anytls::tests::overflow_runtime::overflow_burst_within_grace_survives_and_delivers ... ok
test proxy::anytls::tests::synack::dropped_unanswered_stream_cancels_its_synack_deadline ... ok
test proxy::anytls::tests::synack::reused_v2_session_requires_synack_within_deadline ... ok
test proxy::anytls::tests::synack::silent_window_resets_only_the_open_and_a_recovering_carrier_survives ... ok
test proxy::anytls::tests::synack::synack_before_wire_write_settles_the_open ... ok
test proxy::anytls::tests::synack::synack_deadline_is_tracked_per_stream ... ok
test proxy::anytls::tests::synack::synack_deadlines_do_not_share_elapsed_time ... ok
test proxy::anytls::tests::synack::synack_timeout_on_active_session_resets_only_the_stream ... ok
test proxy::anytls::tests::synack::test_synack_with_data_surfaces_open_error ... ok
test proxy::anytls::tests::test_settings_payload_format ... ok
test proxy::anytls::tests::test_writer_batch_caps ... ok
test proxy::anytls::tests::test_writer_batch_encoding_matches_sequential_frames ... ok
test proxy::anytls::tests::writer_queue_bounds_control_pressure_and_rejects_after_close ... ok
test proxy::anytls::uot::uot_transport_tests::blocked_control_write_becomes_terminal ... ok
test proxy::anytls::uot::uot_transport_tests::blocked_data_writer_backpressures_without_killing_session ... ok
test group::score::tests::attribution::stale_exact_completion_does_not_mutate_recreated_cell ... ok
test group::score::tests::verification_boundaries::scope_expiry::healthy_three_leaf_comparison_renews_after_expiry ... ok
test group::score::tests::progress::publishable_business_rx_opens_recovery_without_settling_the_flow ... ok
test proxy::anytls::uot::uot_transport_tests::confirmed_uot_send_waits_for_physical_flush ... ok
test proxy::anytls::uot::uot_transport_tests::cancelled_first_uot_send_preserves_lazy_setup ... ok
test proxy::anytls::uot::uot_transport_tests::uot_read_releases_pool_payload_credit ... ok
test proxy::anytls::uot::uot_transport_tests::uot_magic_refusal_is_not_a_target_failure ... ok
test proxy::anytls::uot::uot_transport_tests::uot_transport_frame_roundtrip ... ok
test proxy::anytls::uot::uot_transport_tests::uot_transport_preserves_coalesced_datagrams ... ok
test proxy::anytls::uot::uot_transport_tests::uot_transport_reassembles_datagram_across_anytls_frames ... ok
test proxy::anytls::uot::uot_transport_tests::uot_v1_max_domain_frame_survives_valid_chunking ... ok
test proxy::block::tests::test_block_rejects ... ok
test proxy::anytls::tests::streams::a_cancelled_write_does_not_send_or_count_its_bytes ... ok
test proxy::hysteria2::tests::test_blake2b256_vectors ... ok
test proxy::anytls::uot::uot_transport_tests::uot_send_enforces_anytls_go_packet_limit_without_poisoning_stream ... ok
test proxy::direct::tests::direct_connect_respects_one_physical_dial_permit ... ok
test proxy::anytls::tests::stalled_tls_session_dial_respects_its_own_deadline ... ok
test proxy::hysteria2::tests::test_downlink_mbps_is_serialized_as_bytes_per_second ... ok
test proxy::hysteria2::tests::test_e2e_real_server_expected_connect_failure ... ok
test proxy::hysteria2::tests::test_e2e_real_server_hop_soak_tcp ... ok
test proxy::hysteria2::tests::test_e2e_real_server_hop_soak_udp ... ok
test proxy::hysteria2::tests::test_e2e_real_server_tcp_http ... ok
test proxy::hysteria2::tests::test_e2e_real_server_udp_disabled ... ok
test proxy::hysteria2::tests::test_e2e_real_server_udp_dns ... ok
test proxy::hysteria2::tests::test_e2e_real_server_udp_echo ... ok
test proxy::hysteria2::tests::test_embedded_hop_spec_parity_with_share_link_parser ... ok
test proxy::anytls::uot::uot_transport_tests::uot_transport_saturation_retires_stream ... ok
test proxy::hysteria2::tests::test_fragmentation_and_defrag ... ok
test proxy::hysteria2::tests::test_hop_state_rotation ... ok
test proxy::hysteria2::tests::test_huffman_rfc_vector ... ok
test proxy::hysteria2::tests::test_huffman_roundtrip ... ok
test proxy::hysteria2::tests::test_invalid_port_hopping_rejected_before_dial ... ok
test proxy::hysteria2::tests::test_parse_port_hopping ... ok
test proxy::hysteria2::tests::test_prefixed_int_roundtrip ... ok
test proxy::hysteria2::tests::test_qpack_decode_golden_auth_ok_response ... ok
test proxy::hysteria2::tests::test_qpack_decode_golden_auth_reject_response ... ok
test proxy::hysteria2::tests::test_qpack_decode_golden_auth_request ... ok
test proxy::hysteria2::tests::test_qpack_encode_parity_with_quic_go ... ok
test proxy::anytls::tests::streams::test_fast_path_retry_releases_the_waiters_reservation ... ok
test proxy::hysteria2::tests::test_salamander_receive_compacts_and_bounds_invalid_packets ... ok
test proxy::hysteria2::tests::test_salamander_receives_quic_go_initial_size ... ok
test proxy::hysteria2::tests::test_salamander_roundtrip ... ok
test proxy::hysteria2::tests::test_first_read_sends_tcp_request_and_reports_response_error ... ok
test proxy::hysteria2::tests::test_short_salamander_password_rejected_before_dial ... ok
test proxy::hysteria2::tests::test_tcp_request_frame_shape ... ok
test proxy::hysteria2::tests::test_dial_tcp_domain_echo ... ok
test proxy::hysteria2::tests::test_udp_message_codec_roundtrip ... ok
test proxy::hysteria2::tests::test_udp_message_rejects_invalid_fragments ... ok
test proxy::hysteria2::tests::test_dial_tcp_echo ... ok
test proxy::anytls::tests::streams::test_poll_write_cancel_safety ... ok
test proxy::hysteria2::tests::test_varint_boundaries ... ok
test proxy::hysteria2::tests::test_udp_transport_size_rejection_preserves_fragmented_echo ... ok
test proxy::hysteria2::tests::test_udp_transport_datagram_echo ... ok
test proxy::anytls::tests::streams::test_writer_queue_byte_budget_backpressures_writes ... ok
test proxy::hysteria2::tests::test_udp_disabled_server_rejected ... ok
test proxy::hysteria2::tests::test_salamander_obfs_tcp_udp_echo ... ok
test proxy::juicity::tests::test_dial_tcp_echo ... ok
test proxy::packet::socket_mark_tests::socket_marks_preserve_global_and_direct_flow_isolation ... ignored, requires Linux CAP_NET_ADMIN or CAP_NET_RAW for real SO_MARK
test proxy::shadowsocks::aead2022::tests::test_aes_block_kat ... ok
test proxy::shadowsocks::aead2022::tests::test_blake3_xof_kat ... ok
test proxy::shadowsocks::aead2022::tests::test_dial_udp_2022_end_to_end ... ok
test proxy::shadowsocks::aead2022::tests::test_eih_kat ... ok
test proxy::shadowsocks::aead2022::tests::test_psk_parse_bad_base64 ... ok
test proxy::shadowsocks::aead2022::tests::test_psk_parse_bad_length ... ok
test proxy::shadowsocks::aead2022::tests::test_psk_parse_chacha_rejects_multi ... ok
test proxy::shadowsocks::aead2022::tests::test_psk_parse_multi ... ok
test proxy::shadowsocks::aead2022::tests::test_psk_parse_single ... ok
test proxy::shadowsocks::aead2022::tests::test_session_subkey_kat ... ok
test proxy::shadowsocks::aead2022::tests::test_session_subkey_kat_32 ... ok
test proxy::shadowsocks::aead2022::tests::test_sliding_window ... ok
test proxy::shadowsocks::aead2022::tests::test_tcp_2022_aes_128_roundtrip ... ok
test proxy::hysteria2::tests::test_wrong_password_rejected ... ok
test proxy::shadowsocks::aead2022::tests::test_tcp_2022_aes_256_roundtrip ... ok
test proxy::shadowsocks::aead2022::tests::test_tcp_2022_chacha_roundtrip ... ok
test proxy::shadowsocks::aead2022::tests::test_udp_2022_aes_eih_multi_psk ... ok
test proxy::shadowsocks::aead2022::tests::test_tcp_2022_eih_roundtrip ... ok
test proxy::shadowsocks::aead2022::tests::test_udp_2022_aes_roundtrip ... ok
test proxy::shadowsocks::aead2022::tests::test_udp_2022_chacha_roundtrip ... ok
test proxy::hysteria2::tests::udp_carrier_close_is_node_failure ... ok
test proxy::shadowsocks::aead2022::tests::test_udp_2022_failed_server_packet_does_not_mutate_replay_state ... ok
test proxy::shadowsocks::aead2022::tests::test_udp_2022_server_session_replay_and_rotation ... ok
test proxy::shadowsocks::stream::tests::legacy_deferred_response_salt ... ok
test proxy::shadowsocks::stream::tests::authenticated_stream_corruption_is_a_node_failure ... ok
test proxy::shadowsocks::stream::tests::truncated_tail_is_unexpected_eof ... ok
test proxy::anytls::uot::uot_transport_tests::retired_uot_waiter_never_queues_payload_after_fin ... ok
test proxy::shadowsocks::tests::test_cipher_conf_lookup ... ok
test proxy::juicity::tests::test_udp_transport_echo ... ok
test proxy::juicity::tests::udp_carrier_close_is_node_failure ... ok
test proxy::shadowsocks::tests::test_evp_bytes_to_key ... ok
test proxy::shadowsocks::tests::test_is_2022_method ... ok
test proxy::shadowsocks::tests::test_dial_udp_transport_legacy_end_to_end ... ok
test proxy::shadowsocks::tests::test_batched_decrypt_split_feeds ... ok
test proxy::shadowsocks::tests::test_legacy_udp_open_rejects_garbage ... ok
test proxy::shadowsocks::tests::test_legacy_udp_roundtrip ... ok
test proxy::shadowsocks::tests::test_nonce_increment ... ok
test proxy::shadowsocks::tests::test_legacy_udp_roundtrip_chacha ... ok
test proxy::socks5::tests::socks5_rfc1929_auth_request_encodes_checked_lengths ... ok
test proxy::socks5::tests::socks5_rfc1929_auth_request_rejects_oversized_credentials ... ok
test proxy::shadowsocks::tests::test_batched_chunk_roundtrip ... ok
test proxy::shadowsocks::tests::udp_receive_drops_an_unopenable_datagram_and_keeps_the_session ... ok
test proxy::socks5::tests::socks5_tcp_connect_rejects_oversized_domain ... ok
test proxy::socks5::tests::socks5_udp_association_uses_control_peer_for_unspecified_bnd_addr ... ok
test proxy::socks5::tests::socks5_udp_transport_frames_domain_request ... ok
test proxy::socks5::tests::socks5_udp_transport_frames_ipv4_request ... ok
test proxy::socks5::tests::socks5_udp_transport_frames_ipv6_request ... ok
test proxy::socks5::tests::socks5_udp_transport_ignores_malformed_non_relay_datagrams ... ok
test proxy::socks5::tests::socks5_udp_transport_maps_mismatched_ipv4_wire_source_to_logical_target ... ok
test proxy::juicity::tests::test_wrong_password_rejected ... ok
test proxy::socks5::tests::socks5_udp_transport_rejects_long_domain ... ok
test proxy::socks5::tests::socks5_udp_transport_maps_domain_wire_source_to_logical_target_without_dns ... ok
test proxy::socks5::tests::socks5_udp_transport_rejects_invalid_domain_encoding ... ok
test proxy::socks5::tests::socks5_udp_transport_rejects_nonzero_rsv ... ok
test proxy::socks5::tests::socks5_udp_transport_rejects_truncated_frame ... ok
test proxy::socks5::tests::socks5_udp_transport_rejects_unknown_atyp ... ok
test proxy::socks5::tests::socks5_udp_transport_reports_reply_source_as_logical_relay_peer ... ok
test proxy::socks5::tests::socks5_udp_transport_reports_control_eof ... ok
test proxy::socks5::tests::socks5_udp_transport_resolves_domain_bnd_addr ... ok
test proxy::socks5::tests::test_socks5_handshake_no_auth ... ok
test proxy::socks5::tests::socks5_udp_transport_skips_fragmented_datagrams ... ok
test proxy::socks5::tests::udp_associate_gives_up_after_greeting ... ok
test proxy::tests::cancelled_warm_releases_only_its_inserted_retention ... ok
test proxy::socks5::tests::target_refusals_are_scoped_only_to_valid_connect_replies ... ok
test proxy::socks5::tests::udp_associate_gives_up_on_a_silent_peer ... ok
test proxy::tests::consistency_rejects_missing_packet_implementation - should panic ... ok
test proxy::tests::consistency_rejects_missing_warm_implementation - should panic ... ok
test proxy::tests::failure_provenance_survives_shared_io_context_without_losing_cause ... ok
test proxy::tests::packet_error_class_separates_backpressure_from_dead_tunnel ... ok
test proxy::tests::failed_warm_releases_its_policy_retention ... ok
test proxy::tests::rprx_off_refuses_vless_vmess_without_handler ... ok
test proxy::tests::test_block_node_dispatches_to_block_handler ... ok
test proxy::tests::speculative_udp_rejects_a_shutdown_generation_before_dispatch ... ok
test proxy::tests::test_into_tcp_stream_plain_tcp ... ok
test proxy::tests::test_raw_fd_none_for_non_tcp ... ok
test proxy::tests::test_raw_fd_plain_tcp ... ok
test proxy::tests::test_registry_default_handlers ... ok
test proxy::tests::typed_packet_rejections_survive_io_and_anyhow_context ... ok
test proxy::tests::warm_udp_rejects_a_shutdown_generation_before_dispatch ... ok
test proxy::tests::warm_udp_is_not_applicable_without_reusable_udp_state ... ok
test proxy::transport::tests::grpc_headers::grpc_complete_padded_continuation_with_ok_trailers_reads_to_eof ... ok
test proxy::transport::tests::grpc_headers::grpc_dynamic_metadata_survives_header_blocks_before_failed_status ... ok
test proxy::transport::tests::grpc_headers::grpc_dynamic_table_counts_exact_value_octets ... ok
test proxy::transport::tests::grpc_headers::grpc_failed_trailers_from_h2_server_are_an_error ... ok
test proxy::transport::tests::grpc_headers::grpc_graceful_goaway_lets_the_admitted_stream_finish ... ok
test proxy::transport::tests::grpc_headers::grpc_rejects_aggregate_headers_across_continuations ... ok
test proxy::transport::tests::grpc_headers::grpc_rejects_hpack_table_update_above_advertised_limit ... ok
test proxy::transport::tests::grpc_headers::grpc_invalid_hpack_huffman_and_huge_lengths_are_errors_not_panics ... ok
test proxy::transport::tests::grpc_headers::grpc_split_trailers_only_refusal_waits_for_complete_continuation ... ok
test proxy::transport::tests::grpc_headers::grpc_reset_and_excluding_goaway_are_retained_errors ... ok
test proxy::transport::tests::grpc_io::grpc_dropping_unfinished_stream_closes_its_transport ... ok
test proxy::transport::tests::grpc_io::grpc_flush_waits_for_data_held_by_a_later_zero_window ... ok
test proxy::transport::tests::grpc_io::grpc_inner_write_zero_is_a_retained_error_and_drop_closes_transport ... ok
test proxy::transport::tests::grpc_headers::grpc_trailers_only_and_http_refusals_are_retained_errors ... ok
test proxy::transport::tests::grpc_io::grpc_read_driver_wakes_a_different_tasks_pending_flush ... ok
test bootstrap::tests::udp_exchange_accepts_only_the_reply_matching_the_query ... ok
test proxy::transport::tests::grpc_io::grpc_request_path_and_authority_length_boundaries ... ok
test proxy::transport::tests::grpc_io::grpc_queued_write_owns_bytes_and_cancelled_write_owns_nothing ... ok
test proxy::transport::tests::grpc_io::grpc_short_reads_and_writes_preserve_roundtrip ... ok
test proxy::transport::tests::grpc_io::grpc_small_positive_windows_and_request_half_close_preserve_response ... ok
test proxy::transport::tests::vmess_json_empty_ws_host_uses_endpoint_in_handshake ... ok
test proxy::transport::tests::grpc_io::grpc_transport_roundtrip_through_dialer ... ok
test proxy::shadowsocks::tests::udp_send_waits_for_cipher_instead_of_reporting_a_drop_as_success ... ok
test proxy::transport::tests::test_ws_transport_roundtrip ... ok
test proxy::transport::tests::grpc_io::grpc_receive_window_allows_response_beyond_http2_default ... ok
test proxy::transport::xhttp::tests::capacity::cancelling_open_behind_two_full_peer_carriers_returns_admission_without_a_request ... ok
test proxy::transport::xhttp::tests::download::dead_download_carrier_fails_commit_without_publishing_either_peer ... ok
test proxy::transport::xhttp::tests::download::download_settings_give_the_node_runtime_a_download_pool ... ok
test proxy::transport::xhttp::tests::download::dead_upload_carrier_fails_commit_without_publishing_either_peer ... ok
test proxy::transport::xhttp::tests::download::warm_retire_and_shutdown_reach_the_download_peer ... ok
test proxy::transport::xhttp::tests::capacity::one_stream_peer_uses_second_carrier_for_upload_without_blocking_active_get ... ok
test proxy::transport::xhttp::tests::capacity::drop_cancels_pending_requests_and_releases_logical_permits ... ok
test proxy::transport::xhttp::tests::errors::paced_batch_is_not_sent_after_the_flow_failed ... ok
test proxy::shadowsocks::tests::test_dial_tcp_legacy_end_to_end ... ok
test proxy::transport::xhttp::tests::errors::buffered_download_precedes_upload_status_failure ... ok
test proxy::transport::xhttp::tests::errors::ready_stream_upload_refusal_precedes_shutdown_completion ... ok
test proxy::transport::xhttp::tests::errors::stream_one_status_reaches_flush_without_a_reader_poll ... ok
test proxy::transport::xhttp::tests::errors::stream_shutdown_completes_at_upload_eof_and_retains_late_failure ... ok
test proxy::transport::xhttp::tests::errors::non_200_download_failure_is_typed_and_retained_for_every_mode ... ok
test proxy::transport::xhttp::tests::errors::upload_non_200_interrupts_pending_download_and_is_retained ... ok
test proxy::anytls::tests::streams::remote_fin_drop_does_not_enqueue_a_second_fin ... ok
test proxy::transport::xhttp::tests::capacity::logical_capacity_refusal_does_not_dial_and_drop_returns_admission ... ok
test group::score::tests::budget_yield::failing_trials_pause_only_behind_a_usable_selection ... ok
test proxy::transport::xhttp::tests::errors::packet_shutdown_waits_for_upload_status_and_retains_late_failure ... ok
test group::score::tests::performance::trustworthy_target_beats_probe_only_while_target_is_fresh ... ok
test proxy::transport::xhttp::tests::flow_control::packet_first_datagram_flush_waits_for_its_last_post ... ok
test proxy::socks5::tests::socks5_udp_transport_keeps_control_open_until_drop ... ok
test proxy::transport::xhttp::tests::download::get_reaches_only_the_download_peer_and_supplied_socket_stays_upload ... ok
test proxy::transport::xhttp::tests::flow_control::settings_window_reduction_keeps_pending_flush_honest_during_other_flow_progress ... ok
test proxy::transport::xhttp::tests::goaway::clean_goaway_preserves_an_already_flushed_upload ... ok
test proxy::transport::xhttp::tests::goaway::graceful_goaway_rotates_carrier_without_replay_and_keeps_active_get ... ok
test proxy::transport::xhttp::tests::goaway::cancelled_requests_keep_late_frames_from_closing_a_live_carrier ... ok
test proxy::transport::xhttp::tests::lab::lab_split_peers_roundtrip_and_an_untrusted_download_fails_closed ... ignored, requires HONK_XHTTP_SPLIT_LINK and a TCP+UDP HONK_XHTTP_SPLIT_ECHO from the maintainer lab
test proxy::transport::xhttp::tests::flow_control::packet_trojan_confirmed_send_waits_for_the_first_datagram_frame ... ok
test proxy::transport::xhttp::tests::flow_control::packet_posts_aggregate_and_pipeline_without_waiting_for_prior_response ... ok
test proxy::transport::xhttp::tests::lifecycle::closed_private_upload_carrier_releases_its_slot_before_winner_commit ... ok
test group::score::tests::attribution::exact_cache_has_a_hard_lru_bound ... ok
test proxy::transport::xhttp::tests::lifecycle::generation_retirement_between_posts_keeps_admitted_packet_flow_usable ... ok
test proxy::transport::xhttp::tests::modes::absent_user_agent_sends_xrays_chrome_fetch_headers ... ok
test proxy::transport::xhttp::tests::lifecycle::concurrent_one_stream_opens_keep_the_first_upload_live_until_drop ... ok
test proxy::transport::xhttp::tests::modes::chrome_major_matches_xrays_random_delay_estimate ... ok
test proxy::transport::xhttp::tests::modes::referer_replaces_configured_padding_query_with_sampled_padding ... ok
test proxy::transport::xhttp::tests::modes::request_escapes_literal_path_without_reencoding_the_query ... ok
test proxy::transport::xhttp::tests::modes::stream_up_drains_large_upload_response_padding_without_exposing_it ... ok
test proxy::trojan::tests::bare_tcp_grpc_flushes_trojan_header ... ok
test proxy::trojan::tests::test_hex_sha224_known_value ... ok
test proxy::trojan::tests::test_pool_ready_streams_transport_gating ... ok
test proxy::trojan::tests::test_trojan_domain_header_encoding ... ok
test proxy::trojan::tests::test_trojan_request_header_encoding ... ok
test proxy::trojan::udp_transport_tests::trojan_udp_transport_frame_roundtrip ... ok
test proxy::tuic::tests::test_addr_codec_roundtrip ... ok
test proxy::transport::xhttp::tests::flow_control::split_reader_and_writer_keep_independent_wakeups_under_small_windows ... ok
test proxy::transport::xhttp::tests::lifecycle::cancelling_guarded_tls_setup_closes_pending_driver_and_releases_physical_admission ... ok
test proxy::transport::xhttp::tests::flow_control::flush_waits_for_real_peer_window_capacity_in_streaming_modes ... ok
test proxy::tuic::tests::test_fragmentation_and_defrag ... ok
test proxy::tuic::tests::test_fragmentation_small_packet_not_fragmented ... ok
test proxy::tuic::tests::test_udp_message_codec_roundtrip ... ok
test proxy::tuic::tests::test_dial_tcp_echo ... ok
test proxy::tuic::tests::test_custom_alpn ... ok
test proxy::tuic::tests::test_dial_tcp_domain_echo ... ok
test proxy::anytls::tests::streams::test_direct_stream_roundtrip_and_fin ... ok
test proxy::tuic::tests::test_udp_transport_native_datagram_echo ... ok
test proxy::uot::tests::codec_supports_full_packets_and_preserves_short_buffer_frames ... ok
test proxy::uot::tests::connect_request_rejects_overlong_domain ... ok
test proxy::uot::tests::decoder_preserves_coalesced_packets ... ok
test proxy::uot::tests::v1_and_v2_share_the_bounded_codec_contract ... ok
test proxy::tuic::tests::test_udp_transport_over_stream_echo ... ok
test proxy::transport::xhttp::tests::modes::all_modes_are_writable_before_headers_and_half_close_preserves_raw_download ... ok
test proxy::transport::xhttp::tests::flow_control::packet_plain_vless_setup_and_first_datagram_flush_wait_for_all_bytes ... ok
test proxy::tuic::tests::test_wrong_password_rejected ... ok
test proxy::vless::cool::tests::cancellation::dropping_a_pending_shutdown_still_sends_end ... ok
test proxy::tuic::tests::test_udp_session_ids_rotate_connections_before_reuse ... ok
test proxy::vless::cool::tests::cancellation::saturated_writer_still_delivers_required_end ... ok
test proxy::vless::cool::tests::cancellation::single_xudp_uses_session_id_zero ... ok
test proxy::vless::cool::tests::cancellation::stalled_carrier_writer_times_out ... ok
test proxy::tuic::tests::udp_carrier_close_is_node_failure ... ok
test proxy::vless::cool::tests::codec_tests::configured_active_limit_is_a_hard_semaphore ... ok
test proxy::vless::cool::tests::codec_tests::documented_xudp_new_vector_is_exact ... ok
test proxy::vless::cool::tests::codec_tests::missing_writer_ack_is_conservatively_committed ... ok
test proxy::vless::cool::tests::codec_tests::reader_accepts_payloads_larger_than_xray_writer_chunks ... ok
test proxy::vless::cool::tests::codec_tests::xudp_packet_caps_match_carrier_modes ... ok
test proxy::vless::cool::tests::session::concurrent_tcp_and_udp_share_one_atomic_writer ... ok
test proxy::vless::cool::tests::session::end_error_and_physical_eof_fail_children ... ok
test proxy::vless::cool::tests::cancellation::cancelled_pending_flush_then_shutdown_sends_end ... ok
test proxy::vless::cool::tests::session::keep_domain_preserves_wire_port_and_validates_identity ... ok
test proxy::vless::cool::tests::session::fragmented_and_coalesced_responses_are_demultiplexed ... ok
test proxy::vless::cool::tests::session::malformed_xudp_keep_metadata_fails_only_its_child ... ok
test proxy::vless::cool::tests::session::new_tcp_is_flushed_for_target_speaks_first ... ok
test proxy::vless::cool::tests::cancellation::cancelled_tcp_write_does_not_send_or_replay_bytes ... ok
test proxy::vless::cool::tests::session::session_ids_are_never_reused_and_carrier_drains_at_128 ... ok
test proxy::vless::cool::tests::session::tcp_receive_budget_waits_for_transient_reader_backpressure ... ok
test proxy::vless::cool::tests::session::udp_receive_byte_budget_drops_excess_datagrams ... ok
test proxy::vless::cool::tests::cancellation::first_send_waits_for_flush_and_cancellation_never_replays ... ok
test proxy::vless::cool::tests::session::zero_global_id_is_omitted_without_a_source_identity ... ok
test proxy::vless::mux::tests::carrier_death_wakes_full_pool_waiters_with_child_permits_held ... ok
test proxy::vless::cool::tests::cancellation::pre_admission_cancel_keeps_an_active_shared_xudp_sid_usable ... ok
test proxy::vless::mux::tests::detached_session_publishes_only_on_commit ... ok
test proxy::vless::mux::tests::carrier_failure_fans_out_and_stream_capacity_is_bounded ... ok
test proxy::vless::mux::tests::dropping_logical_stream_sends_cancel_reset ... ok
test proxy::vless::mux::tests::goaway_rolls_over_without_cutting_the_live_stream ... ok
test proxy::vless::mux::tests::maximum_udp_frame_cannot_exhaust_the_h2_receive_window ... ok
test proxy::vless::mux::tests::mux_refusal_distinguishes_target_status_from_http_envelope ... ok
test proxy::vless::mux::tests::padding_frames_first_sixteen_records_per_direction ... ok
test proxy::vless::mux::tests::physical_preface_matches_sing_mux ... ok
test proxy::vless::cool::tests::cancellation::writer_failure_is_published_before_udp_error_acknowledgement ... ok
test proxy::vless::mux::tests::receive_windows_cover_every_maximum_udp_frame ... ok
test proxy::vless::mux::tests::saturated_carrier_opens_the_second_pool_slot ... ok
test proxy::vless::mux::tests::remote_no_error_close_keeps_half_close_failure_stream_scoped ... ok
test proxy::transport::xhttp::tests::flow_control::packet_encrypted_vless_setup_and_first_datagram_flush_wait_for_all_bytes ... ok
test proxy::vless::mux::tests::stream_request_rejects_overlong_domains ... ok
test proxy::vless::mux::tests::tcp_and_udp_share_plain_and_padded_h2mux_carriers ... ok
test quic::boring::tests::aes_gcm_payload_size_gradient ... ok
test proxy::transport::xhttp::tests::goaway::packet_up_replacement_obeys_the_published_successor_admission ... ok
test quic::boring::tests::chacha20_header_protection_mask_vector ... ok
test quic::boring::tests::cross_impl_initial_keys_match_rustls ... ok
test proxy::vless::mux::tests::stalled_tcp_stream_leaves_connection_credit_for_udp ... ok
test proxy::vless::mux::tests::tcp_receive_window_admits_one_megabyte_before_reads ... ok
test proxy::vless::cool::tests::session::source_reply_fallback_uses_first_sender_not_preparation_or_latest ... ok
test quic::boring::tests::chacha20_handshake_and_echo ... ok
test quic::boring::tests::interop_chrome_mode_with_ech_grease ... ok
test quic::boring::tests::ech_over_quic_fails_closed_without_server_support ... ok
test quic::boring::tests::rfc9001_a1_initial_key_vectors ... ok
test quic::boring::tests::rfc9001_a2_client_initial_packet ... ok
test quic::boring::tests::interop_standard_mode ... ok
test quic::brutal_tests::bdp_divides_before_u64_clamp ... ok
test quic::brutal_tests::loss_never_shrinks_window ... ok
test quic::brutal_tests::window_is_rate_times_rtt ... ok
test proxy::vless::mux::tests::logical_writes_wait_for_h2_flow_control ... ok
test quic::client_tests::client_config_rejects_invalid_pin ... ok
test quic::boring::tests::pin_sha256_accepts_matching_cert_and_rejects_others ... ok
test proxy::transport::xhttp::tests::flow_control::packet_trojan_setup_and_first_datagram_flush_wait_for_all_bytes ... ok
test quic::client_tests::closed_proxy_stream_is_node_failure_but_end_to_end_quic_is_not ... ok
test quic::client_tests::ephemeral_guard_releases_quic_client_when_probe_is_aborted ... ok
test quic::client_tests::ephemeral_runtime_close_shuts_quic_client ... ok
test quic::client_tests::explicit_large_mtu_enables_gso_by_default ... ok
test quic::client_tests::closed_connection_tracking_is_pruned_while_flow_state_lives ... ok
test quic::client_tests::gso_batches_are_bounded ... ok
test proxy::vless::cool::tests::session::ready_tcp_consumer_survives_a_large_carrier_burst ... ok
test quic::client_tests::release_cached_keeps_client_reusable_for_a_fresh_connection ... ok
test quic::client_tests::warm_quic_starts_feedback_before_blocked_stream_open ... ok
test quic::defrag::tests::an_expired_buffer_does_not_absorb_a_new_packet ... ok
test quic::defrag::tests::delayed_previous_cycle_fragments_do_not_collide ... ok
test quic::defrag::tests::inferred_previous_cycle_ids_never_alias ... ok
test quic::defrag::tests::malformed_fragments_do_not_advance_packet_epoch ... ok
test quic::defrag::tests::reassembly_is_bounded_and_packet_id_wrap_is_distinct ... ok
test quic::label_tests::hkdf_expand_label_rejects_labels_beyond_the_encoding ... ok
test quic::metrics::tests::activation_and_handshake_confirmation_discard_old_history ... ok
test quic::metrics::tests::heartbeat_ack_and_probe_only_traffic_cannot_publish_pressure ... ok
test quic::metrics::tests::invalid_probe_send_counters_restart_the_observation_window ... ok
test quic::metrics::tests::mapped_ipv4_retains_current_pressure_streak ... ok
test quic::metrics::tests::native_datagram_pressure_excludes_probe_sends_not_probe_losses ... ok
test quic::metrics::tests::peer_tuple_changes_reseed_and_switch_family ... ok
test quic::metrics::tests::receive_only_datagrams_do_not_turn_ack_losses_into_send_pressure ... ok
test quic::metrics::tests::repeated_monitor_activation_preserves_current_pressure_streak ... ok
test quic::metrics::tests::runtime_activation_reseeds_a_confirmed_carrier ... ok
test quic::packet_transport::poller_tests::dropping_a_waiting_poller_releases_its_reserved_slot ... ok
test quic::packet_transport::poller_tests::empty_packet_flood_does_not_monopolize_the_runtime ... ok
test quic::packet_transport::poller_tests::ready_burst_beyond_the_queue_reaches_a_live_consumer ... ok
test quic::packet_transport::poller_tests::stored_send_error_beats_an_exhausted_budget ... ok
test quic::packet_transport::poller_tests::writable_readiness_charges_the_cooperative_budget ... ok
test quic::packet_transport::poller_tests::writable_reports_a_closed_queue_as_broken_pipe ... ok
test quic::packet_transport::poller_tests::writable_waits_for_queue_space_then_wakes ... ok
test quic::client_tests::real_quic_loser_connection_closes_when_fallback_wins ... ok
test quic::packet_transport::poller_tests::wrong_peer_flood_does_not_monopolize_the_runtime ... ok
test quic::packet_transport::probe_tests::endpoint_close_keeps_worker_panic_failure_after_first_join ... ok
test quic::packet_transport::probe_tests::endpoint_close_retains_quinn_driver_panic_in_both_owners ... ok
test quic::packet_transport::probe_tests::endpoint_retains_worker_cause_and_rejection ... ok
test quic::packet_transport::probe_tests::packet_rejection_survives_transport_error_storage ... ok
test quic::packet_transport::probe_tests::packet_transport_confirms_only_the_first_datagram ... ok
test quic::packet_transport::probe_tests::packet_transport_congestion_drops_only_one_datagram ... ok
test quic::packet_transport::probe_tests::packet_transport_failures_surface ... ok
test quic::packet_transport::probe_tests::packet_transport_socket_accepts_full_cone_reply_metadata ... ok
test quic::packet_transport::probe_tests::packet_transport_socket_is_peer_pinned_and_family_matched ... ok
test quic::packet_transport::probe_tests::silent_handshake_timeout_does_not_retire_health_owner ... ok
test quic::client_tests::dead_warm_quic_reconnect_waits_for_limit_one ... ok
test proxy::vless::cool::tests::cancellation::carrier_failure_precedes_child_fanout_for_pending_tcp_and_udp ... ok
test quic::path_health_tests::ack_progress_clears_wait_and_stale_completion_cannot_rearm ... ok
test quic::path_health_tests::aggregate_bdp_does_not_train_stream_window ... ok
test quic::path_health_tests::blocked_frames_raise_windows_below_the_rtt_gate ... ok
test quic::path_health_tests::completed_send_does_not_restart_an_open_no_ack_clock ... ok
test quic::path_health_tests::completed_sends_without_new_packets_leave_the_no_ack_clock_stopped ... ok
test quic::path_health_tests::concurrent_send_completion_keeps_earliest_baseline ... ok
test quic::path_health_tests::configured_window_does_not_start_cooldown ... ok
test quic::path_health_tests::credit_stalls_preserve_but_do_not_advance_promotion ... ok
test quic::path_health_tests::historical_losses_do_not_count_as_current_unacked_sends ... ok
test quic::path_health_tests::metric_tracker_counts_post_close_reads_once ... ok
test quic::path_health_tests::retirement_needs_a_full_no_ack_grace_and_enough_unacked_sends ... ok
test quic::path_health_tests::sampling_during_state_mutation_keeps_the_no_ack_clock ... ok
test quic::path_health_tests::send_deadline_is_bounded_by_rtt ... ok
test quic::path_health_tests::sustained_high_bdp_promotes_with_cooldown_and_cap ... ok
test reality::tests::parse_config_none_without_reality_intent ... ok
test reality::tests::parse_config_rejects_reality_intent_without_nonblank_key ... ok
test reality::tests::parse_config_sni_fallback_and_errors ... ok
test reality::tests::public_key_decode_variants ... ok
test reality::tests::session_id_binds_full_client_hello ... ok
test reality::tests::session_id_matches_reference_vector ... ok
test reality::tests::short_id_boundaries ... ok
test quic::client_tests::force_close_covers_connection_cached_by_in_flight_dial ... ok
test quic::packet_transport::probe_tests::zero_timeout_close_does_not_surface_adapter_error ... ok
test proxy::vless::cool::tests::session::unread_tcp_child_does_not_block_siblings ... ok
test reality::wire_tests::repeated_client_hello_is_rejected_without_resealing ... ok
test quic::boring::tests::pin_config_never_resumes_cached_ticket ... ok
test reality::wire_tests::setup_deadline_includes_initial_dial_admission ... ok
test reality::wire_tests::cancelling_classical_handshake_drops_the_replacement_socket ... ok
test quic::boring::tests::rejected_ticket_is_evicted ... ok
test reality::wire_tests::invalid_ed25519_hmac_and_tls_errors_never_retry ... ok
test runtime::tests::anytls_connector_is_lazy_shared_and_generation_local ... ok
test runtime::tests::build_reusing_ignores_parse_timestamps ... ok
test runtime::tests::build_reusing_reuses_unchanged_nodes_and_reports_them ... ok
test runtime::tests::cancelled_last_quic_release_still_clears_the_client_slot ... ok
test runtime::tests::cancelled_quic_publish_before_slot_lock_changes_nothing ... ok
test runtime::tests::dial_admission::cancelled_parallel_waits_preserve_siblings_without_sticky_capacity ... ok
test runtime::tests::dial_admission::cold_replacement_retains_shared_scope_admission ... ok
test runtime::tests::dial_admission::cold_replacement_without_retained_credit_waits_for_admission ... ok
test runtime::tests::dial_admission::nested_physical_setups_share_progress_but_release_independent_permits ... ok
test reality::wire_tests::second_authentication_failure_is_final_without_application_data ... ok
test runtime::tests::dial_admission::overlapping_generations_bound_physical_address_attempts ... ok
test reality::wire_tests::mask_retries_fresh_classical_and_only_authenticated_stream_carries_data ... ok
test runtime::tests::dial_admission::replacement_failure_and_cancellation_release_transferred_admission ... ok
test runtime::tests::dial_admission::started_dials_do_not_reclassify_later_waits_as_unstarted_capacity ... ok
test runtime::tests::dial_admission::overlapping_generations_share_the_startup_dial_ceiling ... ok
test runtime::tests::fallible_factory_tests::try_ephemeral_rejects_intrinsic_invalidity_before_identity ... ok
test runtime::tests::fallible_factory_tests::try_ephemeral_rejects_nil_id_before_building ... ok
test runtime::tests::fallible_factory_tests::try_ephemeral_rejects_stale_id_before_cloning ... ok
test runtime::tests::generation_shutdown_joins_background_jobs_without_native_tracking ... ok
test runtime::tests::quic_runtime_close_covers_client_and_rejects_new_builds ... ok
test runtime::tests::registry_admission_rechecks_dns_fork_source_state ... ok
test runtime::tests::registry_admission_rejects_invalid_collections ... ok
test runtime::tests::retirement_is_terminal_and_shutdown_remains_idempotent ... ok
test runtime::tests::dial_admission::one_dial_permit_serializes_real_tcp_fallbacks ... ok
test runtime::tests::reused_runtime_is_closed_by_the_new_owner_only_after_commit ... ok
test runtime::tests::speculative_quic_publish_keeps_a_concurrent_incumbent ... ok
test runtime::tests::udp_capability_matrix ... ok
test runtime::tests::vless_runtime::cold_http_and_udp_probes_share_exhausted_generation_and_dns_carrier_gate ... ok
test runtime::tests::vless_runtime::parsed_equivalent_vless_udp_fallbacks_reuse_runtime ... ok
test runtime::tests::vless_runtime::reload_and_dns_share_the_startup_vless_carrier_ceiling ... ok
test runtime::tests::vless_runtime::separate_cool_warm_transitions_preserve_opposite_child_admission ... ok
test runtime::tests::vless_runtime::vless_probe_readiness_uses_the_requested_path ... ok
test runtime::tests::vless_runtime::vless_registry_builds_only_selected_path_pools ... ok
test runtime::tests::vless_runtime::vless_runtime_reuse_is_path_exact ... ok
test runtime::tests::vless_runtime::vless_source_id_normalizes_client_and_partitions_scope ... ok
test runtime::tests::vless_runtime::zero_vless_carrier_ceiling_remains_zero_for_cold_probes ... ok
test runtime::tests::warm_resources_report_session_state_only ... ok
test runtime::tests::warm_retention_releases_only_after_last_owner ... ok
test runtime::tests::xhttp_runtime::exhausted_xhttp_admission_preserves_capacity_and_cancellation_feedback ... ok
test runtime::tests::xhttp_runtime::losing_xhttp_udp_preparation_preserves_shared_warm_carrier ... ok
test quic::packet_transport::probe_tests::handshake_crosses_packet_transport_adapter ... ok
test runtime::tests::dns_fork_owns_sessions_but_preserves_dial_limits ... ok
test runtime::tests::retirement_releases_cached_non_flow_state ... ok
test runtime::tests::xhttp_runtime::xhttp_ownership_survives_reload_but_dns_and_ephemeral_are_independent ... ok
test session::tests::admission::successful_offer_releases_reusable_admission_permit ... ok
test session::tests::lifecycle::a_stream_between_two_janitor_ticks_still_resets_the_idle_age ... ok
test session::tests::lifecycle::caller_cancel_does_not_stop_shared_dial ... ok
test runtime::tests::xhttp_runtime::xhttp_physical_warm_retention_maintenance_and_shutdown ... ok
test session::tests::lifecycle::closed_sessions_are_pruned ... ok
test session::tests::lifecycle::dead_on_arrival_session_engages_the_breaker ... ok
test runtime::tests::xhttp_runtime::one_dial_credit_opens_two_limit_one_carriers_without_retaining_setup_admission ... ok
test session::tests::lifecycle::dial_backoff_is_capped ... ok
test session::tests::lifecycle::dial_panic_wakes_waiters_and_reelects ... ok
test session::tests::lifecycle::dial_failures_back_off ... ok
test session::tests::lifecycle::janitor_preserves_and_replenishes_warm_carriers_while_old_streams_drain ... ok
test session::tests::lifecycle::dial_single_flight ... ok
test session::tests::lifecycle::manual_closed_pruning_wakes_capacity_waiters_without_reaping_idle_sessions ... ok
test session::tests::lifecycle::max_age_drain_wakes_waiters_with_live_children ... ok
test session::tests::lifecycle::retirement_rejects_new_work_but_drains_live_sessions ... ok
test session::tests::lifecycle::shared_dial_waiters_preserve_typed_capacity_rejection ... ok
test session::tests::lifecycle::shutdown_after_retirement_force_closes_live_sessions ... ok
test session::tests::lifecycle::shutdown_before_ensure_does_not_register_janitor_or_prewarm ... ok
test session::tests::lifecycle::shutdown_closes_everything ... ok
test session::tests::lifecycle::shutdown_before_first_janitor_poll_exits_without_mutating_pool ... ok
test session::tests::lifecycle::shutdown_during_dial_factory_never_polls_dial ... ok
test session::tests::lifecycle::max_age_drains_and_janitor_closes_empty_session ... ok
test session::tests::lifecycle::shutdown_wakes_leader_and_waiters ... ok
test session::tests::scheduling::draining_sessions_do_not_block_a_replacement_dial ... ok
test session::tests::lifecycle::warm_unpin_wakes_waiters_without_cutting_live_children ... ok
test session::tests::scheduling::offer_dials_once_and_reuses ... ok
test session::tests::lifecycle::warm_retention_pins_one_idle_session_until_release ... ok
test session::tests::scheduling::least_loaded_is_offered ... ok
test session::tests::scheduling::offer_registers_before_checking_capacity ... ok
test session::tests::scheduling::pre_reservation_drain_does_not_close_live_session ... ok
test session::tests::scheduling::saturated_session_wakes_when_its_permit_is_released ... ok
test session::tests::scheduling::spread_sessions_fills_idle_capacity_before_multiplexing ... ok
test session::tests::scheduling::spread_sessions_preserves_capacity_rejection_without_backoff ... ok
test session::tests::scheduling::stream_capacity_race_is_a_health_neutral_refusal ... ok
test session::tests::scheduling::spread_sessions_reuses_busy_session_when_extra_dial_fails ... ok
test session::tests::speculative::detached_batch_commit_publishes_all_sessions_once ... ok
test session::tests::speculative::detached_batch_commit_publishes_draining_members_without_charging_capacity ... ok
test session::tests::scheduling::warm_session_starts_feedback_before_blocked_open ... ok
test session::tests::speculative::detached_capacity_refusal_is_health_neutral_and_rolls_back ... ok
test session::tests::speculative::detached_batch_commit_rejects_terminal_or_invalid_member_without_partial_publication ... ok
test session::tests::speculative::detached_checkout_shutdown_closes_attached_session_and_rejects_commit ... ok
test session::tests::speculative::detached_commit_inserts_once_into_the_captured_pool ... ok
test session::tests::speculative::detached_commit_wakes_all_eligible_waiters_without_oversubscribing ... ok
test session::tests::speculative::detached_commit_preserves_inflight_normal_dial_slot ... ok
test session::tests::speculative::detached_first_permit_release_wakes_offer_and_speculative_waiters ... ok
test session::tests::speculative::normal_dial_publication_wakes_a_speculative_capacity_waiter ... ok
test session::tests::speculative::provisional_slot_does_not_block_normal_offer ... ok
test session::tests::speculative::detached_winners_at_capacity_publish_drain_only_without_disturbing_incumbents ... ok
test session::tests::speculative::shared_checkout_reserves_its_stream_permit_atomically ... ok
test session::tests::speculative::speculative_checkout_cancellation_releases_blocked_dial_slot ... ok
test tls::batch_read_tests::eof_delivers_partial_then_zero ... ok
test session::tests::speculative::speculative_checkout_registers_before_checking_capacity ... ok
test tls::batch_read_tests::preserves_error_after_batched_bytes ... ok
test tls::batch_read_tests::read_larger_than_inner_chunks ... ok
test tls::pin_tests::non_tls_node_connector_returns_error ... ok
test tls::pin_tests::invalid_pin_fails_closed ... ok
test tls::pin_tests::parse_pin_sha256_variants ... ok
test tls::tests::connectors_share_the_process_root_store ... ok
test tls::tests::decode_ech_base64_variants ... ok
test tls::tests::discover_ech_config_caches_positive_and_negative ... ok
test reality::wire_tests::targeted_h2_and_raw_reality_profiles_negotiate_and_authenticate ... ok
test reality::wire_tests::supplied_fallback_waits_for_capacity_without_spending_sibling_credit ... ok
test session::tests::admission::late_janitor_start_uses_rebound_generation_limit ... ok
test tls::tests::ech_rejected_when_server_lacks_keys ... ok
test tls::tests::ech_accepted_end_to_end ... ok
test quic::boring::tests::session_resumption_reuses_ticket ... ok
test tls::tests::root_store_clones_share_one_store ... ok
test tls::tests::ech_discovery_end_to_end ... ok
test proxy::transport::xhttp::tests::flow_control::packet_flush_coalesces_datagrams_during_post_pacing ... ok
test transport_quality::tcp::tests::truncated_kernel_fields_remain_unknown_instead_of_zero_measurements ... ok
test transport_quality::tests::outgoing_loss_is_independent_of_rtt_but_requires_payload_and_packet_volume ... ok
test transport_quality::tests::runtime_coalesces_carriers_and_disabled_history_cannot_publish ... ok
test transport_quality::tests::trained_rtt_requires_sustain_and_rearms_without_refreshing_a_continuing_episode ... ok
test transport_quality::tests::unknown_idle_resets_and_out_of_order_samples_do_not_invent_episodes ... ok
test urltest::direct_urltest_tests::direct_urltest_routes_the_full_requested_target ... ok
test urltest::direct_urltest_tests::native_request_normalizes_query_only_target ... ok
test urltest::fallible_probe_tests::try_probe_runtime_rejects_stale_id_before_warm_lookup ... ok
test urltest::resolver_hook_tests::hook_supplies_addresses_and_preserves_rejection ... ok
test urltest::tests::c25_urltest_authority_boundaries ... ok
test urltest::tests::cold_anytls_warms_before_measurement ... ok
test urltest::tests::cold_quic_protocols_warm_before_measurement ... ok
test tls::tests::dials_share_one_context_per_shape ... ok
test urltest::tests::http1_uses_configured_method_target_and_authority ... ok
test urltest::tests::http2::cancelling_stalled_h2_probe_drops_its_driver_stream ... ok
test urltest::tests::http2::h2_falls_back_only_for_graceful_goaway ... ok
test tls::tests::verifying_connector_rejects_an_untrusted_certificate ... ok
test tls::tests::handshake_standard_and_chrome ... ok
test urltest::tests::http2::h2_rejected_headers_cannot_be_overridden_by_remote_refusal ... ok
test urltest::tests::http2::h2_rejects_bad_warm_status ... ok
test tls::tests::pin_is_not_bypassed_by_a_cached_unpinned_context ... ok
test urltest::tests::http_probe_request_preserves_uri_and_validates_inputs ... ok
test tls::tests::xhttp_tls_rejects_missing_h2_but_raw_tls_preserves_no_alpn ... ok
test urltest::tests::malformed_truncated_or_oversized_response_is_not_a_fallback_success ... ok
test urltest::tests::http2::h2_uses_configured_method_target_and_authority ... ok
test urltest::tests::score::head_fallback_does_not_certify_the_configured_get_latency ... ok
test urltest::tests::test_exchange_http1_bad_status_on_second_request_fails ... ok
test urltest::tests::test_exchange_http1_falls_back_when_server_closes ... ok
test urltest::tests::http2::h2_falls_back_only_for_remote_refused_stream ... ok
test group::score::tests::evaluation::a_hundred_members_reach_bounded_comparisons_at_moderate_traffic ... ok
test tls::tests::probe_connector_negotiates_h2_and_http1 ... ok
test urltest::tests::test_urltest_group_does_not_penalize_resolver_rejection ... ok
test urltest::tests::test_urltest_node_failure ... ok
test urltest::tests::partial_measured_response_timeout_is_not_a_fallback_success ... ok
test urltest::tests::try_probe_runtime_reuses_only_warm_or_stateless_nodes ... ok
test urltest::tests::test_urltest_node_https_requires_tls ... ok
test urltest::tests::urltest_distinguishes_domain_and_address_targets ... ok
test urltest::tests::vless_probe_runtime_keeps_cold_udp_pool_ephemeral_without_penalizing_tcp ... ok
test urltest::tests::urltest_group_failures_do_not_advance_real_dial_streaks ... ok
test urltest::tests::hysteria2_excludes_pre_write_dial_time ... ok
test urltest::tests::test_exchange_http1_slow_second_request_falls_back ... ok
test proxy::transport::xhttp::tests::lifecycle::ordinary_tls_setup_deadline_releases_carrier_and_allows_another_physical_dial ... ok
test group::score::tests::evidence::only_newer_business_rx_restores_incumbent_protection ... ok
test urltest::tests::test_exchange_http1_reports_the_second_round_trip ... ok
test urltest::tests::test_exchange_http1_reports_warm_round_trip ... ok
test urltest::tests::cold_quic_warm_time_is_not_reported ... ok
test quic::packet_transport::probe_tests::successful_probe_close_logs_no_endpoint_error ... ok
test proxy::anytls::tests::streams::test_bulk_50mb ... ok
test proxy::shadowsocks::stream::tests::poll_write_contract_under_backpressure ... ok
test quic::client_tests::adaptive_profile_updates_live_connection_windows ... ok
test reality::wire_tests::setup_deadline_includes_the_replacement_handshake ... ok
test transport_quality::tcp::tests::observed_tcp_loopback_preserves_cancelled_reads_payload_and_half_close ... ok
test urltest::tests::http2::h2_keeps_cancelled_warm_stream_until_measurement_finishes ... ok
test alive::tests::health_shutdown_drains_nested_probe_and_stops_loop ... ok
test proxy::hysteria2::tests::test_dial_tcp_does_not_wait_for_response ... ok
test bootstrap::tests::silent_aaaa_keeps_a_answer_within_family_budget ... ok
test proxy::hysteria2::tests::test_salamander_wrong_obfs_password_rejected ... ok

test result: ok. 1032 passed; 0 failed; 2 ignored; 0 measured; 0 filtered out; finished in 3.29s

     Running tests/feature_boundary.rs (/root/.herdr/worktrees/honk/feat-native-api/target/debug/deps/feature_boundary-4f6dd1ed932e2b50)

running 1 test
test parsed_vless_has_no_backend_without_rprx ... ok

test result: ok. 1 passed; 0 failed; 0 ignored; 0 measured; 0 filtered out; finished in 0.03s

     Running tests/tls_transport_alpn.rs (/root/.herdr/worktrees/honk/feat-native-api/target/debug/deps/tls_transport_alpn-c52cd73d3a5b7bbd)

running 5 tests
test direct_quic_config_rejects_tcp_alpn ... ok
test direct_tcp_dial_rejects_ignored_alpn ... ok
test trojan_grpc_tls_negotiates_h2_and_exchanges_payload ... ok
test xhttp_tls_offers_only_h2_with_default_or_explicit_alpn ... ok
test connector_applies_explicit_alpn_and_preserves_profile_defaults ... ok

test result: ok. 5 passed; 0 failed; 0 ignored; 0 measured; 0 filtered out; finished in 0.31s

     Running tests/vless_udp.rs (/root/.herdr/worktrees/honk/feat-native-api/target/debug/deps/vless_udp-61aef3010f78dc7a)

running 0 tests

test result: ok. 0 passed; 0 failed; 0 ignored; 0 measured; 0 filtered out; finished in 0.00s

   Doc-tests honk_outbound

running 0 tests

test result: ok. 0 passed; 0 failed; 0 ignored; 0 measured; 0 filtered out; finished in 0.00s


==> cargo test -p honk-outbound --no-default-features --features rprx
   Compiling honk-outbound v0.0.1-alpha (/root/code/honk-cse-bench/crates/honk-outbound)
    Finished `test` profile [unoptimized + debuginfo] target(s) in 1m 35s
     Running unittests src/lib.rs (/root/.herdr/worktrees/honk/feat-native-api/target/debug/deps/honk_outbound-2086581b76fe467a)

running 1123 tests
test alive::latencies::tests::test_append_and_last ... ok
test alive::latencies::tests::test_empty ... ok
test address_race::tests::address_order_interleaves_families_stably ... ok
test alive::latencies::tests::test_last_real_sample_skips_synthetic ... ok
test alive::latencies::tests::test_ring_overflow ... ok
test address_race::tests::fallback_starts_after_stagger_and_cancels_loser ... ok
test address_race::tests::healthy_first_never_starts_fallback ... ok
test alive::merge_check_addrs_tests::literals_come_before_resolved_even_when_they_sort_later ... ok
test address_race::tests::race_never_exceeds_two_attempts ... ok
test address_race::tests::fast_failure_waits_ten_milliseconds_and_preserves_last_error ... ok
test alive::observations::tests::native_direct_completion_preserves_duplicate_member_associations ... ok
test alive::observations::tests::native_completion_keeps_typed_keys_out_of_legacy_latency ... ok
test alive::observations::tests::averages_follow_healthy_probes_only ... ok
test alive::observations::tests::native_ticket_rejects_invalidated_group_epoch_and_older_samples ... ok
test alive::observations::tests::native_global_ticket_rejects_reloaded_targets_without_changing_periodic_writes ... ok
test alive::observations::tests::native_ticket_rejects_missing_removed_and_replaced_registration ... ok
test alive::tests::available_traffic_fast_path_preserves_clean_state_and_resets_dirty_state ... ok
test alive::tests::group_activity_ignores_untracked_groups_and_reuses_registered_key ... ok
test alive::tests::health_shutdown_timeout_keeps_admission_closed ... ok
test alive::tests::invalid_http_check_url_falls_back_before_probe_cycles ... ok
test alive::tests::native_group_publication_invalidates_evidence_before_target_sync ... ok
test alive::tests::native_udp_observations_precede_legacy_family_fanout ... ok
test alive::tests::health_shutdown_preserves_completed_failure_before_cancelled_retry ... ok
test alive::tests::test_alive_set_per_protocol ... ok
test alive::tests::late_raw_tcp_probe_preserves_replacement_health ... ok
test alive::tests::local_carrier_capacity_does_not_demote_or_revive_probe_health ... ok
test alive::tests::test_alive_set_basic ... ok
test alive::tests::resolution_cancelled_by_shutdown_reports_stopped_checks ... ok
test alive::tests::raw_tcp_probe_with_v4_only_node_address_leaves_v6_untouched ... ok
test alive::tests::late_http_probe_preserves_unregistered_traffic_health ... ok
test alive::tests::reentrant_probe_callbacks_cannot_update_replacement_registration ... ok
test alive::tests::native_custom_probe_retains_sampled_leaf_and_rejects_old_config ... ok
test alive::tests::test_block_ignores_traffic_failures ... ok
test alive::tests::recovered_traffic_suppresses_a_pending_probe_death_notification ... ok
test alive::tests::health_external_jobs_survive_response_disconnect_and_join_on_shutdown ... ok
test alive::tests::native_observations_exclude_legacy_and_preserve_zero_and_failures ... ok
test alive::tests::test_block_probe_exempt ... ok
test alive::tests::test_dial_success_resets_failure_streak ... ok
test alive::tests::test_direct_ignores_failure_marks ... ok
test alive::tests::removed_node_discards_collections_and_late_probe_results ... ok
test alive::tests::test_death_callback_fires_on_flip_only ... ok
test alive::tests::test_death_callback_skipped_while_udp_sibling_alive ... ok
test alive::tests::test_has_udp_state_from_traffic_reports ... ok
test alive::tests::test_failure_demotion_needs_consecutive_successes ... ok
test alive::tests::scheduled_udp_probe_does_not_become_an_unregistered_probe ... ok
test alive::tests::test_builtin_leaf_probe_recovers_url_state ... ok
test alive::tests::test_merge_check_addrs_dedup ... ok
test alive::tests::test_parse_check_literals ... ok
test alive::tests::test_direct_probe_uses_direct_check_addr ... ok
test alive::tests::test_probe_cooldown_backoff ... ok
test alive::tests::test_probe_node_udp_dns_skip_updates_only_measured_data_path ... ok
test alive::tests::test_probe_node_udp_no_prober_is_noop ... ok
test alive::tests::test_health_cycle_runs_udp_probe_after_tcp ... ok
test alive::tests::test_probe_node_udp_skipped_targets_are_neutral ... ok
test alive::tests::test_network_change_bypasses_backoff_but_requires_fresh_success ... ok
test alive::tests::test_probe_node_udp_success_marks_udp_domains_alive ... ok
test alive::tests::test_probe_node_udp_dns_blocked_but_data_path_ok_keeps_data_udp_alive ... ok
test alive::tests::test_push_ebpf_uses_outbound_resolver ... ok
test alive::tests::test_probe_node_udp_failures_kill_udp_domains_only ... ok
test alive::tests::test_report_dial_latency_floor_covers_fast_node_load_jitter ... ok
test alive::tests::test_report_dial_latency_ignores_builtin_nodes ... ok
test alive::tests::test_restore_latency_seeds_ranking_not_liveness ... ok
test alive::tests::test_health_cycle_skips_idle_urltest_nodes ... ok
test alive::tests::test_recovery_cycle_probes_due_dead_nodes ... ok
test alive::tests::test_report_dial_latency_demotes_after_three_slow_dials ... ok
test alive::tests::test_recovery_cycle_probes_due_dead_udp_nodes ... ok
test alive::tests::test_sync_group_check_urls_prunes_unused_urls ... ok
test alive::tests::test_stopped_node_probes_on_slow_cadence_and_recovers ... ok
test alive::tests::test_url_probe_state_independence ... ok
test alive::tests::test_traffic_failures_ignored_during_grace ... ok
test bootstrap::tests::system_hosts_matches_aliases_and_address_families ... ok
test alive::tests::test_sync_urltest_groups_full_refresh ... ok
test bootstrap::tests::test_parse_resolver ... ok
test bootstrap::tests::test_build_and_parse_roundtrip ... ok
test bootstrap::tests::test_parse_https_rr_ech ... ok
test alive::tests::test_tcp_probe_failure_does_not_touch_udp ... ok
test bootstrap::tests::test_resolve_literal_ip_skips_lookup ... ok
test descriptor::tests::every_protocol_has_a_descriptor ... ok
test alive::tests::v4_only_check_url_leaves_v6_family_untouched ... ok
test bootstrap::tests::test_query_ech_config_via_bootstrap_udp ... ok
test descriptor::tests::vless_capabilities_follow_selected_paths ... ok
test descriptor::tests::udp_capability_follows_the_network_gate ... ok
test descriptor::tests::vless_udp_443_policy_is_path_scoped ... ok
test alive::tests::warm_http_probe_is_the_only_result_recorded_as_latency ... ok
test descriptor::tests::xhttp_owns_warming_without_bare_or_ready_tcp_competition ... ok
test alive::tests::resolver_hook_rejection_skips_system_fallback_and_health_penalty ... ok
test bootstrap::tests::test_resolve_via_bootstrap_udp ... ok
test group::score::tests::attribution::compact_outcome_finds_nested_io_errors ... ok
test group::score::tests::attribution::aggregate_display_does_not_advance_nested_load_balance ... ok
test bootstrap::tests::truncated_udp_answer_retries_over_tcp ... ok
test group::score::tests::attribution::dead_candidate_is_excluded_before_scoring ... ok
test group::score::tests::attribution::deep_score_last_resort_keeps_every_attribution ... ok
test group::score::tests::attribution::duplicate_direct_leaf_stays_direct_on_last_resort ... ok
test group::score::tests::attribution::feedback_for_node_merges_nested_score_memberships_once ... ok
test alive::trigger_tests::trigger_queue_is_deduplicated_and_bounded ... ok
test alive::tests::test_health_flips_log_once ... ok
test group::score::tests::attribution::aggregate_feedback_completion_and_cancellation_are_accounted_once ... ok
test group::score::tests::attribution::builtin_direct_final_is_valid_feedback_membership ... ok
test group::score::tests::attribution::final_outbound_late_completion_keeps_extant_leaf_and_drops_deleted_leaf ... ok
test group::score::tests::attribution::duplicate_leaf_paths_do_not_change_score_rank ... ok
test group::score::selection::tests::publication_between_ranking_and_plan_construction_refuses_node_work ... ok
test group::score::tests::attribution::cancelled_exact_attempt_does_not_hide_aggregate_failure ... ok
test group::score::tests::attribution::inflight_exact_attempt_does_not_mask_aggregate_reliability ... ok
test group::score::tests::attribution::cold_exploration_is_deterministic_and_cancelled_loser_is_neutral ... ok
test group::score::tests::attribution::late_completion_keeps_extant_member_and_drops_deleted_member ... ok
test alive::tests::test_suspension_check_releases_node_groups_before_reading_timeouts ... ok
test group::score::tests::attribution::nested_final_feedback_reaches_score_ancestors_and_probe_membership ... ok
test group::score::tests::attribution::nested_score_last_resort_keeps_child_attribution ... ok
test group::score::tests::attribution::network_target_and_family_buckets_are_isolated ... ok
test group::score::tests::attribution::reload_reuses_state_and_prunes_removed_members ... ok
test group::score::tests::attribution::rejected_exact_attempt_is_neutral ... ok
test group::score::tests::attribution::nested_score_groups_keep_the_target_and_complete_attribution_path ... ok
test group::score::tests::attribution::normalizes_domain_key_and_keeps_target_dimensions_independent ... ok
test group::score::tests::attribution::selector_tcp_last_resort_keeps_the_chosen_member_chain ... ok
test group::score::tests::attribution::setup_only_success_does_not_become_usefulness_failure ... ok
test group::score::tests::attribution::urltest_retry_plan_keeps_the_group_in_the_selection_chain ... ok
test group::score::tests::attribution::setup_failure_switches_to_the_other_candidate ... ok
test group::score::tests::attribution::setup_only_family_samples_keep_global_reliability ... ok
test alive::tests::test_concurrent_dial_failures_cannot_collapse ... ok
test group::score::tests::availability::confirmed_sends_reconcile_four_live_replies_at_their_receive_time ... ok
test group::score::tests::availability::confirmed_send_clones_and_settlement_do_not_duplicate_bytes_or_credit ... ok
test address_race::tests::real_tcp_loser_socket_closes_when_fallback_wins ... ok
test group::score::tests::availability::distinct_live_udp_flows_establish_usability_without_terminal_successes ... ok
test group::score::tests::availability::continuous_rx_keeps_live_availability_but_idle_settlement_cannot_refresh_it ... ok
test group::score::tests::attribution::setup_only_exact_samples_keep_aggregate_reliability ... ok
test group::score::tests::availability::finished_reporters_ignore_late_send_completion_and_success_settlement ... ok
test group::score::tests::availability::failure_fences_live_rx_without_requiring_survivors_to_settle ... ok
test group::score::tests::availability::exactly_sixty_seconds_of_silence_requires_four_reporters_again ... ok
test group::score::tests::availability::future_start_rejects_reconciliation_but_still_counts_accepted_tx ... ok
test group::score::tests::availability::confirmed_sends_cannot_move_old_replies_across_failure_or_reload_fences ... ok
test group::score::tests::availability::neutral_settlement_flushes_throttled_eligible_rx_at_its_event_time ... ok
test group::score::tests::availability::ordinary_tx_first_prevents_later_send_completion_from_reconciling_old_rx ... ok
test group::score::tests::budget::accepted_reporters_no_longer_suppress_missing_distinct_support ... ok
test group::score::tests::availability::settlement_cannot_count_live_reporters_twice ... ok
test group::score::tests::availability::reload_requires_new_rx_from_each_surviving_reporter ... ok
test group::score::tests::availability::delayed_send_completion_cannot_revive_or_bridge_an_expired_cohort ... ok
test group::score::tests::availability::zero_tx_does_not_consume_the_first_positive_send ... ok
test alive::tests::test_probe_node_udp_timeout_counts_as_failure ... ok
test group::score::tests::availability::global_family_and_exact_cells_credit_their_own_availability_cohorts ... ok
test group::score::tests::availability::confirmed_send_reconciliation_requires_a_closed_causal_window ... ok
test group::score::tests::availability::recreated_cells_reject_old_live_reporters_even_after_fresh_rx ... ok
test group::score::tests::budget::pending_expiry_refunds_and_started_expiry_only_releases_suppression ... ok
test group::score::tests::budget::setup_cost_includes_pre_reporter_work_and_local_refusal_is_neutral ... ok
test group::score::tests::budget::reusable_factory_stays_independent_after_explicit_business_admission ... ok
test group::score::tests::budget::reload_refunds_pending_but_retains_running_trial_cap_until_settlement_or_ttl ... ok
test group::score::tests::budget::retry_and_related_context_preserve_original_identity_without_optional_cost ... ok
test group::score::tests::budget::related_route_selections_do_not_reserve_optional_work_with_cold_credit_remaining ... ok
test group::score::tests::budget::targetless_reserved_work_is_refunded_and_cannot_start_for_free ... ok
test group::score::tests::budget::stale_generation_start_refunds_and_never_publishes_root_or_scope_counts ... ok
test group::score::tests::budget::nested_losers_refund_and_selected_chain_shares_one_original_business ... ok
test group::score::tests::budget::stale_observation_cannot_authorize_an_uncommitted_retry_pool ... ok
test group::score::tests::budget::trial_outcomes_and_setup_histogram_do_not_change_terminal_reliability_units ... ok
test group::score::tests::budget::unstarted_plans_refund_once_after_last_clone_without_minting_business ... ok
test group::score::tests::budget_projection::aggregate_read_skips_a_challenger_its_begun_trial_holds_at_the_selection ... ok
test group::score::tests::budget::concurrent_begin_clones_spend_once_and_cancel_without_refund ... ok
test group::score::tests::budget_projection::expired_pending_credit_is_visible_without_refunding_on_read ... ok
test group::score::tests::budget_projection::targeted_unknown_family_uses_its_own_budget_and_inflight_scope ... ok
test group::score::tests::budget_projection::expired_earned_reservation_is_available_but_started_work_never_refunds ... ok
test group::score::tests::budget::sparse_arrivals_obey_spent_plus_reserved_bound_without_clock_currency ... ok
test group::score::tests::availability::only_targeted_traffic_rx_after_setup_and_tx_establishes_availability ... ok
test group::score::tests::budget_projection::unrelated_inflight_work_cannot_fill_a_target_availability_gap ... ok
test group::score::tests::budget_yield::trial_yield_ignores_refusing_targets_and_resets_on_reload ... ok
test group::score::tests::cadence::all_failing_fallback_remains_selectable ... ok
test group::score::tests::cadence::answered_unfinished_trial_holds_the_challenger_at_the_selection_ceiling ... ok
test group::score::tests::budget_yield::removed_members_settle_cost_without_changing_replacement_yield ... ok
test group::score::tests::budget_yield::busy_scopes_with_productive_trials_earn_twice_as_fast ... ok
test group::score::tests::budget_yield::a_failing_scope_tests_one_trial_at_a_time_below_the_pause ... ok
test group::score::tests::budget_projection::aggregate_inflight_wait_keeps_missing_or_free_target_family_available ... ok
test group::score::tests::cadence::cancelled_cold_trials_keep_alternative_coverage ... ok
test group::score::tests::cadence::overlapping_layers_count_each_terminal_completion_once ... ok
test group::score::tests::cadence::first_normal_selection_uses_quality_not_the_last_startup_trial ... ok
test group::score::tests::budget::family_network_and_nested_route_continuations_never_earn_again ... ok
test group::score::tests::cadence::source_outcomes_do_not_forgive_traffic_backoff ... ok
test alive::tests::test_urltest_idle_suspension ... ok
test group::score::tests::cadence::terminal_success_with_same_time_rx_does_not_clear_failure_backoff ... ok
test group::score::tests::cadence::unbegun_plans_do_not_rotate_discovery ... ok
test group::score::tests::budget_projection::aggregate_budget_wait_requires_both_target_families_exhausted_and_is_readonly ... ok
test group::score::tests::comparison::relations::a_held_incumbent_reports_a_materially_faster_rival ... ok
test group::score::tests::cadence::expired_backoff_gets_bounded_recovery_despite_normal_exclusion ... ok
test group::score::tests::comparison::relations::common_target_aggregation_discards_lost_direction_identity ... ok
test group::score::tests::comparison::relations::common_targets_do_not_promote_a_simpson_mixture ... ok
test group::score::tests::comparison::storage_timing::a_fresh_sample_does_not_rejuvenate_old_blocks_or_diversity ... ok
test group::score::tests::budget_yield::a_pause_counts_only_candidates_the_ledger_refuses ... ok
test group::score::tests::comparison::storage_timing::changed_probe_cohorts_and_invalid_cadences_cannot_inherit_comparison_support ... ok
test group::score::tests::cadence::qualified_trial_does_not_replace_committed_incumbent_without_new_evidence ... ok
test group::score::tests::comparison::storage_timing::disjoint_time_blocks_do_not_compare_even_when_both_nodes_are_fresh ... ok
test group::score::tests::comparison::storage_timing::failed_probe_cannot_requalify_from_its_prior_samples ... ok
test group::score::tests::comparison::storage_timing::common_time_blocks_receive_equal_weights_not_reporter_mix_weights ... ok
test group::score::tests::comparison::storage_timing::failures_delayed_events_and_recreated_incarnations_cannot_revive_proof ... ok
test group::score::tests::comparison::storage_timing::parent_eviction_and_recreation_cannot_revive_exact_proof_or_old_reporters ... ok
test group::score::tests::comparison::storage_timing::reporter_diversity_is_a_union_not_a_sum_of_bucket_counts ... ok
test group::score::tests::comparison::relations::response_equivalence_uses_actual_symmetric_tolerance_including_zero ... ok
test group::score::tests::comparison::storage_timing::ordinary_probe_streams_qualify_through_block_rotation_and_expire_on_weaker_support ... ok
test group::score::tests::directional::direction_tolerance_boundaries_are_inclusive_but_do_not_reduce_hold_margin ... ok
test group::score::tests::directional::throughput_needs_response_and_same_unit_qualified_reliability ... ok
test group::score::tests::directional::first_choice_and_real_failure_escape_need_no_comparison_evidence ... ok
test group::score::tests::directional::unknown_direction_stays_unknown_but_does_not_veto_a_supported_gain ... ok
test group::score::tests::comparison::storage_timing::target_failure_preserves_other_targets_and_probe_but_node_failure_invalidates_them ... ok
test group::score::tests::evaluation::a_short_retry_view_cannot_reduce_funded_capacity ... ok
test group::score::tests::attribution::aggregate_cache_has_a_hard_lru_bound ... ok
test group::score::tests::evaluation::filtered_views_cannot_disable_evaluation_bounds ... ok
test group::score::tests::evaluation::members_missing_from_one_view_keep_their_place ... ok
test group::score::tests::directional::unilateral_upload_and_download_gains_promote_without_max_direction_masking ... ok
test group::score::tests::evaluation::readonly_reads_never_store_an_evaluation_set ... ok
test group::score::tests::evaluation::only_node_failure_streaks_replace_shared_evaluation_members ... ok
test group::score::tests::cadence::sparse_selection_without_started_business_cannot_earn_currency ... ok
test group::score::tests::evaluation::rotation_visits_every_member_outside_the_ranked_set ... ok
test group::score::tests::comparison::relations::common_target_cap_follows_qualification_and_directional_metrics_keep_that_cohort ... ok
test group::score::tests::evidence::captured_feedback_requires_current_authority_at_start ... ok
test group::score::tests::evaluation::unevaluated_members_keep_probes_out_of_comparison_cells ... ok
test group::score::tests::evaluation::readonly_refresh_does_not_replace_committed_participants ... ok
test group::score::tests::evidence::shared_carrier_failure_counts_flows_but_only_one_hard_episode ... ok
test group::score::tests::evidence::parsed_score_policy_learns_without_a_feature_flag ... ok
test group::score::tests::evidence::stale_manager_authority_stays_revoked_after_same_name_recreation ... ok
test group::score::tests::evidence::target_refusal_before_setup_or_without_family_never_opens_node_episode ... ok
test group::score::tests::live::cloned_reporters_serialize_live_observations_against_terminal_settlement ... ok
test group::score::tests::live::concurrent_failed_probe_cannot_retire_successful_probe_evidence ... ok
test group::score::tests::live::evicted_live_reporter_cannot_update_recreated_exact_or_aggregate_cells ... ok
test group::score::tests::live::generation_publication_rejects_pending_health_but_keeps_admitted_traffic ... ok
test group::score::tests::live::live_old_generation_reports_survivors_but_cannot_start_again ... ok
test group::score::tests::live::live_windows_are_directional_nonoverlapping_and_ignore_idle_bursts ... ok
test group::score::tests::evidence::unrelated_target_failures_preserve_healthy_exact_selection_and_probe_support ... ok
test group::score::tests::cadence::new_targets_cannot_mint_exploration_and_peek_cannot_spend_it ... ok
test group::score::tests::live::nontraffic_bytes_and_responses_never_become_business_quality ... ok
test group::score::tests::live::node_fault_fences_healthy_exact_and_replaced_parent_rejects_old_reporter ... ok
test group::score::tests::evaluation::evaluation_limit_follows_offered_business_only_at_refresh ... ok
test group::score::tests::live::probe_failure_invalidates_only_matching_identity_and_current_authority ... ok
test group::score::tests::live::response_is_published_once_at_event_time_not_terminal_time ... ok
test group::score::tests::live::setup_quality_survives_neutral_completion_without_a_response ... ok
test group::score::tests::live::warmup_setup_quality_remains_available_without_business_completions ... ok
test group::score::tests::live::open_flow_progress_changes_selection_without_terminal_completions ... ok
test group::score::tests::budget::earned_credit_is_capped_and_target_churn_or_peeks_never_replenish_cold_allowance ... ok
test group::score::tests::performance::expired_incumbent_holds_unmatched_refresh_but_shared_probe_can_promote ... ok
test group::score::tests::performance::health_probe_targets_cannot_evict_live_business_evidence ... ok
test group::score::tests::performance::http_probe_path_query_and_method_define_distinct_comparison_cohorts ... ok
test group::score::tests::live::trained_target_needs_own_four_replies_after_inherited_node_failure ... ok
test group::score::tests::comparison::storage_timing::comparison_memory_cap_counts_keys_and_container_capacity_and_eviction_loses_support ... ok
test group::score::tests::live::new_target_live_recovery_requires_node_failure_not_reload_fence ... ok
test group::score::tests::performance::one_healthy_probe_scope_does_not_replace_another ... ok
test group::score::tests::cadence::latency_degradation_revalidation_cannot_bypass_exposure_budget ... ok
test group::score::tests::performance::probe_domains_and_health_families_are_not_comparable ... ok
test group::score::tests::performance::same_host_probe_url_reload_discards_baselines_at_commit_before_new_samples ... ok
test group::score::tests::attribution::stale_aggregate_completion_does_not_mutate_recreated_cell ... ok
test group::score::tests::performance::qualified_half_faster_goodput_switches_but_latency_jitter_holds ... ok
test group::score::tests::performance::opposite_direction_strengths_do_not_create_a_pairwise_rate_gain ... ok
test group::score::tests::cadence::unchanged_failed_incumbent_allows_funded_recovery_without_free_trials ... ok
test group::score::tests::pool_admission::begun_flow_settles_after_pool_departure_and_reload ... ok
test group::score::tests::pool_admission::final_owner_is_exempt_but_ordinary_score_ancestor_is_not ... ok
test group::score::tests::pool_admission::pending_ordinary_requires_initialized_pool_even_after_reload ... ok
test group::score::tests::pool_admission::pending_pool_departure_cancels_ordinary_and_refunds_trial_without_business ... ok
test group::score::tests::pool_admission::related_context_requires_its_networks_committed_pool ... ok
test group::score::tests::performance::unsupported_global_best_cannot_mask_comparable_third_challenger ... ok
test group::score::tests::pressure::carrier_pressure_is_owner_scoped_expiring_and_cannot_create_flow_evidence ... ok
test group::score::tests::cadence::settled_cohorts_stop_sampling_and_expiry_spends_only_business_funding ... ok
test group::score::tests::performance::one_exact_success_cannot_weaken_mature_incumbent_protection ... ok
test group::score::tests::pressure::carrier_pressure_reopens_only_budgeted_comparison_without_penalizing_business ... ok
test group::score::tests::pressure::replaced_runtime_and_retired_manager_cannot_publish_carrier_pressure ... ok
test group::score::tests::pressure::pressure_reopens_responses_until_every_common_target_refreshes ... ok
test group::score::tests::pressure::shadowsocks_tcp_pressure_does_not_spend_native_udp_validation ... ok
test group::score::tests::progress::delayed_terminal_bridges_qualification_to_already_observed_newer_rx ... ok
test group::score::tests::progress::active_udp_keeps_earned_qualification_without_inventing_completions ... ok
test group::score::tests::progress::reload_and_eviction_fence_progress_without_disabling_surviving_reporters ... ok
test group::score::tests::performance::fast_health_probes_cannot_erase_real_failures ... ok
test group::score::tests::reasons::nested_score_groups_count_reasons_independently ... ok
test group::score::tests::progress::four_distinct_live_replies_restore_eligibility_without_paying_terminal_debt ... ok
test group::score::tests::reasons::private_reason_counts_follow_committed_name_lifecycle ... ok
test group::score::tests::reasons::ordinary_switch_counts_commits_but_not_first_choice_stay_peek_or_trial ... ok
test group::score::tests::reasons::score_reason_snapshot_is_sorted_fixed_and_private ... ok
test group::score::tests::reasons::score_reload_prunes_removed_switch_history_members ... ok
test group::score::tests::reasons::score_reason_snapshot_reload_policy_is_name_based ... ok
test group::score::tests::reasons::selection_reason_instrumentation_preserves_existing_winners ... ok
test group::score::tests::reasons::selection_reason_counting_respects_apply_and_filter_boundaries ... ok
test group::score::tests::reasons::switch_flap_counts_only_quick_committed_reversals ... ok
test group::score::tests::reasons::switch_flap_ignores_cross_target_interleaving ... ok
test group::score::tests::pressure::answered_open_response_does_not_block_the_next_pressure_episode ... ok
test group::score::tests::selection::delay_test_members_do_not_record_score_selection ... ok
test group::score::tests::selection::recovery_does_not_open_node_final_with_duplicate_display_name ... ok
test group::score::tests::selection::recovery_does_not_turn_ordinary_child_into_final_after_parent_url_failure ... ok
test group::score::tests::performance::less_sampled_faster_leaf_wins_normal_selection ... ok
test group::score::tests::reasons::selection_reason_precedence_is_stable ... ok
test group::score::tests::selection::recovery_keeps_nested_selector_permissions_health_and_attribution ... ok
test group::score::tests::selection::selector_commit_follows_non_first_default ... ok
test group::score::tests::selection::selector_refusal_does_not_commit_a_sibling_score_group ... ok
test group::score::tests::selection::selector_parent_peeks_unchosen_score_subgroups ... ok
test group::score::tests::selection::selector_commit_does_not_restore_a_stale_sibling ... ok
test group::score::tests::serving::cold_first_selection_cannot_escape_the_committed_pool ... ok
test group::score::tests::serving::an_ordinary_winner_survives_rotation_and_comparison_expiry ... ok
test group::score::tests::serving::duplicate_group_uuids_do_not_alias_serving_slots ... ok
test group::score::tests::serving::health_filtering_replaces_an_unavailable_pool_without_extra_slots ... ok
test group::score::tests::serving::failed_and_ineligible_incumbents_escape_only_within_the_pool ... ok
test group::score::tests::serving::ipv4_pool_reconciliation_precedes_explicit_final ... ok
test group::score::tests::serving::nested_selector_withdrawal_replaces_still_healthy_old_leaves ... ok
test group::score::tests::serving::nested_udp_health_withdrawal_replaces_serving_slots ... ok
test group::score::tests::serving::pool_preflight_is_readonly_and_rejects_stale_authority ... ok
test group::score::tests::serving::readonly_evaluated_count_cannot_add_an_outside_target_winner ... ok
test group::score::tests::serving::nested_score_trials_replace_representatives_without_refund_starvation ... ok
test group::score::tests::serving::representative_reconciliation_preserves_a_health_filtered_direct_leaf ... ok
test group::score::tests::selection::configured_http_probe_quality_stays_in_its_url_cohort ... ok
test group::score::tests::serving::selector_applies_its_chosen_subgroup_when_committed_peek_is_empty ... ok
test group::score::tests::verification::availability_validity_does_not_depend_on_decaying_terminal_completions ... ok
test group::score::tests::verification::configured_probe_pairs_never_settle_the_response_question ... ok
test group::score::tests::verification::delayed_settlement_preserves_fresh_live_availability_without_refreshing_old_rx ... ok
test group::score::tests::verification::cross_target_latency_is_not_node_degradation ... ok
test group::score::tests::verification::failure_requires_strictly_newer_rx_even_after_older_failure_completion ... ok
test group::score::tests::verification::exhausted_budget_and_retired_authority_leave_counters_unchanged ... ok
test group::score::tests::verification::idle_terminal_does_not_refresh_old_business_evidence ... ok
test group::score::tests::evidence::recovered_historical_failure_holds_five_percent_latency_jitter ... ok
test group::score::tests::verification::funded_large_group_serves_promising_contender_until_graduation ... ok
test group::score::tests::verification::one_unrelated_probe_cannot_suppress_comparable_http_pair ... ok
test group::score::tests::verification::partial_pair_progress_is_served_before_less_recently_selected_challengers ... ok
test group::score::tests::verification::only_reporters_after_the_selection_degraded_count_as_pair_progress ... ok
test group::score::tests::verification::old_history_cannot_refresh_availability_with_one_new_success ... ok
test group::score::tests::serving::selector_routes_and_target_favorites_share_one_serving_pool ... ok
test group::score::tests::verification::recent_business_uses_latest_rx_across_out_of_order_completions ... ok
test group::score::tests::verification::probe_and_common_target_pairs_keep_their_basis ... ok
test group::score::tests::verification::reload_rejects_old_rx_but_accepts_surviving_flow_progress ... ok
test group::score::tests::verification::removed_winner_leaves_no_flap_history ... ok
test group::score::tests::verification::response_pair_expires_with_its_support_block ... ok
test group::score::tests::verification::equivalent_response_stops_trials ... ok
test group::score::tests::verification_boundaries::scope_expiry::cross_pair_responses_require_shared_fresh_reporters_after_old_blocks_expire ... ok
test group::score::tests::verification::real_flow_gaps_become_usable_and_compared_with_measured_exposure ... ok
test group::score::tests::verification_boundaries::scope_expiry::disjoint_response_support_schedules_comparable_business ... ok
test group::score::tests::verification_boundaries::scope_expiry::response_validity_uses_the_support_block_not_event_time ... ok
test group::score::tests::verification::stale_failure_keeps_recovery_work_outside_comparisons ... ok
test group::score::tests::verification_boundaries::scope_expiry::sparse_common_support_stays_pending_until_every_common_target_qualifies ... ok
test group::score::tests::verification_boundaries::scope_expiry::winner_only_probe_does_not_replace_common_business_response_evidence ... ok
test group::tests::dead_single_leaf_remains_a_tcp_last_resort_only ... ok
test group::tests::direct_selector_plan_fast_path_preserves_choice_default_and_health ... ok
test group::tests::fallback_tcp_and_udp_pins_are_independent ... ok
test group::tests::loadbalance_tcp_and_udp_cursors_are_independent ... ok
test group::tests::peek_selection_plan_does_not_update_urltest_or_fallback_after_death ... ok
test group::tests::peek_selection_plan_keeps_cold_urltest_idle_and_cache_empty ... ok
test group::tests::peek_selection_plan_load_balance_does_not_advance_cursor ... ok
test group::tests::peek_selection_plan_keeps_nested_child_idle_and_only_reads_tcp_mirror ... ok
test group::tests::selection_plan_cold_urltest_keeps_mode_with_one_udp_eligible_leaf ... ok
test group::tests::ranked_udp_leaves_orders_caps_and_filters ... ok
test alive::tests::native_group_retention_has_a_fixed_slot_bound ... ok
test group::tests::selection_plan_ignores_udp_measurement_from_dead_candidate ... ok
test group::tests::selector_change_callback_fires_only_for_effective_choice_changes ... ok
test group::tests::selection_plan_preserves_authoritative_and_cold_urltest_provenance ... ok
test group::tests::selector_choice_filtered_by_health_refuses_without_rewriting_choice ... ok
test group::tests::selector_default_filtered_by_health_refuses ... ok
test group::tests::selector_networks::exact_selector_identity_survives_duplicate_tags_and_reload ... ok
test group::tests::selector_networks::selecting_effective_default_pins_identity_across_member_reorder ... ok
test group::tests::selector_networks::selector_validates_before_atomic_publish_and_defers_effects ... ok
test group::tests::selector_networks::pinned_automatic_group_does_not_advance_unchosen_members ... ok
test group::tests::selector_networks::automatic_group_pins_act_as_selector_choices_until_replaced ... ok
test group::tests::selector_networks::udp_choice_cannot_open_tcp_empty_path_or_replace_sole_dead_leaf ... ok
test group::tests::selector_warm_node_keeps_dead_nested_choice_and_cold_fallback ... ok
test group::tests::selector_networks::split_selector_drives_routes_peeks_score_finals_and_warmth ... ok
test group::tests::selector_warm_node_keeps_duplicate_name_member_identity ... ok
test group::tests::selector_tcp_last_resort_cannot_escape_an_empty_selected_subgroup ... ok
test group::tests::test_cycle_detection_breaks_cycle_edge ... ok
test group::tests::test_fallback_first_alive_switch_and_no_flap_back ... ok
test group::tests::test_fallback_interrupt_on_switch ... ok
test group::tests::test_loadbalance_no_interrupt_on_rotation ... ok
test group::tests::test_interrupt_callback_urltest_switch ... ok
test group::tests::test_interrupt_callback_selector ... ok
test group::tests::test_loadbalance_order_for_parallel_dial ... ok
test group::tests::test_loadbalance_round_robin_independent_per_group ... ok
test group::score::tests::performance::starts_and_warmups_do_not_renew_business_freshness ... ok
test group::tests::test_loadbalance_skips_dead_nodes ... ok
test group::tests::test_migrate_selector_choices_from ... ok
test group::tests::test_nested_group_check_url_ranks_subgroups_by_tag ... ok
test group::tests::test_node_names_in_group ... ok
test group::tests::test_not_found ... ok
test group::tests::test_persist_callback_on_selector_change ... ok
test group::tests::test_selector_default_first_member ... ok
test group::tests::test_nested_selector_three_levels ... ok
test group::tests::test_select_marks_group_active ... ok
test group::tests::test_selector_dial_list_is_the_chosen_node_only ... ok
test group::tests::test_selector_runtime_choice_overrides_default ... ok
test group::tests::test_selector_with_default_name ... ok
test group::tests::test_udp_both_dead_excluded_despite_tcp_alive ... ok
test group::tests::test_udp_single_domain_alive_selectable ... ok
test group::tests::test_udp_unprobed_node_inherits_tcp_liveness ... ok
test group::tests::test_urltest_dial_list_single_when_data_exists_race_when_cold ... ok
test group::tests::test_urltest_group_without_check_url_uses_global_state ... ok
test group::tests::test_urltest_group_custom_check_url_selection ... ok
test group::tests::test_urltest_keeps_incumbent_within_tolerance_of_current_latency ... ok
test group::tests::test_urltest_selection ... ok
test group::tests::test_urltest_parent_with_urltest_subgroup ... ok
test group::tests::test_urltest_tcp_udp_separate_selections ... ok
test group::tests::test_urltest_switches_when_incumbent_degrades ... ok
test group::tests::test_urltest_udp_falls_back_to_tcp_selection ... ok
test group::tests::test_urltest_udp_selection_skips_udp_dead_node ... ok
test group::tests::test_urltest_udp_uses_dns_udp_latency_when_no_data_udp ... ok
test group::tests::udp_selection::final_peek_and_unselected_subgroups_do_not_advance_rotation ... ok
test group::tests::udp_selection::named_final_uses_first_declaration_not_hash_order_or_health ... ok
test group::tests::test_user_style_nested_layout ... ok
test group::tests::udp_selection::nested_final_waits_for_ipv4_proxy_health_before_direct ... ok
test group::tests::udp_selection::nested_score_udp_final_is_explicit_and_health_checked ... ok
test group::tests::udp_selection::final_chains_preserve_cold_provenance_and_bound_mixed_cycles ... ok
test group::tests::udp_selection::selector_duplicate_names_keep_one_identity_across_entrypoints ... ok
test group::tests::udp_selection::selector_udp_health_family_fallback_keeps_the_selected_member ... ok
test group::tests::udp_selection::selector_udp_choice_does_not_fall_back_to_default_or_sibling ... ok
test group::tests::udp_selection::score_udp_capability_filters_selection_verification_and_nested_finals ... ok
test group::tests::udp_selection::udp_pick_keeps_tcp_mirror_with_only_synthetic_failures ... ok
test group::tests::udp_selection::udp_pick_prefers_node_with_udp_latency_over_mirror ... ok
test group::tests::udp_selection::udp_pick_switches_after_real_evidence_survives_ring_eviction ... ok
test group::tests::urltest_retry_plan_deduplicates_shared_nested_leaves_before_cap ... ok
test group::tests::urltest_flaky_node_stays_demoted_after_dial_failure ... ok
test proxy::addr::tests::test_codec_roundtrip ... ok
test group::tests::urltest_strike_demotion_needs_two_consecutive_successes ... ok
test proxy::addr::tests::test_decode_truncated ... ok
test proxy::addr::tests::test_encode_domain ... ok
test proxy::addr::tests::test_encode_enforces_domain_length_bounds ... ok
test proxy::addr::tests::test_encode_ipv4 ... ok
test proxy::addr::tests::test_encode_ipv6 ... ok
test proxy::addr::tests::test_encode_vmess_atyp ... ok
test group::tests::udp_selection::selector_udp_nested_choice_preserves_subgroup_policy_boundary ... ok
test proxy::addr::tests::test_read_from_stream ... ok
test proxy::addr::tests::test_socks_addr_len ... ok
test proxy::anytls::tests::authentication_packet_covers_padding_length_boundaries ... ok
test group::score::tests::performance::excluded_leaf_cannot_change_eligible_performance_winner_or_reason ... ok
test proxy::anytls::tests::overflow_runtime::killed_stream_tombstone_follows_stream_owner ... ok
test group::score::tests::verification::sparse_cancellations_rotate_without_unbounded_exposure ... ok
test proxy::anytls::tests::overflow_runtime::overflow_accounting_clears_on_lifecycle_exits ... ok
test proxy::anytls::tests::overflow_runtime::large_parked_queue_flushes_without_blocking_siblings ... ok
test group::tests::udp_selection::selector_udp_capability_keeps_the_pin_and_terminal_members ... ok
test proxy::anytls::tests::overflow_runtime::overflow_transition_self_kicks_an_emptied_queue ... ok
test proxy::anytls::tests::overflow_runtime::overflow_preserves_data_before_fin ... ok
test proxy::anytls::tests::overflow_runtime::session_close_preserves_killed_reset_until_owner_reads ... ok
test proxy::anytls::tests::overflow_runtime::parked_stream_survives_long_pause_without_pressure ... ok
test proxy::anytls::tests::overflow_runtime::session_hard_cap_kills_stream_that_outwaits_the_stall_grace ... ok
test proxy::anytls::tests::overflow_runtime::session_hard_cap_kills_only_after_full_grace_of_waits ... ok
test proxy::anytls::tests::overflow_runtime::stale_remote_fin_after_overflow_kill_is_reset ... ok
test proxy::anytls::tests::overflow_runtime::concurrent_overflow_flush_preserves_stream_order ... ok
test proxy::anytls::tests::overflow_runtime::session_hard_cap_waits_for_progress_and_spares_everyone ... ok
test proxy::anytls::tests::overflow_runtime::demux_large_overflow_never_blocks_sibling_streams ... ok
test proxy::anytls::tests::overflow_runtime::test_hol_stall_does_not_block_other_streams ... ok
test proxy::anytls::tests::overflow_state::overflow_admit_below_hard_cap_never_kills ... ok
test proxy::anytls::tests::overflow_state::overflow_flush_progress_resets_stall_age ... ok
test proxy::anytls::tests::overflow_state::overflow_full_requeue_preserves_stall_age ... ok
test proxy::anytls::tests::overflow_state::overflow_state_accounting_tracks_every_queue_operation ... ok
test proxy::anytls::tests::overflow_state::overflow_admit_hard_cap_reaps_past_grace_stream ... ok
test proxy::anytls::tests::padding_scheme_matches_upstream_map_boundaries ... ok
test proxy::anytls::tests::padding_writer_honors_check_and_frame_size_boundaries ... ok
test proxy::anytls::tests::overflow_state::overflow_terminal_events_cap_per_stream ... ok
test proxy::anytls::tests::overflow_state::overflow_admit_hard_cap_waits_inside_the_grace ... ok
test proxy::anytls::tests::payload_budget::budget_wait_to_body_handoff_is_atomic_for_synack_liveness ... ok
test proxy::anytls::tests::payload_budget::canceled_budget_waiter_does_not_stall_or_desync_demux ... ok
test proxy::anytls::tests::payload_budget::closed_session_budget_reap_reports_reset ... ok
test proxy::anytls::tests::payload_budget::retired_tcp_frame_does_not_fail_its_session ... ok
test proxy::anytls::tests::payload_budget::saturated_uot_budget_does_not_block_tcp_delivery ... ok
test proxy::anytls::tests::payload_budget::terminal_event_releases_later_payload_credit ... ok
test proxy::anytls::tests::payload_budget::stalled_primary_queue_releases_pool_budget_for_sibling_session ... ok
test proxy::anytls::tests::runtime::ephemeral_guard_releases_session_when_probe_is_aborted ... ok
test proxy::anytls::tests::runtime::ephemeral_runtime_close_releases_session_and_connection ... ok
test proxy::anytls::tests::overflow_runtime::test_hol_slow_consumer_reset_after_queue_drains ... ok
test proxy::anytls::tests::runtime::runtime_retirement_drains_live_session_without_cutting_it ... ok
test proxy::anytls::tests::runtime::runtime_dial_stays_on_captured_pool_after_registry_swap ... ok
test proxy::anytls::tests::runtime::runtime_udp_pool_hit_does_not_build_connector ... ok
test proxy::anytls::tests::runtime::speculative_detached_commit_fails_closed_after_generation_shutdown ... ok
test proxy::anytls::tests::runtime::speculative_detached_winner_commits_into_captured_pool_once ... ok
test proxy::anytls::tests::runtime::speculative_shared_loser_unregisters_uot_sid_synchronously ... ok
test proxy::anytls::tests::runtime::speculative_udp_abort_cancels_injected_dial_without_pooling ... ok
test proxy::anytls::tests::runtime::speculative_udp_generation_shutdown_cancels_injected_dial ... ok
test proxy::anytls::tests::runtime::warm_resources_flip_with_pool_session ... ok
test proxy::anytls::tests::runtime::warm_shutdown_cancels_a_notify_blocked_dial_and_keeps_pool_terminal ... ok
test proxy::anytls::tests::server_settings_use_the_final_version_value ... ok
test proxy::anytls::tests::runtime::warm_uses_only_its_generation_owned_runtime_pool ... ok
test proxy::addr::tests::test_encode_rejects_directly_constructed_oversized_domain - should panic ... ok
test proxy::anytls::tests::streams::a_deferred_read_error_releases_the_stream_slot ... ok
test proxy::anytls::tests::streams::a_server_alert_does_not_become_clean_eof ... ok
test group::score::tests::performance::sparse_fast_leaf_earns_normal_traffic_with_bounded_validation ... ok
test proxy::anytls::tests::streams::empty_control_frames_do_not_close_the_session ... ok
test proxy::anytls::tests::streams::failed_session_preserves_node_failure_after_stream_unregistration ... ok
test group::score::tests::verification::partial_success_cannot_pin_cancelled_trials_forever ... ok
test proxy::anytls::tests::streams::frame_bodies_are_exact_and_reject_short_reads ... ok
test proxy::anytls::tests::streams::padding_update_applies_to_an_active_session_before_stop ... ok
test proxy::anytls::tests::streams::concurrent_first_open_keeps_settings_ahead_of_syn ... ok
test proxy::anytls::tests::streams::stream_drop_unregisters_before_returning ... ok
test proxy::anytls::tests::streams::settings_wait_for_the_first_stream_open ... ok
test proxy::anytls::tests::streams::test_concurrent_streams_on_one_session ... ok
test proxy::anytls::tests::streams::test_data_fin_same_batch_delivers_data_then_eof ... ok
test proxy::anytls::tests::payload_budget::inbound_payload_budget_is_held_until_consumed_or_dropped ... ok
test proxy::anytls::tests::overflow_runtime::overflow_burst_within_grace_survives_and_delivers ... ok
test proxy::anytls::tests::streams::test_multi_data_fin_same_batch ... ok
test group::score::tests::progress::stale_terminal_rx_preserves_failure_and_cannot_refresh_verification ... ok
test proxy::anytls::tests::streams::test_pool_offer_reuses_and_invalidates ... ok
test proxy::anytls::tests::streams::test_registration_commit_moves_permit ... ok
test proxy::anytls::tests::streams::test_registration_guard_drop_cleans_uncommitted ... ok
test proxy::anytls::tests::streams::test_registration_guard_partial_frame_sends_fin ... ok
test proxy::anytls::tests::streams::test_server_fin_closes_only_that_stream ... ok
test proxy::anytls::tests::streams::test_try_reserve_rejects_draining ... ok
test bootstrap::tests::udp_exchange_accepts_only_the_reply_matching_the_query ... ok
test proxy::anytls::tests::synack::dropped_unanswered_stream_cancels_its_synack_deadline ... ok
test proxy::anytls::tests::runtime::late_predecessor_commit_obeys_successor_dial_limit ... ok
test proxy::anytls::tests::synack::silent_window_resets_only_the_open_and_a_recovering_carrier_survives ... ok
test proxy::anytls::tests::synack::reused_v2_session_requires_synack_within_deadline ... ok
test proxy::anytls::tests::synack::synack_deadline_is_tracked_per_stream ... ok
test proxy::anytls::tests::synack::synack_deadlines_do_not_share_elapsed_time ... ok
test proxy::anytls::tests::synack::synack_before_wire_write_settles_the_open ... ok
test proxy::anytls::tests::synack::test_synack_with_data_surfaces_open_error ... ok
test proxy::anytls::tests::synack::synack_timeout_on_active_session_resets_only_the_stream ... ok
test proxy::anytls::tests::test_writer_batch_caps ... ok
test proxy::anytls::tests::test_settings_payload_format ... ok
test proxy::anytls::tests::test_writer_batch_encoding_matches_sequential_frames ... ok
test proxy::anytls::tests::writer_queue_bounds_control_pressure_and_rejects_after_close ... ok
test proxy::anytls::uot::uot_transport_tests::blocked_data_writer_backpressures_without_killing_session ... ok
test proxy::anytls::uot::uot_transport_tests::blocked_control_write_becomes_terminal ... ok
test group::score::tests::verification_boundaries::scope_expiry::healthy_three_leaf_comparison_renews_after_expiry ... ok
test proxy::anytls::uot::uot_transport_tests::confirmed_uot_send_waits_for_physical_flush ... ok
test proxy::anytls::uot::uot_transport_tests::uot_magic_refusal_is_not_a_target_failure ... ok
test proxy::anytls::uot::uot_transport_tests::uot_read_releases_pool_payload_credit ... ok
test proxy::anytls::tests::streams::a_cancelled_write_does_not_send_or_count_its_bytes ... ok
test proxy::anytls::uot::uot_transport_tests::uot_transport_frame_roundtrip ... ok
test proxy::anytls::uot::uot_transport_tests::uot_transport_preserves_coalesced_datagrams ... ok
test proxy::anytls::uot::uot_transport_tests::uot_transport_reassembles_datagram_across_anytls_frames ... ok
test proxy::anytls::uot::uot_transport_tests::cancelled_first_uot_send_preserves_lazy_setup ... ok
test proxy::anytls::uot::uot_transport_tests::uot_v1_max_domain_frame_survives_valid_chunking ... ok
test proxy::block::tests::test_block_rejects ... ok
test proxy::anytls::uot::uot_transport_tests::uot_send_enforces_anytls_go_packet_limit_without_poisoning_stream ... ok
test proxy::hysteria2::tests::test_blake2b256_vectors ... ok
test proxy::anytls::tests::streams::test_fast_path_retry_releases_the_waiters_reservation ... ok
test proxy::direct::tests::direct_connect_respects_one_physical_dial_permit ... ok
test proxy::anytls::tests::streams::test_poll_write_cancel_safety ... ok
test proxy::hysteria2::tests::test_downlink_mbps_is_serialized_as_bytes_per_second ... ok
test proxy::hysteria2::tests::test_e2e_real_server_expected_connect_failure ... ok
test proxy::hysteria2::tests::test_e2e_real_server_hop_soak_tcp ... ok
test proxy::hysteria2::tests::test_e2e_real_server_hop_soak_udp ... ok
test proxy::hysteria2::tests::test_e2e_real_server_tcp_http ... ok
test proxy::hysteria2::tests::test_e2e_real_server_udp_disabled ... ok
test proxy::hysteria2::tests::test_e2e_real_server_udp_dns ... ok
test proxy::hysteria2::tests::test_e2e_real_server_udp_echo ... ok
test proxy::anytls::tests::stalled_tls_session_dial_respects_its_own_deadline ... ok
test proxy::hysteria2::tests::test_embedded_hop_spec_parity_with_share_link_parser ... ok
test proxy::hysteria2::tests::test_fragmentation_and_defrag ... ok
test proxy::hysteria2::tests::test_hop_state_rotation ... ok
test proxy::hysteria2::tests::test_huffman_rfc_vector ... ok
test proxy::hysteria2::tests::test_huffman_roundtrip ... ok
test proxy::hysteria2::tests::test_invalid_port_hopping_rejected_before_dial ... ok
test proxy::hysteria2::tests::test_parse_port_hopping ... ok
test proxy::hysteria2::tests::test_prefixed_int_roundtrip ... ok
test proxy::hysteria2::tests::test_qpack_decode_golden_auth_ok_response ... ok
test proxy::hysteria2::tests::test_qpack_decode_golden_auth_reject_response ... ok
test proxy::hysteria2::tests::test_qpack_decode_golden_auth_request ... ok
test proxy::hysteria2::tests::test_qpack_encode_parity_with_quic_go ... ok
test proxy::hysteria2::tests::test_dial_tcp_domain_echo ... ok
test proxy::hysteria2::tests::test_salamander_receive_compacts_and_bounds_invalid_packets ... ok
test proxy::anytls::tests::streams::test_writer_queue_byte_budget_backpressures_writes ... ok
test proxy::hysteria2::tests::test_salamander_roundtrip ... ok
test proxy::hysteria2::tests::test_salamander_receives_quic_go_initial_size ... ok
test proxy::hysteria2::tests::test_short_salamander_password_rejected_before_dial ... ok
test proxy::hysteria2::tests::test_tcp_request_frame_shape ... ok
test proxy::hysteria2::tests::test_dial_tcp_echo ... ok
test proxy::hysteria2::tests::test_udp_message_codec_roundtrip ... ok
test proxy::hysteria2::tests::test_udp_message_rejects_invalid_fragments ... ok
test proxy::hysteria2::tests::test_first_read_sends_tcp_request_and_reports_response_error ... ok
test proxy::hysteria2::tests::test_udp_transport_size_rejection_preserves_fragmented_echo ... ok
test proxy::hysteria2::tests::test_varint_boundaries ... ok
test proxy::hysteria2::tests::test_udp_disabled_server_rejected ... ok
test proxy::hysteria2::tests::test_udp_transport_datagram_echo ... ok
test group::score::tests::attribution::stale_exact_completion_does_not_mutate_recreated_cell ... ok
test proxy::hysteria2::tests::test_salamander_obfs_tcp_udp_echo ... ok
test proxy::hysteria2::tests::udp_carrier_close_is_node_failure ... ok
test proxy::juicity::tests::test_dial_tcp_echo ... ok
test proxy::packet::socket_mark_tests::socket_marks_preserve_global_and_direct_flow_isolation ... ignored, requires Linux CAP_NET_ADMIN or CAP_NET_RAW for real SO_MARK
test proxy::shadowsocks::aead2022::tests::test_aes_block_kat ... ok
test proxy::shadowsocks::aead2022::tests::test_blake3_xof_kat ... ok
test proxy::shadowsocks::aead2022::tests::test_dial_udp_2022_end_to_end ... ok
test proxy::shadowsocks::aead2022::tests::test_eih_kat ... ok
test proxy::shadowsocks::aead2022::tests::test_psk_parse_bad_base64 ... ok
test proxy::shadowsocks::aead2022::tests::test_psk_parse_bad_length ... ok
test proxy::anytls::uot::uot_transport_tests::retired_uot_waiter_never_queues_payload_after_fin ... ok
test proxy::shadowsocks::aead2022::tests::test_psk_parse_chacha_rejects_multi ... ok
test proxy::shadowsocks::aead2022::tests::test_psk_parse_multi ... ok
test proxy::shadowsocks::aead2022::tests::test_psk_parse_single ... ok
test proxy::shadowsocks::aead2022::tests::test_session_subkey_kat ... ok
test proxy::shadowsocks::aead2022::tests::test_sliding_window ... ok
test proxy::shadowsocks::aead2022::tests::test_session_subkey_kat_32 ... ok
test proxy::shadowsocks::aead2022::tests::test_tcp_2022_aes_128_roundtrip ... ok
test proxy::shadowsocks::aead2022::tests::test_tcp_2022_aes_256_roundtrip ... ok
test proxy::shadowsocks::aead2022::tests::test_tcp_2022_chacha_roundtrip ... ok
test proxy::shadowsocks::aead2022::tests::test_udp_2022_aes_eih_multi_psk ... ok
test proxy::shadowsocks::aead2022::tests::test_tcp_2022_eih_roundtrip ... ok
test proxy::shadowsocks::aead2022::tests::test_udp_2022_aes_roundtrip ... ok
test proxy::shadowsocks::aead2022::tests::test_udp_2022_chacha_roundtrip ... ok
test proxy::shadowsocks::aead2022::tests::test_udp_2022_failed_server_packet_does_not_mutate_replay_state ... ok
test proxy::shadowsocks::stream::tests::authenticated_stream_corruption_is_a_node_failure ... ok
test proxy::shadowsocks::aead2022::tests::test_udp_2022_server_session_replay_and_rotation ... ok
test proxy::shadowsocks::stream::tests::legacy_deferred_response_salt ... ok
test proxy::shadowsocks::stream::tests::truncated_tail_is_unexpected_eof ... ok
test proxy::juicity::tests::test_wrong_password_rejected ... ok
test proxy::shadowsocks::tests::test_batched_chunk_roundtrip ... ok
test proxy::shadowsocks::tests::test_cipher_conf_lookup ... ok
test proxy::hysteria2::tests::test_wrong_password_rejected ... ok
test proxy::shadowsocks::tests::test_dial_udp_transport_legacy_end_to_end ... ok
test proxy::shadowsocks::tests::test_batched_decrypt_split_feeds ... ok
test proxy::shadowsocks::tests::test_evp_bytes_to_key ... ok
test proxy::shadowsocks::tests::test_is_2022_method ... ok
test proxy::juicity::tests::udp_carrier_close_is_node_failure ... ok
test proxy::shadowsocks::tests::test_legacy_udp_open_rejects_garbage ... ok
test proxy::shadowsocks::tests::test_nonce_increment ... ok
test proxy::juicity::tests::test_udp_transport_echo ... ok
test proxy::shadowsocks::tests::test_legacy_udp_roundtrip ... ok
test proxy::shadowsocks::tests::test_legacy_udp_roundtrip_chacha ... ok
test proxy::socks5::tests::socks5_rfc1929_auth_request_encodes_checked_lengths ... ok
test proxy::socks5::tests::socks5_rfc1929_auth_request_rejects_oversized_credentials ... ok
test proxy::shadowsocks::tests::udp_receive_drops_an_unopenable_datagram_and_keeps_the_session ... ok
test proxy::socks5::tests::socks5_tcp_connect_rejects_oversized_domain ... ok
test proxy::socks5::tests::socks5_udp_transport_frames_domain_request ... ok
test proxy::socks5::tests::socks5_udp_association_uses_control_peer_for_unspecified_bnd_addr ... ok
test proxy::socks5::tests::socks5_udp_transport_frames_ipv4_request ... ok
test proxy::socks5::tests::socks5_udp_transport_ignores_malformed_non_relay_datagrams ... ok
test proxy::socks5::tests::socks5_udp_transport_frames_ipv6_request ... ok
test proxy::socks5::tests::socks5_udp_transport_maps_domain_wire_source_to_logical_target_without_dns ... ok
test proxy::socks5::tests::socks5_udp_transport_maps_mismatched_ipv4_wire_source_to_logical_target ... ok
test proxy::socks5::tests::socks5_udp_transport_rejects_long_domain ... ok
test proxy::socks5::tests::socks5_udp_transport_rejects_nonzero_rsv ... ok
test proxy::socks5::tests::socks5_udp_transport_rejects_invalid_domain_encoding ... ok
test proxy::socks5::tests::socks5_udp_transport_rejects_unknown_atyp ... ok
test proxy::socks5::tests::socks5_udp_transport_rejects_truncated_frame ... ok
test proxy::socks5::tests::socks5_udp_transport_reports_control_eof ... ok
test proxy::socks5::tests::socks5_udp_transport_reports_reply_source_as_logical_relay_peer ... ok
test proxy::socks5::tests::socks5_udp_transport_skips_fragmented_datagrams ... ok
test proxy::socks5::tests::socks5_udp_transport_resolves_domain_bnd_addr ... ok
test proxy::socks5::tests::test_socks5_handshake_no_auth ... ok
test proxy::socks5::tests::udp_associate_gives_up_after_greeting ... ok
test proxy::socks5::tests::udp_associate_gives_up_on_a_silent_peer ... ok
test proxy::tests::cancelled_warm_releases_only_its_inserted_retention ... ok
test proxy::tests::consistency_rejects_missing_packet_implementation - should panic ... ok
test proxy::tests::consistency_rejects_missing_warm_implementation - should panic ... ok
test proxy::tests::failed_warm_releases_its_policy_retention ... ok
test proxy::tests::failure_provenance_survives_shared_io_context_without_losing_cause ... ok
test proxy::tests::packet_error_class_separates_backpressure_from_dead_tunnel ... ok
test proxy::tests::speculative_udp_rejects_a_shutdown_generation_before_dispatch ... ok
test proxy::tests::test_block_node_dispatches_to_block_handler ... ok
test proxy::tests::test_into_tcp_stream_plain_tcp ... ok
test proxy::tests::test_raw_fd_none_for_non_tcp ... ok
test proxy::tests::test_raw_fd_plain_tcp ... ok
test proxy::tests::test_registry_default_handlers ... ok
test proxy::tests::typed_packet_rejections_survive_io_and_anyhow_context ... ok
test proxy::tests::vless_capability_and_policy_are_distinct_in_every_packet_registry_path ... ok
test proxy::socks5::tests::target_refusals_are_scoped_only_to_valid_connect_replies ... ok
test proxy::tests::warm_udp_is_not_applicable_without_reusable_udp_state ... ok
test proxy::tests::warm_udp_rejects_a_shutdown_generation_before_dispatch ... ok
test proxy::transport::tests::grpc_headers::grpc_complete_padded_continuation_with_ok_trailers_reads_to_eof ... ok
test proxy::transport::tests::grpc_headers::grpc_dynamic_table_counts_exact_value_octets ... ok
test proxy::transport::tests::grpc_headers::grpc_dynamic_metadata_survives_header_blocks_before_failed_status ... ok
test proxy::transport::tests::grpc_headers::grpc_graceful_goaway_lets_the_admitted_stream_finish ... ok
test proxy::transport::tests::grpc_headers::grpc_failed_trailers_from_h2_server_are_an_error ... ok
test proxy::shadowsocks::tests::udp_send_waits_for_cipher_instead_of_reporting_a_drop_as_success ... ok
test proxy::transport::tests::grpc_headers::grpc_rejects_aggregate_headers_across_continuations ... ok
test proxy::transport::tests::grpc_headers::grpc_rejects_hpack_table_update_above_advertised_limit ... ok
test proxy::transport::tests::grpc_headers::grpc_invalid_hpack_huffman_and_huge_lengths_are_errors_not_panics ... ok
test proxy::anytls::uot::uot_transport_tests::uot_transport_saturation_retires_stream ... ok
test proxy::transport::tests::grpc_headers::grpc_reset_and_excluding_goaway_are_retained_errors ... ok
test proxy::transport::tests::grpc_headers::grpc_split_trailers_only_refusal_waits_for_complete_continuation ... ok
test proxy::transport::tests::grpc_io::grpc_dropping_unfinished_stream_closes_its_transport ... ok
test proxy::transport::tests::grpc_headers::grpc_trailers_only_and_http_refusals_are_retained_errors ... ok
test proxy::transport::tests::grpc_io::grpc_inner_write_zero_is_a_retained_error_and_drop_closes_transport ... ok
test proxy::transport::tests::grpc_io::grpc_flush_waits_for_data_held_by_a_later_zero_window ... ok
test proxy::transport::tests::grpc_io::grpc_read_driver_wakes_a_different_tasks_pending_flush ... ok
test proxy::transport::tests::grpc_io::grpc_receive_window_allows_response_beyond_http2_default ... ok
test proxy::transport::tests::grpc_io::grpc_request_path_and_authority_length_boundaries ... ok
test proxy::transport::tests::grpc_io::grpc_small_positive_windows_and_request_half_close_preserve_response ... ok
test proxy::transport::tests::grpc_io::grpc_transport_roundtrip_through_dialer ... ok
test proxy::transport::tests::grpc_io::grpc_short_reads_and_writes_preserve_roundtrip ... ok
test proxy::transport::tests::test_ws_transport_roundtrip ... ok
test proxy::transport::tests::vmess_json_empty_ws_host_uses_endpoint_in_handshake ... ok
test proxy::transport::tests::grpc_io::grpc_queued_write_owns_bytes_and_cancelled_write_owns_nothing ... ok
test proxy::transport::xhttp::tests::capacity::cancelling_open_behind_two_full_peer_carriers_returns_admission_without_a_request ... ok
test proxy::shadowsocks::tests::test_dial_tcp_legacy_end_to_end ... ok
test proxy::transport::xhttp::tests::capacity::drop_cancels_pending_requests_and_releases_logical_permits ... ok
test proxy::transport::xhttp::tests::download::download_settings_give_the_node_runtime_a_download_pool ... ok
test proxy::transport::xhttp::tests::download::dead_download_carrier_fails_commit_without_publishing_either_peer ... ok
test proxy::transport::xhttp::tests::download::dead_upload_carrier_fails_commit_without_publishing_either_peer ... ok
test proxy::transport::xhttp::tests::capacity::one_stream_peer_uses_second_carrier_for_upload_without_blocking_active_get ... ok
test proxy::transport::xhttp::tests::download::warm_retire_and_shutdown_reach_the_download_peer ... ok
test proxy::transport::xhttp::tests::errors::paced_batch_is_not_sent_after_the_flow_failed ... ok
test proxy::anytls::tests::streams::remote_fin_drop_does_not_enqueue_a_second_fin ... ok
test group::score::tests::progress::publishable_business_rx_opens_recovery_without_settling_the_flow ... ok
test proxy::transport::xhttp::tests::errors::ready_stream_upload_refusal_precedes_shutdown_completion ... ok
test proxy::transport::xhttp::tests::errors::non_200_download_failure_is_typed_and_retained_for_every_mode ... ok
test proxy::transport::xhttp::tests::errors::stream_one_status_reaches_flush_without_a_reader_poll ... ok
test group::score::tests::attribution::exact_cache_has_a_hard_lru_bound ... ok
test proxy::transport::xhttp::tests::errors::stream_shutdown_completes_at_upload_eof_and_retains_late_failure ... ok
test proxy::transport::xhttp::tests::errors::upload_non_200_interrupts_pending_download_and_is_retained ... ok
test proxy::transport::xhttp::tests::errors::buffered_download_precedes_upload_status_failure ... ok
test proxy::transport::xhttp::tests::capacity::logical_capacity_refusal_does_not_dial_and_drop_returns_admission ... ok
test proxy::transport::xhttp::tests::errors::packet_shutdown_waits_for_upload_status_and_retains_late_failure ... ok
test proxy::socks5::tests::socks5_udp_transport_keeps_control_open_until_drop ... ok
test proxy::transport::xhttp::tests::flow_control::packet_posts_aggregate_and_pipeline_without_waiting_for_prior_response ... ok
test proxy::transport::xhttp::tests::flow_control::settings_window_reduction_keeps_pending_flush_honest_during_other_flow_progress ... ok
test proxy::transport::xhttp::tests::download::get_reaches_only_the_download_peer_and_supplied_socket_stays_upload ... ok
test proxy::transport::xhttp::tests::flow_control::packet_first_datagram_flush_waits_for_its_last_post ... ok
test proxy::transport::xhttp::tests::goaway::clean_goaway_preserves_an_already_flushed_upload ... ok
test proxy::transport::xhttp::tests::flow_control::packet_trojan_confirmed_send_waits_for_the_first_datagram_frame ... ok
test proxy::transport::xhttp::tests::goaway::graceful_goaway_rotates_carrier_without_replay_and_keeps_active_get ... ok
test proxy::transport::xhttp::tests::lab::lab_split_peers_roundtrip_and_an_untrusted_download_fails_closed ... ignored, requires HONK_XHTTP_SPLIT_LINK and a TCP+UDP HONK_XHTTP_SPLIT_ECHO from the maintainer lab
test proxy::transport::xhttp::tests::goaway::cancelled_requests_keep_late_frames_from_closing_a_live_carrier ... ok
test proxy::transport::xhttp::tests::lifecycle::closed_private_upload_carrier_releases_its_slot_before_winner_commit ... ok
test proxy::anytls::tests::streams::test_direct_stream_roundtrip_and_fin ... ok
test proxy::transport::xhttp::tests::lifecycle::generation_retirement_between_posts_keeps_admitted_packet_flow_usable ... ok
test proxy::transport::xhttp::tests::lifecycle::concurrent_one_stream_opens_keep_the_first_upload_live_until_drop ... ok
test proxy::transport::xhttp::tests::modes::absent_user_agent_sends_xrays_chrome_fetch_headers ... ok
test proxy::transport::xhttp::tests::flow_control::flush_waits_for_real_peer_window_capacity_in_streaming_modes ... ok
test proxy::transport::xhttp::tests::modes::chrome_major_matches_xrays_random_delay_estimate ... ok
test proxy::transport::xhttp::tests::modes::referer_replaces_configured_padding_query_with_sampled_padding ... ok
test proxy::transport::xhttp::tests::modes::request_escapes_literal_path_without_reencoding_the_query ... ok
test proxy::transport::xhttp::tests::modes::stream_up_drains_large_upload_response_padding_without_exposing_it ... ok
test proxy::trojan::tests::bare_tcp_grpc_flushes_trojan_header ... ok
test proxy::trojan::tests::test_hex_sha224_known_value ... ok
test proxy::trojan::tests::test_pool_ready_streams_transport_gating ... ok
test proxy::trojan::tests::test_trojan_domain_header_encoding ... ok
test proxy::trojan::tests::test_trojan_request_header_encoding ... ok
test proxy::trojan::udp_transport_tests::trojan_udp_transport_frame_roundtrip ... ok
test proxy::tuic::tests::test_addr_codec_roundtrip ... ok
test proxy::transport::xhttp::tests::flow_control::packet_plain_vless_setup_and_first_datagram_flush_wait_for_all_bytes ... ok
test group::score::tests::performance::trustworthy_target_beats_probe_only_while_target_is_fresh ... ok
test proxy::tuic::tests::test_dial_tcp_domain_echo ... ok
test proxy::tuic::tests::test_fragmentation_and_defrag ... ok
test proxy::tuic::tests::test_fragmentation_small_packet_not_fragmented ... ok
test proxy::tuic::tests::test_udp_message_codec_roundtrip ... ok
test proxy::tuic::tests::test_dial_tcp_echo ... ok
test proxy::transport::xhttp::tests::flow_control::split_reader_and_writer_keep_independent_wakeups_under_small_windows ... ok
test proxy::tuic::tests::test_udp_transport_native_datagram_echo ... ok
test proxy::transport::xhttp::tests::lifecycle::cancelling_guarded_tls_setup_closes_pending_driver_and_releases_physical_admission ... ok
test proxy::tuic::tests::test_udp_transport_over_stream_echo ... ok
test proxy::uot::tests::codec_supports_full_packets_and_preserves_short_buffer_frames ... ok
test proxy::uot::tests::connect_request_rejects_overlong_domain ... ok
test proxy::uot::tests::decoder_preserves_coalesced_packets ... ok
test proxy::uot::tests::v1_and_v2_share_the_bounded_codec_contract ... ok
test proxy::tuic::tests::test_custom_alpn ... ok
test proxy::transport::xhttp::tests::modes::all_modes_are_writable_before_headers_and_half_close_preserves_raw_download ... ok
test proxy::tuic::tests::test_wrong_password_rejected ... ok
test proxy::vless::cool::tests::cancellation::dropping_a_pending_shutdown_still_sends_end ... ok
test proxy::tuic::tests::test_udp_session_ids_rotate_connections_before_reuse ... ok
test proxy::tuic::tests::udp_carrier_close_is_node_failure ... ok
test proxy::vless::cool::tests::cancellation::saturated_writer_still_delivers_required_end ... ok
test proxy::vless::cool::tests::cancellation::single_xudp_uses_session_id_zero ... ok
test proxy::vless::cool::tests::cancellation::stalled_carrier_writer_times_out ... ok
test proxy::vless::cool::tests::cancellation::cancelled_pending_flush_then_shutdown_sends_end ... ok
test proxy::vless::cool::tests::codec_tests::configured_active_limit_is_a_hard_semaphore ... ok
test proxy::vless::cool::tests::codec_tests::documented_xudp_new_vector_is_exact ... ok
test proxy::vless::cool::tests::codec_tests::missing_writer_ack_is_conservatively_committed ... ok
test proxy::vless::cool::tests::codec_tests::reader_accepts_payloads_larger_than_xray_writer_chunks ... ok
test proxy::vless::cool::tests::codec_tests::xudp_packet_caps_match_carrier_modes ... ok
test proxy::vless::cool::tests::session::concurrent_tcp_and_udp_share_one_atomic_writer ... ok
test proxy::vless::cool::tests::session::end_error_and_physical_eof_fail_children ... ok
test proxy::vless::cool::tests::session::fragmented_and_coalesced_responses_are_demultiplexed ... ok
test proxy::vless::cool::tests::session::keep_domain_preserves_wire_port_and_validates_identity ... ok
test proxy::vless::cool::tests::cancellation::cancelled_tcp_write_does_not_send_or_replay_bytes ... ok
test proxy::vless::cool::tests::session::malformed_xudp_keep_metadata_fails_only_its_child ... ok
test proxy::vless::cool::tests::session::new_tcp_is_flushed_for_target_speaks_first ... ok
test proxy::vless::cool::tests::cancellation::first_send_waits_for_flush_and_cancellation_never_replays ... ok
test proxy::vless::cool::tests::cancellation::pre_admission_cancel_keeps_an_active_shared_xudp_sid_usable ... ok
test proxy::vless::cool::tests::session::tcp_receive_budget_waits_for_transient_reader_backpressure ... ok
test proxy::vless::cool::tests::session::udp_receive_byte_budget_drops_excess_datagrams ... ok
test proxy::vless::cool::tests::session::session_ids_are_never_reused_and_carrier_drains_at_128 ... ok
test proxy::vless::cool::tests::session::zero_global_id_is_omitted_without_a_source_identity ... ok
test proxy::vless::encryption::tests::direct_drains_authenticated_plaintext_and_keeps_encrypted_writes ... ok
test proxy::vless::encryption::tests::direct_random_xor_continues_across_partial_headers ... ok
test proxy::vless::encryption::tests::direct_write_refuses_before_the_first_frame ... ok
test proxy::vless::cool::tests::cancellation::writer_failure_is_published_before_udp_error_acknowledgement ... ok
test proxy::vless::encryption::tests::frame_codec_round_trips_large_payload ... ok
test proxy::vless::encryption::tests::native_direct_write_passes_bytes_through_unframed ... ok
test proxy::vless::encryption::tests::oversized_first_frame_buffer_is_not_kept ... ok
test proxy::vless::encryption::tests::parses_x25519_config_and_padding ... ok
test proxy::transport::xhttp::tests::flow_control::packet_trojan_setup_and_first_datagram_flush_wait_for_all_bytes ... ok
test proxy::vless::encryption::tests::random_direct_write_xors_headers_exactly_once_across_partial_writes ... ok
test proxy::vless::encryption::tests::raw_context_derive_matches_blake3_for_utf8_context ... ok
test proxy::vless::encryption::tests::rejects_missing_or_malformed_keys_and_padding ... ok
test proxy::vless::encryption::tests::xor_stream_round_trips_across_segments ... ok
test proxy::vless::encryption::tests::xray_interop_covers_1rtt_then_0rtt ... ignored, requires HONK_VLESS_ENCRYPTION_SERVER and an Xray VLESS Encryption server
test proxy::vless::handler::stream::tests::direct_waits_for_partial_frame_and_buffered_plaintext ... ok
test proxy::vless::handler::stream::tls::tests::early_application_data_before_server_hello_ends_padding ... ok
test proxy::vless::handler::stream::tls::tests::malformed_record_after_client_hello_ends_with_long_padding ... ok
test proxy::vless::handler::stream::tls::tests::non_tls_uplink_ends_on_its_first_frame_with_short_padding ... ok
test proxy::vless::handler::stream::tls::tests::padding_ends_after_the_inspection_budget ... ok
test proxy::vless::handler::stream::tls::tests::server_hello_rejects_non_tls_and_oversized_messages ... ok
test proxy::vless::handler::stream::tls::tests::server_hello_verdict_survives_fragmentation_and_retry ... ok
test proxy::vless::handler::stream::tls::tests::undecided_prefix_keeps_padding_until_the_first_content_byte ... ok
test proxy::vless::handler::stream::tls::tests::uplink_ends_without_direct_when_the_server_is_not_xtls ... ok
test proxy::vless::cool::tests::session::source_reply_fallback_uses_first_sender_not_preparation_or_latest ... ok
test proxy::vless::handler::tests::interop::official_sing_box_and_xray_mux_interop ... ignored, requires the official sing-box and Xray executables
test proxy::vless::handler::tests::interop::official_vision_peers_switch_inner_tls_to_direct ... ignored, requires the official sing-box and Xray executables
test proxy::vless::handler::stream::tls::tests::uplink_switches_exactly_at_the_first_application_record_end ... ok
test proxy::transport::xhttp::tests::goaway::packet_up_replacement_obeys_the_published_successor_admission ... ok
test proxy::vless::handler::tests::pools::cancelled_mux_warm_dial_does_not_outlive_its_caller ... ok
test proxy::vless::handler::tests::pools::cool_c8_opens_seventeen_tcp_children_on_three_global_carriers ... ok
test proxy::vless::handler::tests::pools::cancelled_encrypted_ws_handshake_retains_credit_until_bridge_teardown ... ok
test proxy::vless::handler::tests::pools::idle_reap_preserves_warm_replacement_while_old_carrier_drains ... ok
test proxy::vless::handler::tests::pools::idle_reap_returns_carrier_credit_without_cutting_retained_or_active_sessions ... ok
test proxy::vless::handler::tests::protocol::test_parse_uuid_invalid ... ok
test proxy::vless::handler::tests::protocol::test_vless_dial_bare_tcp ... ok
test proxy::vless::handler::tests::protocol::test_vless_dial_over_ws ... ok
test proxy::vless::handler::tests::protocol::test_vless_header_domain ... ok
test proxy::vless::handler::tests::protocol::test_vless_header_ipv4 ... ok
test proxy::transport::xhttp::tests::flow_control::packet_encrypted_vless_setup_and_first_datagram_flush_wait_for_all_bytes ... ok
test proxy::vless::handler::tests::protocol::test_vless_header_ipv6 ... ok
test proxy::vless::handler::tests::protocol::test_vless_header_rejects_unsupported_flow_and_long_domain ... ok
test proxy::vless::handler::tests::protocol::reality_intent_without_key_rejects_provided_tcp_without_writing ... ok
test proxy::vless::handler::tests::protocol::vision_rejects_plaintext_before_vless_header ... ok
test proxy::vless::handler::tests::protocol::vless_mux_command_carries_no_target ... ok
test proxy::vless::handler::tests::protocol::vless_header_uses_base_flow_for_udp443_suffix ... ok
test proxy::vless::handler::tests::stream_tests::response_strip_header_and_addon ... ok
test proxy::vless::handler::tests::stream_tests::response_strip_rejects_nonzero_version ... ok
test proxy::vless::handler::tests::stream_tests::encrypted_vision_uplink_direct_sends_raw_records_after_the_command ... ok
test proxy::vless::handler::tests::stream_tests::vision_accepts_every_source_frame_boundary ... ok
test proxy::vless::handler::tests::stream_tests::vision_downstream_direct_keeps_uplink_framing_on_outer_writer ... ok
test proxy::vless::handler::tests::stream_tests::vision_one_byte_destination_buffers_preserve_payload ... ok
test proxy::vless::handler::tests::stream_tests::vision_passthrough_without_uuid_prefix ... ok
test proxy::vless::handler::tests::stream_tests::vision_sub_probe_size_streams_pass_through_raw ... ok
test proxy::vless::handler::tests::stream_tests::vision_truncated_detected_frame_ends_cleanly ... ok
test proxy::vless::handler::tests::stream_tests::vision_unknown_command_fails ... ok
test proxy::vless::handler::tests::stream_tests::vision_unpad_direct_command_switches_to_raw ... ok
test proxy::vless::handler::tests::stream_tests::vision_unpad_frames_then_raw_tail ... ok
test proxy::vless::handler::tests::protocol::vision_rejects_tls12_before_vless_header ... ok
test proxy::vless::handler::tests::stream_tests::vision_unpad_lab_frame_sequence ... ok
test proxy::vless::handler::tests::stream_tests::vision_downlink_direct_drains_buffered_tls_plaintext_before_the_raw_socket ... ok
test proxy::vless::encryption::tests::frame_buffers_are_reused_while_flowing_and_released_when_idle ... ok
test proxy::vless::handler::tests::stream_tests::vision_uplink_pads_tls_then_switches_to_raw_tcp ... ok
test proxy::vless::handler::tests::udp::interrupted_connected_send_poison_closes_with_last_owner ... ok
test proxy::vless::handler::tests::stream_tests::vision_uplink_resumes_stalled_outer_writes_and_flushes_before_direct ... ok
test proxy::vless::handler::tests::udp::test_vless_dial_lazy_response_header ... ok
test proxy::vless::mux::tests::carrier_death_wakes_full_pool_waiters_with_child_permits_held ... ok
test proxy::vless::mux::tests::carrier_failure_fans_out_and_stream_capacity_is_bounded ... ok
test proxy::vless::mux::tests::detached_session_publishes_only_on_commit ... ok
test proxy::vless::mux::tests::dropping_logical_stream_sends_cancel_reset ... ok
test proxy::vless::mux::tests::goaway_rolls_over_without_cutting_the_live_stream ... ok
test group::score::tests::budget_yield::failing_trials_pause_only_behind_a_usable_selection ... ok
test proxy::vless::mux::tests::maximum_udp_frame_cannot_exhaust_the_h2_receive_window ... ok
test proxy::vless::mux::tests::mux_refusal_distinguishes_target_status_from_http_envelope ... ok
test proxy::vless::mux::tests::padding_frames_first_sixteen_records_per_direction ... ok
test proxy::vless::mux::tests::physical_preface_matches_sing_mux ... ok
test proxy::vless::mux::tests::receive_windows_cover_every_maximum_udp_frame ... ok
test proxy::vless::handler::tests::udp::auto_native_udp_is_lazy_bounded_and_preserves_frames ... ok
test proxy::vless::mux::tests::saturated_carrier_opens_the_second_pool_slot ... ok
test proxy::vless::handler::tests::udp::direct_uot_is_lazy_and_preserves_datagrams ... ok
test proxy::vless::mux::tests::stream_request_rejects_overlong_domains ... ok
test proxy::vless::mux::tests::remote_no_error_close_keeps_half_close_failure_stream_scoped ... ok
test proxy::vless::cool::tests::session::ready_tcp_consumer_survives_a_large_carrier_burst ... ok
test proxy::vmess::tests::dropping_vmess_stream_closes_physical_transport ... ok
test proxy::vless::mux::tests::tcp_and_udp_share_plain_and_padded_h2mux_carriers ... ok
test proxy::vless::handler::tests::udp::packet_policy_precedes_every_vless_dial_path ... ok
test proxy::vmess::tests::rejected_response_header_surfaces_as_stream_error ... ok
test proxy::vmess::tests::test_auth_id_vector ... ok
test proxy::vmess::tests::test_body_chunk_roundtrip ... ok
test proxy::vmess::tests::test_chunk_nonce_layout ... ok
test proxy::vmess::tests::test_body_chunk_vectors ... ok
test proxy::vmess::tests::test_crc32_ieee ... ok
test proxy::vmess::tests::test_fnv1a32 ... ok
test proxy::vmess::tests::test_derive_cmd_key_vector ... ok
test proxy::vmess::tests::test_request_header_plain_vector ... ok
test proxy::vmess::tests::test_kdf_auth_id_key_vector ... ok
test proxy::vmess::tests::test_request_header_wire_vector ... ok
test proxy::vmess::tests::test_response_decode_vectors ... ok
test proxy::vmess::tests::test_response_header_mismatch_fails ... ok
test proxy::vmess::tests::response_header_eof_and_transport_failures_keep_scope_and_cause ... ok
test quic::boring::tests::aes_gcm_payload_size_gradient ... ok
test proxy::vmess::tests::test_vmess_dial_over_ws_handshake ... ok
test quic::boring::tests::chacha20_header_protection_mask_vector ... ok
test quic::boring::tests::cross_impl_initial_keys_match_rustls ... ok
test proxy::vmess::tests::upload_batches_a_queued_burst_and_flushes_when_input_goes_idle ... ok
test proxy::vless::mux::tests::stalled_tcp_stream_leaves_connection_credit_for_udp ... ok
test proxy::vless::mux::tests::tcp_receive_window_admits_one_megabyte_before_reads ... ok
test quic::boring::tests::ech_over_quic_fails_closed_without_server_support ... ok
test proxy::vless::encryption::tests::random_direct_large_write_keeps_bounded_chunks_and_xor_state ... ok
test proxy::vless::handler::tests::pools::h2mux_tcp_and_udp_share_one_vless_carrier ... ok
test quic::boring::tests::chacha20_handshake_and_echo ... ok
test quic::boring::tests::rfc9001_a2_client_initial_packet ... ok
test quic::boring::tests::rfc9001_a1_initial_key_vectors ... ok
test quic::brutal_tests::bdp_divides_before_u64_clamp ... ok
test quic::brutal_tests::loss_never_shrinks_window ... ok
test quic::brutal_tests::window_is_rate_times_rtt ... ok
test quic::boring::tests::interop_standard_mode ... ok
test quic::client_tests::client_config_rejects_invalid_pin ... ok
test quic::boring::tests::interop_chrome_mode_with_ech_grease ... ok
test quic::boring::tests::pin_sha256_accepts_matching_cert_and_rejects_others ... ok
test proxy::vless::mux::tests::logical_writes_wait_for_h2_flow_control ... ok
test quic::client_tests::closed_proxy_stream_is_node_failure_but_end_to_end_quic_is_not ... ok
test quic::client_tests::closed_connection_tracking_is_pruned_while_flow_state_lives ... ok
test quic::client_tests::explicit_large_mtu_enables_gso_by_default ... ok
test quic::client_tests::ephemeral_runtime_close_shuts_quic_client ... ok
test quic::client_tests::gso_batches_are_bounded ... ok
test quic::client_tests::ephemeral_guard_releases_quic_client_when_probe_is_aborted ... ok
test quic::client_tests::release_cached_keeps_client_reusable_for_a_fresh_connection ... ok
test proxy::vless::cool::tests::cancellation::carrier_failure_precedes_child_fanout_for_pending_tcp_and_udp ... ok
test quic::defrag::tests::an_expired_buffer_does_not_absorb_a_new_packet ... ok
test quic::defrag::tests::delayed_previous_cycle_fragments_do_not_collide ... ok
test quic::defrag::tests::inferred_previous_cycle_ids_never_alias ... ok
test quic::defrag::tests::malformed_fragments_do_not_advance_packet_epoch ... ok
test quic::defrag::tests::reassembly_is_bounded_and_packet_id_wrap_is_distinct ... ok
test quic::label_tests::hkdf_expand_label_rejects_labels_beyond_the_encoding ... ok
test quic::metrics::tests::activation_and_handshake_confirmation_discard_old_history ... ok
test quic::metrics::tests::heartbeat_ack_and_probe_only_traffic_cannot_publish_pressure ... ok
test quic::metrics::tests::invalid_probe_send_counters_restart_the_observation_window ... ok
test quic::metrics::tests::mapped_ipv4_retains_current_pressure_streak ... ok
test quic::metrics::tests::native_datagram_pressure_excludes_probe_sends_not_probe_losses ... ok
test quic::metrics::tests::peer_tuple_changes_reseed_and_switch_family ... ok
test quic::metrics::tests::receive_only_datagrams_do_not_turn_ack_losses_into_send_pressure ... ok
test quic::client_tests::warm_quic_starts_feedback_before_blocked_stream_open ... ok
test quic::metrics::tests::runtime_activation_reseeds_a_confirmed_carrier ... ok
test quic::packet_transport::poller_tests::dropping_a_waiting_poller_releases_its_reserved_slot ... ok
test quic::packet_transport::poller_tests::empty_packet_flood_does_not_monopolize_the_runtime ... ok
test quic::metrics::tests::repeated_monitor_activation_preserves_current_pressure_streak ... ok
test quic::packet_transport::poller_tests::stored_send_error_beats_an_exhausted_budget ... ok
test quic::packet_transport::poller_tests::ready_burst_beyond_the_queue_reaches_a_live_consumer ... ok
test quic::packet_transport::poller_tests::writable_reports_a_closed_queue_as_broken_pipe ... ok
test quic::packet_transport::poller_tests::writable_waits_for_queue_space_then_wakes ... ok
test quic::packet_transport::poller_tests::writable_readiness_charges_the_cooperative_budget ... ok
test quic::packet_transport::probe_tests::endpoint_close_keeps_worker_panic_failure_after_first_join ... ok
test quic::packet_transport::poller_tests::wrong_peer_flood_does_not_monopolize_the_runtime ... ok
test quic::packet_transport::probe_tests::endpoint_close_retains_quinn_driver_panic_in_both_owners ... ok
test quic::packet_transport::probe_tests::endpoint_retains_worker_cause_and_rejection ... ok
test quic::packet_transport::probe_tests::packet_rejection_survives_transport_error_storage ... ok
test quic::packet_transport::probe_tests::packet_transport_confirms_only_the_first_datagram ... ok
test quic::packet_transport::probe_tests::packet_transport_congestion_drops_only_one_datagram ... ok
test quic::packet_transport::probe_tests::packet_transport_failures_surface ... ok
test quic::packet_transport::probe_tests::packet_transport_socket_accepts_full_cone_reply_metadata ... ok
test quic::packet_transport::probe_tests::packet_transport_socket_is_peer_pinned_and_family_matched ... ok
test quic::packet_transport::probe_tests::silent_handshake_timeout_does_not_retire_health_owner ... ok
test quic::client_tests::real_quic_loser_connection_closes_when_fallback_wins ... ok
test proxy::vless::cool::tests::session::unread_tcp_child_does_not_block_siblings ... ok
test quic::path_health_tests::ack_progress_clears_wait_and_stale_completion_cannot_rearm ... ok
test quic::path_health_tests::aggregate_bdp_does_not_train_stream_window ... ok
test quic::path_health_tests::blocked_frames_raise_windows_below_the_rtt_gate ... ok
test quic::path_health_tests::completed_send_does_not_restart_an_open_no_ack_clock ... ok
test quic::path_health_tests::completed_sends_without_new_packets_leave_the_no_ack_clock_stopped ... ok
test quic::path_health_tests::concurrent_send_completion_keeps_earliest_baseline ... ok
test quic::path_health_tests::configured_window_does_not_start_cooldown ... ok
test quic::path_health_tests::credit_stalls_preserve_but_do_not_advance_promotion ... ok
test quic::path_health_tests::historical_losses_do_not_count_as_current_unacked_sends ... ok
test quic::path_health_tests::metric_tracker_counts_post_close_reads_once ... ok
test quic::path_health_tests::retirement_needs_a_full_no_ack_grace_and_enough_unacked_sends ... ok
test quic::path_health_tests::sampling_during_state_mutation_keeps_the_no_ack_clock ... ok
test quic::path_health_tests::send_deadline_is_bounded_by_rtt ... ok
test quic::path_health_tests::sustained_high_bdp_promotes_with_cooldown_and_cap ... ok
test reality::tests::parse_config_none_without_reality_intent ... ok
test reality::tests::parse_config_rejects_reality_intent_without_nonblank_key ... ok
test reality::tests::parse_config_sni_fallback_and_errors ... ok
test reality::tests::public_key_decode_variants ... ok
test reality::tests::session_id_binds_full_client_hello ... ok
test reality::tests::session_id_matches_reference_vector ... ok
test reality::tests::short_id_boundaries ... ok
test quic::packet_transport::probe_tests::zero_timeout_close_does_not_surface_adapter_error ... ok
test quic::client_tests::force_close_covers_connection_cached_by_in_flight_dial ... ok
test quic::client_tests::dead_warm_quic_reconnect_waits_for_limit_one ... ok
test reality::wire_tests::repeated_client_hello_is_rejected_without_resealing ... ok
test reality::wire_tests::cancelling_classical_handshake_drops_the_replacement_socket ... ok
test reality::wire_tests::setup_deadline_includes_initial_dial_admission ... ok
test reality::wire_tests::invalid_ed25519_hmac_and_tls_errors_never_retry ... ok
test reality::wire_tests::second_authentication_failure_is_final_without_application_data ... ok
test quic::boring::tests::pin_config_never_resumes_cached_ticket ... ok
test runtime::tests::anytls_connector_is_lazy_shared_and_generation_local ... ok
test runtime::tests::build_reusing_ignores_parse_timestamps ... ok
test runtime::tests::build_reusing_reuses_unchanged_nodes_and_reports_them ... ok
test runtime::tests::cancelled_last_quic_release_still_clears_the_client_slot ... ok
test runtime::tests::cancelled_quic_publish_before_slot_lock_changes_nothing ... ok
test runtime::tests::dial_admission::cancelled_parallel_waits_preserve_siblings_without_sticky_capacity ... ok
test runtime::tests::dial_admission::cold_replacement_retains_shared_scope_admission ... ok
test runtime::tests::dial_admission::cold_replacement_without_retained_credit_waits_for_admission ... ok
test runtime::tests::dial_admission::nested_physical_setups_share_progress_but_release_independent_permits ... ok
test reality::wire_tests::mask_retries_fresh_classical_and_only_authenticated_stream_carries_data ... ok
test runtime::tests::dial_admission::overlapping_generations_bound_physical_address_attempts ... ok
test quic::boring::tests::rejected_ticket_is_evicted ... ok
test runtime::tests::dial_admission::replacement_failure_and_cancellation_release_transferred_admission ... ok
test runtime::tests::dial_admission::started_dials_do_not_reclassify_later_waits_as_unstarted_capacity ... ok
test runtime::tests::dial_admission::overlapping_generations_share_the_startup_dial_ceiling ... ok
test runtime::tests::fallible_factory_tests::try_ephemeral_rejects_intrinsic_invalidity_before_identity ... ok
test runtime::tests::fallible_factory_tests::try_ephemeral_rejects_nil_id_before_building ... ok
test runtime::tests::fallible_factory_tests::try_ephemeral_rejects_stale_id_before_cloning ... ok
test runtime::tests::generation_shutdown_joins_background_jobs_without_native_tracking ... ok
test runtime::tests::quic_runtime_close_covers_client_and_rejects_new_builds ... ok
test runtime::tests::registry_admission_rechecks_dns_fork_source_state ... ok
test runtime::tests::registry_admission_rejects_invalid_collections ... ok
test runtime::tests::retirement_is_terminal_and_shutdown_remains_idempotent ... ok
test runtime::tests::dial_admission::one_dial_permit_serializes_real_tcp_fallbacks ... ok
test runtime::tests::reused_runtime_is_closed_by_the_new_owner_only_after_commit ... ok
test runtime::tests::speculative_quic_publish_keeps_a_concurrent_incumbent ... ok
test runtime::tests::udp_capability_matrix ... ok
test runtime::tests::vless_runtime::cold_http_and_udp_probes_share_exhausted_generation_and_dns_carrier_gate ... ok
test runtime::tests::vless_runtime::parsed_equivalent_vless_udp_fallbacks_reuse_runtime ... ok
test runtime::tests::vless_runtime::reload_and_dns_share_the_startup_vless_carrier_ceiling ... ok
test runtime::tests::vless_runtime::separate_cool_warm_transitions_preserve_opposite_child_admission ... ok
test runtime::tests::vless_runtime::vless_probe_readiness_uses_the_requested_path ... ok
test runtime::tests::vless_runtime::vless_registry_builds_only_selected_path_pools ... ok
test runtime::tests::vless_runtime::vless_runtime_reuse_is_path_exact ... ok
test runtime::tests::vless_runtime::vless_source_id_normalizes_client_and_partitions_scope ... ok
test runtime::tests::vless_runtime::zero_vless_carrier_ceiling_remains_zero_for_cold_probes ... ok
test runtime::tests::warm_resources_report_session_state_only ... ok
test runtime::tests::warm_retention_releases_only_after_last_owner ... ok
test quic::packet_transport::probe_tests::handshake_crosses_packet_transport_adapter ... ok
test runtime::tests::xhttp_runtime::exhausted_xhttp_admission_preserves_capacity_and_cancellation_feedback ... ok
test runtime::tests::retirement_releases_cached_non_flow_state ... ok
test runtime::tests::dns_fork_owns_sessions_but_preserves_dial_limits ... ok
test runtime::tests::xhttp_runtime::losing_xhttp_udp_preparation_preserves_shared_warm_carrier ... ok
test proxy::transport::xhttp::tests::flow_control::packet_flush_coalesces_datagrams_during_post_pacing ... ok
test runtime::tests::xhttp_runtime::retired_xhttp_runtime_rejects_provisional_winner_without_publishing ... ok
test runtime::tests::xhttp_runtime::xhttp_ownership_survives_reload_but_dns_and_ephemeral_are_independent ... ok
test runtime::tests::xhttp_runtime::xhttp_session_warming_establishes_the_selected_vless_mux_pool ... ok
test runtime::tests::xhttp_runtime::xhttp_physical_warm_retention_maintenance_and_shutdown ... ok
test session::tests::admission::successful_offer_releases_reusable_admission_permit ... ok
test session::tests::lifecycle::a_stream_between_two_janitor_ticks_still_resets_the_idle_age ... ok
test session::tests::lifecycle::caller_cancel_does_not_stop_shared_dial ... ok
test session::tests::lifecycle::closed_sessions_are_pruned ... ok
test session::tests::lifecycle::dead_on_arrival_session_engages_the_breaker ... ok
test session::tests::lifecycle::dial_backoff_is_capped ... ok
test session::tests::lifecycle::dial_failures_back_off ... ok
test session::tests::lifecycle::dial_panic_wakes_waiters_and_reelects ... ok
test session::tests::lifecycle::dial_single_flight ... ok
test session::tests::lifecycle::janitor_preserves_and_replenishes_warm_carriers_while_old_streams_drain ... ok
test session::tests::lifecycle::manual_closed_pruning_wakes_capacity_waiters_without_reaping_idle_sessions ... ok
test session::tests::lifecycle::max_age_drain_wakes_waiters_with_live_children ... ok
test session::tests::lifecycle::max_age_drains_and_janitor_closes_empty_session ... ok
test session::tests::lifecycle::retirement_rejects_new_work_but_drains_live_sessions ... ok
test session::tests::lifecycle::shared_dial_waiters_preserve_typed_capacity_rejection ... ok
test session::tests::lifecycle::shutdown_after_retirement_force_closes_live_sessions ... ok
test session::tests::lifecycle::shutdown_before_ensure_does_not_register_janitor_or_prewarm ... ok
test session::tests::lifecycle::shutdown_before_first_janitor_poll_exits_without_mutating_pool ... ok
test session::tests::lifecycle::shutdown_closes_everything ... ok
test session::tests::lifecycle::shutdown_during_dial_factory_never_polls_dial ... ok
test session::tests::lifecycle::shutdown_wakes_leader_and_waiters ... ok
test runtime::tests::xhttp_runtime::speculative_udp_publishes_only_winner_and_loser_closes_physical_carrier ... ok
test session::tests::lifecycle::warm_retention_pins_one_idle_session_until_release ... ok
test session::tests::lifecycle::warm_unpin_wakes_waiters_without_cutting_live_children ... ok
test session::tests::scheduling::draining_sessions_do_not_block_a_replacement_dial ... ok
test session::tests::scheduling::least_loaded_is_offered ... ok
test session::tests::scheduling::offer_dials_once_and_reuses ... ok
test session::tests::scheduling::offer_registers_before_checking_capacity ... ok
test session::tests::scheduling::pre_reservation_drain_does_not_close_live_session ... ok
test session::tests::scheduling::saturated_session_wakes_when_its_permit_is_released ... ok
test session::tests::scheduling::spread_sessions_preserves_capacity_rejection_without_backoff ... ok
test session::tests::scheduling::spread_sessions_fills_idle_capacity_before_multiplexing ... ok
test session::tests::scheduling::stream_capacity_race_is_a_health_neutral_refusal ... ok
test runtime::tests::xhttp_runtime::one_dial_credit_opens_two_limit_one_carriers_without_retaining_setup_admission ... ok
test session::tests::scheduling::spread_sessions_reuses_busy_session_when_extra_dial_fails ... ok
test session::tests::scheduling::warm_session_starts_feedback_before_blocked_open ... ok
test session::tests::speculative::detached_batch_commit_publishes_all_sessions_once ... ok
test session::tests::speculative::detached_batch_commit_publishes_draining_members_without_charging_capacity ... ok
test session::tests::speculative::detached_capacity_refusal_is_health_neutral_and_rolls_back ... ok
test session::tests::speculative::detached_batch_commit_rejects_terminal_or_invalid_member_without_partial_publication ... ok
test session::tests::speculative::detached_checkout_shutdown_closes_attached_session_and_rejects_commit ... ok
test session::tests::speculative::detached_commit_inserts_once_into_the_captured_pool ... ok
test session::tests::speculative::detached_commit_wakes_all_eligible_waiters_without_oversubscribing ... ok
test session::tests::speculative::detached_commit_preserves_inflight_normal_dial_slot ... ok
test session::tests::speculative::detached_first_permit_release_wakes_offer_and_speculative_waiters ... ok
test session::tests::speculative::normal_dial_publication_wakes_a_speculative_capacity_waiter ... ok
test session::tests::speculative::provisional_slot_does_not_block_normal_offer ... ok
test session::tests::speculative::shared_checkout_reserves_its_stream_permit_atomically ... ok
test session::tests::speculative::detached_winners_at_capacity_publish_drain_only_without_disturbing_incumbents ... ok
test session::tests::speculative::speculative_checkout_cancellation_releases_blocked_dial_slot ... ok
test tls::batch_read_tests::eof_delivers_partial_then_zero ... ok
test session::tests::speculative::speculative_checkout_registers_before_checking_capacity ... ok
test tls::batch_read_tests::preserves_error_after_batched_bytes ... ok
test tls::pin_tests::non_tls_node_connector_returns_error ... ok
test tls::batch_read_tests::read_larger_than_inner_chunks ... ok
test tls::pin_tests::invalid_pin_fails_closed ... ok
test tls::pin_tests::parse_pin_sha256_variants ... ok
test tls::tests::decode_ech_base64_variants ... ok
test tls::tests::discover_ech_config_caches_positive_and_negative ... ok
test reality::wire_tests::supplied_fallback_waits_for_capacity_without_spending_sibling_credit ... ok
test session::tests::admission::late_janitor_start_uses_rebound_generation_limit ... ok
test group::score::tests::evaluation::a_hundred_members_reach_bounded_comparisons_at_moderate_traffic ... ok
test quic::boring::tests::session_resumption_reuses_ticket ... ok
test tls::tests::ech_accepted_end_to_end ... ok
test tls::tests::ech_discovery_end_to_end ... ok
test tls::tests::root_store_clones_share_one_store ... ok
test group::score::tests::evidence::only_newer_business_rx_restores_incumbent_protection ... ok
test tls::tests::connectors_share_the_process_root_store ... ok
test tls::tests::verifying_connector_rejects_an_untrusted_certificate ... ok
test transport_quality::tcp::tests::truncated_kernel_fields_remain_unknown_instead_of_zero_measurements ... ok
test transport_quality::tests::outgoing_loss_is_independent_of_rtt_but_requires_payload_and_packet_volume ... ok
test transport_quality::tests::runtime_coalesces_carriers_and_disabled_history_cannot_publish ... ok
test transport_quality::tests::trained_rtt_requires_sustain_and_rearms_without_refreshing_a_continuing_episode ... ok
test transport_quality::tests::unknown_idle_resets_and_out_of_order_samples_do_not_invent_episodes ... ok
test tls::tests::ech_rejected_when_server_lacks_keys ... ok
test urltest::direct_urltest_tests::direct_urltest_routes_the_full_requested_target ... ok
test urltest::direct_urltest_tests::native_request_normalizes_query_only_target ... ok
test urltest::fallible_probe_tests::try_probe_runtime_rejects_stale_id_before_warm_lookup ... ok
test urltest::tests::c25_urltest_authority_boundaries ... ok
test urltest::resolver_hook_tests::hook_supplies_addresses_and_preserves_rejection ... ok
test urltest::tests::cold_anytls_warms_before_measurement ... ok
test urltest::tests::cold_quic_protocols_warm_before_measurement ... ok
test urltest::tests::cold_vless_mux_warm_failure_skips_measurement ... ok
test urltest::tests::cold_vless_mux_warms_before_measurement ... ok
test urltest::tests::http1_uses_configured_method_target_and_authority ... ok
test urltest::tests::http2::cancelling_stalled_h2_probe_drops_its_driver_stream ... ok
test urltest::tests::http2::h2_falls_back_only_for_graceful_goaway ... ok
test tls::tests::dials_share_one_context_per_shape ... ok
test tls::tests::xhttp_tls_rejects_missing_h2_but_raw_tls_preserves_no_alpn ... ok
test urltest::tests::http2::h2_rejected_headers_cannot_be_overridden_by_remote_refusal ... ok
test urltest::tests::http2::h2_rejects_bad_warm_status ... ok
test tls::tests::probe_connector_negotiates_h2_and_http1 ... ok
test urltest::tests::http_probe_request_preserves_uri_and_validates_inputs ... ok
test runtime::tests::xhttp_runtime::cancelled_speculative_udp_tls_establishment_releases_socket_and_carrier_permit ... ok
test urltest::tests::malformed_truncated_or_oversized_response_is_not_a_fallback_success ... ok
test reality::wire_tests::targeted_h2_and_raw_reality_profiles_negotiate_and_authenticate ... ok
test tls::tests::handshake_standard_and_chrome ... ok
test urltest::tests::test_exchange_http1_bad_status_on_second_request_fails ... ok
test urltest::tests::test_exchange_http1_falls_back_when_server_closes ... ok
test urltest::tests::score::head_fallback_does_not_certify_the_configured_get_latency ... ok
test urltest::tests::http2::h2_uses_configured_method_target_and_authority ... ok
test tls::tests::pin_is_not_bypassed_by_a_cached_unpinned_context ... ok
test urltest::tests::test_urltest_group_does_not_penalize_resolver_rejection ... ok
test urltest::tests::test_urltest_node_failure ... ok
test urltest::tests::http2::h2_falls_back_only_for_remote_refused_stream ... ok
test urltest::tests::try_probe_runtime_reuses_only_warm_or_stateless_nodes ... ok
test urltest::tests::partial_measured_response_timeout_is_not_a_fallback_success ... ok
test urltest::tests::test_urltest_node_https_requires_tls ... ok
test urltest::tests::vless_probe_runtime_keeps_cold_udp_pool_ephemeral_without_penalizing_tcp ... ok
test urltest::tests::urltest_distinguishes_domain_and_address_targets ... ok
test urltest::tests::urltest_group_failures_do_not_advance_real_dial_streaks ... ok
test proxy::anytls::tests::streams::test_bulk_50mb ... ok
test urltest::tests::hysteria2_excludes_pre_write_dial_time ... ok
test proxy::transport::xhttp::tests::lifecycle::ordinary_tls_setup_deadline_releases_carrier_and_allows_another_physical_dial ... ok
test urltest::tests::test_exchange_http1_slow_second_request_falls_back ... ok
test quic::packet_transport::probe_tests::successful_probe_close_logs_no_endpoint_error ... ok
test urltest::tests::test_exchange_http1_reports_the_second_round_trip ... ok
test urltest::tests::test_exchange_http1_reports_warm_round_trip ... ok
test urltest::tests::cold_quic_warm_time_is_not_reported ... ok
test proxy::shadowsocks::stream::tests::poll_write_contract_under_backpressure ... ok
test quic::client_tests::adaptive_profile_updates_live_connection_windows ... ok
test reality::wire_tests::setup_deadline_includes_the_replacement_handshake ... ok
test transport_quality::tcp::tests::observed_tcp_loopback_preserves_cancelled_reads_payload_and_half_close ... ok
test urltest::tests::http2::h2_keeps_cancelled_warm_stream_until_measurement_finishes ... ok
test alive::tests::health_shutdown_drains_nested_probe_and_stops_loop ... ok
test proxy::hysteria2::tests::test_dial_tcp_does_not_wait_for_response ... ok
test bootstrap::tests::silent_aaaa_keeps_a_answer_within_family_budget ... ok
test proxy::hysteria2::tests::test_salamander_wrong_obfs_password_rejected ... ok

test result: ok. 1118 passed; 0 failed; 5 ignored; 0 measured; 0 filtered out; finished in 3.41s

     Running tests/feature_boundary.rs (/root/.herdr/worktrees/honk/feat-native-api/target/debug/deps/feature_boundary-ae0ff7570d8e36fc)

running 0 tests

test result: ok. 0 passed; 0 failed; 0 ignored; 0 measured; 0 filtered out; finished in 0.00s

     Running tests/tls_transport_alpn.rs (/root/.herdr/worktrees/honk/feat-native-api/target/debug/deps/tls_transport_alpn-0a5d619b5c03622f)

running 5 tests
test direct_quic_config_rejects_tcp_alpn ... ok
test direct_tcp_dial_rejects_ignored_alpn ... ok
test connector_applies_explicit_alpn_and_preserves_profile_defaults ... ok
test xhttp_tls_offers_only_h2_with_default_or_explicit_alpn ... ok
test trojan_grpc_tls_negotiates_h2_and_exchanges_payload ... ok

test result: ok. 5 passed; 0 failed; 0 ignored; 0 measured; 0 filtered out; finished in 0.54s

     Running tests/vless_udp.rs (/root/.herdr/worktrees/honk/feat-native-api/target/debug/deps/vless_udp-f712313cc1db360f)

running 4 tests
test official_xray_and_sing_box_vless_udp_loopback_interop ... ignored, requires explicit HONK_XRAY_BIN and HONK_SING_BOX_BIN official executables
test reality::official_xray_reality_authenticates_first_connection_and_rejects_wrong_key ... ignored, requires explicit HONK_XRAY_BIN official executable
test xhttp::official_xray_xhttp_h2_tls_and_reality_tcp_native_xudp ... ignored, requires explicit HONK_XRAY_BIN official executable
test xhttp::independent_xhttp_h2_peer_preserves_uot_v2_datagrams ... ok

test result: ok. 1 passed; 0 failed; 3 ignored; 0 measured; 0 filtered out; finished in 0.14s

   Doc-tests honk_outbound

running 0 tests

test result: ok. 0 passed; 0 failed; 0 ignored; 0 measured; 0 filtered out; finished in 0.00s


outbound-ci: ALL GREEN
   Compiling honk-outbound v0.0.1-alpha (/root/code/honk-cse-bench/crates/honk-outbound)
    Finished `dev` profile [unoptimized + debuginfo] target(s) in 10.93s
     Running benches/group_selection.rs (/root/.herdr/worktrees/honk/feat-native-api/target/debug/deps/group_selection-e6b852c4ea92ae40)
Gnuplot not found, using plotters backend
Testing group_selection/direct_selector_plan
Success
Testing group_selection/score_cold_target_plan
Success
Testing group_selection/score_trained_target_plan
Success
Testing group_selection/load_balance_tcp
Success
Testing group_selection/fallback_tcp
Success
Testing group_selection/score_peek_64
Success
Testing group_selection/clean_health_success
Success

