    Blocking waiting for file lock on package cache
    Blocking waiting for file lock on package cache
    Blocking waiting for file lock on package cache
   Compiling honk-core v0.0.1-alpha (/root/.herdr/worktrees/honk/perf-ir/crates/honk-core)
   Compiling honk-config v0.0.1-alpha (/root/.herdr/worktrees/honk/perf-ir/crates/honk-config)
   Compiling honk-tool v0.0.1-alpha (/root/.herdr/worktrees/honk/perf-ir/crates/honk-tool)
   Compiling honk-outbound v0.0.1-alpha (/root/.herdr/worktrees/honk/perf-ir/crates/honk-outbound)
   Compiling honk-ebpf-common v0.0.1-alpha (/root/.herdr/worktrees/honk/perf-ir/crates/honk-ebpf-common)
   Compiling honk-nfqueue v0.0.1-alpha (/root/.herdr/worktrees/honk/perf-ir/crates/honk-nfqueue)
    Finished `test` profile [unoptimized] target(s) in 1m 23s
     Running unittests src/lib.rs (target/debug/deps/honk_config-e0cf9173aa68b238)

running 142 tests
test config::builtin_nodes_tests::test_from_json_accepts_legacy_null_dns_routing_fields ... ok
test config::builtin_nodes_tests::test_ensure_builtin_nodes_injects_direct_and_block_once ... ok
test config::builtin_nodes_tests::test_validate_rejects_invalid_structured_dns_client_subnet ... ok
test config::builtin_nodes_tests::test_validate_rejects_invalid_structured_dns_bind_clearly ... ok
test config::builtin_nodes_tests::test_builtin_node_resolves_registered_or_fresh ... ok
test config::builtin_nodes_tests::test_validate_rejects_zero_check_interval ... ok
test config::builtin_nodes_tests::test_validate_requires_absolute_data_dir ... ok
test dns::tests::dns_bind_bare_numeric_is_udp_and_semantically_canonical ... ok
test dns::tests::dns_bind_rejects_undocumented_or_malformed_forms ... ok
test config::builtin_nodes_tests::test_validate_rejects_invalid_subscriptions ... ok
test config::builtin_nodes_tests::test_validate_rejects_reserved_builtin_names_and_protocols ... ok
test config::builtin_nodes_tests::test_validate_rejects_unknown_dial_mode ... ok
test config::builtin_nodes_tests::test_validate_rejects_unknown_outbounds ... ok
test config::builtin_nodes_tests::test_validate_rejects_datapath_reserved_routing_marks ... ok
test config::builtin_nodes_tests::test_validate_rejects_unknown_transport ... ok
test dns::tests::dns_client_subnet_parses_fixed_and_auto_modes ... ok
test config::builtin_nodes_tests::test_from_file_preserves_renamed_honk_policy_error ... ok
test dns::tests::missing_cache_section_uses_nonzero_defaults ... ok
test config::builtin_nodes_tests::test_validate_accepts_supported_dns_bind ... ok
test dns::tests::missing_strategy_uses_both_for_serde_configs ... ok
test config::builtin_nodes_tests::test_validate_rejects_reserved_group_ordinal_overflow ... ok
test dns::tests::dns_client_subnet_rejects_ambiguous_values ... ok
test dns::tests::dns_bind_supported_forms_select_exact_transports ... ok
test dns::tests::hosts_sources_are_serde_defaulted_and_accept_legacy_true ... ok
test dns::tests::resolved_client_subnet_is_runtime_only ... ok
test config::builtin_nodes_tests::test_validate_rejects_vless_mode_conflicts ... ok
test config::builtin_nodes_tests::test_validate_accepts_group_and_builtin_outbounds ... ok
test config::builtin_nodes_tests::test_validate_rejects_derived_id_conflicts ... ok
test config::builtin_nodes_tests::test_validate_rejects_node_group_name_collision ... ok
test config::builtin_nodes_tests::test_validate_rejects_bare_node_outbounds ... ok
test dns::tests::test_default_dns_config_works ... ok
test dns::tests::legacy_conversion_preserves_rule_order_and_matcher_kind ... ok
test dns::tests::dns_bind_is_serde_defaulted_and_empty_disables_it ... ok
test dns::tests::test_dns_request_action_parse ... ok
test dns::tests::test_dns_response_action_parse ... ok
test dns::tests::test_legacy_conversion ... ok
test config::builtin_nodes_tests::test_ensure_local_direct_rules_injects_refreshes_and_is_idempotent ... ok
test dns::tests::test_fixed_domain_ttl_serde ... ok
test dns::tests::test_legacy_rules_serde_backcompat ... ok
test dns::tests::zero_cache_size_remains_accepted_for_runtime_clamping ... ok
test dns::tests::test_parse_qtype_token ... ok
test node::tests::test_derive_id_is_content_derived ... ok
test node::tests::test_group_policy_serde_lowercase ... ok
test node::tests::test_group_policy_serde_rejects_legacy_honk ... ok
test node::tests::test_vless_mode_serde_and_default ... ok
test parser::tests::node_parse_diagnostic_redacts_share_link_credentials ... ok
test node::tests::test_tls_alpn_validation_boundaries_and_context ... ok
test node::tests::test_tls_alpn_identity_is_ordered_and_framed ... ok
test parser::tests::hosts_sources_default_off_and_collect_repeated_values ... ok
test parser::tests::parser_tests::test_global_check_tolerance_applies_to_dae_urltest_groups ... ok
test parser::tests::parser_tests::test_from_file_preserves_timer_diagnostics ... ok
test parser::tests::parser_tests::test_node_section_rejects_removed_protocols_and_standalone_mux ... ok
test node::tests::test_vless_mode_identity ... ok
test parser::tests::parser_tests::test_parse_anytls_node ... ok
test parser::tests::parser_tests::test_include_preserves_timer_diagnostics ... ok
test parser::tests::parser_tests::test_millisecond_duration_compat_entry_logs_warning ... ok
test parser::tests::parser_tests::test_parse_dns_upstream ... ok
test parser::tests::parser_tests::test_parse_dns_client_subnet ... ok
test parser::tests::max_concurrent_dials_defaults_and_parses ... ok
test parser::tests::parser_tests::test_parse_dns_bind_scalar_and_current_dae_bare_udp ... ok
test parser::tests::parser_tests::test_parse_dns_upstream_tls_server_name ... ok
test parser::tests::parser_tests::test_parse_data_dir ... ok
test parser::tests::parser_tests::test_parse_dns_bind_rejects_invalid_values_clearly ... ok
test node::tests::test_protocol_identity_goldens ... ok
test parser::tests::parser_tests::test_parse_global_section ... ok
test parser::tests::parser_tests::test_parse_legacy_honk_group_policy_is_actionable ... ok
test parser::tests::parser_tests::test_parse_ip_routing_rules ... ok
test parser::tests::parser_tests::test_parse_multiline_routing_matcher ... ok
test parser::tests::parser_tests::test_parse_group_policies_loadbalance_fallback ... ok
test parser::tests::parser_tests::test_parse_experimental_section ... ok
test parser::tests::parser_tests::test_parse_full_global ... ok
test parser::tests::parser_tests::test_millisecond_durations_keep_the_default_and_return_diagnostics ... ok
test parser::tests::parser_tests::test_parse_domain_condition_prefixes ... ok
test parser::tests::parser_tests::test_parse_nodes ... ok
test parser::tests::parser_tests::test_parse_store_subscribe ... ok
test parser::tests::parser_tests::test_parse_subscriptions ... ok
test parser::tests::parser_tests::test_parse_subscription_user_agent_forms ... ok
test parser::tests::parser_tests::test_parse_unknown_group_policy_remains_selector ... ok
test parser::tests::parser_tests::test_parse_routing_rules ... ok
test parser::tests::parser_tests::test_timer_diagnostic_survives_later_parse_error ... ok
test parser::tests::parser_tests::test_parse_score_group_policy_case_insensitively ... ok
test parser::tests::parser_tests::test_parse_vless_mode_link ... ok
test parser::tests::parser_tests::test_parse_wan_only_global ... ok
test parser::tests::preconnect_node_count_defaults_to_auto_and_zero_disables ... ok
test parser::tests::parser_tests::test_structured_fallback_discards_only_abandoned_dae_diagnostics ... ok
test parser::tests::test_filter_ordinal_skips_subgroup_declarations ... ok
test parser::tests::test_group_filter_diagnostics_do_not_echo_the_filter ... ok
test parser::tests::test_dae_writer_rejects_dae_extension_without_touching_source ... ok
test parser::tests::test_group_filter_multi_tags_comma_and_pipe ... ok
test parser::tests::test_group_filter_unquoted_hash ... ok
test parser::tests::parser_tests::test_canonical_nfqueue_setting_wins_over_legacy ... ok
test parser::tests::test_group_tags_serde_string_and_array ... ok
test parser::tests::test_group_filter_unterminated_group ... ok
test parser::tests::parser_tests::test_legacy_nfqueue_setting_migrates_to_global ... ok
test parser::tests::test_parse_dns_request_ignores_sub ... ok
test parser::tests::test_parse_dns_accepted_invalid_values_keep_fallbacks ... ok
test parser::tests::test_parse_dns_request_routing_negation ... ok
test parser::tests::test_parse_dns_request_response_order_is_first_match_relevant ... ok
test parser::tests::parser_tests::test_parse_group_nested_group_filter ... ok
test parser::tests::test_parse_dns_request_routing_qname ... ok
test parser::tests::test_dae_dns_rules_are_not_silently_dropped_by_structured_writer ... ok
test parser::tests::test_parse_dns_request_routing_qtype ... ok
test parser::tests::test_parse_dns_response_routing ... ok
test parser::tests::test_parse_dns_stale_reply_ttl_invalid_uses_default_and_diagnostic ... ok
test parser::tests::test_parse_dns_stale_reply_ttl_numeric_value_has_no_diagnostic ... ok
test parser::tests::test_parse_dns_zero_max_cache_size_is_preserved_for_runtime_clamp ... ok
test parser::tests::test_parse_dns_request_routing_reject_asis ... ok
test parser::tests::test_parse_fixed_domain_ttl ... ok
test parser::tests::test_parse_dns_request_routing_sip ... ok
test parser::tests::test_parse_ipversion_prefer_maps_to_prefer_variants ... ok
test parser::tests::test_parse_route_negation_bare_prefix_forms ... ok
test parser::tests::test_parse_route_negation_production_rule ... ok
test parser::tests::test_parse_route_negation_matrix ... ok
test parser::tests::test_quoted_and_in_filter_is_reported_as_unparseable ... ok
test parser::tests::test_unparseable_fixed_domain_ttl_is_skipped_and_returns_a_diagnostic ... ok
test parser::tests::test_unparseable_dns_cache_numbers_use_the_fallback_and_return_diagnostics ... ok
test parser::tests::test_unknown_group_policy_returns_a_diagnostic_without_the_text ... ok
test parser::tests::test_parse_group_check_url ... ok
test parser::tests::test_routing_condition_not_serde_defaults ... ok
test parser::tests::test_unparseable_group_filter_returns_a_diagnostic ... ok
test parser::tests::test_unparseable_second_durations_use_the_fallback_and_return_diagnostics ... ok
test parser::tests::udp_warm_node_count_defaults_to_strictly_disabled ... ok
test parser::tests::test_unparseable_so_mark_uses_the_fallback_and_returns_a_diagnostic ... ok
test parser::tests::test_parse_dns_request_routing_qname_and_qtype ... ok
test parser::tests::test_unterminated_group_filter_returns_a_diagnostic ... ok
test parser::tests::test_parse_dns_duplicate_sections_preserve_source_order ... ok
test paths::tests::artifacts_honor_a_custom_data_directory ... ok
test routing::tests::clash_rule_parts_picks_first_condition_kind ... ok
test parser::tests::test_group_filter_trailing_comment ... ok
test parser::tests::test_unparseable_ports_use_the_fallback_and_return_diagnostics ... ok
test routing::tests::structured_complex_outbound_is_rejected ... ok
test paths::tests::absolute_paths_stay_explicit ... ok
test parser::tests::udp_warm_node_count_parses_zero_and_rejects_invalid_values ... ok
test paths::tests::legacy_resolution_prefers_configured_then_old_root_then_caller ... ok
test parser::tests::test_unrecognised_booleans_are_false_and_return_diagnostics ... ok
test parser::tests::test_parse_dns_upstream_aliases_are_equivalent ... ok
test parser::tests::test_parse_group_default_key ... ok
test parser::tests::test_unparseable_ipversion_prefer_uses_the_fallback_and_returns_a_diagnostic ... ok
test parser::tests::parser_tests::test_parse_example_dae ... ok
test parser::tests::test_group_name_filter_exact_multi_and_regex ... ok
test parser::tests::parser_tests::test_parse_groups ... ok
test parser::tests::test_group_subscription_filter_exact_regex_and_compound ... ok

test result: ok. 142 passed; 0 failed; 0 ignored; 0 measured; 0 filtered out; finished in 0.01s

     Running tests/example_configs.rs (target/debug/deps/example_configs-9e44336f26cd44d8)

running 3 tests
test test_config_min_dae_parses ... ok
test test_config_dae_parses ... ok
test test_example_dae_parses ... ok

test result: ok. 3 passed; 0 failed; 0 ignored; 0 measured; 0 filtered out; finished in 0.01s

     Running tests/include.rs (target/debug/deps/include-4d2f95cb65be0049)

running 4 tests
test include_rejects_symlinks_that_escape_the_entry_directory ... ok
test include_rejects_cycles_and_paths_outside_the_entry_directory ... ok
test include_preserves_renamed_honk_policy_error ... ok
test include_loads_nested_globs_and_merges_sections ... ok

test result: ok. 4 passed; 0 failed; 0 ignored; 0 measured; 0 filtered out; finished in 0.01s

     Running tests/share_link.rs (target/debug/deps/share_link-d4f24d3b49099506)

running 60 tests
test test_fragment_name_is_utf8_decoded ... ok
test test_anytls_pool_query ... ok
test test_credential_bytes_are_not_replaced ... ok
test test_ech_query_params ... ok
test shadowrocket_hysteria2_peer_preserves_sni_and_identity ... ok
test shadowrocket_vless_reality_matches_canonical_link ... ok
test test_hysteria2_embedded_hop_ports ... ok
test shadowrocket_vless_stream_transports_match_canonical_links ... ok
test shadowrocket_vless_plaintext_and_display_name ... ok
test test_hysteria2_auth_and_obfs_params ... ok
test shadowrocket_vmess_rejects_bad_authorities_and_conflicts ... ok
test shadowrocket_vmess_ws_and_grpc_match_v2rayn_json ... ok
test hy2_alias_preserves_userpass_and_hopping_identity ... ok
test test_from_file_dae_fallback_chain ... ok
test test_packet_encoding_none_is_a_noop_on_other_protocols ... ok
test test_name_fallback_never_contains_credentials ... ok
test test_percent_encoded_userinfo_is_decoded ... ok
test test_rejects_vless_mode_on_other_protocols ... ok
test test_ss_plain_userinfo ... ok
test test_removed_protocol_links_rejected ... ok
test shadowrocket_vless_rejects_invalid_authorities_and_security ... ok
test test_ss_base64_userinfo ... ok
test test_ss_with_plugin ... ok
test test_reality_without_public_key_is_rejected_on_every_load_path ... ok
test test_ss_base64_userinfo_with_padding_and_plugin_suffix ... ok
test test_ss_full_base64_authority_with_fragment ... ok
test test_legacy_cross_protocol_fields_are_stripped ... ok
test test_ss_plain_userinfo_base64_method ... ok
test test_tls_alpn_flat_wire_round_trip_and_legacy_omission ... ok
test test_unknown_scheme_rejected ... ok
test test_trojan_ws_query ... ok
test test_node_serialization_bytes_match_flat_wire_goldens ... ok
test test_tuic_window_params ... ok
test test_validate_flow_rejects_unknown_value ... ok
test test_tuic_alpn_and_congestion_params ... ok
test test_validate_flow_requires_tls_or_reality ... ok
test test_validate_rejects_vless_encryption_with_flow ... ok
test test_vless_derive_id_differs_by_reality_public_key ... ok
test test_vless_mode_query_rejects_duplicates ... ok
test test_vless_grpc_transport_params ... ok
test test_vless_no_security_keeps_tls_default ... ok
test test_vless_reality_full ... ok
test test_vless_ws_host_falls_back_to_sni_without_ws ... ok
test test_vless_security_none ... ok
test test_vless_ws_transport_params ... ok
test test_vless_mode_query ... ok
test test_vmess_invalid_links_rejected ... ok
test test_vmess_standard_base64_and_numeric_port ... ok
test test_vless_share_link_rejects_external_mux_fields ... ok
test test_vmess_full_fields_ws_tls ... ok
test test_vless_reality_spx_default ... ok
test test_vless_encryption_param_and_identity ... ok
test test_config_json_round_trip ... ok
test test_vmess_grpc_service_from_path ... ok
test test_config_json_vless_mode_and_default ... ok
test test_unused_username_credential_is_stripped_and_warned ... ok
test test_from_file_json_extension ... ok
test test_config_toml_round_trip ... ok
test test_config_yaml_round_trip ... ok
test test_to_file_and_from_file_by_extension ... ok

test result: ok. 60 passed; 0 failed; 0 ignored; 0 measured; 0 filtered out; finished in 0.02s

     Running unittests src/lib.rs (target/debug/deps/honk_core-b0fd210b845e583d)

running 952 tests
test cachedb::tests::cache_legacy_path_uses_the_original_config_directory ... ok
test clash_api::doh::tests::rcode_extraction ... ok
test clash_api::doh::tests::qtype_names_and_numbers ... ok
test clash_api::doh::tests::parses_a_record_answers ... ok
test clash_api::doh::tests::truncated_message_yields_no_answers ... ok
test clash_api::doh::tests::txt_and_generic_rdata ... ok
test clash_api::doh::tests::response_json_shape ... ok
test clash_api::logs::tests::api_interest_changes_do_not_change_console_filtering ... ok
test clash_api::logs::tests::verbose_console_events_stay_out_of_less_verbose_api_subscription ... ok
test clash_api::sampler_tests::connection_intervals_use_bounded_ceiling_buckets ... ok
test clash_api::sampler_tests::failed_bind_leaves_connection_tracking_disabled ... ok
test clash_api::sampler_tests::concurrent_subscribers_share_one_sampler_and_idle_task_is_reclaimed ... ok
test clash_api::sampler_tests::reconnect_after_reclamation_uses_a_new_live_channel ... ok
test clash_api::ui::tests::blocked_route_aborts_download_before_any_fetch ... ok
test clash_api::ui::tests::direct_redirect_reenters_routing_without_local_dns ... ok
test clash_api::ui::tests::ensure_skips_populated_directory ... ok
test clash_api::ui::tests::extract_keeps_layout_without_single_top_directory ... ok
test clash_api::ui::tests::extract_skips_traversal_entries ... ok
test clash_api::ui::tests::extract_strips_single_top_directory ... ok
test cachedb::tests::dns_answer_save_load_roundtrip ... ok
test cachedb::tests::v2_blob_keeps_schema_version_and_non_dns_rows_unchanged ... ok
test cachedb::tests::point_save_does_not_wait_for_sqlite ... ok
test clash_api::ui::tests::unknown_configured_detour_fails_closed ... ok
test connection_tracker::tests::interrupt_consumer_survives_api_shutdown ... ok
test control::connection::handoff::tcp_flow_lifecycle_tests::directional_key_ignores_padding_and_refcounts_owners ... ok
test cachedb::tests::corrupt_file_is_backed_up_and_rebuilt ... ok
test cachedb::tests::dns_answer_expired_is_skipped_and_lazily_deleted ... ok
test cachedb::tests::dns_answers_respect_cache_id_isolation ... ok
test cachedb::tests::dns_flush_clears_both_namespaces_for_current_cache_id_only ... ok
test cachedb::tests::legacy_loader_skips_v2_blob_without_touching_it ... ok
test control::connection::routing::sniffed_domain_routing_tests::udp_direct_mark_preserves_rule_and_clears_override ... ok
test control::connection::routing::sniffed_domain_routing_tests::udp_domain_modes_reroute_only_eligible_handoffs ... ok
test control::connection::routing::sniffed_domain_routing_tests::udp_domain_modes_select_routing_identity ... ok
test control::connection::routing::sniffed_domain_routing_tests::udp_domain_reroute_preserves_reserved_and_final_decisions ... ok
test control::connection::handoff::tcp_flow_lifecycle_tests::tcp_flow_guard_abort_releases_pin_tracker_and_socket ... ok
test cachedb::tests::selector_choice_and_clash_mode ... ok
test control::connection::tcp::dial_permit_scope_tests::ready_pool_hit_does_not_wait_for_physical_dial_permit ... ok
test control::connection::tcp::dial_permit_scope_tests::retired_runtime_errors_are_neutral ... ok
test clash_api::ui::tests::direct_score_ui_route_reports_target_exchange ... ok
test control::connection::tcp::score_tests::tcp_score_context_uses_target_family_not_health_family ... ok
test clash_api::ui::tests::score_route_attributes_target_and_rewards_useful_body_exchange ... ok
test control::connection::tcp::dial_permit_scope_tests::retired_generation_dial_failures_do_not_poison_health ... ok
test control::connection::tcp::score_tests::unpack_tcp_score_plan_deduplicates_shared_leaf_metadata ... ok
test control::dns_control::tests::singleflight::udp_profile_uses_exact_edns_advertised_size ... ok
test control::connection::tcp::score_tests::timeout_helper_finishes_started_reporter_before_abort_drop ... ok
test clash_api::ui::tests::configured_url_and_detour_download_into_empty_directory ... ok
test control::dns_control::tests::snapshots::retirement_cancels_stalled_reply_but_allows_ready_servfail ... ok
test control::connection::handoff::tcp_flow_lifecycle_tests::tcp_retire_waits_for_final_owner ... ok
test control::connection::routing::sniffed_domain_routing_tests::handoff_process_fields_decode_and_fail_closed ... ok
test control::connection::handoff::tcp_flow_lifecycle_tests::tcp_retire_preserves_newer_incarnation ... ok
test control::connection::tcp::cold_urltest_tests::cold_urltest_releases_candidates_progressively_and_cancels_waiters ... ok
test clash_api::ui::tests::proxied_route_fetches_through_node_handler ... ok
test control::dns_control::tests::snapshots::snapshot_publication_does_not_wait_for_answer_query_exchange ... ok
test control::dns_control::tests::snapshots::admitted_query_keeps_old_generation_quota_after_publication ... ok
test control::dns_control::tests::snapshots::resolve_domain_keeps_old_snapshot_without_blocking_publication ... ok
test cachedb::tests::dns_flush_only_clears_dns_prefix ... ok
test control::dns_control::tests::tcp::bound_tcp_connection_closes_after_idle_timeout ... ok
test control::dns_control::tests::tcp::malformed_first_tcp_frame_is_closed_as_dns ... ok
test control::dns_listener::tests::dual_bind_failure_releases_first_transport_atomically ... ok
test cachedb::tests::delay_sample_save_load_and_age_out ... ok
test control::dns_listener::tests::selected_transports_and_dual_port_zero_are_exact ... ok
test cachedb::tests::basic_get_set_overwrite_remove ... ok
test control::dns_control::tests::tcp::first_tcp_frame_holds_permit_until_response_is_written ... ok
test control::dns_listener::tests::standalone_listener_capacities_and_profiles_are_exact ... ok
test control::dns_control::tests::tcp::partial_transparent_tcp_frame_expires ... ok
test control::dns_control::tests::tcp::cancelled_first_tcp_frame_releases_permit ... ok
test control::dns_control::tests::tcp::transparent_tcp_routes_by_client_source ... ok
test control::dns_listener::tests::wildcard_ipv6_sockets_explicitly_enable_dual_stack ... ok
test cachedb::tests::cache_id_isolation ... ok
test control::dns_control::tests::udp::admitted_transparent_udp_routes_by_client_source ... ok
test control::janitor::tests::aux_pressure_uses_current_scan_result ... ok
test cachedb::tests::existing_legacy_cache_stays_available ... ok
test control::janitor::tests::scan_tuning_grows_with_pressure ... ok
test control::janitor::tests::scan_tuning_reduces_chunk_after_budget_overrun ... ok
test control::janitor::tests::blocking_scan_keeps_hot_path_readers_available ... ok
test control::janitor::tests::tcp_pin_conn_state_matrix ... ok
test control::janitor::tests::test_monotonic_now_ns_returns_value ... ok
test control::janitor::tests::test_occupancy_gauge_estimate_and_calibrate ... ok
test control::dns_listener::tests::wildcard_udp_reply_uses_the_queried_local_address ... ok
test control::janitor::tests::test_occupancy_gauge_never_negative ... ok
test control::janitor::tests::test_pressure_state_enter_on_high_watermark ... ok
test control::janitor::tests::test_pressure_state_enter_on_overflow_delta ... ok
test control::janitor::tests::test_pressure_state_exit_after_quiet_rounds ... ok
test control::janitor::tests::test_pressure_state_inactive_stays_inactive_without_overflow ... ok
test control::dns_listener::tests::listener_queries_acquire_the_newly_published_runtime ... ok
test control::janitor::tests::tcp_pin_redirect_matrix ... ok
test control::janitor::tests::test_pressure_state_overflow_resets_quiet_counter ... ok
test control::janitor::tests::test_pressure_state_stays_inactive_below_watermark ... ok
test cachedb::tests::point_writes_are_latest_wins_without_blocking_readers ... ok
test control::janitor::tests::aux_pressure_detects_bounded_scan_and_recovers ... ok
test control::packet_sniffer::tests::test_sniffer_pool_basic ... ok
test control::dns_listener::tests::udp_listener_routes_query_and_reports_malformed_and_admission_errors ... ok
test control::probers::http_probe_tests::http_probe_falls_back_when_server_closes ... ok
test control::quic::tests::coalesced_datagram_stops_at_non_initial ... ok
test control::packet_sniffer::tests::test_pool_client_hello_without_sni_bypasses ... ok
test control::packet_sniffer::tests::test_pool_fragmented_client_hello_out_of_order ... ok
test control::quic::tests::non_initial_packets_rejected ... ok
test control::quic::tests::parse_client_hello_states ... ok
test control::packet_sniffer::tests::test_pool_extracts_sni_rfc9001_vector ... ok
test control::quic::tests::reassembly_out_of_order_and_duplicate ... ok
test control::quic::tests::reassembly_overflow_capped ... ok
test control::quic::tests::corrupted_tag_fails_aead ... ok
test control::quic::tests::rfc9001_a1_key_derivation ... ok
test control::quic::tests::rfc9369_a1_key_derivation ... ok
test control::quic::tests::rfc9001_a3_server_initial_decrypt ... ok
test control::quic::tests::rfc9369_a3_server_initial_decrypt ... ok
test control::quic::tests::varint_encoding ... ok
test control::reload::fingerprint::tests::effective_config_ignores_only_runtime_metadata ... ok
test control::packet_sniffer::tests::test_pool_never_completing_client_hello_gives_up ... ok
test control::quic::tests::protect_decrypt_roundtrip ... ok
test control::reload::fingerprint::tests::unrelated_dns_fields_reuse_router_but_fixed_ttl_does_not ... ok
test control::reload::fingerprint::tests::unrelated_fields_reuse_routing_state ... ok
test control::reload::subscription::tests::effective_subscription_state_detects_membership_and_order_changes ... ok
test control::reload::subscription::tests::effective_subscription_state_ignores_parse_timestamps_only ... ok
test control::quic::tests::rfc9369_a2_client_initial_decrypt ... ok
test control::reload::transaction::tests::rebase_treats_changed_headers_as_a_new_subscription ... ok
test control::reload::transaction::tests::rebase_matches_subscription_identity_beyond_url ... ok
test control::quic::tests::rfc9001_a2_client_initial_decrypt ... ok
test control::reload_tests::build_failure_leaves_live_config_untouched ... ok
test control::reload_tests::cli_log_override_shadows_configured_log_file_change ... ok
test control::reload_tests::applied_reload_with_dropped_supervisor_handoff_stops_dispatch ... ok
test control::reload_tests::data_directory_change_requires_restart ... ok
test control::reload_tests::changed_hosts_file_rebuilds_reload_snapshot ... ok
test control::reload::transaction::tests::build_dns_forwarder_propagates_missing_external_ech_config ... ok
test control::reload_tests::dns_bind_transport_change_requires_restart ... ok
test control::reload_tests::changed_selector_bare_endpoint_is_purged_before_failed_replacement ... ok
test control::reload_tests::enabling_dns_bind_requires_restart ... ok
test control::reload_tests::default_udp_warm_is_disabled_without_a_task_or_metrics ... ok
test control::reload_tests::equivalent_resolved_log_file_path_does_not_require_restart ... ok
test control::reload_tests::external_ui_download_settings_require_restart ... ok
test control::reload_tests::empty_subscription_merge_does_not_publish_runtime ... ok
test control::reload_tests::group_connectivity_follows_reordered_outbound_ids ... ok
test control::reload_tests::client_subnet_reload_injects_upstream_query ... ok
test control::reload_tests::failed_reload_keeps_old_score_authority ... ok
test control::reload_tests::identical_effective_reload_retains_runtime_identity_and_writes_nothing ... ok
test control::reload_tests::log_file_change_requires_restart ... ok
test control::reload_tests::fence_failure_rejects_reload_without_stranding_datapath ... ok
test control::reload_tests::initial_policy_failure_aborts_controller_construction ... ok
test control::reload_tests::identical_subscription_merge_skips_runtime_generation ... ok
test control::reload_tests::domain_route_staging_failure_keeps_the_active_generation ... ok
test control::reload_tests::post_publication_datapath_failure_is_committed_degraded ... ok
test control::reload_tests::quiesce_failure_rejects_reload_and_restores_ready_flags ... ok
test control::reload_tests::reload_clamps_dials_to_startup_descriptor_reservation ... ok
test control::reload_tests::reload_cancels_initializing_generation_before_swap_and_keeps_ready_endpoint ... ok
test control::reload_tests::reload_timeout_keeps_runtime_and_restores_admission ... ok
test control::reload_tests::normalized_routing_reload_preserves_sniff_only_facts ... ok
test clash_api::ui::tests::failed_download_cleans_partial_directory ... ok
test control::reload_tests::reload_publishes_score_authority_before_dns_snapshot_is_reachable ... ok
test control::reload_tests::reload_retires_only_the_old_warm_generation_and_starts_the_new_one ... ok
test control::reload_tests::runtime_reload_shortcut_rejects_subscription_worker_changes ... ok
test control::reload_tests::selector_warm_candidates_follow_configured_leaves_and_deduplicate ... ok
test control::reload_tests::semantically_equivalent_dns_bind_does_not_require_restart ... ok
test control::reload_tests::single_leaf_tcp_connectivity_stays_open_for_recovery ... ok
test control::reload_tests::subscription_revision_is_not_reused_after_remove_and_readd ... ok
test control::reload_tests::subscription_store_toggle_requires_restart ... ok
test control::reload_tests::udp_nfqueue_toggle_requires_restart ... ok
test control::reload_tests::udp_warm_candidates_bound_capacity_and_exclude_explicitly_dead_udp_leaves ... ok
test control::reload_tests::udp_warm_candidates_do_not_mutate_group_selection_state ... ok
test control::reload_tests::udp_warm_candidates_enforce_a_process_wide_latency_ordered_cap ... ok
test control::reload_tests::udp_warm_candidates_only_use_authoritative_group_leaves ... ok
test control::reload_tests::routing_push_failure_keeps_active_policy_and_userspace_generation ... ok
test control::reload_tests::semantic_domain_reload_replaces_matching_predicates ... ok
test control::reload_tests::valid_reload_commits ... ok
test control::resource_budget::tests::configured_dials_are_clamped_to_reserved_ceiling ... ok
test control::resource_budget::tests::elastic_tcp_flows_borrow_only_idle_non_tcp_headroom ... ok
test control::resource_budget::tests::partitions_never_exceed_effective_limit ... ok
test control::resource_budget::tests::worst_case_udp_endpoint_max_fits_descriptor_partition ... ok
test control::routing_matcher::tests::canonical_prefixes_inherit_without_cross_family_matches ... ok
test control::runtime::tests::critical_task_exit_fires_on_drop ... ok
test control::runtime::tests::critical_task_exit_silent_while_alive ... ok
test control::runtime::tests::tcp_admission_resize_tracks_descriptor_headroom ... ok
test control::connection::tcp::dial_permit_scope_tests::feedback_does_not_start_while_waiting_for_dial_admission ... ok
test control::runtime::tests::tcp_listener_readiness_does_not_exceed_active_flow_limit ... ok
test control::tcp_sniff::tests::test_clear_all ... ok
test control::tcp_sniff::tests::test_clear_removes_skip ... ok
test control::tcp_sniff::tests::test_different_keys_independent ... ok
test control::tcp_sniff::tests::test_empty_cache_does_not_skip ... ok
test control::tcp_sniff::tests::test_expired_entry_does_not_skip ... ok
test control::tcp_sniff::tests::test_prune_removes_expired ... ok
test control::tcp_sniff::tests::test_single_failure_does_not_skip ... ok
test control::tcp_sniff::tests::test_threshold_failures_cause_skip ... ok
test control::tests::domain_reality_exact_match_same_family ... ok
test control::tests::dae0_internal_addr_covers_real_dae0_addresses ... ok
test control::tests::domain_reality_ipv6_conn_ipv4_only_answers_trusts_sni ... ok
test control::tests::domain_reality_same_family_wrong_ip_is_mismatch ... ok
test control::tests::empty_subscription_merge_preserves_previous_nodes ... ok
test control::tests::extract_url_host_path_parses_all_forms ... ok
test control::tests::interrupting_groups_enable_tracking_without_the_clash_api ... ok
test control::reload_tests::repeated_publication_failures_preserve_serving_generation ... ok
test control::tests::network_refresh_retry_exits_when_control_plane_is_gone ... ok
test control::tests::health_push_re_resolves_after_reload_writer ... ok
test control::tests::network_refresh_retry_resends_with_backoff_then_stops ... ok
test control::tests::preconnect_candidates_auto_caps_at_eight ... ok
test control::tests::preconnect_candidates_zero_disables_and_eligibility_is_descriptor_driven ... ok
test control::tests::preconnect_candidates_prefer_group_selections_then_config_order ... ok
test control::tests::quic_probe_still_runs_when_dns_probe_fails ... ok
test control::tests::resolve_udp_score_plan_excludes_unselectable_explicit_node ... ok
test control::reload_tests::udp_warm_dispatch_metrics_distinguish_live_and_terminal_errors_and_panics ... ok
test control::tests::resolve_udp_score_plan_preserves_terminal_provenance ... ok
test control::tests::resolve_udp_score_plan_explicit_node_falls_back_to_v4_through_final ... ok
test control::tests::resolve_udp_score_plan_tracks_v4_fallback_and_final_resolution_guards ... ok
test control::tests::reload_and_merge_never_touch_ebpf_hooks ... ok
test control::tests::strict_dns_query_accepts_complete_query_and_edns_only ... ok
test control::tests::strict_dns_query_enforces_expanded_name_limit_and_label_boundaries ... ok
test control::tests::strict_dns_query_requires_forwarder_parseable_question ... ok
test control::tests::subscription_merge_replaces_only_that_subscription ... ok
test control::reload_tests::reload_dispatch_assigns_worker_revision_and_accepts_only_that_revision ... ok
test control::tests::tcp_dns_write_error_is_returned_without_tcp_fallthrough ... ok
test control::tests::tcp_domain_reality_uses_client_source ... ok
test control::tests::tcp_idle_relay_survives_conn_state_sweep ... ok
test control::tests::tcp_overall_dial_timeout_aborts_started_candidate ... ok
test control::reload_tests::selector_choice_switch_replaces_bare_tcp_pin_immediately ... ok
test control::tests::tcp_tracker_keeps_the_dial_selection_snapshot ... ok
test control::tests::test_build_dns_probe_query ... ok
test control::tests::test_resolve_udp_check_target ... ok
test control::tests::udp_authoritative_plan_bypasses_speculative_commit_hook ... ok
test control::dns_control::tests::tcp::tcp_connection_handles_multiple_frames ... ok
test control::probers::http_probe_tests::https_health_check_starts_with_tls_client_hello ... ok
test control::dns_control::tests::tcp::bound_tcp_connection_uses_shared_persistent_frame_loop ... ok
test control::tests::udp_cold_urltest_commit_failure_sends_nothing_and_fails_closed ... ok
test control::tests::udp_authoritative_selection_stops_after_single_candidate_dial_failure ... ok
test control::tests::udp_dns_udp_liveness_keeps_explicit_node_selectable_in_production ... ok
test control::tests::udp_dns_with_initializing_endpoint_uses_controller_not_queue ... ok
test control::tests::tcp_proxy_protocols_pass_domain_without_local_resolution ... ok
test control::tests::udp_fast_path_dns_goes_slow_even_with_endpoint ... ok
test control::tests::udp_fast_path_dns_shaped_non53_forwards ... ok
test control::tests::udp_domain_plus_passes_sniffed_proxy_target_without_rerouting ... ok
test control::tests::udp_fast_path_drops_internal_and_broadcast ... ok
test control::tests::udp_fast_path_miss_goes_slow ... ok
test control::tests::udp_domain_reality_uses_client_source ... ok
test control::tests::udp_dns_dispatch_registers_connection_guard_before_task_poll ... ok
test control::tests::udp_fast_path_hit_enqueues_for_the_endpoint_driver ... ok
test control::tests::udp_fast_path_non_dns_port53_forwards ... ok
test control::tests::udp_init_lease_capacity_rejection_happens_before_route_or_send ... ok
test control::dns_control::tests::udp::truncated_upstream_response_is_not_cached_or_projected ... ok
test control::tests::udp_initializing_follower_requires_slow_permit_via_shared_helper ... ok
test control::tests::udp_listener_enables_reuse_port_before_bind ... ok
test control::tests::udp_init_lease_capacity_rejection_sends_zero ... ok
test control::tests::udp_original_dst_cmsg_parser_fails_closed_on_truncation_or_ctrunc ... ok
test control::tests::udp_original_dst_cmsg_parser_rejects_duplicate_recognized_records ... ok
test control::tests::udp_original_dst_cmsg_parser_requires_exact_recognized_payload_length ... ok
test control::tests::udp_original_dst_cmsg_parser_skips_unknown_cmsg_with_padding ... ok
test control::tests::udp_original_dst_cmsg_parser_uses_only_returned_control_length ... ok
test control::tests::udp_original_dst_cmsg_parser_walks_aligned_ipv4_multi_cmsg ... ok
test control::tests::udp_original_dst_cmsg_parser_walks_aligned_ipv6_multi_cmsg ... ok
test control::tests::udp_init_lease_reply_factory_failure_sends_zero ... ok
test control::tests::udp_original_dst_cmsg_storage_has_space_for_ipv6_origdst_and_pktinfo ... ok
test control::tests::udp_init_lease_concurrent_first_packets_make_one_reservation_and_one_dial ... ok
test control::tests::udp_first_send_failure_does_not_replay_to_another_candidate ... ok
test control::tests::udp_original_dst_cmsg_takes_precedence_over_other_metadata ... ok
test control::tests::udp_original_dst_does_not_rewrite_non_exact_dns_payloads ... ok
test control::tests::udp_original_dst_fails_closed_for_wildcard_local_without_metadata ... ok
test control::tests::udp_original_dst_exact_dns_predicate_matches_controller_condition ... ok
test control::tests::udp_node_dead_before_production_dial_has_zero_dials_and_sends ... ok
test control::tests::udp_original_dst_unspecified_origdst_is_authoritative_and_fails_closed ... ok
test control::tests::udp_original_dst_uses_ipv4_pktinfo_for_exact_dns_query ... ok
test control::tests::udp_original_dst_uses_ipv6_pktinfo_for_exact_dns_query ... ok
test control::tests::udp_original_dst_uses_non_wildcard_local_fallback ... ok
test control::tests::udp_receive_batch_rejects_truncated_slot_without_losing_next_packet ... ok
test control::tests::udp_removal_worker_acknowledges_superseding_token ... ok
test control::tests::udp_removal_worker_escalates_auxiliary_token_mismatch ... ok
test control::tests::udp_slow_admission_is_identical_for_ipv4_and_ipv6 ... ok
test control::tests::udp_removal_worker_retires_legacy_token_zero_conn_state ... ok
test control::tests::udp_slow_path_forwards_root_and_binary_questions ... ok
test control::tests::udp_slow_path_only_forces_strict_dns_to_port_53 ... ok
test control::tests::udp_stagger_authoritative_failure_preserves_fixed_metric_zeros ... ok
test control::tests::udp_stagger_all_dial_failures_report_health_without_cancellation ... ok
test control::tests::udp_stagger_authoritative_prepares_only_the_current_node_without_delay ... ok
test control::tests::udp_stagger_drain_reports_completed_error_without_cancelling_ready_losers ... ok
test control::tests::udp_stagger_uses_absolute_offsets_bounds_inflight_and_drains_losers ... ok
test control::tests::udp_stagger_rechecks_eligibility_before_accepting_prepared_transport ... ok
test control::tests::udp_production_death_during_unbound_preparation_prevents_send ... ok
test control::tests::udp_stats_lifecycle_dial_error_closes_guard_and_samples_dial ... ok
test control::tests::udp_stats_lifecycle_no_candidate_closes_guard_and_records_error ... ok
test control::tests::udp_stats_lifecycle_slow_permit_full_rejects_without_outbound_total ... ok
test control::tests::udp_stats_lifecycle_first_send_error_closes_guard_and_records_error ... ok
test control::udp_endpoint::tests::explicit_retirement_is_neutral_until_a_reply_makes_it_useful ... ok
test control::udp_endpoint::tests::first_reply_metric_and_alive_reporting_are_throttled ... ok
test control::udp_endpoint::tests::fixed_peer_validation_survives_establishment ... ok
test control::udp_endpoint::tests::pool_constructors_use_max_or_explicit_capacity ... ok
test control::udp_endpoint::tests::send_timeout_after_reply_is_not_idle_success ... ok
test control::udp_endpoint::tests::test_endpoint_key ... ok
test control::udp_endpoint::tests::test_endpoint_key_ipv6 ... ok
test control::udp_endpoint::tests::test_pool_empty_operations ... ok
test control::udp_endpoint::tests::test_pool_get ... ok
test control::tests::udp_stats_lifecycle_slow_future_cancellation_drops_guard_without_error ... ok
test control::tests::udp_stats_lifecycle_success_and_reply_eof_close_guard ... ok
test control::udp_endpoint::tests::test_remove_by_node ... ok
test control::tests::udp_tracker_uses_the_udp_selection_snapshot ... ok
test control::udp_endpoint::tests::udp_driver_scores_transport_failure_before_synchronous_node_retirement ... ok
test control::udp_endpoint::tests::udp_endpoint_driver_receive_and_reply_errors_clean_up ... ok
test control::udp_endpoint::tests::udp_endpoint_driver_abort_releases_ready_mapping_and_allows_reuse ... ok
test control::udp_endpoint::tests::udp_endpoint_driver_reply_idle_timeout_cleans_up_once ... ok
test control::tests::quic_failure_trains_score_without_failing_dns_udp_health ... ok
test control::udp_endpoint::tests::udp_endpoint_node_death_before_dial_sends_nothing ... ok
test control::udp_endpoint::tests::udp_endpoint_node_and_janitor_cleanup_notify_tracker_once ... ok
test control::udp_endpoint::tests::udp_endpoint_driver_panic_releases_all_resources_exactly_once ... ok
test control::udp_endpoint::tests::udp_endpoint_node_death_before_commit_sends_nothing ... ok
test control::udp_endpoint::tests::udp_endpoint_node_death_during_dial_sends_nothing ... ok
test control::udp_endpoint::tests::udp_endpoint_node_death_stops_after_blocked_first_send ... ok
test control::udp_endpoint::tests::udp_endpoint_node_death_stops_after_blocked_steady_send ... ok
test control::udp_endpoint::tests::udp_endpoint_node_death_before_driver_start_sends_nothing ... ok
test control::udp_endpoint::tests::udp_endpoint_receive_failure_cancels_blocked_steady_send_and_releases_permits ... ok
test control::udp_endpoint::tests::udp_endpoint_pool_shutdown_aborts_stuck_initializer_task ... ok
test control::udp_endpoint::tests::udp_endpoint_pool_shutdown_joins_blocked_ready_driver ... ok
test control::udp_endpoint::tests::udp_endpoint_worker_blocked_flow_does_not_block_another ... ok
test control::udp_endpoint::tests::udp_endpoint_replies_from_each_accepted_transport_source ... ok
test control::udp_endpoint::tests::udp_endpoint_worker_keeps_flow_alive_on_congested_steady_send ... ok
test control::udp_endpoint::tests::udp_endpoint_worker_rejects_stale_first_packet ... ok
test control::udp_endpoint::tests::udp_endpoint_worker_failure_removes_tracker_once ... ok
test control::udp_endpoint::tests::udp_endpoint_worker_treats_stream_send_timeout_as_connection_dead ... ok
test control::udp_endpoint::tests::udp_exact_retirement_cancels_matching_initializer ... ok
test control::udp_endpoint::tests::udp_endpoint_worker_sends_first_then_fifo_followers ... ok
test control::udp_endpoint::tests::udp_fast_path_queue_closed_entry_retires_and_allows_recreation ... ok
test control::udp_endpoint::tests::udp_endpoint_worker_old_generation_cannot_remove_replacement ... ok
test control::udp_endpoint::tests::udp_init_lease_cancellation_before_commit_fences_ready_publication ... ok
test control::udp_endpoint::tests::udp_init_lease_drop_notifies_registered_tracker_once ... ok
test control::udp_endpoint::tests::udp_init_lease_old_generation_cannot_remove_replacement ... ok
test control::udp_endpoint::tests::udp_fast_path_queue_has_exact_flow_bound_and_drops_newest ... ok
test control::udp_endpoint::tests::udp_init_lease_abort_and_panic_release_generation_for_reuse ... ok
test control::udp_endpoint::tests::udp_init_lease_commit_before_cancellation_keeps_ready_endpoint ... ok
test control::udp_endpoint::tests::udp_init_lease_reserves_one_initializing_incarnation_per_key ... ok
test control::udp_endpoint::tests::udp_kernel_handoff_preserves_terminal_identity_until_ack ... ok
test control::udp_endpoint::tests::udp_init_lease_registers_cancellation_before_publishing ... ok
test control::udp_endpoint::tests::udp_init_lease_reload_cancellation_drops_slot_before_returning ... ok
test control::udp_endpoint::tests::udp_live_reconstruction_enqueues_owned_payload_by_token ... ok
test control::udp_endpoint::tests::udp_init_started_before_cancellation_cannot_publish_after_fence ... ok
test control::udp_endpoint::tests::udp_owned_admission_transfers_allocations_and_preserves_identity ... ok
test control::udp_endpoint::tests::udp_retiring_tombstone_requires_exact_ack_before_tuple_reuse ... ok
test dns::cache::tests::behavior::test_remaining_ttl ... ok
test dns::cache::tests::behavior::test_stale_retention_exceeded ... ok
test dns::cache::tests::behavior::cache_counters_are_exact_for_hit_miss_and_stale_paths ... ok
test dns::cache::tests::key::cache_key_canonical_fields_are_separated_and_collision_checked ... ok
test dns::cache::tests::key::combined_exact_lookup_preserves_precedence_and_counts_once ... ok
test dns::cache::tests::key::conditional_publication_rejects_evicted_and_reinserted_slot ... ok
test control::udp_endpoint::tests::udp_ready_endpoint_survives_ordinary_reload_cancellation ... ok
test dns::cache::tests::key::conditional_publication_rejects_stale_revision_after_each_publication ... ok
test dns::cache::tests::key::exact_key_has_stable_typed_identity ... ok
test dns::cache::tests::key::expired_exact_negative_only_slot_is_removed ... ok
test dns::cache::tests::key::exact_negative_identity_isolated_and_flush_fenced ... ok
test dns::cache::tests::key::expired_exact_negative_preserves_the_stale_positive ... ok
test dns::cache::tests::key::matching_revision_nxdomain_removes_positive_and_keeps_negative ... ok
test dns::cache::tests::key::exact_key_separates_wire_profile_policy_scope_and_operation ... ok
test dns::cache::tests::store::test_clear ... ok
test dns::cache::tests::store::legacy_negative_replaces_the_positive_for_the_same_key ... ok
test dns::cache::tests::store::shard_capacities_sum_exactly_and_clamp_count ... ok
test dns::cache::tests::store::test_lru_eviction ... ok
test dns::cache::tests::store::test_put_get ... ok
test dns::cache::tests::store::test_remove_entry ... ok
test dns::cache::tests::store::test_zero_max_size_clamped ... ok
test dns::cache::tests::store::truncated_responses_are_not_cached ... ok
test dns::cache::tests::store::wire_byte_budget_evicts_with_entry_slots_remaining ... ok
test control::udp_endpoint::tests::udp_fast_path_queue_has_exact_global_payload_bound ... ok
test dns::ecs::tests::ecs_injection_and_response_cleanup_preserve_client_wire ... ok
test dns::ecs::tests::ecs_injection_preserves_existing_edns_options ... ok
test dns::ecs::tests::existing_or_mismatched_ecs_is_never_overridden ... ok
test dns::ecs::tests::public_hop_filter_is_conservative ... ok
test dns::ecs::tests::synthetic_opt_does_not_hide_extended_response_code ... ok
test dns::endpoint::tests::parse_doh_path_and_port ... ok
test dns::endpoint::tests::parse_dot_defaults ... ok
test dns::endpoint::tests::parse_h3_default_path ... ok
test dns::endpoint::tests::parse_ip_with_port ... ok
test dns::endpoint::tests::parse_ipv6 ... ok
test control::tests::udp_receive_batch_preserves_order_metadata_and_cancellation ... ok
test cachedb::tests::legacy_kv_schema_is_compatible ... ok
test dns::engine::tests::classifies_positive_nodata_nxdomain_and_servfail_responses ... ok
test dns::engine::tests::compatibility_only_cycle_response_is_not_reused_by_strict_lookup ... ok
test control::reload_tests::udp_warm_coordinator_limits_concurrency_and_keeps_shutdown_errors_neutral ... ok
test dns::endpoint::tests::resolve_addrs_follows_upstream_family_strategy ... ok
test dns::engine::tests::engine_rejects_multiple_questions_before_policy_planning ... ok
test dns::engine::tests::fixed_zero_disables_cache_instead_of_clamping_to_one ... ok
test dns::endpoint::tests::resolve_addrs_uses_the_captured_bootstrap_resolver ... ok
test dns::engine::tests::config_backed_forwarder_populates_typed_policy_identity ... ok
test dns::cache::tests::store::wire_byte_budget_rejects_an_oversized_key ... ok
test dns::engine::tests::fixed_zero_expiry_and_caller_txid_are_visible_in_typed_outcome ... ok
test dns::engine::tests::negative_outcome_expiry_matches_insert_and_cache_hit_lifetime ... ok
test dns::engine::tests::real_forwarding_paths_classify_each_response ... ok
test dns::engine::tests::ineligible_queries_bypass_cache_while_eligible_queries_reuse_it ... ok
test dns::engine::tests::typed_outcome_metadata_excludes_udp_truncated_answers ... ok
test dns::engine::tests::identical_ineligible_queries_reach_upstream_independently_when_overlapping ... ok
test dns::engine::tests::typed_outcome_rejects_response_and_skips_exchange_for_request_reject ... ok
test dns::engine::tests::stale_outcome_covers_upstream_error_and_servfail_without_sleeping ... ok
test dns::engine::tests::strict_asis_without_destination_errors_but_raw_wrapper_uses_default ... ok
test dns::engine::tests::typed_outcome_reports_requery_depth_before_fourth_exchange ... ok
test dns::engine::tests::typed_outcome_tracks_positive_requery_and_caller_rendering ... ok
test dns::forwarder::hosts::tests::enabled_hosts_load_failure_is_fatal_but_disabled_hosts_skips_io ... ok
test dns::engine::tests::typed_outcome_reports_malformed_response_and_requery_cycle ... ok
test dns::forwarder::hosts::tests::known_name_family_miss_is_nodata_but_other_queries_use_upstream ... ok
test dns::forwarder::hosts::tests::hosts_answers_a_and_aaaa_before_request_reject ... ok
test dns::forwarder::hosts::tests::parser_normalizes_aliases_and_deduplicates_addresses ... ok
test dns::forwarder::hosts::tests::configured_sources_merge_in_order ... ok
test dns::forwarder::prefetch::tests::bounded_and_closed_registry_rejects_without_detaching ... ok
test dns::forwarder::tests::asis_socket_propagates_non_permission_mark_failure_as_typed_error ... ok
test dns::forwarder::tests::asis_socket_tolerates_only_permission_denied_mark_failure ... ok
test dns::forwarder::hosts::tests::rebuilt_forwarder_loads_a_new_snapshot_without_mutating_the_old_one ... ok
test dns::forwarder::hosts::tests::oxidns_rules_match_with_oxidns_precedence ... ok
test dns::forwarder::tests::cached_negative_keeps_source_aware_preferred_family_projection ... ok
test dns::forwarder::tests::clones_share_lazy_engine_and_policy_change_resets_it ... ok
test dns::forwarder::hosts::tests::oxidns_rule_file_supports_matcher_address_and_validation_forms ... ok
test dns::forwarder::tests::cancelled_leader_wakes_all_waiters_to_one_successor_operation ... ok
test dns::forwarder::tests::concurrent_response_requery_is_one_logical_flight ... ok
test dns::forwarder::tests::empty_response_preserves_exact_question_and_sanitizes_edns ... ok
test dns::forwarder::tests::delayed_preflight_miss_does_not_open_a_second_exchange_after_cache_publish ... ok
test dns::forwarder::tests::explicit_ingress_profiles_do_not_share_cache_entries ... ok
test dns::forwarder::tests::forwarding_hot_path_is_not_serialized_by_compatibility_cache_mutex ... ok
test dns::forwarder::tests::held_refresh_does_not_overwrite_a_newer_foreground_nxdomain ... ok
test dns::forwarder::tests::held_refresh_does_not_overwrite_a_newer_foreground_positive ... ok
test dns::forwarder::tests::failed_exchange_is_shared_without_serial_waiter_retries ... ok
test dns::forwarder::tests::hot_near_expiry_hits_own_one_refresh_task_and_close_cleans_it ... ok
test dns::forwarder::tests::newly_constructed_forwarder_does_not_join_predecessor_flight ... ok
test dns::forwarder::tests::identical_concurrent_queries_share_one_exchange_and_render_each_txid ... ok
test dns::forwarder::tests::owning_refresh_publishes_a_changed_positive ... ok
test dns::forwarder::tests::prefer_sibling_changes_only_original_question_qtype ... ok
test dns::forwarder::tests::non_reusable_preference_sensitive_sources_do_not_share_a_flight ... ok
test dns::forwarder::tests::preferred_family_sibling_keeps_client_source_routing ... ok
test dns::forwarder::tests::refresh_nxdomain_retires_the_refreshed_positive ... ok
test dns::forwarder::tests::refresh_servfail_keeps_the_stale_positive ... ok
test dns::forwarder::tests::selected_scopes_partition_overlapping_positive_and_negative_queries ... ok
test dns::forwarder::tests::response_requery_failure_is_shared_then_a_new_query_can_retry ... ok
test dns::forwarder::tests::cancelled_persistent_flush_reopens_cache_publication ... ok
test dns::forwarder::tests::service_flush_cancels_stalled_query_without_cache_resurrection ... ok
test control::dns_listener::tests::tcp_listener_serves_persistent_frames_and_closes_malformed_connections ... ok
test dns::forwarder::tests::service_rejects_a_mismatched_question_before_cache_write ... ok
test cachedb::tests::periodic_flush_bounds_point_write_durability ... ok
test control::tests::udp_dns_with_ready_endpoint_uses_controller_not_queue ... ok
test dns::forwarder::tests::strict_preferred_family_asis_without_destination_does_not_fall_back ... ok
test dns::forwarder::tests::tcp_asis_reaches_tcp_only_original_destination ... ok
test dns::forwarder::tests::test_build_and_parse_roundtrip ... ok
test dns::forwarder::tests::test_cache_hit ... ok
test dns::forwarder::tests::test_cache_hit_rewrites_transaction_id ... ok
test dns::forwarder::tests::test_effective_cache_ttl_override ... ok
test dns::forwarder::tests::test_extract_answer_ips_a_record ... ok
test dns::forwarder::tests::test_extract_min_ttl_no_answers ... ok
test dns::forwarder::tests::test_extract_min_ttl_short_response ... ok
test dns::forwarder::tests::test_extract_min_ttl_single_answer ... ok
test dns::forwarder::tests::test_extract_soa_negative_ttl ... ok
test dns::forwarder::tests::test_fixed_domain_ttl_zero_skips_cache ... ok
test control::dns_control::tests::singleflight::ineligible_queries_bypass_singleflight ... ok
test dns::forwarder::tests::test_forward_basic ... ok
test dns::forwarder::tests::test_negative_cache_keeps_servfail_rcode ... ok
test control::dns_control::tests::singleflight::singleflight_dedups_and_restores_txid ... ok
test dns::forwarder::tests::test_only_strategy_filters_at_request_time ... ok
test dns::forwarder::tests::test_negative_cache_returns_nxdomain_not_servfail ... ok
test dns::forwarder::tests::test_parse_dns_question_a_record ... ok
test dns::forwarder::tests::test_parse_dns_question_aaaa_record ... ok
test dns::forwarder::tests::test_parse_dns_question_single_label ... ok
test dns::forwarder::tests::test_parse_dns_question_truncated ... ok
test dns::forwarder::tests::test_optimistic_cache_ttl_overrides_answer_ttl ... ok
test dns::forwarder::tests::test_prefer_ipv4_never_probes_for_a_queries ... ok
test dns::forwarder::tests::test_prefer_ipv4_returns_aaaa_when_no_a ... ok
test dns::forwarder::tests::test_prefer_ipv4_suppresses_aaaa_when_a_exists ... ok
test dns::forwarder::tests::test_prefer_ipv6_suppresses_a_when_aaaa_exists ... ok
test dns::forwarder::tests::test_prefetch_warms_cache ... ok
test dns::forwarder::tests::test_qtype_routes_to_named_upstream ... ok
test dns::forwarder::tests::test_request_reject_skips_upstream ... ok
test dns::forwarder::tests::test_rewrite_answer_ttls_overrides_wire ... ok
test dns::forwarder::tests::test_response_requery_stops_at_depth_limit ... ok
test dns::forwarder::tests::test_response_requery_switches_upstream ... ok
test dns::forwarder::tests::test_routing_respects_rules ... ok
test control::dns_listener::tests::tcp_listener_preserves_global_connection_capacity ... ok
test dns::forwarder::tests::ttl_helpers_preserve_edns_opt_control_word ... ok
test control::dns_listener::tests::shutdown_releases_listener_address_for_rebind ... ok
test dns::forwarder::tests::udp_asis_cache_is_partitioned_by_original_destination ... ok
test dns::forwarder::tests::udp_asis_receives_valid_datagrams_larger_than_4096_bytes ... ok
test control::dns_listener::tests::standalone_listeners_route_by_exact_peer_source ... ok
test dns::outcome::tests::fixed_zero_expiry_is_explicitly_not_cacheable ... ok
test dns::forwarder::tests::udp_asis_truncation_retries_tcp_on_the_same_endpoint ... ok
test dns::outcome::tests::typed_outcome_exposes_projection_metadata_when_upstream_is_accepted ... ok
test dns::persist::codec::reader::tests::v2_encoding_matches_golden_bytes ... ok
test dns::forwarder::tests::service_flush_fences_background_refresh_memory_and_persistence ... ok
test control::tests::tcp_authoritative_dial_failure_retries_with_replacement ... ok
test control::tests::tcp_ebpf_direct_offload_skips_dial_and_balances_stats ... ok
test dns::forwarder::tests::udp_asis_honors_configured_query_timeout ... ok
test dns::persist::tests::actor::database_write_error_is_nonfatal_and_counted ... ok
test dns::persist::tests::actor::bounded_queue_drops_only_persistence_work_when_saturated ... ok
test dns::persist::tests::actor::flush_reports_database_clear_failure ... ok
test dns::persist::tests::actor::flush_discards_late_old_epoch_and_preserves_new_epoch_put ... ok
test dns::persist::tests::artifact_aware_policy_round_trips_through_persistence_codec ... ok
test control::probers::http_probe_tests::http_probe_reports_warm_round_trip ... ok
test dns::persist::tests::actor::new_epoch_put_queued_before_flush_command_survives_barrier ... ok
test dns::persist::tests::actor::out_of_order_flush_epochs_never_regress_or_strand_new_put ... ok
test dns::persist::tests::actor::failing_database_keeps_pending_bounded_and_timer_progressing ... ok
test dns::persist::tests::actor::shutdown_performs_final_write_without_periodic_wait ... ok
test dns::planner::normalization_tests::mixed_case_request_target_matches_direct_router_decision ... ok
test dns::planner::normalization_tests::mixed_case_response_condition_matches_direct_router_decision ... ok
test dns::planner::normalization_tests::traversal_cycle_identity_is_case_sensitive_like_runtime_keys ... ok
test dns::planner::tests::asis_request_scope_retains_original_destination ... ok
test dns::planner::tests::asis_without_original_destination_is_a_typed_failure ... ok
test dns::planner::tests::nested_response_requery_rejects_cycles ... ok
test dns::planner::tests::nested_response_requery_rejects_depth_overflow ... ok
test dns::planner::tests::request_planning_uses_source_ip ... ok
test dns::planner::tests::request_rules_are_first_match ... ok
test dns::planner::tests::response_fallback_accepts ... ok
test dns::planner::tests::response_fallback_rejects ... ok
test dns::planner::tests::response_rules_are_first_match ... ok
test dns::planner::tests::unknown_upstream_reference_is_a_typed_failure ... ok
test dns::planner::tests::upstream_request_scope_uses_logical_tag ... ok
test dns::policy::artifact_tests::artifact_digests_are_domain_separated_from_canonical_config ... ok
test dns::policy::normalization_tests::exact_runtime_tags_and_targets_do_not_share_policy_identity ... ok
test dns::policy::normalization_tests::fixed_ttl_case_and_trailing_dot_follow_exact_runtime_keys ... ok
test dns::policy::normalization_tests::full_matcher_only_normalizes_case_that_router_also_normalizes ... ok
test dns::policy::normalization_tests::full_matcher_trailing_dot_changes_runtime_and_identity ... ok
test dns::policy::normalization_tests::keyword_matcher_case_remains_exact_like_router_material ... ok
test dns::policy::tests::canonical_policy_normalizes_equivalent_endpoint_spellings ... ok
test dns::policy::tests::dns_v2_persistence_cache_identity_matches_external_golden_contract ... ok
test dns::policy::tests::effective_client_subnet_partitions_policy_identity ... ok
test dns::policy::tests::empty_fixed_ttl_domain_is_rejected ... ok
test dns::policy::tests::hosts_lookup_does_not_change_upstream_cache_identity ... ok
test dns::policy::tests::listener_bind_does_not_change_resolution_policy_identity ... ok
test dns::policy::tests::malformed_cidr_is_rejected ... ok
test dns::policy::tests::malformed_endpoint_is_rejected ... ok
test dns::policy::tests::malformed_regex_is_rejected ... ok
test dns::policy::tests::request_and_response_rule_order_change_identity ... ok
test dns::policy::tests::semantic_policy_fields_change_identity ... ok
test dns::policy::tests::sip_policy_identity_normalizes_addresses_and_preserves_semantics ... ok
test dns::policy::tests::stale_reply_ttl_changes_policy_identity ... ok
test dns::persist::tests::actor::same_key_newer_epoch_survives_delayed_older_put_before_flush ... ok
test dns::projection::tests::deterministic_capacity_evicts_oldest_domain ... ok
test dns::persist::tests::restore::exact_restore_does_not_hit_profile_scope_wire_or_policy_variants ... ok
test dns::persist::tests::restore::expired_entry_is_skipped_and_counted_once ... ok
test dns::persist::tests::restore::exact_entry_round_trips_across_restart_and_renders_caller_txid ... ok
test dns::projection::tests::mapped_ipv6_and_ipv4_share_one_projected_fact ... ok
test dns::persist::tests::restore::legacy_rows_are_not_restored_or_removed_on_startup ... ok
test dns::projection::tests::refresh_and_ip_replacement_preserve_ttl ... ok
test dns::projection::tests::live_domain_without_matching_predicate_projects_present_zero ... ok
test dns::projection::tests::positive_refresh_uses_advertised_ttl_and_retain_keeps_owner ... ok
test dns::projection::tests::shared_ip_clear_and_expiry_recompute_owner_or ... ok
test dns::projection::tests::same_generation_update_after_batch_snapshot_stays_dirty ... ok
test dns::persist::tests::restore::mismatched_policy_and_corrupt_or_unknown_entries_are_counted_and_skipped ... ok
test dns::projection::tests::stale_runtime_submission_records_generation_fence_event ... ok
test dns::projection::tests::stale_runtime_observation_cannot_downgrade_generation ... ok
test dns::projection::tests::worker_tests::changed_entry_is_written_before_obsolete_entry_is_deleted_and_delete_retries ... ok
test dns::projection::tests::worker_tests::generation_change_before_backend_write_skips_stale_batch ... ok
test dns::projection::tests::worker_tests::one_observation_drains_multiple_batches_without_another_wake ... ok
test dns::projection::tests::worker_tests::reload_prefilled_facts_are_removed_after_clear_or_concurrent_expiry ... ok
test dns::projection::tests::worker_tests::drop_cancels_projection_worker ... ok
test dns::projection::tests::retired_projection_ips_do_not_accumulate_memory ... ok
test dns::projection::tests::worker_tests::set_and_map_full_failures_keep_dirty_until_retry ... ok
test dns::projection::tests::worker_tests::shutdown_is_idempotent_and_awaits_worker_termination ... ok
test dns::projection::tests::worker_tests::spawned_worker_converges_mock_map_after_transient_failure ... ok
test dns::projection::tests::ten_thousand_and_first_domain_evicts_exact_oldest_owner ... ok
test dns::projection::tests::worker_tests::stale_remove_is_repaired_by_new_same_generation_owner ... ok
test dns::projection::tests::worker_tests::wake_gate_reopens_before_snapshot_and_coalesces_duplicates ... ok
test dns::query::tests::accepts_questions_at_the_minimum_wire_size_boundary ... ok
test dns::projection::tests::worker_tests::shutdown_timeout_aborts_wedged_worker ... ok
test dns::query::tests::allocation::rejects_compression_beyond_hop_budget ... ok
test dns::query::tests::bypasses_optimization_but_forwards_semantically_unusual_queries ... ok
test dns::query::tests::canonical_identity_distinguishes_response_affecting_query_fields ... ok
test dns::query::tests::preserves_exact_question_identity_when_parsed ... ok
test dns::query::tests::allocation::many_names_allocate_linearly ... ok
test dns::query::tests::rejects_malformed_name_compression_without_panicking ... ok
test dns::query::tests::request_metadata_normalizes_ipv4_mapped_source ... ok
test dns::resolver::tests::dns_config_default_has_one_upstream ... ok
test dns::query::tests::rejects_impossible_qdcount_before_large_allocation ... ok
test dns::resolver::tests::outcomes::literal_ip_skips_dns_and_fallback ... ok
test dns::resolver::tests::outcomes::fallback_runs_once_only_when_both_families_are_unusable ... ok
test dns::resolver::tests::outcomes::one_usable_family_survives_sibling_failure_or_nxdomain ... ok
test dns::resolver::tests::outcomes::source_resolution_rejects_asis_from_either_family ... ok
test dns::resolver::tests::outcomes::source_specific_resolution_is_strict_and_uses_sip ... ok
test dns::resolver::tests::outcomes::parent_cancellation_drops_both_flights_and_waiters ... ok
test dns::resolver::tests::parallel_strategies_enter_both_families_before_either_is_released ... ok
test dns::resolver::tests::resolver_can_be_created_from_default_config ... ok
test dns::resolver::tests::outcomes::strategies_issue_exact_eligible_branches_and_preserve_prefer_semantics ... ok
test dns::resolver::tests::resolver_groups_literal_ipv6_without_upstream ... ok
test dns::resolver::tests::resolver_returns_literal_ipv4_without_upstream ... ok
test dns::response::tests::builds_error_responses_in_the_dns_response_layer ... ok
test dns::response::tests::rejects_stale_identity_and_malformed_responses ... ok
test dns::response::tests::restores_each_callers_txid_for_full_profiles ... ok
test dns::response::tests::truncates_udp_only_between_complete_records ... ok
test dns::routing::tests::request::invalid_sip_conditions_fail_router_construction ... ok
test dns::routing::tests::request::legacy_rules_are_converted ... ok
test dns::routing::tests::request::negated_and_positive_conditions_are_anded ... ok
test dns::routing::tests::request::negated_qname_matches_complement ... ok
test dns::routing::tests::request::negated_qtype_matches_complement ... ok
test dns::routing::tests::request::negated_sip_matches_only_known_addresses_outside_its_networks ... ok
test dns::routing::tests::request::negation_preserves_semantics ... ok
test dns::routing::tests::request::qname_matchers_preserve_semantics ... ok
test dns::routing::tests::request::qtype_and_combined_conditions_preserve_semantics ... ok
test dns::routing::tests::request::qtype_only_condition_preserves_semantics ... ok
test dns::routing::tests::request::request_actions_and_fallback_preserve_semantics ... ok
test dns::routing::tests::request::request_rules_remain_first_match ... ok
test dns::routing::tests::request::sip_matches_hosts_and_mixed_family_cidrs ... ok
test dns::routing::tests::request::unknown_source_never_matches_positive_or_negated_sip ... ok
test dns::routing::tests::response::cidr_match_preserves_requery_and_fallback ... ok
test dns::routing::tests::response::fixed_ttl_lookup_preserves_exact_domain_semantics ... ok
test dns::routing::tests::response::response_rules_remain_first_match ... ok
test dns::routing::tests::response::response_sip_condition_is_rejected ... ok
test dns::routing::tests::response::upstream_match_preserves_first_match_and_fallback ... ok
test dns::runtime::prefetch_tests::retirement_cancels_every_foreground_entry_path ... ok
test dns::runtime::prefetch_tests::retirement_joins_blocked_prefetch_before_transport_close ... ok
test dns::runtime::tests::completed_retirement_supervisors_are_reaped_during_publication ... ok
test dns::runtime::tests::explicit_shutdown_awaits_each_generation_transport_once ... ok
test dns::runtime::tests::fifth_retirement_cancels_oldest_and_retains_four ... ok
test dns::runtime::tests::lazy_bootstrap_resolution_stays_pinned_to_the_runtime_lease ... ok
test dns::runtime::tests::publication_does_not_wait_for_old_lease_and_drop_awaits_close ... ok
test dns::runtime::tests::retirement_deadline_closes_a_stalled_generation ... ok
test dns::singleflight::tests::active_flight_limit_rejects_the_2049th_key ... ok
test dns::singleflight::tests::completion_notifies_attached_waiter_and_preserves_fresh_flight ... ok
test dns::singleflight::tests::preference_irrelevant_sources_share_a_flight ... ok
test dns::singleflight::tests::preference_sensitive_sources_do_not_share_a_flight ... ok
test dns::singleflight::tests::refreshes_share_the_source_selected_cache_scope ... ok
test dns::singleflight::tests::strict_and_compatibility_resolves_do_not_share_a_flight ... ok
test dns::singleflight::tests::waiter_limit_rejects_the_257th_follower_without_opening_an_exchange ... ok
test dns::singleflight::tests::waiter_retries_when_leader_is_cancelled ... ok
test dns::transport::dial::tests::candidate_count_does_not_multiply_deadline ... ok
test dns::transport::dial::tests::silent_first_candidate_leaves_budget_for_fallback ... ok
test dns::transport::doh3::tests::constructor_keeps_query_and_dial_timeouts_distinct ... ok
test dns::transport::doh3::tests::h3_body_accepts_exact_protocol_boundary ... ok
test dns::transport::doh3::tests::h3_body_rejects_hostile_multichunk_response_before_append ... ok
test dns::projection::tests::worker_tests::wake_overflow_is_harmless_and_latest_state_converges ... ok
test dns::transport::doh::tests::h2_body_accepts_exact_protocol_boundary ... ok
test dns::transport::doh::tests::h2_body_rejects_hostile_multichunk_response_before_append ... ok
test dns::transport::doh::tests::h2_body_rejects_oversized_content_length_before_allocation ... ok
test dns::transport::doq::tests::constructor_keeps_query_and_dial_timeouts_distinct ... ok
test dns::projection::tests::worker_tests::same_generation_interleaving_converges_exact_mock_value ... ok
test dns::transport::framing::tests::exchange_deadline_covers_a_stalled_request_write ... ok
test dns::transport::doq::tests::proxied_doq_reuses_and_closes_packet_endpoint ... ok
test dns::transport::framing::tests::id_zero_roundtrip ... ok
test dns::transport::framing::tests::length_prefix_exchange ... ok
test dns::transport::framing::tests::read_into_reuses_capacity_across_frames ... ok
test dns::transport::idle_pool_tests::dot_inflight_stream_cannot_return_after_close ... ok
test dns::transport::idle_pool_tests::tcp_inflight_stream_cannot_return_after_close ... ok
test dns::transport::lifecycle::tests::acquisition_initializes_once_when_128_callers_race ... ok
test dns::transport::lifecycle::tests::builder_abort_wakes_waiters_and_allows_recovery ... ok
test dns::transport::lifecycle::tests::builder_error_is_fanned_out_to_waiters ... ok
test dns::transport::lifecycle::tests::cancelled_close_owner_allows_waiting_close_to_finish ... ok
test dns::transport::lifecycle::tests::close_is_idempotent ... ok
test dns::transport::lifecycle::tests::repeated_builder_interruption_never_leaves_a_stale_slot ... ok
test dns::transport::owned_task::tests::shutdown_awaits_task_termination ... ok
test dns::transport::retry::tests::failed_exchange_records_reset_before_successful_retry ... ok
test dns::transport::retry::tests::successful_retry_does_not_penalize_score_candidate ... ok
test dns::transport::framing::tests::exchange_deadline_is_shared_across_response_stages ... ok
test dns::transport::tests_proto::doh_connector_rejects_http1_only_server ... ok
test dns::transport::tests_proto::doq_doh3_clients_construct ... ok
test dns::transport::tests_proto::doh_post_over_h2_roundtrip ... ok
test dns::transport::tests_proto::encrypted_endpoint_defaults ... ok
test dns::transport::tests_proto::forwarder_cache_hit_all_protocols_udp ... ok
test dns::transport::tests_proto::live_google_doh_request_path ... ignored, live network: Google DoH
test dns::transport::tests_proto::resolver_uses_forwarder_stack ... ok
test dns::transport::tests_proto::dot_pool_roundtrip ... ok
test dns::transport::tests_proto::udp_and_tcp_via_upstream_pool ... ok
test dns::transport::udp_pool::tests::cancelled_exchange_rejects_delayed_wire_response ... ok
test dns::transport::udp_pool::tests::close_wakes_pending_exchange_and_joins_receive_task ... ok
test dns::transport::udp_pool::tests::retired_id_bitmap_tracks_expiry_without_history_scans ... ok
test dns::transport::udp_pool::tests::successful_exchange_quarantines_pool_id ... ok
test dns::transport::doh3::tests::proxied_doh3_reuses_and_closes_packet_endpoint ... ok
test dns::transport::upstream_lifecycle_tests::proxied_quic_transports_use_packet_outbound ... ok
test dns::transport::upstream_lifecycle_tests::proxied_quic_without_registry_fails_closed ... ok
test dns::transport::upstream_lifecycle_tests::query_paused_in_leaf_routing_cannot_publish_after_close ... ok
test dns::transport::tests_proto::tcp_pool_reuses_connection ... ok
test dns::transport::upstream_lifecycle_tests::overlapping_close_waits_for_inflight_query_drain ... ok
test dns::upstream_pool::query::tests::udp_retry_uses_other_family_before_same_family ... ok
test dns::upstream_pool::tests::query::configured_ecs_is_added_for_direct_route ... ok
test dns::upstream_pool::tests::query::parses_encrypted_upstream_at_construction ... ok
test dns::upstream_pool::tests::query::replacing_same_family_pool_preserves_in_flight_exchange ... ok
test dns::upstream_pool::tests::query::test_tcp_query_pooled ... ok
test dns::transport::upstream_lifecycle_tests::tcp_transport_lifecycle_is_single_flight_and_closes_once ... ok
test dns::upstream_pool::tests::query::test_udp_query ... ok
test dns::upstream_pool::tests::query::test_udp_txid_mismatch_discarded ... ok
test dns::upstream_pool::tests::query::udp_cold_retry_rechecks_route_for_alternate_address ... ok
test dns::upstream_pool::tests::query::udp_literals_respect_strict_family_strategy ... ok
test dns::upstream_pool::tests::query::udp_prefer_ipv6_falls_back_to_ipv4_and_reuses_winner ... ok
test dns::upstream_pool::tests::query::udp_truncated_fallback_reuses_tcp_connection_and_closes_once ... ok
test dns::upstream_pool::tests::query::udp_warm_pool_answers_after_bootstrap_stops ... ok
test dns::upstream_pool::tests::routing_dial::block_routes_fail_closed ... ok
test dns::upstream_pool::tests::routing_dial::dns_private_tls_connectors_follow_runtime_maintenance ... ok
test dns::transport::upstream_lifecycle_tests::stalled_tls_setups_use_dial_timeout_for_dot_and_doh ... ok
test dns::upstream_pool::tests::routing_dial::forced_score_route_keeps_target_and_nested_attribution ... ok
test dns::upstream_pool::tests::routing_dial::implicit_quic_routes_use_data_udp_health ... ok
test dns::upstream_pool::tests::routing_dial::implicit_score_route_keeps_target_and_attribution ... ok
test dns::upstream_pool::tests::routing_dial::implicit_udp_route_follows_tcp_carrier_health ... ok
test dns::upstream_pool::tests::routing_dial::resolve_dial_leaf_forced_arrow_bypasses_traffic_router ... ok
test dns::upstream_pool::tests::routing_dial::resolve_dial_leaf_implicit_default_fallback ... ok
test dns::upstream_pool::tests::routing_dial::resolve_dial_leaf_implicit_direct_when_route_is_direct ... ok
test dns::upstream_pool::tests::routing_dial::resolve_dial_leaf_implicit_uses_traffic_router ... ok
test dns::upstream_pool::tests::routing_dial::tcp_fallback_keeps_selected_score_group_chain ... ok
test dns::upstream_pool::tests::routing_leaf::resolve_dial_route_group_uses_group_manager_selector ... ok
test dns::upstream_pool::tests::routing_leaf::resolve_dial_route_group_without_gm_uses_first_member ... ok
test dns::upstream_pool::tests::routing_leaf::resolve_dial_route_node_by_name ... ok
test dns::upstream_pool::tests::shutdown::cancelled_admission_releases_concurrent_close_waiters ... ok
test dns::upstream_pool::tests::shutdown::close_joins_udp_receive_task_and_removes_query_path ... ok
test dns::upstream_pool::tests::shutdown::close_waits_for_query_admitted_before_transport_publication ... ok
test dns::wire::tests::test_extract_ips_a_and_aaaa ... ok
test dns::wire::tests::test_extract_ips_malformed ... ok
test dns::wire::tests::test_extract_ips_skips_non_address_records ... ok
test dns::wire::tests::test_skip_dns_name_compression_pointer ... ok
test dns::wire::tests::test_skip_dns_name_malformed ... ok
test dns::wire::tests::test_skip_dns_name_plain ... ok
test ebpf::maps::tests::test_ipnet_to_lpm_key_ipv4_class_a ... ok
test ebpf::maps::tests::test_ipnet_to_lpm_key_ipv4_host ... ok
test ebpf::maps::tests::test_ipnet_to_lpm_key_ipv6 ... ok
test ebpf::mock::janitor_conditional_delete_tests::reused_tuple_survives_stale_conditional_delete ... ok
test ebpf::mock::janitor_conditional_delete_tests::unchanged_expired_entry_is_removed ... ok
test ebpf::mock::tests::abort_accounts_state_delete_and_sequence_survives_cleanup ... ok
test ebpf::mock::tests::active_domain_zero_is_present_until_removed ... ok
test ebpf::mock::tests::conn_state_conditional_delete_rejects_state_change ... ok
test ebpf::mock::tests::exhausted_sequence_skips_live_retirement_fence ... ok
test ebpf::mock::tests::exhausted_sequence_skips_rollback_reachable_generations ... ok
test ebpf::mock::tests::legacy_removal_deletes_only_non_offloaded_forward_state ... ok
test dns::upstream_pool::tests::routing_dial::dns_proxy_query_survives_traffic_registry_retirement ... ok
test ebpf::mock::tests::stale_auxiliary_token_never_mutates_newer_incarnation ... ok
test ebpf::mock::tests::test_cleanup_clears_all_maps ... ok
test ebpf::mock::tests::test_conn_state_snapshot ... ok
test ebpf::mock::tests::test_cookie_pid_store_lookup ... ok
test ebpf::mock::tests::test_get_bpf_stats ... ok
test ebpf::mock::tests::test_mock_datapath_readiness ... ok
test ebpf::mock::tests::test_outbound_alive_set_get ... ok
test ebpf::mock::tests::test_redirect_track_crud ... ok
test ebpf::mock::tests::test_routing_handoff_take ... ok
test ebpf::mock::tests::test_tcp_conn_state_crud ... ok
test ebpf::mock::tests::test_udp_conn_state_crud ... ok
test ebpf::mock::tests::udp_direct_transition_is_two_phase_and_preserves_metadata ... ok
test ebpf::mock::tests::udp_proxy_transition_rewrites_exact_track ... ok
test ebpf::mock::tests::udp_transition_distinguishes_missing_token_and_state_mismatches ... ok
test ebpf::probe::tests::capability_results_preserve_observation_order ... ok
test ebpf::probe::tests::successful_misses_and_runtime_errors_keep_the_command_usable ... ok
test mode::tests::cancelled_update_leaves_public_and_kernel_state_unchanged ... ok
test mode::tests::flags_fence_quiesces_undelivered_staged_state ... ok
test mode::tests::flags_fence_wins_racing_mode_and_global_updates ... ok
test mode::tests::test_direct_offload_mode_bits ... ok
test mode::tests::test_new_fallback ... ok
test mode::tests::test_normalize ... ok
test mode::tests::test_override_outbound_block_never_overridden ... ok
test mode::tests::test_override_outbound_direct_and_global ... ok
test mode::tests::test_override_outbound_must_never_overridden ... ok
test mode::tests::test_override_outbound_rule_mode_keeps_routing ... ok
test pool::tests::explicit_pool_capacity_is_enforced ... ok
test dns::forwarder::tests::serve_stale_with_configured_reply_ttl_updates_wire_and_outcome ... ok
test pool::tests::stale_ready_target_release_does_not_poison_counter ... ok
test dns::forwarder::tests::serve_stale_with_zero_reply_ttl_preserves_wire_and_outcome_expiry ... ok
test pool::tests::test_hot_map_refuses_new_keys_at_bound_without_scan ... ok
test pool::tests::test_note_target_hot_gating ... ok
test pool::tests::test_pool_acquire_deposit ... ok
test ebpf::mock::tests::routing_publish_is_atomic_and_root_is_last ... ok
test pool::tests::test_pool_global_cap_refused ... ok
test pool::tests::test_pool_per_host_cap ... ok
test dns::forwarder::tests::stale_response_keeps_source_aware_preferred_family_projection ... ok
test pool::tests::test_pool_bare_dead_fin_evicted ... ok
test pool::tests::test_pool_ready_key_namespacing ... ok
test pool::tests::test_pool_ready_roundtrip ... ok
test pool::tests::test_purge_node_removes_bare_and_ready ... ok
test pool::tests::test_pool_ready_dead_fin_evicted ... ok
test pool::tests::test_ready_target_cardinality_cap ... ok
test pool::tests::test_ready_target_cap_is_atomic_under_parallel_deposits ... ok
test pool::tests::test_socks5_ready_reuse_skips_handshake ... ok
test pool::tests::test_warm_key_singleflight_and_drop_releases_claim ... ok
test relay::splice::tests::test_full_duplex_pipe_resource_bound ... ok
test relay::splice::tests::test_is_unsupported_errno ... ok
test pool::tests::test_total_cap_cas_never_overshoots_under_parallel_reservations ... ok
test dns::forwarder::tests::test_serve_stale_on_servfail ... ok
test dns::forwarder::tests::test_serve_stale_on_upstream_failure ... ok
test relay::splice::tests::test_probe_failure_falls_back_to_copy ... ok
test pool::tests::live_bare_check_prunes_expired_entry_for_repin ... ok
test relay::splice::tests::test_relay_auto_live_progress_matches_stats ... ok
test relay::splice::tests::test_relay_splice_live_progress_matches_stats ... ok
test relay::tests::test_relay_tcp_bidirectional ... ok
test relay::splice::tests::test_relay_splice_stats_match_copy_semantics ... ok
test relay::splice::tests::test_splice_bidirectional_large_transfer ... ok
test pool::tests::test_dial_permits_cap_concurrent_callers ... ok
test pool::tests::test_pool_ready_idle_ttl ... ok
test routing::fingerprint::tests::normalized_process_name_is_a_no_op_after_compilation ... ok
test routing::fingerprint::tests::port_ranges_are_encoded_as_ordered_lists ... ok
test routing::fingerprint::tests::semantic_encoder_frames_strings_and_lists ... ok
test routing::fingerprint::tests::semantic_encoder_keeps_action_metadata_and_geo_distinct ... ok
test routing::fingerprint::tests::semantic_encoder_preserves_domain_class_tags_and_registry_order ... ok
test routing::fingerprint::tests::semantic_encoder_uses_stored_ip_nets_and_mac_values ... ok
test routing::geo::scan_tests::a_duplicate_category_code_warns_and_keeps_the_last_block ... ok
test relay::tests::test_relay_tcp_simple_transfer ... ok
test routing::geo::scan_tests::attr_filter_selects_only_carrying_entries ... ok
test routing::geo::scan_tests::decodes_entry_attributes ... ok
test routing::geo::scan_tests::find_mirrors_routing_match_semantics ... ok
test routing::geo::scan_tests::fingerprints_track_only_selected_asset_bytes_and_state ... ok
test routing::geo::scan_tests::geo_length_guard_rejects_a_wrapping_length ... ok
test routing::geo::scan_tests::geoip_code_expanding_to_nothing_warns_like_geosite ... ok
test routing::geo::scan_tests::geoip_lookup_is_longest_prefix ... ok
test routing::geo::scan_tests::missing_geo_asset_warns_only_when_required ... ok
test routing::geo::scan_tests::mixed_plain_and_attr_references_share_one_index ... ok
test routing::geo::scan_tests::negated_traffic_geo_codes_are_captured_and_compiled ... ok
test routing::geo::scan_tests::no_attr_code_behavior_unchanged ... ok
test routing::geo::scan_tests::unknown_attr_and_multi_at_expand_to_zero ... ok
test routing::golden::reference_matches_independent_goldens ... ok
test routing::tests::bare_ip_in_dip_sip_parses_as_host_route ... ok
test routing::tests::domain_bitmap_covers_full_regex_and_negative_compound_conditions ... ok
test routing::tests::negation::test_negated_dip ... ok
test routing::tests::negation::test_negated_domain_full_keyword_regex ... ok
test routing::tests::negation::test_negated_domain_suffix ... ok
test routing::tests::negation::test_negated_dport ... ok
test routing::tests::negation::test_negated_dscp ... ok
test routing::tests::negation::test_negated_geoip_private ... ok
test routing::tests::negation::test_negated_ipversion ... ok
test routing::tests::negation::test_negated_l4proto ... ok
test routing::tests::negation::test_negated_mac ... ok
test routing::tests::negation::test_negated_only_rule_counts_as_conditioned ... ok
test routing::tests::negation::test_negated_pname ... ok
test routing::tests::negation::test_negated_sip ... ok
test routing::tests::negation::test_negated_sport ... ok
test routing::tests::negation::test_production_rule_sip_and_not_dport ... ok
test routing::tests::router_clone_shares_compiled_state ... ok
test routing::tests::test_combined_conditions_and_semantics ... ok
test routing::tests::test_domain_bitmap_does_not_claim_default_as_match ... ok
test routing::tests::test_domain_exact_route ... ok
test routing::tests::test_domain_glob_route ... ok
test routing::tests::test_domain_keyword_route ... ok
test routing::tests::test_domain_regex_route ... ok
test routing::tests::test_domain_suffix_route ... ok
test routing::tests::test_dscp_route ... ok
test routing::tests::test_empty_router ... ok
test routing::tests::test_geoip_private_route ... ok
test routing::geo::scan_tests::attr_expansion_matches_tool_scan_on_real_dat ... ok
test routing::tests::test_geosite_matcher_semantics ... ok
test dns::projection::tests::million_hot_owner_refreshes_keep_heaps_bounded ... ok
test routing::tests::test_glob_to_regex ... ok
test routing::tests::test_ip_cidr_route ... ok
test routing::tests::test_ip_version_route ... ok
test routing::tests::test_mac_and_process_name_combined ... ok
test routing::tests::test_mac_route_matching ... ok
test routing::tests::test_mark_propagation ... ok
test routing::tests::test_mixed_family_ip_route ... ok
test routing::tests::test_must_flag_on_outbound ... ok
test routing::tests::test_must_flag_on_rule ... ok
test routing::tests::test_normalize_mac ... ok
test routing::tests::test_port_range ... ok
test routing::tests::test_port_route ... ok
test routing::tests::test_priority_ordering ... ok
test routing::tests::test_process_name_route_matching ... ok
test routing::tests::test_protocol_route ... ok
test routing::tests::test_route_with_must ... ok
test routing::tests::test_sniffed_domain_miss_falls_through_to_ip_rule ... ok
test routing::tests::test_source_ip_route ... ok
test routing::tests::test_source_port_route ... ok
test routing::tests::test_trie_empty ... ok
test routing::tests::test_trie_ipv4_exact ... ok
test routing::tests::test_trie_ipv4_multi_prefix ... ok
test routing::tests::test_trie_ipv4_prefix ... ok
test routing::tests::test_trie_ipv4_wrong_family_rejected ... ok
test routing::tests::test_trie_ipv6_exact ... ok
test routing::tests::test_trie_ipv6_prefix ... ok
test routing::tests::test_trie_mixed_families ... ok
test sniffing::tests::sniff_tcp_reassembles_fragmented_client_hello ... ok
test sniffing::tests::sniff_tcp_reassembles_fragmented_http_header ... ok
test sniffing::tests::sniff_tcp_timeout_replays_every_consumed_byte ... ok
test sniffing::tests::test_is_valid_hostname ... ok
test sniffing::tests::test_parse_http_host ... ok
test sniffing::tests::test_parse_http_host_with_port ... ok
test sniffing::tests::test_parse_tls_sni_basic ... ok
test sniffing::tests::test_parse_tls_sni_non_tls ... ok
test sniffing::tests::test_parse_tls_sni_with_subdomain ... ok
test routing::tests::test_geosite_cn_route ... ok
test sniffing::tests::test_u24_from_be ... ok
test startup_lifecycle_tests::config_reserved_mark_mask_matches_datapath_abi ... ok
test startup_lifecycle_tests::existing_read_only_data_directory_uses_writable_fallback ... ok
test startup_lifecycle_tests::log_file_option_parses ... ok
test startup_lifecycle_tests::log_symlink_is_rejected_without_touching_target ... ok
test startup_lifecycle_tests::missing_runtime_data_directory_is_created ... ok
test sniffing::tests::test_sniff_tcp_detects_fragmented_http_host ... ok
test startup_lifecycle_tests::new_log_file_is_private_regular_and_existing_mode_is_preserved ... ok
test startup_lifecycle_tests::nfqueue_requested_without_ebpf_falls_back_to_disabled ... ok
test startup_lifecycle_tests::nfqueue_requested_with_mock_backend_falls_back_to_disabled ... ok
test startup_lifecycle_tests::non_regular_log_destination_is_rejected ... ok
test startup_lifecycle_tests::runtime_data_directory_symlink_remains_usable ... ok
test startup_lifecycle_tests::unusable_data_directory_and_fallback_preserve_both_errors ... ok
test startup_lifecycle_tests::reload_command_targets_only_a_locked_instance ... ok
test stats::dns::tests::record_increments_only_the_selected_counter ... ok
test stats::tests::active_connection_guard_decrements_active_exactly_once ... ok
test stats::tests::config_reserved_mark_mask_matches_the_datapath ... ok
test stats::tests::tcp_admission_stats_track_active_flows_and_capacity_waits ... ok
test stats::tests::test_outbound_tracker ... ok
test stats::tests::test_stats_manager ... ok
test stats::tests::udp_latency_histogram_uses_fixed_log2_bounds_and_quantiles ... ok
test stats::tests::udp_nfqueue_counters_and_verdict_latency_are_fixed_and_aggregate ... ok
test relay::tests::test_relay_tcp_drain_deadline_reaps_silent_peer ... ok
test stats::tests::warm_snapshot_keeps_marks_while_quic_client_count_is_unknown ... ok
test stats::tests::warm_snapshot_routes_vless_sessions ... ok
test stats::tests::warm_snapshot_attributes_reasons_and_prunes_cold_nodes ... ok
test stats::tests::warmed_stats_methods_reuse_one_tracker ... ok
test subscription::json::tests::configured_sip008_plugin_is_not_imported_as_plain_shadowsocks ... ok
test subscription::clash::tests::public_parser_compares_aliases_by_their_typed_meaning ... ok
test subscription::json::tests::malformed_or_unrepresentable_json_inputs_fail_without_echoing_values ... ok
test subscription::json::tests::malformed_nodes_do_not_poison_valid_siblings ... ok
test stats::dns::tests::concurrent_records_are_monotonic_without_cross_counter_coherence ... ok
test subscription::json::tests::sing_box_empty_grpc_and_tuic_defaults_are_preserved ... ok
test subscription::json::tests::sip008_wrappers_and_server_lists_normalize_to_shadowsocks ... ok
test subscription::json::tests::sing_box_vless_packet_and_multiplex_modes_are_not_guessed ... ok
test subscription::json::tests::structural_or_unknown_only_sing_box_body_is_rejected ... ok
test subscription::records::tests::conflicting_udp_aliases_are_rejected_without_dropping_siblings ... ok
test subscription::records::tests::disabled_wire_defaults_remain_accepted ... ok
test subscription::records::tests::dialect_credentials_keep_alias_order_and_empty_shadowing ... ok
test subscription::records::tests::public_parser_keeps_quoted_password_edge_spaces ... ok
test subscription::records::tests::named_tls_controls_are_mapped_or_rejected_without_losing_siblings ... ok
test subscription::records::tests::qx_effective_pins_are_rejected_and_disabled_pins_stay_disabled ... ok
test subscription::records::tests::public_parser_preserves_quoted_names_and_protocol_word_names ... ok
test subscription::records::tests::qx_legacy_vmess_and_active_session_controls_are_rejected ... ok
test subscription::records::tests::reality_does_not_override_explicit_tls_disable ... ok
test subscription::json::tests::sing_box_outbounds_preserve_supported_protocol_configuration ... ok
test subscription::records::tests::qx_reality_ignores_only_alpn_and_session_ticket_customization ... ok
test subscription::records::tests::tuic_empty_password_and_h3_alpn_are_returned ... ok
test subscription::records::tests::unsupported_wire_extensions_are_dropped_with_sibling_survival ... ok
test subscription::tests::body_reader_refuses_one_byte_past_the_cap ... ok
test subscription::tests::clash::anytls_alpn_import_preserves_distinct_endpoints ... ok
test subscription::tests::clash::clash_accepts_fixed_h3_alpn_and_tuic_empty_password ... ok
test subscription::supervisor::tests::shutdown_aborts_and_joins_every_active_worker ... ok
test subscription::tests::clash::clash_ignores_disabled_features_but_not_malformed_tls_pins ... ok
test subscription::tests::clash::clash_alpn_keeps_opaque_members_and_rejects_non_strings ... ok
test subscription::tests::clash::clash_imports_intrinsic_udp_nodes_but_rejects_false_restrictions ... ok
test subscription::tests::clash::clash_rejects_legacy_vless_udp_and_nondefault_juicity_windows ... ok
test subscription::tests::clash::clash_restores_fallback_names_and_lazy_ws_host_precedence ... ok
test subscription::tests::clash::clash_vless_udp_defaults_to_xudp ... ok
test subscription::tests::clash::imported_tls_required_protocols_and_quic_options_are_preserved ... ok
test subscription::tests::clash::test_external_vless_mode_representations ... ok
test subscription::tests::clash::test_parse_clash_no_proxies ... ok
test subscription::tests::clash::test_clash_import_skips_unsupported_vless_mode ... ok
test subscription::tests::clash::test_parse_clash_skips_removed_protocols ... ok
test subscription::tests::clash::test_parse_clash_subscription ... ok
test subscription::tests::clash::test_parse_clash_vless_nested_fields ... ok
test subscription::tests::clash::test_parse_clash_vless_modes ... ok
test subscription::tests::clash::test_rejects_ambiguous_external_vless_modes ... ok
test subscription::tests::explicit_sip008_uses_server_schema_not_uri_parser ... ok
test subscription::supervisor::tests::reconcile_joins_startup_and_replaces_periodic_worker ... ok
test subscription::tests::json_subscription_names_accept_utf16_surrogate_pairs ... ok
test subscription::tests::private_literal_hosts_are_recognized_by_address_not_name ... ok
test subscription::tests::simple_and_custom_detect_structured_bodies_without_fallback ... ok
test relay::splice::tests::test_splice_drain_deadline_reaps_silent_peer ... ok
test subscription::tests::subscription_normalizes_bom_and_urlsafe_wrapped_base64 ... ok
test subscription::tests::configured_subscription_user_agent_reaches_fetch_request ... ok
test subscription::tests::fetch_error_chain_redacts_subscription_url ... ok
test subscription::tests::subscription_store_rejects_symlink_directory ... ok
test relay::splice::tests::test_splice_half_close_propagation ... ok
test subscription::tests::test_parse_base64_empty_result ... ok
test subscription::tests::test_parse_base64_skips_unsupported ... ok
test subscription::tests::test_parse_base64_subscription ... ok
test subscription::tests::test_parse_base64_without_padding ... ok
test subscription::tests::test_parse_subscription_keeps_unique_nodes_with_duplicates ... ok
test subscription::tests::test_parse_subscription_skips_proxy_plugins ... ok
test subscription::tests::subscription_store_loads_pre_default_user_agent_key ... ok
test subscription::tests::subscription_cache_identity_isolates_explicit_default_user_agent ... ok
test subscription::tests::subscription_store_skips_rejected_legacy_candidates ... ok
test subscription::tests::subscription_store_recovers_last_valid_fetch ... ok
test relay::tests::test_relay_tcp_drain_cut_reports_progress_bytes ... ok
test routing::tests::test_geosite_route ... ok
test dns::forwarder::tests::background_refresh_rejects_a_mismatched_question_before_cache_write ... ok
test dns::forwarder::tests::compatibility_default_scope_refresh_keeps_compatibility_planning ... ok
test dns::forwarder::tests::source_selected_near_expiry_hits_share_one_refresh ... ok
test dns::forwarder::tests::test_stale_while_revalidate_refresh ... ok
test dns::cache::tests::behavior::test_serve_stale_window ... ok
test dns::cache::tests::store::test_expiry ... ok
test dns::cache::tests::store::test_purge_expired ... ok
test dns::projection::tests::capacity_blocked_retry_waits_for_removal_without_spinning ... ok
test relay::tests::test_relay_tcp_drain_tolerates_slow_active_survivor ... ok
test dns::upstream_pool::tests::query::test_udp_hedged_retry_on_loss ... ok
test dns::projection::tests::ip_capacity_prefers_matching_facts_and_bounds_reload_projection ... ok
test control::tests::shutdown_detaches_hooks_and_stays_bounded_with_stuck_flow ... ok
test dns::resolver::tests::resolver_new_wires_configured_stale_reply_ttl ... ok

test result: ok. 951 passed; 0 failed; 1 ignored; 0 measured; 0 filtered out; finished in 8.99s

     Running unittests src/main.rs (target/debug/deps/honk_core-0e512d43d06ea492)

running 6 tests
test tests::periodic_sweep_waits_until_other_workers_are_parked ... ok
test tests::idle_collection_delays_first_park_and_obeys_per_thread_cooldown ... ok
test tests::top_level_future_runs_on_a_runtime_worker ... ok
test tests::idle_collection_runs_on_each_worker_thread ... ok
test tests::periodic_sweep_collects_workers_that_remain_parked ... ok
test tests::explicit_runtime_keeps_time_and_io_enabled ... ok

test result: ok. 6 passed; 0 failed; 0 ignored; 0 measured; 0 filtered out; finished in 0.01s

     Running tests/clash_api_test.rs (target/debug/deps/clash_api_test-fe38d06116821e1e)

running 31 tests
test test_connections_ws_stream ... ok
test test_dns_query_from_cache ... ok
test test_dns_query_missing_name_is_400 ... ok
test test_cache_flush_endpoints ... ok
test test_mode_switch_updates_datapath_flags ... ok
test test_memory_chunked_reports_rss ... ok
test test_auth_secret_enforced ... ok
test test_auth_open_when_no_secret ... ok
test test_nested_group_delay_endpoints ... ok
test test_node_delay_failure_is_503 ... ok
test test_group_delay_omits_failed_members ... ok
test test_logs_chunked_fallback ... ok
test test_connections_snapshot_and_delete ... ok
test test_nested_group_selector_via_api ... ok
test stats_exposes_udp_metrics ... ok
test test_dns_query_upstream_and_nxdomain ... ok
test test_proxies_structure_and_selector_switch ... ok
test test_group_delay_returns_member_results_for_zashboard_core_mode ... ok
test test_external_ui_static_hosting ... ok
test test_store_dns_persister_end_to_end ... ok
test test_put_and_patch_without_content_type ... ok
test test_rules_aggregate_simple_and_preserve_complex ... ok
test test_ws_token_percent_decoded ... ok
test test_proxy_providers_structure ... ok
test test_score_group_delay_returns_current_winner_latency ... ok
test test_selector_switch_releases_the_group_manager_lock ... ok
test test_traffic_chunked_fallback ... ok
test test_score_proxy_contract_and_put_rejection ... ok
test test_global_selection_and_mode_persisted ... ok
test score_stats_are_authenticated_deterministic_and_private ... ok
test test_traffic_ws_with_token_auth ... ok

test result: ok. 31 passed; 0 failed; 0 ignored; 0 measured; 0 filtered out; finished in 1.20s

     Running tests/config_dae_routing_test.rs (target/debug/deps/config_dae_routing_test-1a5a175d54557364)

running 0 tests

test result: ok. 0 passed; 0 failed; 0 ignored; 0 measured; 1 filtered out; finished in 0.00s

     Running tests/dns_runtime_test.rs (target/debug/deps/dns_runtime_test-42eae87466ce03de)

running 5 tests
test public_service_rejects_malformed_and_bypasses_cache_for_uncacheable_queries ... ok
test flush_cancels_inflight_publication_without_cache_resurrection ... ok
test public_reload_surface_publishes_a_coherent_runtime ... ok
test public_runtime_reload_replaces_hosts_snapshot_and_rejects_invalid_file ... ok
test public_runtime_reload_preserves_policy_cache_then_changes_udp_and_tcp_transport ... ok

test result: ok. 5 passed; 0 failed; 0 ignored; 0 measured; 0 filtered out; finished in 0.02s

     Running tests/ebpf_datapath_test.rs (target/debug/deps/ebpf_datapath_test-1001f5a4a959ddf2)

running 0 tests

test result: ok. 0 passed; 0 failed; 0 ignored; 0 measured; 0 filtered out; finished in 0.00s

     Running tests/integration_test.rs (target/debug/deps/integration_test-3dd537a402860c98)

running 27 tests
test integration_tests::test_outbound_index_conversions ... ok
test integration_tests::test_routing_path_default ... ok
test integration_tests::test_routing_path_block ... ok
test integration_tests::test_routing_path_direct ... ok
test integration_tests::test_routing_path_udp_dns ... ok
test integration_tests::test_routing_path_proxy ... ok
test integration_tests::test_node_protocol_parsing ... ok
test integration_tests::test_config_validation_no_address ... ok
test integration_tests::test_config_validation_empty_node_name ... ok
test integration_tests::test_config_load_and_validate ... ok
test integration_tests::test_block_handler_rejects_all ... ok
test integration_tests::test_stats_manager_full_workflow ... ok
test integration_tests::test_direct_handler_to_echo_server ... ok
test integration_tests::test_socks5_full_handshake ... ok
test integration_tests::test_router_empty_config ... ok
test integration_tests::test_router_ip_cidr_routing ... ok
test integration_tests::test_router_domain_suffix_routing ... ok
test integration_tests::test_routing_edge_cases ... ok
test integration_tests::test_dns_resolver_creation_and_cache ... ok
test integration_tests::test_proxy_registry_all_handlers ... ok
test integration_tests::test_control_plane_creation ... ok
test integration_tests::test_reload_rebuilds_group_manager_preserving_choices ... ok
test integration_tests::test_merge_subscription_nodes_full_pipeline ... ok
test integration_tests::test_splice_relay_bidirectional_data ... ok
test integration_tests::test_mode_command_rejects_dae_without_rewriting ... ok
test integration_tests::test_tcp_relay_bidirectional_data ... ok
test integration_tests::test_daemon_reports_timer_diagnostics_on_startup_and_sighup ... ok

test result: ok. 27 passed; 0 failed; 0 ignored; 0 measured; 0 filtered out; finished in 0.11s

     Running unittests src/lib.rs (target/debug/deps/honk_ebpf_common-dc380464acebd5a3)

running 15 tests
test conn::tests::tcp_active_never_expires ... ok
test conn::tests::udp_state_and_token_share_the_conn_state_without_aliasing ... ok
test nfqueue_abi_tests::decision_generations_share_mark_space_without_aliasing ... ok
test conn::tests::tcp_closing_uses_strict_timeout ... ok
test nfqueue_abi_tests::reserved_mark_bits_are_exact ... ok
test nfqueue_abi_tests::token_marks_require_exact_signature_and_nonzero_token ... ok
test outbound_stats_counter_tests::outbound_stats_counter_layout_and_wrapping_are_stable ... ok
test routing_policy::normalization_tests::incomplete_sequence_is_one_replacement ... ok
test routing_policy::normalization_tests::missing_and_whitespace_only_metadata_are_empty ... ok
test routing_policy::normalization_tests::replacement_bytes_fill_the_entire_output_capacity ... ok
test routing_policy::normalization_tests::replaces_invalid_utf8_like_std_lossy ... ok
test routing_policy::normalization_tests::trims_ascii_and_stops_at_nul ... ok
test routing_policy::normalization_tests::trims_unicode_whitespace_without_allocating_in_helper ... ok
test routing_policy::unresolved_direct_handoff_keeps_sniffing_authority ... ok
test routing_policy::normalization_tests::bounded_handoff_normalization_matches_std ... ok

test result: ok. 15 passed; 0 failed; 0 ignored; 0 measured; 0 filtered out; finished in 0.02s

     Running unittests src/lib.rs (target/debug/deps/honk_nfqueue-315a3358c76bc286)

running 20 tests
test kernel_tests::nfqueue_service_isolated_netns_kernel_contract ... ignored, requires root; run via just test-netns
test netlink::tests::attributes_round_trip_with_alignment ... ok
test netlink::tests::declared_message_length_cannot_exceed_its_datagram ... ok
test netlink::tests::malformed_messages_and_attributes_are_errors ... ok
test packet::tests::parses_ipv6_extension_chain_without_copying_udp_payload ... ok
test packet::tests::rejects_cap_len_mismatch_and_fragments ... ok
test packet::tests::parses_ipv4_and_exposes_exact_mark_carrier ... ok
test queue::tests::malformed_netlink_length_is_listener_fatal ... ok
test queue::tests::queue_row_finds_owned_queue ... ok
test rules::tests::install_batch_owns_accept_prerouting_chain ... ok
test rules::tests::every_nft_transaction_operation_requests_an_ack ... ok
test rules::tests::queue_is_fixed_and_has_no_bypass_or_fanout_flags ... ok
test rules::tests::rule_expression_order_keeps_ct_after_cheap_selectors ... ok
test tests::kernel_drop_counters_continue_across_queue_rebind ... ok
test tests::parses_owned_kernel_queue_stats ... ok
test tests::local_stats_change_without_kernel_procfs ... ok
test verdict::tests::failed_verdict_send_is_fatal_and_cannot_be_retried ... ok
test verdict::tests::guard_commits_once_and_drop_defaults_to_nf_drop ... ok
test verdict::tests::marked_accept_has_no_priority_attribute ... ok
test queue::tests::configure_emits_only_bind_copy_packet_and_maxlen_without_flags ... ok

test result: ok. 19 passed; 0 failed; 1 ignored; 0 measured; 0 filtered out; finished in 0.00s

     Running unittests src/lib.rs (target/debug/deps/honk_outbound-32b6be52e5b3a8f4)

running 711 tests
test alive::latencies::tests::test_ring_overflow ... ok
test alive::latencies::tests::test_last_real_sample_skips_synthetic ... ok
test alive::latencies::tests::test_empty ... ok
test alive::latencies::tests::test_append_and_last ... ok
test address_race::tests::address_order_interleaves_families_stably ... ok
test alive::merge_check_addrs_tests::literals_come_before_resolved_even_when_they_sort_later ... ok
test alive::tests::test_block_ignores_traffic_failures ... ok
test alive::tests::test_alive_set_per_protocol ... ok
test alive::tests::test_dial_success_resets_failure_streak ... ok
test alive::tests::available_traffic_fast_path_preserves_clean_state_and_resets_dirty_state ... ok
test alive::tests::group_activity_ignores_untracked_groups_and_reuses_registered_key ... ok
test alive::tests::test_direct_ignores_failure_marks ... ok
test alive::tests::test_builtin_leaf_probe_recovers_url_state ... ok
test alive::tests::test_block_probe_exempt ... ok
test alive::tests::invalid_http_check_url_falls_back_before_probe_cycles ... ok
test address_race::tests::fallback_starts_after_stagger_and_cancels_loser ... ok
test address_race::tests::healthy_first_never_starts_fallback ... ok
test alive::tests::test_failure_demotion_needs_consecutive_successes ... ok
test address_race::tests::fast_failure_waits_ten_milliseconds_and_preserves_last_error ... ok
test address_race::tests::race_never_exceeds_two_attempts ... ok
test alive::tests::test_merge_check_addrs_dedup ... ok
test alive::tests::test_alive_set_basic ... ok
test alive::tests::test_death_callback_fires_on_flip_only ... ok
test alive::tests::test_has_udp_state_from_traffic_reports ... ok
test alive::tests::test_death_callback_skipped_while_udp_sibling_alive ... ok
test alive::tests::test_parse_url_host_dae_comma_format ... ok
test alive::tests::test_parse_check_literals ... ok
test alive::tests::test_probe_cooldown_backoff ... ok
test alive::tests::test_parse_url_host_strips_path_and_missing_scheme ... ok
test alive::tests::test_network_change_bypasses_backoff_but_requires_fresh_success ... ok
test alive::tests::test_parse_url_port ... ok
test alive::tests::test_probe_node_udp_no_prober_is_noop ... ok
test alive::tests::test_report_dial_latency_ignores_builtin_nodes ... ok
test alive::tests::test_probe_node_udp_dns_blocked_but_data_path_ok_keeps_data_udp_alive ... ok
test alive::tests::test_push_ebpf_uses_outbound_resolver ... ok
test alive::tests::test_restore_latency_seeds_ranking_not_liveness ... ok
test alive::tests::test_probe_node_udp_success_marks_udp_domains_alive ... ok
test alive::tests::test_stopped_node_probes_on_slow_cadence_and_recovers ... ok
test alive::tests::test_report_dial_latency_demotes_after_three_slow_dials ... ok
test alive::tests::test_report_dial_latency_floor_covers_fast_node_load_jitter ... ok
test alive::tests::test_probe_node_udp_failures_kill_udp_domains_only ... ok
test alive::tests::test_sync_group_check_urls_prunes_unused_urls ... ok
test alive::tests::test_traffic_failures_ignored_during_grace ... ok
test alive::tests::test_direct_probe_uses_direct_check_addr ... ok
test alive::tests::test_url_probe_state_independence ... ok
test alive::tests::test_tcp_probe_failure_does_not_touch_udp ... ok
test bootstrap::tests::test_parse_resolver ... ok
test bootstrap::tests::test_build_and_parse_roundtrip ... ok
test bootstrap::tests::test_parse_https_rr_ech ... ok
test alive::tests::raw_tcp_probe_with_v4_only_node_address_leaves_v6_untouched ... ok
test alive::tests::v4_only_check_url_leaves_v6_family_untouched ... ok
test descriptor::tests::every_protocol_has_a_descriptor ... ok
test alive::tests::warm_http_probe_is_the_only_result_recorded_as_latency ... ok
test alive::tests::test_sync_urltest_groups_full_refresh ... ok
test bootstrap::tests::test_resolve_literal_ip_skips_lookup ... ok
test descriptor::tests::generation_runtime_matches_protocol_family ... ok
test descriptor::tests::udp_capability_follows_the_network_gate ... ok
test descriptor::tests::vless_capabilities_follow_wire_mode ... ok
test alive::trigger_tests::trigger_queue_is_deduplicated_and_bounded ... ok
test group::score::tests::attribution::compact_outcome_finds_nested_io_errors ... ok
test group::score::tests::attribution::aggregate_feedback_completion_and_cancellation_are_accounted_once ... ok
test bootstrap::tests::test_query_ech_config_via_bootstrap_udp ... ok
test group::score::tests::attribution::builtin_direct_final_is_valid_feedback_membership ... ok
test group::score::tests::attribution::dead_candidate_is_excluded_before_scoring ... ok
test group::score::tests::attribution::duplicate_direct_leaf_stays_direct_on_last_resort ... ok
test bootstrap::tests::test_resolve_via_bootstrap_udp ... ok
test alive::tests::test_health_cycle_runs_udp_probe_after_tcp ... ok
test alive::tests::test_recovery_cycle_probes_due_dead_udp_nodes ... ok
test group::score::tests::attribution::aggregate_display_does_not_advance_nested_load_balance ... ok
test alive::tests::test_recovery_cycle_probes_due_dead_nodes ... ok
test group::score::tests::attribution::duplicate_leaf_paths_do_not_change_score_rank ... ok
test group::score::tests::attribution::cold_exploration_is_deterministic_and_cancelled_loser_is_neutral ... ok
test group::score::tests::attribution::feedback_for_node_merges_nested_score_memberships_once ... ok
test group::score::tests::attribution::cancelled_exact_attempt_does_not_hide_aggregate_failure ... ok
test group::score::tests::attribution::deep_score_last_resort_keeps_every_attribution ... ok
test group::score::tests::attribution::inflight_exact_attempt_does_not_mask_aggregate_reliability ... ok
test group::score::tests::attribution::final_outbound_late_completion_keeps_extant_leaf_and_drops_deleted_leaf ... ok
test group::score::tests::attribution::nested_score_last_resort_keeps_child_attribution ... ok
test alive::tests::test_health_cycle_skips_idle_urltest_nodes ... ok
test group::score::tests::attribution::reload_reuses_state_and_prunes_removed_members ... ok
test group::score::tests::attribution::setup_failure_switches_to_the_other_candidate ... ok
test group::score::tests::attribution::nested_score_groups_keep_the_target_and_complete_attribution_path ... ok
test group::score::tests::attribution::normalizes_domain_key_and_keeps_target_dimensions_independent ... ok
test group::score::tests::attribution::network_target_and_family_buckets_are_isolated ... ok
test group::score::tests::attribution::setup_only_exact_samples_keep_aggregate_reliability ... ok
test group::score::tests::cadence::cold_exploration_skips_backed_off_candidates ... ok
test group::score::tests::cadence::exploration_budget_scales_with_candidate_count ... ok
test group::score::tests::cadence::hold_decision_scales_margin_with_incumbent_evidence ... ok
test group::score::tests::cadence::consecutive_failures_exclude_leaf_from_ranking ... ok
test group::score::tests::attribution::setup_only_success_does_not_become_usefulness_failure ... ok
test group::score::tests::attribution::setup_only_family_samples_keep_global_reliability ... ok
test group::score::tests::cadence::exploration_backoff_grows_with_failures_and_shrinks_with_success ... ok
test group::score::tests::attribution::late_completion_keeps_extant_member_and_drops_deleted_member ... ok
test group::score::tests::cadence::hysteresis_evidence_counts_each_reporter_completion_once ... ok
test group::score::tests::attribution::urltest_retry_plan_keeps_the_group_in_the_selection_chain ... ok
test group::score::tests::cadence::large_score_groups_cap_initial_target_exploration ... ok
test group::score::tests::cadence::latency_samples_use_a_decayed_weighted_mean ... ok
test group::score::tests::cadence::relative_performance_is_scale_invariant ... ok
test group::score::tests::cadence::rank_counts_fail_streak_excluded_candidates ... ok
test group::score::tests::cadence::trained_utility_does_not_trade_latency_for_attempt_balance ... ok
test group::score::tests::cadence::rank_counts_explore_backed_off_candidates ... ok
test group::score::tests::cadence::periodic_exploration_prefers_reliability_upper_bound ... ok
test group::score::tests::evidence::aged_evidence_reenters_deterministic_cold_exploration ... ok
test group::score::tests::cadence::same_scope_exploration_period_and_peek_are_unchanged ... ok
test group::score::tests::cadence::score_peek_does_not_consume_group_exploration_budget ... ok
test group::score::tests::cadence::large_score_groups_periodically_try_non_incumbent ... ok
test group::score::tests::evidence::aged_failure_restores_incumbent_margin ... ok
test group::score::tests::evidence::evidence_half_life_decays_every_historical_field ... ok
test group::score::tests::cadence::selection_count_reload_lifecycle_matches_group_name ... ok
test group::score::tests::evidence::captured_feedback_requires_current_authority_at_start ... ok
test group::score::tests::evidence::specific_failure_freshness_is_not_hidden ... ok
test group::score::tests::evidence::single_failure_layer_freshness_is_unchanged ... ok
test group::score::tests::cadence::periodic_exploration_is_scoped_by_network_and_family ... ok
test group::score::tests::evidence::stale_exact_metrics_yield_back_to_aggregate_evidence ... ok
test group::score::tests::evidence::throughput_ignores_bursts_and_pools_dominant_direction ... ok
test group::score::tests::evidence::layered_failure_freshness_uses_one_envelope ... ok
test group::score::tests::evidence::trained_score_holds_incumbent_against_small_gain ... ok
test group::score::tests::evidence::stale_manager_authority_stays_revoked_after_same_name_recreation ... ok
test group::score::tests::reasons::score_reload_prunes_removed_switch_history_members ... ok
test group::score::tests::reasons::applied_score_selection_records_switch_flap ... ok
test group::score::tests::reasons::nested_score_groups_count_reasons_independently ... ok
test group::score::tests::reasons::private_reason_counts_follow_committed_name_lifecycle ... ok
test group::score::tests::reasons::score_reason_snapshot_is_sorted_fixed_and_private ... ok
test group::score::tests::reasons::delay_test_members_do_not_record_score_selection ... ok
test group::score::tests::reasons::switch_flap_ignores_cross_target_interleaving ... ok
test group::score::tests::reasons::selector_commit_follows_non_first_default ... ok
test group::score::tests::reasons::selection_reason_instrumentation_preserves_existing_winners ... ok
test group::score::tests::reasons::selector_parent_peeks_unchosen_score_subgroups ... ok
test group::score::tests::reasons::switch_flap_counts_only_quick_committed_reversals ... ok
test group::score::tests::reasons::score_reason_snapshot_reload_policy_is_name_based ... ok
test group::score::tests::reasons::selector_commit_follows_alive_fallback ... ok
test group::tests::fallback_tcp_and_udp_pins_are_independent ... ok
test group::score::tests::reasons::selection_reason_precedence_is_stable ... ok
test group::score::tests::reasons::selection_reason_counting_respects_apply_and_filter_boundaries ... ok
test group::tests::loadbalance_tcp_and_udp_cursors_are_independent ... ok
test group::tests::direct_selector_fast_path_preserves_first_member_selection ... ok
test group::tests::direct_selector_plan_fast_path_preserves_choice_default_and_health ... ok
test group::tests::peek_selection_plan_does_not_update_urltest_or_fallback_after_death ... ok
test group::tests::peek_selection_plan_load_balance_does_not_advance_cursor ... ok
test group::tests::peek_selection_plan_keeps_cold_urltest_idle_and_cache_empty ... ok
test group::tests::selection_plan_ignores_udp_measurement_from_dead_candidate ... ok
test group::tests::selection_plan_cold_urltest_keeps_mode_with_one_udp_eligible_leaf ... ok
test group::tests::selector_change_callback_fires_only_for_effective_choice_changes ... ok
test group::tests::dead_single_leaf_remains_a_tcp_last_resort_only ... ok
test group::tests::selector_all_filtered_serves_last_resort_leaf_with_log ... ok
test group::tests::selector_choice_filtered_by_health_falls_back_without_rewriting_choice ... ok
test group::tests::peek_selection_plan_keeps_nested_child_idle_and_only_reads_tcp_mirror ... ok
test group::tests::ranked_udp_leaves_orders_caps_and_filters ... ok
test group::tests::selector_default_filtered_by_health_falls_back_with_log ... ok
test group::tests::selector_warm_node_keeps_configured_dead_leaf_and_resolves_nested_choice ... ok
test group::tests::test_fallback_interrupt_on_switch ... ok
test group::tests::test_group_policy ... ok
test group::tests::test_idle_default ... ok
test group::tests::test_final_outbound ... ok
test group::tests::test_cycle_detection_breaks_cycle_edge ... ok
test group::tests::test_fallback_first_alive_switch_and_no_flap_back ... ok
test group::tests::test_interrupt_callback_selector ... ok
test group::tests::test_interrupt_callback_urltest_switch ... ok
test group::tests::test_loadbalance_no_interrupt_on_rotation ... ok
test alive::tests::test_concurrent_dial_failures_cannot_collapse ... ok
test group::tests::test_loadbalance_round_robin_independent_per_group ... ok
test group::tests::test_loadbalance_order_for_parallel_dial ... ok
test group::tests::selection_plan_preserves_authoritative_and_cold_urltest_provenance ... ok
test group::tests::test_not_found ... ok
test group::tests::test_node_names_in_group ... ok
test group::tests::test_nested_group_check_url_ranks_subgroups_by_tag ... ok
test group::score::tests::evidence::parsed_score_policy_learns_without_a_feature_flag ... ok
test group::tests::test_loadbalance_skips_dead_nodes ... ok
test group::tests::test_selector_choice_get_set ... ok
test group::tests::test_selector_default_first_alive ... ok
test group::tests::test_selector_with_default_name ... ok
test group::tests::test_selector_runtime_choice_overrides_default ... ok
test group::tests::test_udp_both_dead_excluded_despite_tcp_alive ... ok
test group::tests::test_udp_single_domain_alive_selectable ... ok
test group::tests::test_nested_selector_three_levels ... ok
test group::tests::test_persist_callback_on_selector_change ... ok
test group::tests::test_migrate_selector_choices_from ... ok
test group::tests::test_selector_dial_list_is_the_chosen_node_only ... ok
test group::tests::test_select_marks_group_active ... ok
test group::tests::test_udp_unprobed_node_inherits_tcp_liveness ... ok
test group::tests::test_urltest_dial_list_single_when_data_exists_race_when_cold ... ok
test group::tests::test_urltest_selection ... ok
test group::tests::test_urltest_keeps_incumbent_within_tolerance_of_current_latency ... ok
test group::tests::test_urltest_group_without_check_url_uses_global_state ... ok
test group::tests::test_urltest_switches_when_incumbent_degrades ... ok
test group::tests::test_urltest_group_custom_check_url_selection ... ok
test alive::tests::test_suspension_check_releases_node_groups_before_reading_timeouts ... ok
test group::tests::test_urltest_parent_with_urltest_subgroup ... ok
test group::tests::test_urltest_udp_selection_skips_udp_dead_node ... ok
test group::tests::test_urltest_udp_falls_back_to_tcp_selection ... ok
test group::tests::test_urltest_udp_uses_dns_udp_latency_when_no_data_udp ... ok
test group::tests::test_urltest_tcp_udp_separate_selections ... ok
test proxy::addr::tests::test_encode_enforces_domain_length_bounds ... ok
test proxy::addr::tests::test_codec_roundtrip ... ok
test proxy::addr::tests::test_encode_domain ... ok
test proxy::addr::tests::test_encode_ipv4 ... ok
test group::udp_selection_repro_tests::udp_pick_prefers_node_with_udp_latency_over_mirror ... ok
test proxy::addr::tests::test_encode_ipv6 ... ok
test proxy::addr::tests::test_decode_truncated ... ok
test proxy::addr::tests::test_encode_vmess_atyp ... ok
test group::tests::urltest_retry_candidates_deduplicate_shared_nested_leaves_before_cap ... ok
test group::tests::urltest_strike_demotion_needs_two_consecutive_successes ... ok
test proxy::addr::tests::test_socks_addr_len ... ok
test group::tests::urltest_flaky_node_stays_demoted_after_dial_failure ... ok
test proxy::addr::tests::test_read_from_stream ... ok
test proxy::anytls::tests::authentication_packet_covers_padding_length_boundaries ... ok
test group::tests::test_user_style_nested_layout ... ok
test proxy::anytls::tests::overflow_runtime::killed_stream_tombstone_follows_stream_owner ... ok
test proxy::anytls::tests::overflow_runtime::session_close_preserves_killed_reset_until_owner_reads ... ok
test proxy::anytls::tests::overflow_runtime::overflow_accounting_clears_on_lifecycle_exits ... ok
test proxy::anytls::tests::overflow_runtime::overflow_transition_self_kicks_an_emptied_queue ... ok
test proxy::anytls::tests::overflow_runtime::overflow_watchdog_retires_when_the_overflow_drains ... ok
test proxy::anytls::tests::overflow_runtime::overflow_watchdog_spares_streams_with_flush_progress ... ok
test proxy::anytls::tests::overflow_runtime::overflow_preserves_data_before_fin ... ok
test proxy::anytls::tests::overflow_runtime::session_hard_cap_kills_only_after_full_grace_of_waits ... ok
test proxy::anytls::tests::overflow_runtime::stale_remote_fin_after_overflow_kill_is_reset ... ok
test proxy::anytls::tests::overflow_runtime::stream_byte_cap_reaps_via_watchdog_only_after_stall_grace ... ok
test proxy::anytls::tests::overflow_runtime::uot_sink_saturation_retires_only_stream ... ok
test proxy::anytls::tests::overflow_runtime::session_soft_cap_parks_immediately_and_flushes_on_progress ... ok
test proxy::anytls::tests::overflow_runtime::session_hard_cap_kills_stream_that_outwaits_the_stall_grace ... ok
test proxy::anytls::tests::overflow_state::overflow_flush_progress_resets_stall_age ... ok
test proxy::anytls::tests::overflow_state::overflow_full_requeue_preserves_stall_age ... ok
test proxy::anytls::tests::overflow_state::overflow_state_accounting_tracks_every_queue_operation ... ok
test proxy::anytls::tests::overflow_runtime::session_hard_cap_waits_for_progress_and_spares_everyone ... ok
test proxy::anytls::tests::overflow_state::overflow_admit_hard_cap_reaps_past_grace_stream ... ok
test proxy::anytls::tests::overflow_state::overflow_admit_below_hard_caps_never_kills ... ok
test proxy::anytls::tests::padding_scheme_matches_upstream_map_boundaries ... ok
test proxy::anytls::tests::padding_writer_honors_check_and_frame_size_boundaries ... ok
test proxy::anytls::tests::overflow_state::overflow_admit_hard_cap_waits_inside_the_grace ... ok
test proxy::anytls::tests::overflow_state::overflow_terminal_events_cap_per_stream ... ok
test proxy::addr::tests::test_encode_rejects_directly_constructed_oversized_domain - should panic ... ok
test proxy::anytls::tests::overflow_runtime::test_hol_stall_does_not_block_other_streams ... ok
test proxy::anytls::tests::payload_budget::retired_tcp_frame_does_not_fail_its_session ... ok
test proxy::anytls::tests::payload_budget::saturated_uot_budget_does_not_block_tcp_delivery ... ok
test proxy::anytls::tests::payload_budget::budget_wait_to_body_handoff_is_atomic_for_synack_liveness ... ok
test proxy::anytls::tests::payload_budget::closed_session_budget_reap_reports_reset ... ok
test proxy::anytls::tests::payload_budget::terminal_event_releases_later_payload_credit ... ok
test proxy::anytls::tests::payload_budget::stalled_primary_queue_releases_pool_budget_for_sibling_session ... ok
test proxy::anytls::tests::payload_budget::canceled_budget_waiter_does_not_stall_or_desync_demux ... ok
test proxy::anytls::tests::runtime::ephemeral_guard_releases_session_when_probe_is_aborted ... ok
test proxy::anytls::tests::overflow_runtime::test_hol_slow_consumer_reset_after_queue_drains ... ok
test proxy::anytls::tests::overflow_state::overflow_state_enforces_frame_and_byte_caps_independently ... ok
test proxy::anytls::tests::runtime::speculative_detached_commit_fails_closed_after_generation_shutdown ... ok
test proxy::anytls::tests::runtime::speculative_shared_loser_unregisters_uot_sid_synchronously ... ok
test proxy::anytls::tests::runtime::runtime_retirement_drains_live_session_without_cutting_it ... ok
test proxy::anytls::tests::runtime::speculative_detached_winner_commits_into_captured_pool_once ... ok
test proxy::anytls::tests::runtime::ephemeral_runtime_close_releases_session_and_connection ... ok
test proxy::anytls::tests::runtime::speculative_udp_abort_cancels_injected_dial_without_pooling ... ok
test proxy::anytls::tests::runtime::speculative_udp_generation_shutdown_cancels_injected_dial ... ok
test proxy::anytls::tests::server_settings_use_the_final_version_value ... ok
test proxy::anytls::tests::runtime::warm_resources_flip_with_pool_session ... ok
test proxy::anytls::tests::runtime::runtime_dial_stays_on_captured_pool_after_registry_swap ... ok
test proxy::anytls::tests::runtime::runtime_udp_pool_hit_does_not_build_connector ... ok
test address_race::tests::real_tcp_loser_socket_closes_when_fallback_wins ... ok
test proxy::anytls::tests::streams::a_server_alert_does_not_become_clean_eof ... ok
test proxy::anytls::tests::streams::a_deferred_read_error_releases_the_stream_slot ... ok
test proxy::anytls::tests::streams::padding_update_applies_to_an_active_session_before_stop ... ok
test proxy::anytls::tests::streams::empty_control_frames_do_not_close_the_session ... ok
test proxy::anytls::tests::runtime::warm_shutdown_cancels_a_notify_blocked_dial_and_keeps_pool_terminal ... ok
test proxy::anytls::tests::runtime::warm_uses_only_its_generation_owned_runtime_pool ... ok
test proxy::anytls::tests::streams::stream_drop_unregisters_before_returning ... ok
test alive::tests::test_probe_node_udp_timeout_counts_as_failure ... ok
test proxy::anytls::tests::overflow_runtime::concurrent_overflow_flush_preserves_stream_order ... ok
test proxy::anytls::tests::streams::test_concurrent_streams_on_one_session ... ok
test proxy::anytls::tests::streams::test_multi_data_fin_same_batch ... ok
test proxy::anytls::tests::streams::test_data_fin_same_batch_delivers_data_then_eof ... ok
test proxy::anytls::tests::streams::test_pool_offer_reuses_and_invalidates ... ok
test proxy::anytls::tests::streams::test_registration_commit_moves_permit ... ok
test proxy::anytls::tests::streams::test_registration_guard_drop_cleans_uncommitted ... ok
test proxy::anytls::tests::streams::test_registration_guard_partial_frame_sends_fin ... ok
test proxy::anytls::tests::streams::test_server_fin_closes_only_that_stream ... ok
test proxy::anytls::tests::streams::test_try_reserve_rejects_draining ... ok
test proxy::anytls::tests::synack::dropped_unanswered_stream_cancels_its_synack_deadline ... ok
test proxy::anytls::tests::synack::reused_v2_session_requires_synack_within_deadline ... ok
test group::score::tests::attribution::aggregate_cache_has_a_hard_lru_bound ... ok
test group::score::tests::attribution::stale_aggregate_completion_does_not_mutate_recreated_cell ... ok
test proxy::anytls::tests::synack::synack_before_wire_write_settles_the_open ... ok
test proxy::anytls::tests::synack::synack_deadline_is_tracked_per_stream ... ok
test proxy::anytls::tests::synack::synack_timeout_on_active_session_resets_only_the_stream ... ok
test proxy::anytls::tests::synack::test_synack_with_data_surfaces_open_error ... ok
test proxy::anytls::tests::test_resolve_password ... ok
test proxy::anytls::tests::synack::synack_deadlines_do_not_share_elapsed_time ... ok
test proxy::anytls::tests::test_settings_payload_format ... ok
test proxy::anytls::tests::test_writer_batch_caps ... ok
test proxy::anytls::uot::uot_tests::test_uot_request_uses_socks5_address_form ... ok
test proxy::anytls::tests::test_writer_batch_encoding_matches_sequential_frames ... ok
test proxy::anytls::tests::writer_queue_bounds_control_pressure_and_rejects_after_close ... ok
test proxy::anytls::uot::uot_transport_tests::blocked_control_write_becomes_terminal ... ok
test proxy::anytls::uot::uot_transport_tests::blocked_data_writer_backpressures_without_killing_session ... ok
test proxy::anytls::uot::uot_transport_tests::uot_read_releases_pool_payload_credit ... ok
test proxy::anytls::uot::uot_transport_tests::uot_send_enforces_anytls_go_packet_limit_without_poisoning_stream ... ok
test proxy::anytls::tests::overflow_runtime::demux_overflow_cap_never_blocks_sibling_streams ... ok
test proxy::anytls::uot::uot_transport_tests::uot_transport_frame_roundtrip ... ok
test proxy::anytls::uot::uot_transport_tests::uot_transport_preserves_coalesced_datagrams ... ok
test proxy::anytls::uot::uot_transport_tests::uot_transport_reassembles_datagram_across_anytls_frames ... ok
test proxy::anytls::uot::uot_transport_tests::uot_v1_max_domain_frame_survives_valid_chunking ... ok
test proxy::block::tests::test_block_rejects ... ok
test proxy::anytls::tests::streams::concurrent_first_open_keeps_settings_ahead_of_syn ... ok
test proxy::direct::tests::test_direct_connect ... ok
test proxy::hysteria2::tests::test_blake2b256_vectors ... ok
test proxy::anytls::tests::streams::settings_wait_for_the_first_stream_open ... ok
test proxy::anytls::uot::uot_transport_tests::confirmed_uot_send_waits_for_physical_flush ... ok
test proxy::anytls::uot::uot_transport_tests::uot_transport_saturation_retires_stream ... ok
test proxy::direct::tests::direct_connect_respects_one_physical_dial_permit ... ok
test proxy::hysteria2::tests::test_downlink_mbps_is_serialized_as_bytes_per_second ... ok
test proxy::hysteria2::tests::test_e2e_real_server_expected_connect_failure ... ok
test proxy::hysteria2::tests::test_e2e_real_server_hop_soak_tcp ... ok
test proxy::hysteria2::tests::test_e2e_real_server_hop_soak_udp ... ok
test proxy::hysteria2::tests::test_e2e_real_server_tcp_http ... ok
test proxy::hysteria2::tests::test_e2e_real_server_udp_disabled ... ok
test proxy::hysteria2::tests::test_e2e_real_server_udp_dns ... ok
test proxy::hysteria2::tests::test_e2e_real_server_udp_echo ... ok
test proxy::hysteria2::tests::test_embedded_hop_spec_parity_with_share_link_parser ... ok
test proxy::anytls::tests::runtime::late_predecessor_commit_obeys_successor_dial_limit ... ok
test proxy::hysteria2::tests::test_fragmentation_and_defrag ... ok
test proxy::hysteria2::tests::test_hop_state_rotation ... ok
test proxy::hysteria2::tests::test_huffman_rfc_vector ... ok
test proxy::hysteria2::tests::test_huffman_roundtrip ... ok
test proxy::hysteria2::tests::test_invalid_port_hopping_rejected_before_dial ... ok
test proxy::hysteria2::tests::test_parse_port_hopping ... ok
test proxy::hysteria2::tests::test_prefixed_int_roundtrip ... ok
test proxy::hysteria2::tests::test_qpack_decode_golden_auth_ok_response ... ok
test proxy::hysteria2::tests::test_qpack_decode_golden_auth_reject_response ... ok
test proxy::hysteria2::tests::test_qpack_decode_golden_auth_request ... ok
test proxy::hysteria2::tests::test_qpack_encode_parity_with_quic_go ... ok
test proxy::hysteria2::tests::test_resolve_password ... ok
test proxy::anytls::tests::payload_budget::inbound_payload_budget_is_held_until_consumed_or_dropped ... ok
test proxy::hysteria2::tests::test_salamander_receives_quic_go_initial_size ... ok
test proxy::hysteria2::tests::test_salamander_roundtrip ... ok
test alive::tests::test_urltest_idle_suspension ... ok
test proxy::hysteria2::tests::test_short_salamander_password_rejected_before_dial ... ok
test proxy::hysteria2::tests::test_tcp_request_frame_shape ... ok
test proxy::anytls::uot::uot_transport_tests::cancelled_first_uot_send_preserves_lazy_setup ... ok
test proxy::hysteria2::tests::test_udp_message_codec_roundtrip ... ok
test proxy::hysteria2::tests::test_udp_message_rejects_invalid_fragments ... ok
test proxy::hysteria2::tests::test_udp_disabled_server_rejected ... ok
test group::score::tests::attribution::exact_cache_has_a_hard_lru_bound ... ok
test proxy::hysteria2::tests::test_varint_boundaries ... ok
test proxy::hysteria2::tests::test_udp_transport_datagram_echo ... ok
test proxy::hysteria2::tests::test_first_read_sends_tcp_request_and_reports_response_error ... ok
test proxy::juicity::tests::test_metadata_codec ... ok
test proxy::hysteria2::tests::test_dial_tcp_echo ... ok
test proxy::hysteria2::tests::test_dial_tcp_domain_echo ... ok
test proxy::shadowsocks::tests::test_batched_chunk_roundtrip ... ok
test proxy::shadowsocks::tests::test_batched_decrypt_split_feeds ... ok
test proxy::shadowsocks::tests::test_cipher_conf_lookup ... ok
test proxy::hysteria2::tests::test_udp_transport_fragmented_echo ... ok
test proxy::shadowsocks::tests::test_dial_udp_legacy_end_to_end ... ok
test proxy::shadowsocks::tests::test_dial_udp_transport_legacy_end_to_end ... ok
test proxy::shadowsocks::tests::test_evp_bytes_to_key ... ok
test proxy::shadowsocks::tests::test_is_2022_method ... ok
test proxy::shadowsocks::tests::test_legacy_udp_open_rejects_garbage ... ok
test proxy::shadowsocks::tests::test_legacy_udp_roundtrip ... ok
test proxy::shadowsocks::tests::test_legacy_udp_roundtrip_chacha ... ok
test proxy::shadowsocks::tests::test_nonce_increment ... ok
test proxy::juicity::tests::test_udp_transport_echo ... ok
test proxy::shadowsocks_2022::tests::test_aes_block_kat ... ok
test proxy::shadowsocks_2022::tests::test_blake3_xof_kat ... ok
test proxy::shadowsocks_2022::tests::test_dial_udp_2022_end_to_end ... ok
test proxy::shadowsocks_2022::tests::test_eih_kat ... ok
test proxy::shadowsocks_2022::tests::test_identity_subkey_differs ... ok
test proxy::shadowsocks_2022::tests::test_psk_hash_prefix_property ... ok
test proxy::shadowsocks_2022::tests::test_psk_parse_bad_base64 ... ok
test proxy::juicity::tests::test_dial_tcp_echo ... ok
test proxy::shadowsocks_2022::tests::test_psk_parse_bad_length ... ok
test proxy::shadowsocks_2022::tests::test_psk_parse_chacha_rejects_multi ... ok
test proxy::shadowsocks_2022::tests::test_psk_parse_single ... ok
test proxy::shadowsocks_2022::tests::test_psk_parse_multi ... ok
test proxy::shadowsocks_2022::tests::test_session_subkey_kat ... ok
test proxy::shadowsocks_2022::tests::test_session_subkey_kat_32 ... ok
test proxy::shadowsocks_2022::tests::test_sliding_window ... ok
test proxy::shadowsocks_2022::tests::test_tcp_2022_aes_256_roundtrip ... ok
test proxy::shadowsocks_2022::tests::test_tcp_2022_aes_128_roundtrip ... ok
test proxy::shadowsocks_2022::tests::test_tcp_2022_chacha_roundtrip ... ok
test proxy::shadowsocks_2022::tests::test_udp_2022_aes_eih_multi_psk ... ok
test proxy::shadowsocks_2022::tests::test_tcp_2022_eih_roundtrip ... ok
test proxy::shadowsocks_2022::tests::test_udp_2022_aes_roundtrip ... ok
test proxy::socks5::tests::socks5_rfc1929_auth_request_encodes_checked_lengths ... ok
test proxy::socks5::tests::socks5_rfc1929_auth_request_rejects_oversized_credentials ... ok
test proxy::hysteria2::tests::test_salamander_obfs_tcp_udp_echo ... ok
test proxy::shadowsocks_2022::tests::test_udp_2022_chacha_roundtrip ... ok
test proxy::socks5::tests::socks5_tcp_connect_rejects_oversized_domain ... ok
test proxy::socks5::tests::socks5_udp_association_uses_control_peer_for_unspecified_bnd_addr ... ok
test proxy::hysteria2::tests::test_wrong_password_rejected ... ok
test proxy::socks5::tests::socks5_udp_transport_frames_ipv4_request ... ok
test proxy::juicity::tests::test_wrong_password_rejected ... ok
test proxy::socks5::tests::socks5_udp_transport_frames_domain_request ... ok
test proxy::socks5::tests::socks5_udp_transport_frames_ipv6_request ... ok
test proxy::socks5::tests::socks5_udp_transport_ignores_malformed_non_relay_datagrams ... ok
test proxy::socks5::tests::socks5_udp_transport_rejects_long_domain ... ok
test proxy::socks5::tests::socks5_udp_transport_maps_mismatched_ipv4_wire_source_to_logical_target ... ok
test proxy::socks5::tests::socks5_udp_transport_maps_domain_wire_source_to_logical_target_without_dns ... ok
test proxy::socks5::tests::socks5_udp_transport_rejects_invalid_domain_encoding ... ok
test proxy::socks5::tests::socks5_udp_transport_rejects_nonzero_rsv ... ok
test proxy::socks5::tests::socks5_udp_transport_rejects_truncated_frame ... ok
test proxy::socks5::tests::socks5_udp_transport_rejects_unknown_atyp ... ok
test proxy::socks5::tests::socks5_udp_transport_reports_control_eof ... ok
test proxy::socks5::tests::socks5_udp_transport_reports_reply_source_as_logical_relay_peer ... ok
test proxy::socks5::tests::test_pool_ready_streams_declared ... ok
test proxy::socks5::tests::socks5_udp_transport_strips_reply_header ... ok
test proxy::socks5::tests::socks5_udp_transport_resolves_domain_bnd_addr ... ok
test proxy::socks5::tests::socks5_udp_transport_skips_fragmented_datagrams ... ok
test proxy::socks5::tests::udp_associate_gives_up_on_a_silent_peer ... ok
test proxy::ss_stream::tests::legacy_deferred_response_salt ... ok
test proxy::socks5::tests::test_socks5_connectivity ... ok
test proxy::socks5::tests::test_socks5_handshake_no_auth ... ok
test proxy::ss_stream::tests::truncated_tail_is_unexpected_eof ... ok
test proxy::tests::cancelled_warm_releases_only_its_inserted_retention ... ok
test proxy::tests::consistency_rejects_missing_packet_implementation - should panic ... ok
test proxy::tests::consistency_rejects_missing_warm_implementation - should panic ... ok
test proxy::tests::packet_error_class_separates_backpressure_from_dead_tunnel ... ok
test proxy::tests::prepared_udp_transport_defers_transport_exposure_until_commit ... ok
test proxy::tests::speculative_udp_rejects_a_shutdown_generation_before_dispatch ... ok
test proxy::tests::failed_warm_releases_its_policy_retention ... ok
test proxy::tests::test_block_node_dispatches_to_block_handler ... ok
test proxy::tests::test_raw_fd_none_for_non_tcp ... ok
test proxy::tests::test_raw_fd_plain_tcp ... ok
test proxy::tests::test_into_tcp_stream_plain_tcp ... ok
test proxy::tests::test_registry_default_handlers ... ok
test proxy::tests::vless_capabilities_follow_the_concrete_node ... ok
test proxy::transport::tests::test_grpc_stream_tolerates_short_reads_and_writes ... ok
test proxy::tests::warm_udp_is_not_applicable_without_reusable_udp_state ... ok
test proxy::tests::warm_udp_rejects_a_shutdown_generation_before_dispatch ... ok
test proxy::transport::tests::test_grpc_transport_roundtrip ... ok
test proxy::transport::tests::test_ws_transport_roundtrip ... ok
test proxy::trojan::tests::test_hex_sha224_known_value ... ok
test proxy::trojan::tests::test_pool_ready_streams_transport_gating ... ok
test proxy::trojan::tests::test_trojan_domain_header_encoding ... ok
test proxy::trojan::tests::test_trojan_request_header_encoding ... ok
test proxy::trojan::udp_transport_tests::trojan_udp_transport_frame_roundtrip ... ok
test proxy::tuic::tests::test_addr_codec_roundtrip ... ok
test proxy::anytls::tests::overflow_runtime::overflow_burst_within_grace_survives_and_delivers ... ok
test proxy::shadowsocks::tests::udp_send_waits_for_cipher_instead_of_reporting_a_drop_as_success ... ok
test group::score::tests::attribution::stale_exact_completion_does_not_mutate_recreated_cell ... ok
test proxy::hysteria2::tests::test_connection_reuse_across_dials ... ok
test proxy::tuic::tests::test_fragmentation_and_defrag ... ok
test proxy::tuic::tests::test_fragmentation_small_packet_not_fragmented ... ok
test proxy::tuic::tests::test_udp_message_codec_roundtrip ... ok
test proxy::anytls::tests::stalled_tls_session_dial_respects_its_own_deadline ... ok
test proxy::tuic::tests::test_dial_tcp_echo ... ok
test proxy::tuic::tests::test_dial_tcp_domain_echo ... ok
test proxy::tuic::tests::test_udp_transport_native_datagram_echo ... ok
test proxy::uot::tests::codec_supports_full_packets_and_preserves_short_buffer_frames ... ok
test proxy::uot::tests::connect_request_rejects_overlong_domain ... ok
test proxy::uot::tests::decoder_preserves_coalesced_packets ... ok
test proxy::uot::tests::v1_and_v2_share_the_bounded_codec_contract ... ok
test proxy::tuic::tests::test_udp_transport_over_stream_echo ... ok
test proxy::vless::tests::cancelled_mux_warm_dial_does_not_outlive_its_caller ... ok
test proxy::anytls::tests::runtime::uot_setup_fallback_waits_for_capacity_and_cancellation_does_not_enqueue ... ok
test proxy::vless::tests::official_sing_box_and_xray_mux_interop ... ignored, requires the official sing-box and Xray executables
test proxy::vless::tests::response_strip_header_and_addon ... ok
test proxy::vless::tests::response_strip_rejects_nonzero_version ... ok
test proxy::vless::tests::test_parse_uuid_invalid ... ok
test proxy::vless::tests::test_parse_uuid_valid ... ok
test proxy::vless::tests::test_vless_dial_bare_tcp ... ok
test proxy::vless::tests::test_vless_dial_lazy_response_header ... ok
test proxy::vless::tests::test_vless_dial_over_ws ... ok
test proxy::tuic::tests::test_custom_alpn ... ok
test proxy::vless::tests::test_vless_dial_vision_flow ... ok
test proxy::vless::tests::test_vless_header_domain ... ok
test proxy::vless::tests::test_vless_header_ipv4 ... ok
test proxy::vless::tests::test_vless_header_ipv6 ... ok
test proxy::vless::tests::test_vless_header_rejects_unsupported_flow_and_long_domain ... ok
test proxy::vless::tests::test_vless_header_vision_flow ... ok
test proxy::vless::tests::vision_detect_short_stream_below_probe_size ... ok
test proxy::vless::tests::vision_direct_drains_buffered_tail_and_keeps_outer_writes ... ok
test proxy::vless::tests::vision_accepts_every_source_frame_boundary ... ok
test proxy::vless::tests::vision_one_byte_destination_buffers_preserve_payload ... ok
test proxy::vless::tests::vision_passthrough_without_uuid_prefix ... ok
test proxy::vless::tests::vision_sub_probe_size_streams_pass_through_raw ... ok
test proxy::vless::tests::vision_truncated_detected_frame_ends_cleanly ... ok
test proxy::vless::tests::vision_unknown_command_fails ... ok
test proxy::vless::tests::vision_unpad_direct_command_switches_to_raw ... ok
test proxy::vless::tests::vision_unpad_frames_then_raw_tail ... ok
test proxy::tuic::tests::test_connection_reuse_across_dials ... ok
test proxy::vless::tests::vision_unpad_lab_frame_sequence ... ok
test proxy::vless::tests::vless_mux_command_carries_no_target ... ok
test proxy::vless_cool::tests::concurrent_tcp_and_udp_share_one_atomic_writer ... ok
test proxy::vless_cool::tests::documented_xudp_new_vector_is_exact ... ok
test proxy::vless_cool::tests::dropping_a_pending_shutdown_still_sends_end ... ok
test proxy::vless_cool::tests::end_error_and_physical_eof_fail_children ... ok
test proxy::anytls::tests::streams::a_cancelled_write_does_not_send_or_count_its_bytes ... ok
test proxy::shadowsocks::tests::test_dial_tcp_legacy_end_to_end ... ok
test proxy::vless_cool::tests::fragmented_and_coalesced_responses_are_demultiplexed ... ok
test proxy::vless_cool::tests::keep_domain_preserves_wire_port_and_validates_identity ... ok
test proxy::vless_cool::tests::missing_writer_ack_is_conservatively_committed ... ok
test proxy::vless_cool::tests::reader_accepts_payloads_larger_than_xray_writer_chunks ... ok
test proxy::vless_cool::tests::new_tcp_is_flushed_for_target_speaks_first ... ok
test proxy::anytls::tests::streams::test_poll_write_cancel_safety ... ok
test proxy::vless_cool::tests::saturated_writer_still_delivers_required_end ... ok
test proxy::vless_cool::tests::short_udp_buffer_preserves_packet_and_response_peer_can_change ... ok
test proxy::vless_cool::tests::single_xudp_uses_session_id_zero ... ok
test proxy::vless_cool::tests::stalled_carrier_writer_times_out ... ok
test proxy::vless_cool::tests::tcp_receive_budget_waits_for_transient_reader_backpressure ... ok
test proxy::vless_cool::tests::udp_receive_byte_budget_drops_excess_datagrams ... ok
test proxy::tuic::tests::test_wrong_password_rejected ... ok
test proxy::vless_cool::tests::xudp_packet_caps_match_carrier_modes ... ok
test proxy::vless_cool::tests::zero_global_id_is_omitted_without_a_source_identity ... ok
test proxy::vless_encryption::tests::frame_codec_round_trips_large_payload ... ok
test proxy::vless_encryption::tests::parses_x25519_config_and_padding ... ok
test proxy::vless_encryption::tests::raw_context_derive_matches_blake3_for_utf8_context ... ok
test proxy::vless_encryption::tests::rejects_missing_or_malformed_keys_and_padding ... ok
test proxy::vless_encryption::tests::xor_stream_round_trips_across_segments ... ok
test proxy::vless_encryption::tests::xray_interop_covers_1rtt_then_0rtt ... ignored, requires HONK_VLESS_ENCRYPTION_SERVER and an Xray VLESS Encryption server
test proxy::vless_cool::tests::session_ids_are_never_reused_and_carrier_drains_at_128 ... ok
test proxy::vless_mux::tests::detached_session_publishes_only_on_commit ... ok
test proxy::vless_mux::tests::carrier_failure_fans_out_and_stream_capacity_is_bounded ... ok
test proxy::vless_mux::tests::dropping_logical_stream_sends_cancel_reset ... ok
test proxy::vless_mux::tests::goaway_rolls_over_without_cutting_the_live_stream ... ok
test proxy::transport::tests::test_grpc_transport_window_refresh ... ok
test proxy::vless_mux::tests::maximum_udp_frame_cannot_exhaust_the_h2_receive_window ... ok
test proxy::vless_mux::tests::mux_body_error_is_reported_lazily ... ok
test proxy::vless_mux::tests::padding_frames_first_sixteen_records_per_direction ... ok
test proxy::vless_mux::tests::physical_preface_matches_sing_mux ... ok
test proxy::vless_mux::tests::pool_policy_is_fixed_and_bounded ... ok
test proxy::vless_mux::tests::receive_windows_cover_every_maximum_udp_frame ... ok
test proxy::tuic::tests::test_udp_session_ids_rotate_connections_before_reuse ... ok
test proxy::vless_mux::tests::remote_no_error_reset_is_clean_eof_after_payload ... ok
test proxy::vless_mux::tests::saturated_carrier_opens_the_second_pool_slot ... ok
test proxy::vless::tests::direct_uot_is_lazy_and_preserves_datagrams ... ok
test proxy::vless_mux::tests::stream_request_rejects_overlong_domains ... ok
test proxy::vmess::tests::dropping_vmess_stream_closes_physical_transport ... ok
test proxy::vmess::tests::test_auth_id_vector ... ok
test proxy::vmess::tests::test_body_chunk_roundtrip ... ok
test proxy::vmess::tests::test_body_chunk_vectors ... ok
test proxy::vmess::tests::test_chunk_nonce_layout ... ok
test proxy::vmess::tests::test_crc32_ieee ... ok
test proxy::vmess::tests::test_derive_cmd_key_vector ... ok
test proxy::vmess::tests::test_fnv1a32 ... ok
test proxy::vless_mux::tests::tcp_and_udp_share_plain_and_padded_h2mux_carriers ... ok
test proxy::vmess::tests::test_kdf_auth_id_key_vector ... ok
test proxy::vmess::tests::test_protocol_returns_vmess ... ok
test proxy::vmess::tests::test_request_header_plain_vector ... ok
test proxy::vmess::tests::test_response_decode_vectors ... ok
test proxy::vmess::tests::test_request_header_wire_vector ... ok
test proxy::vmess::tests::test_response_key_derivation_vectors ... ok
test proxy::vmess::tests::test_response_header_mismatch_fails ... ok
test quic::brutal_tests::bdp_divides_before_u64_clamp ... ok
test quic::brutal_tests::loss_never_shrinks_window ... ok
test quic::brutal_tests::window_is_rate_times_rtt ... ok
test proxy::vless_mux::tests::tcp_receive_window_admits_one_megabyte_before_reads ... ok
test quic::client_tests::client_config_rejects_invalid_pin ... ok
test proxy::vmess::tests::test_vmess_dial_over_ws_handshake ... ok
test proxy::vless_mux::tests::stalled_tcp_stream_leaves_connection_credit_for_udp ... ok
test proxy::vless_cool::tests::cancelled_tcp_write_does_not_send_or_replay_bytes ... ok
test proxy::vless_cool::tests::first_send_waits_for_flush_and_cancellation_never_replays ... ok
test quic::client_tests::explicit_large_mtu_enables_gso_by_default ... ok
test quic::client_tests::ephemeral_runtime_close_shuts_quic_client ... ok
test quic::client_tests::gso_batches_are_bounded ... ok
test proxy::vless::tests::vision_direct_raw_read_switch_over_tls ... ok
test quic::client_tests::ephemeral_guard_releases_quic_client_when_probe_is_aborted ... ok
test quic::client_tests::closed_connection_tracking_is_pruned_while_flow_state_lives ... ok
test quic::defrag::tests::an_expired_buffer_does_not_absorb_a_new_packet ... ok
test quic::defrag::tests::delayed_previous_cycle_fragments_do_not_collide ... ok
test quic::defrag::tests::inferred_previous_cycle_ids_never_alias ... ok
test quic::defrag::tests::malformed_fragments_do_not_advance_packet_epoch ... ok
test quic::defrag::tests::reassembly_is_bounded_and_packet_id_wrap_is_distinct ... ok
test quic::client_tests::warm_quic_starts_feedback_before_blocked_stream_open ... ok
test quic::packet_transport::probe_tests::packet_transport_confirms_only_the_first_datagram ... ok
test quic::packet_transport::probe_tests::packet_transport_congestion_drops_only_one_datagram ... ok
test quic::packet_transport::probe_tests::packet_transport_failures_surface ... ok
test quic::packet_transport::probe_tests::packet_transport_socket_accepts_full_cone_reply_metadata ... ok
test quic::packet_transport::probe_tests::packet_transport_socket_is_peer_pinned_and_family_matched ... ok
test quic::client_tests::release_cached_keeps_client_reusable_for_a_fresh_connection ... ok
test quic::path_health_tests::ack_progress_clears_wait_and_stale_completion_cannot_rearm ... ok
test quic::path_health_tests::ack_progress_invalidates_all_old_send_tokens ... ok
test quic::path_health_tests::aggregate_bdp_does_not_train_stream_window ... ok
test quic::path_health_tests::blocked_frames_raise_windows_below_the_rtt_gate ... ok
test quic::path_health_tests::concurrent_send_completion_keeps_earliest_baseline ... ok
test quic::path_health_tests::configured_window_does_not_start_cooldown ... ok
test quic::path_health_tests::credit_stalls_preserve_but_do_not_advance_promotion ... ok
test quic::path_health_tests::historical_losses_do_not_count_as_current_unacked_sends ... ok
test quic::path_health_tests::metric_tracker_counts_post_close_reads_once ... ok
test quic::path_health_tests::repeated_timeouts_or_long_silence_retire ... ok
test quic::path_health_tests::send_deadline_is_bounded_by_rtt ... ok
test quic::path_health_tests::successful_send_preserves_first_stall_deadline ... ok
test quic::path_health_tests::sustained_high_bdp_promotes_with_cooldown_and_cap ... ok
test quic::path_health_tests::timeout_streak_is_scoped_to_ack_epoch ... ok
test proxy::vless_mux::tests::logical_writes_wait_for_h2_flow_control ... ok
test quic_boring::tests::aes_gcm_payload_size_gradient ... ok
test quic_boring::tests::chacha20_header_protection_mask_vector ... ok
test quic_boring::tests::cross_impl_initial_keys_match_rustls ... ok
test proxy::vless::tests::h2mux_tcp_and_udp_share_one_vless_carrier ... ok
test quic::packet_transport::probe_tests::handshake_crosses_packet_transport_adapter ... ok
test quic_boring::tests::interop_chrome_mode_with_ech_grease ... ok
test quic_boring::tests::ech_over_quic_fails_closed_without_server_support ... ok
test quic_boring::tests::chacha20_handshake_and_echo ... ok
test quic_boring::tests::interop_standard_mode ... ok
test quic_boring::tests::rfc9001_a1_initial_key_vectors ... ok
test quic_boring::tests::rfc9001_a2_client_initial_packet ... ok
test quic::packet_transport::probe_tests::zero_timeout_close_does_not_surface_adapter_error ... ok
test reality::tests::parse_config_none_without_public_key ... ok
test reality::tests::parse_config_sni_fallback_and_errors ... ok
test reality::tests::public_key_decode_variants ... ok
test reality::tests::session_id_binds_full_client_hello ... ok
test reality::tests::session_id_matches_reference_vector ... ok
test reality::tests::short_id_boundaries ... ok
test quic_boring::tests::pin_sha256_accepts_matching_cert_and_rejects_others ... ok
test runtime::tests::build_and_get_roundtrip ... ok
test runtime::tests::build_reusing_ignores_parse_timestamps ... ok
test runtime::tests::build_reusing_reuses_unchanged_nodes_and_reports_them ... ok
test runtime::tests::cancelled_last_quic_release_still_clears_the_client_slot ... ok
test runtime::tests::cancelled_quic_publish_before_slot_lock_changes_nothing ... ok
test quic::client_tests::real_quic_loser_connection_closes_when_fallback_wins ... ok
test runtime::tests::explicit_dial_limit_is_generation_owned ... ok
test proxy::vless_cool::tests::ready_tcp_consumer_survives_a_large_carrier_burst ... ok
test runtime::tests::overlapping_generations_bound_physical_address_attempts ... ok
test runtime::tests::overlapping_generations_share_the_startup_dial_ceiling ... ok
test runtime::tests::quic_runtime_close_covers_client_and_rejects_new_builds ... ok
test proxy::socks5::tests::socks5_udp_transport_keeps_control_open_until_drop ... ok
test quic::client_tests::force_close_covers_connection_cached_by_in_flight_dial ... ok
test runtime::tests::one_dial_permit_serializes_real_tcp_fallbacks ... ok
test runtime::tests::rejects_duplicate_uuid ... ok
test runtime::tests::rejects_nil_uuid ... ok
test runtime::tests::retirement_is_terminal_and_shutdown_remains_idempotent ... ok
test quic::client_tests::dead_warm_quic_reconnect_waits_for_limit_one ... ok
test runtime::tests::reused_runtime_is_closed_by_the_new_owner_only_after_commit ... ok
test runtime::tests::speculative_quic_publish_keeps_a_concurrent_incumbent ... ok
test runtime::tests::udp_capability_matrix ... ok
test runtime::tests::vless_mux_pools_retire_and_shut_down_with_their_generation ... ok
test runtime::tests::vless_mux_runtime_reuse_is_mode_exact ... ok
test runtime::tests::vless_registry_runtime_follows_wire_mode ... ok
test runtime::tests::warm_resources_report_session_state_only ... ok
test runtime::tests::warm_retention_releases_only_after_last_owner ... ok
test proxy::anytls::tests::streams::remote_fin_drop_does_not_enqueue_a_second_fin ... ok
test runtime::tests::anytls_connector_is_lazy_shared_and_generation_local ... ok
test session::tests::admission::successful_offer_releases_reusable_admission_permit ... ok
test session::tests::lifecycle::closed_sessions_are_pruned ... ok
test session::tests::lifecycle::caller_cancel_does_not_stop_shared_dial ... ok
test session::tests::lifecycle::dead_on_arrival_session_engages_the_breaker ... ok
test runtime::tests::retirement_releases_cached_non_flow_state ... ok
test session::tests::lifecycle::dial_backoff_is_capped ... ok
test session::tests::lifecycle::dial_failures_back_off ... ok
test session::tests::lifecycle::max_age_drains_and_janitor_closes_empty_session ... ok
test session::tests::lifecycle::dial_panic_wakes_waiters_and_reelects ... ok
test session::tests::lifecycle::dial_single_flight ... ok
test session::tests::lifecycle::shutdown_before_ensure_does_not_register_janitor_or_prewarm ... ok
test session::tests::lifecycle::shutdown_after_retirement_force_closes_live_sessions ... ok
test session::tests::lifecycle::retirement_rejects_new_work_but_drains_live_sessions ... ok
test session::tests::lifecycle::shutdown_before_first_janitor_poll_exits_without_mutating_pool ... ok
test session::tests::lifecycle::shutdown_closes_everything ... ok
test session::tests::scheduling::draining_sessions_do_not_block_a_replacement_dial ... ok
test session::tests::lifecycle::shutdown_wakes_leader_and_waiters ... ok
test session::tests::scheduling::insert_over_cap_still_tracked ... ok
test session::tests::scheduling::offer_dials_once_and_reuses ... ok
test session::tests::lifecycle::warm_retention_pins_one_idle_session_until_release ... ok
test session::tests::scheduling::least_loaded_is_offered ... ok
test session::tests::scheduling::saturated_session_wakes_when_its_permit_is_released ... ok
test session::tests::scheduling::pre_reservation_drain_does_not_close_live_session ... ok
test session::tests::scheduling::spread_sessions_fills_idle_capacity_before_multiplexing ... ok
test session::tests::scheduling::spread_sessions_reuses_busy_session_when_extra_dial_fails ... ok
test session::tests::scheduling::warm_session_starts_feedback_before_blocked_open ... ok
test session::tests::speculative::detached_checkout_shutdown_closes_attached_session_and_rejects_commit ... ok
test session::tests::speculative::detached_commit_at_capacity_admits_drain_only ... ok
test session::tests::speculative::detached_commit_inserts_once_into_the_captured_pool ... ok
test session::tests::speculative::provisional_slot_does_not_block_normal_offer ... ok
test tls::batch_read_tests::drains_all_available_in_one_read ... ok
test tls::batch_read_tests::eof_delivers_partial_then_zero ... ok
test session::tests::speculative::speculative_checkout_cancellation_releases_blocked_dial_slot ... ok
test tls::batch_read_tests::read_larger_than_inner_chunks ... ok
test tls::pin_tests::invalid_pin_fails_closed ... ok
test tls::pin_tests::non_tls_node_connector_returns_error ... ok
test tls::pin_tests::parse_pin_sha256_variants ... ok
test tls::tests::decode_ech_base64_variants ... ok
test tls::tests::discover_ech_config_caches_positive_and_negative ... ok
test runtime::tests::reap_drops_idle_connector_even_inside_hot_ratio ... ok
test session::tests::admission::late_janitor_start_uses_rebound_generation_limit ... ok
test session::tests::speculative::shared_checkout_reserves_its_stream_permit_atomically ... ok
test runtime::tests::dns_fork_owns_sessions_but_preserves_dial_limits ... ok
test proxy::vless_cool::tests::unread_tcp_child_does_not_block_siblings ... ok
test tls::tests::root_store_clones_share_one_store ... ok
test runtime::tests::refreshed_connector_rejects_stale_reaper_sample ... ok
test urltest::direct_urltest_tests::direct_urltest_measures_requested_url ... ok
test urltest::resolver_hook_tests::hook_supplies_urltest_addresses ... ok
test urltest::tests::cold_anytls_warms_before_measurement ... ok
test urltest::tests::cold_quic_protocols_warm_before_measurement ... ok
test urltest::tests::cold_vless_mux_warm_failure_skips_measurement ... ok
test urltest::tests::cold_vless_mux_warms_before_measurement ... ok
test tls::tests::ech_discovery_end_to_end ... ok
test urltest::tests::probe_runtime_reuses_only_warm_or_stateless_nodes ... ok
test urltest::tests::test_exchange_head_bad_status_on_second_request_fails ... ok
test urltest::tests::test_exchange_head_falls_back_when_server_closes ... ok
test tls::tests::ech_accepted_end_to_end ... ok
test urltest::tests::test_exchange_head_plain_http ... ok
test quic_boring::tests::pin_config_never_resumes_cached_ticket ... ok
test proxy::hysteria2::tests::test_dial_tcp_does_not_wait_for_response ... ok
test quic_boring::tests::rejected_ticket_is_evicted ... ok
test urltest::tests::test_normalize_and_parse_url ... ok
test tls::tests::ech_grease_does_not_break_handshake ... ok
test urltest::tests::test_urltest_node_failure ... ok
test tls::tests::ech_rejected_when_server_lacks_keys ... ok
test urltest::tests::test_exchange_head_h2 ... ok
test urltest::tests::test_urltest_node_https_requires_tls ... ok
test urltest::tests::test_urltest_group_marks_failure_with_synthetic_sample ... ok
test urltest::tests::urltest_distinguishes_domain_and_address_targets ... ok
test tls::tests::handshake_standard_and_chrome ... ok
test proxy::anytls::tests::streams::test_direct_stream_roundtrip_and_fin ... ok
test urltest::tests::hysteria2_excludes_pre_write_dial_time ... ok
test urltest::tests::test_exchange_head_slow_second_request_falls_back ... ok
test quic_boring::tests::session_resumption_reuses_ticket ... ok
test proxy::ss_stream::tests::poll_write_contract_under_backpressure ... ok
test tls::tests::probe_connector_negotiates_h2_and_http1 ... ok
test urltest::tests::test_exchange_head_reports_the_second_round_trip ... ok
test urltest::tests::test_exchange_head_reports_warm_round_trip ... ok
test proxy::transport::tests::test_grpc_transport_send_window_and_end_stream ... ok
test urltest::tests::cold_quic_warm_time_is_not_reported ... ok
test runtime::tests::reap_keeps_recent_active_ratio_and_rebuilds_evicted_connectors ... ok
test proxy::anytls::tests::streams::test_bulk_50mb ... ok
test group::tests::test_idle_with_timeout ... ok
test quic::client_tests::adaptive_profile_updates_live_connection_windows ... ok
test proxy::hysteria2::tests::test_salamander_wrong_obfs_password_rejected ... ok

test result: ok. 709 passed; 0 failed; 2 ignored; 0 measured; 0 filtered out; finished in 3.08s

     Running tests/tls_transport_alpn.rs (target/debug/deps/tls_transport_alpn-c49590f2a94b6db9)

running 3 tests
test direct_quic_config_rejects_tcp_alpn ... ok
test direct_tcp_dial_rejects_ignored_alpn ... ok
test connector_applies_explicit_alpn_and_preserves_profile_defaults ... ok

test result: ok. 3 passed; 0 failed; 0 ignored; 0 measured; 0 filtered out; finished in 0.24s

     Running unittests src/main.rs (target/debug/deps/honk_tool-a0a9a81db21e55f7)

running 8 tests
test bpf::tests::sums_packed_outbound_counters_across_cpus ... ok
test sub::tests::vless_shapes_are_fixed_and_non_identifying ... ok
test sub::tests::rendered_failures_exclude_connection_identifiers ... ok
test sub::tests::vless_probe_eligibility_precedence_and_reasons ... ok
test sub::tests::stdin_subscription_url_rules ... ok
test sub::tests::registry_contains_node_dependent_vless_udp ... ok
test sub::tests::vless_udp_is_rendered_as_not_applicable ... ok
test sub::tests::vless_udp_mode_is_rendered_as_probeable ... ok

test result: ok. 8 passed; 0 failed; 0 ignored; 0 measured; 0 filtered out; finished in 0.01s

     Running tests/geo_cli.rs (target/debug/deps/geo_cli-59d40220fc752e18)

running 5 tests
test missing_file_errors_with_hint ... ok
test geosite_list_and_filter ... ok
test geosite_show_with_attr_filter ... ok
test geoip_list_show_lookup ... ok
test geosite_find_reverse_lookup ... ok

test result: ok. 5 passed; 0 failed; 0 ignored; 0 measured; 0 filtered out; finished in 0.04s

   Doc-tests honk_config

running 0 tests

test result: ok. 0 passed; 0 failed; 0 ignored; 0 measured; 0 filtered out; finished in 0.00s

   Doc-tests honk_core

running 0 tests

test result: ok. 0 passed; 0 failed; 0 ignored; 0 measured; 0 filtered out; finished in 0.00s

   Doc-tests honk_ebpf_common

running 0 tests

test result: ok. 0 passed; 0 failed; 0 ignored; 0 measured; 0 filtered out; finished in 0.00s

   Doc-tests honk_nfqueue

running 0 tests

test result: ok. 0 passed; 0 failed; 0 ignored; 0 measured; 0 filtered out; finished in 0.00s

   Doc-tests honk_outbound

running 0 tests

test result: ok. 0 passed; 0 failed; 0 ignored; 0 measured; 0 filtered out; finished in 0.00s

    Blocking waiting for file lock on build directory
   Compiling proc-macro2 v1.0.107
   Compiling quote v1.0.47
   Compiling unicode-ident v1.0.24
    Checking cfg-if v1.0.4
   Compiling libc v0.2.189
   Compiling syn v3.0.4
   Compiling syn v2.0.119
   Compiling jobserver v0.1.35
   Compiling find-msvc-tools v0.1.11
   Compiling shlex v2.0.1
   Compiling cc v1.4.4
    Checking typenum v1.20.1
   Compiling getrandom v0.4.3
    Checking pin-project-lite v0.2.17
    Checking smallvec v1.15.2
    Checking rand_core v0.10.1
    Checking memchr v2.8.3
    Checking log v0.4.34
   Compiling thiserror v2.0.20
   Compiling thiserror-impl v2.0.20
    Checking bytes v1.12.1
    Checking once_cell v1.21.4
    Checking scopeguard v1.2.0
    Checking itoa v1.0.18
   Compiling parking_lot_core v0.9.12
    Checking hybrid-array v0.4.14
   Compiling serde_derive v1.0.229
    Checking lock_api v0.4.14
    Checking parking_lot v0.12.5
    Checking crypto-common v0.2.2
   Compiling serde_core v1.0.229
   Compiling zmij v1.0.23
   Compiling synstructure v0.13.2
    Checking tracing-core v0.1.36
    Checking socket2 v0.6.5
    Checking errno v0.3.14
    Checking foldhash v0.2.0
    Checking signal-hook-registry v1.4.8
   Compiling zerofrom-derive v0.1.7
   Compiling tokio-macros v2.7.2
    Checking mio v1.2.2
    Checking futures-core v0.3.34
    Checking tokio v1.53.1
    Checking zerofrom v0.1.8
   Compiling yoke-derive v0.8.2
    Checking block-buffer v0.12.1
   Compiling cmake v0.1.58
   Compiling tracing-attributes v0.1.31
   Compiling autocfg v1.5.1
    Checking stable_deref_trait v1.2.1
   Compiling fs_extra v1.3.0
    Checking yoke v0.8.3
    Checking tracing v0.1.44
   Compiling pkg-config v0.3.34
   Compiling zerovec-derive v0.11.6
    Checking bitflags v2.13.1
   Compiling serde v1.0.229
    Checking equivalent v1.0.2
    Checking allocator-api2 v0.2.21
    Checking futures-sink v0.3.34
    Checking hashbrown v0.17.1
    Checking zerovec v0.11.8
    Checking http v1.5.0
   Compiling displaydoc v0.2.7
    Checking cmov v0.5.4
    Checking slab v0.4.12
    Checking ctutils v0.4.2
    Checking cpufeatures v0.3.0
    Checking zeroize v1.9.0
    Checking subtle v2.6.1
    Checking futures-channel v0.3.34
    Checking futures-io v0.3.34
   Compiling dunce v1.0.5
   Compiling aws-lc-sys v0.44.0
    Checking rustls-pki-types v1.15.1
    Checking tinystr v0.8.4
   Compiling futures-macro v0.3.34
   Compiling anyhow v1.0.104
    Checking percent-encoding v2.3.2
    Checking writeable v0.6.4
   Compiling cfg_aliases v0.2.2
    Checking futures-task v0.3.34
    Checking litemap v0.8.3
    Checking futures-util v0.3.34
    Checking icu_locale_core v2.3.0
    Checking zerotrie v0.2.5
    Checking potential_utf v0.1.6
    Checking indexmap v2.14.0
   Compiling num-traits v0.2.19
    Checking inout v0.2.2
   Compiling ring v0.17.14
   Compiling icu_normalizer_data v2.3.0
    Checking utf8_iter v1.0.4
   Compiling icu_properties_data v2.3.0
    Checking icu_collections v2.3.0
    Checking icu_provider v2.3.1
   Compiling serde_json v1.0.151
   Compiling aws-lc-rs v1.18.0
   Compiling camino v1.2.5
    Checking cipher v0.5.2
   Compiling semver v1.0.28
    Checking getrandom v0.2.17
   Compiling zerocopy v0.8.56
   Compiling httparse v1.10.1
    Checking untrusted v0.9.0
    Checking icu_properties v2.3.0
    Checking icu_normalizer v2.3.0
    Checking form_urlencoded v1.2.2
   Compiling cargo-platform v0.3.3
    Checking aho-corasick v1.1.5
   Compiling zerocopy-derive v0.8.56
    Checking regex-syntax v0.8.11
    Checking const-oid v0.10.2
   Compiling glob v0.3.4
   Compiling clang-sys v1.9.1
    Checking digest v0.11.3
    Checking regex-automata v0.4.18
   Compiling cargo_metadata v0.23.1
    Checking idna_adapter v1.2.2
   Compiling rustc_version v0.4.1
   Compiling which v8.0.6
   Compiling rustls v0.23.43
   Compiling crc32fast v1.5.1
    Checking ipnet v2.12.1
   Compiling aya-build v0.2.0
    Checking idna v1.1.0
   Compiling strsim v0.11.1
    Checking ryu v1.0.23
   Compiling minimal-lexical v0.2.1
   Compiling ident_case v1.0.1
   Compiling libloading v0.8.9
   Compiling darling_core v0.23.0
   Compiling nom v7.1.3
    Checking url v2.5.8
    Checking chacha20 v0.10.1
    Checking winnow v1.0.4
   Compiling bindgen v0.72.1
    Checking sha1_smol v1.0.1
   Compiling either v1.18.0
   Compiling crossbeam-utils v0.8.22
   Compiling itertools v0.13.0
    Checking uuid v1.26.0
    Checking toml_parser v1.1.3+spec-1.1.0
   Compiling regex v1.13.1
   Compiling cexpr v0.6.0
   Compiling darling_macro v0.23.0
    Checking serde_spanned v1.1.1
    Checking toml_datetime v1.1.1+spec-1.1.0
   Compiling shlex v1.3.0
   Compiling rustc-hash v2.1.3
    Checking toml_writer v1.1.2+spec-1.1.0
   Compiling libm v0.2.16
   Compiling portable-atomic v1.15.0
   Compiling object v0.39.1
    Checking openssl-probe v0.2.1
    Checking unsafe-libyaml v0.2.11
    Checking atomic-waker v1.1.2
    Checking iana-time-zone v0.1.65
    Checking chrono v0.4.45
    Checking serde_yaml v0.9.34+deprecated
    Checking rustls-native-certs v0.8.4
    Checking toml v1.1.4+spec-1.1.0
   Compiling darling v0.23.0
    Checking rand v0.10.2
   Compiling aya-ebpf-cty v0.3.0
    Checking universal-hash v0.6.1
   Compiling fslock v0.2.1
   Compiling wincode v0.5.5
    Checking data-encoding v2.11.1
    Checking lazy_static v1.5.0
    Checking base64 v0.23.1
    Checking base64 v0.22.1
    Checking sharded-slab v0.1.7
   Compiling boring-sys v5.2.0 (https://github.com/Glassyiris/boring-sys?rev=3beb573b65ecaa69b7eefe3c2fecd074b97facd2#3beb573b)
   Compiling wincode-derive v0.4.6
   Compiling aya-ebpf-bindings v0.2.0
    Checking matchers v0.2.0
   Compiling quinn-udp v0.5.15 (https://github.com/Glassyiris/quinn?rev=7f13718a#7f13718a)
    Checking tracing-serde v0.2.0
    Checking tracing-log v0.2.0
    Checking thread_local v1.1.10
    Checking cpubits v0.1.1
    Checking siphasher v1.0.3
   Compiling pastey v0.2.3
    Checking nu-ansi-term v0.50.3
    Checking utf8parse v0.2.2
    Checking tinyvec_macros v0.1.1
    Checking tinyvec v1.12.0
    Checking anstyle-parse v1.0.0
    Checking tracing-subscriber v0.3.23
    Checking fastbloom v0.17.0
    Checking aya-obj v0.3.0
    Checking rustls-webpki v0.103.15
    Checking rustls-platform-verifier v0.7.0
    Checking honk-config v0.0.1-alpha (/root/.herdr/worktrees/honk/perf-ir/crates/honk-config)
   Compiling quinn v0.11.11 (https://github.com/Glassyiris/quinn?rev=7f13718a#7f13718a)
    Checking tokio-util v0.7.19
    Checking rand_pcg v0.10.2
   Compiling num-derive v0.4.2
   Compiling foreign-types-macros v0.2.4
    Checking is_terminal_polyfill v1.70.2
    Checking anstyle v1.0.14
    Checking lru-slab v0.1.2
    Checking assert_matches v1.5.0
    Checking foreign-types-shared v0.3.1
    Checking anstyle-query v1.1.5
    Checking colorchoice v1.0.5
    Checking alloc-no-stdlib v2.0.4
    Checking alloc-stdlib v0.2.4
    Checking anstream v1.0.0
    Checking foreign-types v0.5.0
    Checking aya v0.14.0
    Checking quinn-proto v0.11.17 (https://github.com/Glassyiris/quinn?rev=7f13718a#7f13718a)
    Checking network-types v0.2.0
    Checking polyval v0.7.3
    Checking sha1 v0.11.0
    Checking aead v0.6.1
   Compiling blake3 v1.8.7
   Compiling openssl-macros v0.1.1
    Checking keccak v0.2.2
    Checking clap_lex v1.1.0
   Compiling heck v0.5.0
    Checking sponge-cursor v0.1.0
    Checking clap_builder v4.6.6
   Compiling clap_derive v4.6.4
    Checking tungstenite v0.30.0
    Checking ghash v0.6.0
    Checking brotli-decompressor v5.0.3
    Checking tokio-rustls v0.26.4
    Checking aes v0.9.2
    Checking poly1305 v0.9.1
    Checking hmac v0.13.0
    Checking ctr v0.10.1
    Checking constant_time_eq v0.4.2
    Checking fnv v1.0.7
    Checking arrayvec v0.7.8
    Checking h2 v0.4.19
    Checking aes-gcm v0.11.1
    Checking hkdf v0.13.0
    Checking chacha20poly1305 v0.11.0
    Checking brotli v8.0.4
    Checking tokio-tungstenite v0.30.0
    Checking clap v4.6.6
    Checking shake v0.1.0
    Checking sha3 v0.12.0
    Checking honk-ebpf-common v0.0.1-alpha (/root/.herdr/worktrees/honk/perf-ir/crates/honk-ebpf-common)
    Checking md-5 v0.11.0
    Checking sha2 v0.11.0
    Checking webpki-root-certs v1.0.9
    Checking lru v0.18.2
   Compiling async-trait v0.1.92
   Compiling crossbeam-epoch v0.9.20
   Compiling crossbeam-deque v0.8.7
   Compiling rayon-core v1.13.0
    Checking half v2.7.1
   Compiling alloca v0.4.0
    Checking time-core v0.1.9
    Checking powerfmt v0.2.0
    Checking deranged v0.5.8
    Checking ciborium-io v0.2.2
    Checking plotters-backend v0.3.7
    Checking num-conv v0.2.2
    Checking time v0.3.55
    Checking plotters-svg v0.3.7
    Checking ciborium-ll v0.2.2
    Checking cast v0.3.0
    Checking same-file v1.0.6
    Checking walkdir v2.5.0
    Checking criterion-plot v0.8.2
    Checking rayon v1.12.0
    Checking ciborium v0.2.2
    Checking plotters v0.3.7
    Checking yasna v0.6.0
    Checking pem v3.0.6
    Checking tinytemplate v1.2.1
    Checking page_size v0.6.0
    Checking anes v0.1.6
    Checking oorandom v11.1.5
    Checking criterion v0.8.2
    Checking rcgen v0.14.9
    Checking rustls-pemfile v2.2.0
    Checking webpki-roots v1.0.9
   Compiling getrandom v0.3.4
   Compiling version_check v0.9.5
   Compiling generic-array v0.14.7
    Checking http-body v1.1.0
    Checking crypto-common v0.1.7
    Checking block-buffer v0.10.4
    Checking tower-service v0.3.3
    Checking digest v0.10.7
    Checking fastrand v2.5.0
    Checking try-lock v0.2.5
    Checking cpufeatures v0.2.17
    Checking httpdate v1.0.3
    Checking tower-layer v0.3.3
    Checking want v0.3.1
    Checking rand_core v0.9.5
    Checking ppv-lite86 v0.2.21
   Compiling memoffset v0.9.1
    Checking sync_wrapper v1.0.2
    Checking rand_chacha v0.9.0
    Checking hyper v1.11.0
    Checking http-body-util v0.1.5
   Compiling libmimalloc-sys v0.1.49
    Checking mime v0.3.17
   Compiling rustix v1.1.4
   Compiling unicase v2.9.0
   Compiling vcpkg v0.2.15
   Compiling libsqlite3-sys v0.38.2
   Compiling mime_guess v2.0.5
    Checking hyper-util v0.1.20
    Checking rand v0.9.5
    Checking tower v0.5.3
    Checking sha1 v0.10.7
   Compiling nix v0.29.0
    Checking linux-raw-sys v0.12.1
    Checking tungstenite v0.29.0
    Checking futures-executor v0.3.34
   Compiling nix v0.31.3
    Checking simd-adler32 v0.3.10
    Checking cty v0.2.2
    Checking bumpalo v3.20.3
    Checking zlib-rs v0.6.7
    Checking flate2 v1.1.9
    Checking zopfli v0.8.3
    Checking futures v0.3.34
    Checking tokio-tungstenite v0.29.0
    Checking tempfile v3.27.0
    Checking tower-http v0.6.11
    Checking hyper-rustls v0.27.9
    Checking axum-core v0.5.6
    Checking sha2 v0.10.9
    Checking h3 v0.0.8
    Checking hmac v0.12.1
    Checking serde_urlencoded v0.7.1
   Compiling honk-core v0.0.1-alpha (/root/.herdr/worktrees/honk/perf-ir/crates/honk-core)
    Checking hashlink v0.12.1
    Checking serde_path_to_error v0.1.20
    Checking nom v8.0.0
   Compiling axum-macros v0.5.1
    Checking typed-path v0.12.3
    Checking fallible-iterator v0.3.0
    Checking hashbrown v0.14.5
    Checking http-range-header v0.4.2
    Checking matchit v0.8.4
    Checking fallible-streaming-iterator v0.1.9
    Checking rusqlite v0.40.2
    Checking axum v0.8.9
    Checking tower-http v0.7.0
    Checking dashmap v6.2.1
    Checking zip v8.6.0
    Checking libsystemd v0.7.2
    Checking h3-quinn v0.0.10
    Checking reqwest v0.13.4
    Checking mimalloc v0.1.52
    Checking stats_alloc v0.1.10
    Checking boring v5.2.0
    Checking tokio-boring v5.2.0
    Checking honk-outbound v0.0.1-alpha (/root/.herdr/worktrees/honk/perf-ir/crates/honk-outbound)
    Checking honk-tool v0.0.1-alpha (/root/.herdr/worktrees/honk/perf-ir/crates/honk-tool)
    Checking honk-nfqueue v0.0.1-alpha (/root/.herdr/worktrees/honk/perf-ir/crates/honk-nfqueue)
    Finished `dev` profile [unoptimized + debuginfo] target(s) in 2m 54s
    Blocking waiting for file lock on build directory
   Compiling rustversion v1.0.23
   Compiling num_enum_derive v0.7.6
   Compiling honk-core v0.0.1-alpha (/root/.herdr/worktrees/honk/perf-ir/crates/honk-core)
    Checking num_enum v0.7.6
    Checking aya-log-common v0.2.0
    Checking aya-log v0.3.0
warning: honk-core@0.0.1-alpha: eBPF object embedded (1473056 bytes)
    Finished `dev` profile [unoptimized + debuginfo] target(s) in 27.87s
