2026-10-10T19:52:44.759191+00:00  INFO honk_core: honk-core v0.0.1.beta.82-253-gf65f0548 starting
2026-10-10T19:52:44.759213+00:00  INFO honk_core: Config: /root/honk-bench-abc-20261011/honk-lab.dae
2026-10-10T19:52:44.759215+00:00  INFO honk_core: Runtime data directory configured directory=/root/honk-bench-abc-20261011/state
2026-10-10T19:52:44.761000+00:00  INFO honk_core: Raised NOFILE rlimit to 524288 (hard=524288)
2026-10-10T19:52:44.766116+00:00 DEBUG rustls::webpki::anchors: add_parsable_certificates processed 121 valid and 0 invalid certs
2026-10-10T19:52:44.766124+00:00 DEBUG rustls_platform_verifier::verification::others: Loaded 121 CA root certificates from the system
2026-10-10T19:52:44.766304+00:00  INFO honk_core: Group 'proxy-hy2' resolved 1 node(s)
2026-10-10T19:52:44.766306+00:00  INFO honk_core: Group 'proxy-tuic' resolved 1 node(s)
2026-10-10T19:52:44.766307+00:00  INFO honk_core: Group 'proxy-ss2022' resolved 1 node(s)
2026-10-10T19:52:44.766308+00:00  INFO honk_core: Group 'proxy-trojan' resolved 1 node(s)
2026-10-10T19:52:44.766308+00:00  INFO honk_core: Group 'proxy-anytls-sb' resolved 1 node(s)
2026-10-10T19:52:44.766309+00:00  INFO honk_core: Group 'proxy-anytls-go' resolved 1 node(s)
2026-10-10T19:52:44.766310+00:00  INFO honk_core: Loaded 8 nodes, 6 groups, 7 routing rules
2026-10-10T19:52:44.767077+00:00  INFO honk_core: daens FD source: /proc/thread-self/ns/net -> net:[4026532227]
2026-10-10T19:52:44.767109+00:00  INFO honk_core: Created daens network namespace (FD-owned)
2026-10-10T19:52:44.767259+00:00  INFO honk_core: Created dae0/dae0peer link pair kind=Netkit
2026-10-10T19:52:44.767326+00:00  INFO honk_core: net.ipv4.conf.dae0.rp_filter = 0
2026-10-10T19:52:44.767333+00:00  INFO honk_core: net.ipv4.conf.dae0.accept_local = 1
2026-10-10T19:52:44.767372+00:00  INFO honk_core: dae0 link created before eBPF load (ifindex=1107)
2026-10-10T19:52:44.767373+00:00  INFO honk_core: Loading real eBPF backend from built-in object
2026-10-10T19:52:44.790478+00:00 DEBUG aya::bpf: BPF Feature Detection: Features {
    bpf_name: true,
    bpf_probe_read_kernel: true,
    bpf_perf_link: true,
    bpf_global_data: true,
    bpf_cookie: true,
    cpumap_prog_id: true,
    devmap_prog_id: true,
    btf: Some(
        BtfFeatures {
            btf_func: true,
            btf_func_global: true,
            btf_datasec: true,
            btf_datasec_zero: false,
            btf_float: true,
            btf_decl_tag: true,
            btf_type_tag: true,
            btf_enum64: true,
        },
    ),
}
2026-10-10T19:52:44.790506+00:00 DEBUG aya_obj::btf::btf: changing FUNC memcpy linkage to BTF_FUNC_STATIC
2026-10-10T19:52:44.790508+00:00 DEBUG aya_obj::btf::btf: changing FUNC memmove linkage to BTF_FUNC_STATIC
2026-10-10T19:52:44.790509+00:00 DEBUG aya_obj::btf::btf: changing FUNC memset linkage to BTF_FUNC_STATIC
2026-10-10T19:52:44.790513+00:00 DEBUG aya_obj::btf::btf: [DATASEC] .data: fixup size to 8
2026-10-10T19:52:44.790518+00:00 DEBUG aya_obj::btf::btf: [DATASEC] .data: VAR ROUTING_SLOT0_ERROR: fixup offset 0
2026-10-10T19:52:44.790520+00:00 DEBUG aya_obj::btf::btf: [DATASEC] .data: VAR ROUTING_SLOT1_ERROR: fixup offset 4
2026-10-10T19:52:44.790521+00:00 DEBUG aya_obj::btf::btf: [DATASEC] .maps: fixup size to 968
2026-10-10T19:52:44.790522+00:00 DEBUG aya_obj::btf::btf: [DATASEC] .maps: VAR EVENT_RINGBUF: fixup offset 0
2026-10-10T19:52:44.790523+00:00 DEBUG aya_obj::btf::btf: [DATASEC] .maps: VAR OUTBOUND_STATS: fixup offset 48
2026-10-10T19:52:44.790524+00:00 DEBUG aya_obj::btf::btf: [DATASEC] .maps: VAR LISTEN_SOCKET_MAP: fixup offset 88
2026-10-10T19:52:44.790525+00:00 DEBUG aya_obj::btf::btf: [DATASEC] .maps: VAR CLIENT_REPLY_TRACK: fixup offset 128
2026-10-10T19:52:44.790526+00:00 DEBUG aya_obj::btf::btf: [DATASEC] .maps: VAR UDP_DECISION_SCRATCH_MAP: fixup offset 168
2026-10-10T19:52:44.790527+00:00 DEBUG aya_obj::btf::btf: [DATASEC] .maps: VAR UDP_DECISION_SEQUENCE: fixup offset 208
2026-10-10T19:52:44.790528+00:00 DEBUG aya_obj::btf::btf: [DATASEC] .maps: VAR DATAPATH_FLAGS_MAP: fixup offset 248
2026-10-10T19:52:44.790534+00:00 DEBUG aya_obj::btf::btf: [DATASEC] .maps: VAR DATAPATH_STATE_MAP: fixup offset 288
2026-10-10T19:52:44.790536+00:00 DEBUG aya_obj::btf::btf: [DATASEC] .maps: VAR UDP_DECISION_INFLIGHT: fixup offset 328
2026-10-10T19:52:44.790537+00:00 DEBUG aya_obj::btf::btf: [DATASEC] .maps: VAR UDP_DECISION_EPOCH: fixup offset 368
2026-10-10T19:52:44.790538+00:00 DEBUG aya_obj::btf::btf: [DATASEC] .maps: VAR BPF_STATS_MAP: fixup offset 408
2026-10-10T19:52:44.790539+00:00 DEBUG aya_obj::btf::btf: [DATASEC] .maps: VAR ROUTING_POLICY_ROOT: fixup offset 448
2026-10-10T19:52:44.790540+00:00 DEBUG aya_obj::btf::btf: [DATASEC] .maps: VAR ROUTE_TRACE_SEQUENCE: fixup offset 488
2026-10-10T19:52:44.790541+00:00 DEBUG aya_obj::btf::btf: [DATASEC] .maps: VAR ROUTE_TRACE_MAP: fixup offset 528
2026-10-10T19:52:44.790542+00:00 DEBUG aya_obj::btf::btf: [DATASEC] .maps: VAR ROUTING_HANDOFF_MAP: fixup offset 568
2026-10-10T19:52:44.790543+00:00 DEBUG aya_obj::btf::btf: [DATASEC] .maps: VAR PKT_SCRATCH_KEY: fixup offset 608
2026-10-10T19:52:44.790544+00:00 DEBUG aya_obj::btf::btf: [DATASEC] .maps: VAR UDP_DECISION_RETIRE_FENCE: fixup offset 648
2026-10-10T19:52:44.790545+00:00 DEBUG aya_obj::btf::btf: [DATASEC] .maps: VAR COOKIE_PID_MAP: fixup offset 688
2026-10-10T19:52:44.790546+00:00 DEBUG aya_obj::btf::btf: [DATASEC] .maps: VAR OUTBOUND_CONNECTIVITY_MAP: fixup offset 728
2026-10-10T19:52:44.790547+00:00 DEBUG aya_obj::btf::btf: [DATASEC] .maps: VAR CONN_STATE_MAP: fixup offset 768
2026-10-10T19:52:44.790548+00:00 DEBUG aya_obj::btf::btf: [DATASEC] .maps: VAR REDIRECT_TRACK: fixup offset 808
2026-10-10T19:52:44.790549+00:00 DEBUG aya_obj::btf::btf: [DATASEC] .maps: VAR CONNTRACK_ARGS_MAP: fixup offset 848
2026-10-10T19:52:44.790550+00:00 DEBUG aya_obj::btf::btf: [DATASEC] .maps: VAR CONN_STATE_OCCUPANCY: fixup offset 888
2026-10-10T19:52:44.790551+00:00 DEBUG aya_obj::btf::btf: [DATASEC] .maps: VAR PARSE_CTX_MAP: fixup offset 928
2026-10-10T19:52:44.790553+00:00 DEBUG aya_obj::btf::btf: [DATASEC] .rodata: fixup size to 72
2026-10-10T19:52:44.790554+00:00 DEBUG aya_obj::btf::btf: [DATASEC] .rodata: VAR DAE0PEER_IFINDEX: fixup offset 0
2026-10-10T19:52:44.790555+00:00 DEBUG aya_obj::btf::btf: [DATASEC] .rodata: VAR MM_ARG_START_OFFSET: fixup offset 4
2026-10-10T19:52:44.790556+00:00 DEBUG aya_obj::btf::btf: [DATASEC] .rodata: VAR RECEIVE_OWNER_TGID: fixup offset 8
2026-10-10T19:52:44.790557+00:00 DEBUG aya_obj::btf::btf: [DATASEC] .rodata: VAR RECEIVE_SKB_MARK_OFFSET: fixup offset 12
2026-10-10T19:52:44.790558+00:00 DEBUG aya_obj::btf::btf: [DATASEC] .rodata: VAR RECEIVE_SKB_PRIORITY_OFFSET: fixup offset 16
2026-10-10T19:52:44.790559+00:00 DEBUG aya_obj::btf::btf: [DATASEC] .rodata: VAR RECEIVE_SOCK_COOKIE_OFFSET: fixup offset 20
2026-10-10T19:52:44.790560+00:00 DEBUG aya_obj::btf::btf: [DATASEC] .rodata: VAR TASK_MM_OFFSET: fixup offset 24
2026-10-10T19:52:44.790561+00:00 DEBUG aya_obj::btf::btf: [DATASEC] .rodata: VAR WAN_IFINDEX: fixup offset 28
2026-10-10T19:52:44.790562+00:00 DEBUG aya_obj::btf::btf: [DATASEC] .rodata: VAR PARAM: fixup offset 32
2026-10-10T19:52:44.790563+00:00 DEBUG aya_obj::btf::btf: [DATASEC] maps: fixup size to 28
2026-10-10T19:52:44.790564+00:00 DEBUG aya_obj::btf::btf: [DATASEC] maps: VAR RECEIVE_TRACE: fixup offset 0
2026-10-10T19:52:44.792638+00:00 DEBUG aya_obj::relocation: relocating map by section index 26, kind Data at insn 60 in section 2
2026-10-10T19:52:44.792659+00:00 DEBUG aya_obj::relocation: relocating map by section index 26, kind Data at insn 60 in section 2
2026-10-10T19:52:44.792663+00:00 DEBUG aya_obj::relocation: relocating map by symbol index Some(75), kind BtfMaps at insn 733 in section 2
2026-10-10T19:52:44.792667+00:00 DEBUG aya_obj::relocation: relocating map by symbol index Some(74), kind BtfMaps at insn 635 in section 2
2026-10-10T19:52:44.792669+00:00 DEBUG aya_obj::relocation: relocating map by symbol index Some(72), kind BtfMaps at insn 16 in section 2
2026-10-10T19:52:44.792670+00:00 DEBUG aya_obj::relocation: relocating map by symbol index Some(73), kind BtfMaps at insn 617 in section 2
2026-10-10T19:52:44.792676+00:00 DEBUG aya_obj::relocation: relocating map by symbol index Some(71), kind BtfMaps at insn 6 in section 2
2026-10-10T19:52:44.792677+00:00 DEBUG aya_obj::relocation: relocating map by symbol index Some(51), kind BtfMaps at insn 183 in section 2
2026-10-10T19:52:44.792679+00:00 DEBUG aya_obj::relocation: relocating map by symbol index Some(57), kind BtfMaps at insn 3849 in section 2
2026-10-10T19:52:44.792680+00:00 DEBUG aya_obj::relocation: relocating map by symbol index Some(80), kind BtfMaps at insn 1757 in section 2
2026-10-10T19:52:44.792682+00:00 DEBUG aya_obj::relocation: relocating map by symbol index Some(74), kind BtfMaps at insn 3730 in section 2
2026-10-10T19:52:44.792683+00:00 DEBUG aya_obj::relocation: relocating map by symbol index Some(84), kind BtfMaps at insn 2321 in section 2
2026-10-10T19:52:44.792684+00:00 DEBUG aya_obj::relocation: relocating map by symbol index Some(57), kind BtfMaps at insn 4315 in section 2
2026-10-10T19:52:44.792685+00:00 DEBUG aya_obj::relocation: relocating map by symbol index Some(80), kind BtfMaps at insn 2817 in section 2
2026-10-10T19:52:44.792687+00:00 DEBUG aya_obj::relocation: relocating map by symbol index Some(84), kind BtfMaps at insn 1807 in section 2
2026-10-10T19:52:44.792688+00:00 DEBUG aya_obj::relocation: relocating map by symbol index Some(81), kind BtfMaps at insn 2513 in section 2
2026-10-10T19:52:44.792689+00:00 DEBUG aya_obj::relocation: relocating map by symbol index Some(80), kind BtfMaps at insn 2826 in section 2
2026-10-10T19:52:44.792690+00:00 DEBUG aya_obj::relocation: relocating map by symbol index Some(57), kind BtfMaps at insn 5382 in section 2
2026-10-10T19:52:44.792691+00:00 DEBUG aya_obj::relocation: relocating map by symbol index Some(57), kind BtfMaps at insn 5019 in section 2
2026-10-10T19:52:44.792692+00:00 DEBUG aya_obj::relocation: relocating map by symbol index Some(82), kind BtfMaps at insn 2853 in section 2
2026-10-10T19:52:44.792694+00:00 DEBUG aya_obj::relocation: relocating map by symbol index Some(73), kind BtfMaps at insn 4200 in section 2
2026-10-10T19:52:44.792695+00:00 DEBUG aya_obj::relocation: relocating map by symbol index Some(80), kind BtfMaps at insn 2011 in section 2
2026-10-10T19:52:44.792696+00:00 DEBUG aya_obj::relocation: relocating map by symbol index Some(79), kind BtfMaps at insn 704 in section 2
2026-10-10T19:52:44.792697+00:00 DEBUG aya_obj::relocation: relocating map by symbol index Some(74), kind BtfMaps at insn 3579 in section 2
2026-10-10T19:52:44.792698+00:00 DEBUG aya_obj::relocation: relocating map by symbol index Some(87), kind BtfMaps at insn 1592 in section 2
2026-10-10T19:52:44.792699+00:00 DEBUG aya_obj::relocation: relocating map by symbol index Some(84), kind BtfMaps at insn 3072 in section 2
2026-10-10T19:52:44.792700+00:00 DEBUG aya_obj::relocation: relocating map by symbol index Some(85), kind BtfMaps at insn 1090 in section 2
2026-10-10T19:52:44.792702+00:00 DEBUG aya_obj::relocation: relocating map by symbol index Some(73), kind BtfMaps at insn 4570 in section 2
2026-10-10T19:52:44.792703+00:00 DEBUG aya_obj::relocation: relocating map by symbol index Some(73), kind BtfMaps at insn 3814 in section 2
2026-10-10T19:52:44.792704+00:00 DEBUG aya_obj::relocation: relocating map by symbol index Some(83), kind BtfMaps at insn 1969 in section 2
2026-10-10T19:52:44.792705+00:00 DEBUG aya_obj::relocation: relocating map by symbol index Some(79), kind BtfMaps at insn 846 in section 2
2026-10-10T19:52:44.792706+00:00 DEBUG aya_obj::relocation: relocating map by symbol index Some(73), kind BtfMaps at insn 3400 in section 2
2026-10-10T19:52:44.792707+00:00 DEBUG aya_obj::relocation: relocating map by symbol index Some(84), kind BtfMaps at insn 2472 in section 2
2026-10-10T19:52:44.792709+00:00 DEBUG aya_obj::relocation: relocating map by symbol index Some(75), kind BtfMaps at insn 4594 in section 2
2026-10-10T19:52:44.792710+00:00 DEBUG aya_obj::relocation: relocating map by symbol index Some(75), kind BtfMaps at insn 3518 in section 2
2026-10-10T19:52:44.792711+00:00 DEBUG aya_obj::relocation: relocating map by symbol index Some(57), kind BtfMaps at insn 4340 in section 2
2026-10-10T19:52:44.792713+00:00 DEBUG aya_obj::relocation: relocating map by symbol index Some(74), kind BtfMaps at insn 3162 in section 2
2026-10-10T19:52:44.792714+00:00 DEBUG aya_obj::relocation: relocating map by symbol index Some(80), kind BtfMaps at insn 2870 in section 2
2026-10-10T19:52:44.792715+00:00 DEBUG aya_obj::relocation: relocating map by symbol index Some(82), kind BtfMaps at insn 2020 in section 2
2026-10-10T19:52:44.792716+00:00 DEBUG aya_obj::relocation: relocating map by symbol index Some(91), kind BtfMaps at insn 4245 in section 2
2026-10-10T19:52:44.792718+00:00 DEBUG aya_obj::relocation: relocating map by symbol index Some(57), kind BtfMaps at insn 5391 in section 2
2026-10-10T19:52:44.792719+00:00 DEBUG aya_obj::relocation: relocating map by symbol index Some(74), kind BtfMaps at insn 4686 in section 2
2026-10-10T19:52:44.792720+00:00 DEBUG aya_obj::relocation: relocating map by symbol index Some(83), kind BtfMaps at insn 1798 in section 2
2026-10-10T19:52:44.792721+00:00 DEBUG aya_obj::relocation: relocating map by symbol index Some(83), kind BtfMaps at insn 1990 in section 2
2026-10-10T19:52:44.792722+00:00 DEBUG aya_obj::relocation: relocating map by symbol index Some(82), kind BtfMaps at insn 2550 in section 2
2026-10-10T19:52:44.792723+00:00 DEBUG aya_obj::relocation: relocating map by symbol index Some(74), kind BtfMaps at insn 3615 in section 2
2026-10-10T19:52:44.792724+00:00 DEBUG aya_obj::relocation: relocating map by symbol index Some(72), kind BtfMaps at insn 33 in section 2
2026-10-10T19:52:44.792726+00:00 DEBUG aya_obj::relocation: relocating map by section index 24, kind Rodata at insn 3868 in section 2
2026-10-10T19:52:44.792748+00:00 DEBUG aya_obj::relocation: relocating map by symbol index Some(73), kind BtfMaps at insn 4473 in section 2
2026-10-10T19:52:44.792749+00:00 DEBUG aya_obj::relocation: relocating map by section index 24, kind Rodata at insn 828 in section 2
2026-10-10T19:52:44.792751+00:00 DEBUG aya_obj::relocation: relocating map by symbol index Some(57), kind BtfMaps at insn 4614 in section 2
2026-10-10T19:52:44.792752+00:00 DEBUG aya_obj::relocation: relocating map by symbol index Some(84), kind BtfMaps at insn 1978 in section 2
2026-10-10T19:52:44.792753+00:00 DEBUG aya_obj::relocation: relocating map by section index 24, kind Rodata at insn 922 in section 2
2026-10-10T19:52:44.792754+00:00 DEBUG aya_obj::relocation: relocating map by symbol index Some(83), kind BtfMaps at insn 989 in section 2
2026-10-10T19:52:44.792755+00:00 DEBUG aya_obj::relocation: relocating map by symbol index Some(75), kind BtfMaps at insn 5323 in section 2
2026-10-10T19:52:44.792756+00:00 DEBUG aya_obj::relocation: relocating map by symbol index Some(80), kind BtfMaps at insn 2834 in section 2
2026-10-10T19:52:44.792757+00:00 DEBUG aya_obj::relocation: relocating map by symbol index Some(83), kind BtfMaps at insn 2333 in section 2
2026-10-10T19:52:44.792759+00:00 DEBUG aya_obj::relocation: relocating map by symbol index Some(90), kind BtfMaps at insn 3304 in section 2
2026-10-10T19:52:44.792760+00:00 DEBUG aya_obj::relocation: relocating map by symbol index Some(91), kind BtfMaps at insn 4941 in section 2
2026-10-10T19:52:44.792761+00:00 DEBUG aya_obj::relocation: relocating map by symbol index Some(90), kind BtfMaps at insn 2267 in section 2
2026-10-10T19:52:44.792762+00:00 DEBUG aya_obj::relocation: relocating map by symbol index Some(71), kind BtfMaps at insn 22 in section 2
2026-10-10T19:52:44.792763+00:00 DEBUG aya_obj::relocation: relocating map by symbol index Some(74), kind BtfMaps at insn 4403 in section 2
2026-10-10T19:52:44.792765+00:00 DEBUG aya_obj::relocation: relocating map by symbol index Some(87), kind BtfMaps at insn 5000 in section 2
2026-10-10T19:52:44.792766+00:00 DEBUG aya_obj::relocation: relocating map by symbol index Some(57), kind BtfMaps at insn 3538 in section 2
2026-10-10T19:52:44.792767+00:00 DEBUG aya_obj::relocation: relocating map by symbol index Some(73), kind BtfMaps at insn 5300 in section 2
2026-10-10T19:52:44.792769+00:00 DEBUG aya_obj::relocation: relocating map by symbol index Some(80), kind BtfMaps at insn 2002 in section 2
2026-10-10T19:52:44.792770+00:00 DEBUG aya_obj::relocation: relocating map by symbol index Some(84), kind BtfMaps at insn 2652 in section 2
2026-10-10T19:52:44.792771+00:00 DEBUG aya_obj::relocation: relocating map by symbol index Some(57), kind BtfMaps at insn 5010 in section 2
2026-10-10T19:52:44.792773+00:00 DEBUG aya_obj::relocation: relocating map by symbol index Some(86), kind BtfMaps at insn 1335 in section 2
2026-10-10T19:52:44.792774+00:00 DEBUG aya_obj::relocation: relocating map by symbol index Some(87), kind BtfMaps at insn 4737 in section 2
2026-10-10T19:52:44.792775+00:00 DEBUG aya_obj::relocation: relocating map by symbol index Some(92), kind BtfMaps at insn 4135 in section 2
2026-10-10T19:52:44.792776+00:00 DEBUG aya_obj::relocation: relocating map by symbol index Some(81), kind BtfMaps at insn 3052 in section 2
2026-10-10T19:52:44.792777+00:00 DEBUG aya_obj::relocation: relocating map by symbol index Some(57), kind BtfMaps at insn 3858 in section 2
2026-10-10T19:52:44.792778+00:00 DEBUG aya_obj::relocation: relocating map by symbol index Some(92), kind BtfMaps at insn 4832 in section 2
2026-10-10T19:52:44.792779+00:00 DEBUG aya_obj::relocation: relocating map by symbol index Some(57), kind BtfMaps at insn 5190 in section 2
2026-10-10T19:52:44.792780+00:00 DEBUG aya_obj::relocation: relocating map by symbol index Some(92), kind BtfMaps at insn 5236 in section 2
2026-10-10T19:52:44.792782+00:00 DEBUG aya_obj::relocation: relocating map by symbol index Some(82), kind BtfMaps at insn 2892 in section 2
2026-10-10T19:52:44.792783+00:00 DEBUG aya_obj::relocation: relocating map by section index 24, kind Rodata at insn 2098 in section 2
2026-10-10T19:52:44.792784+00:00 DEBUG aya_obj::relocation: relocating map by symbol index Some(84), kind BtfMaps at insn 998 in section 2
2026-10-10T19:52:44.792785+00:00 DEBUG aya_obj::relocation: relocating map by symbol index Some(80), kind BtfMaps at insn 1781 in section 2
2026-10-10T19:52:44.792786+00:00 DEBUG aya_obj::relocation: relocating map by symbol index Some(80), kind BtfMaps at insn 2861 in section 2
2026-10-10T19:52:44.792787+00:00 DEBUG aya_obj::relocation: relocating map by symbol index Some(80), kind BtfMaps at insn 2884 in section 2
2026-10-10T19:52:44.792788+00:00 DEBUG aya_obj::relocation: relocating map by symbol index Some(78), kind BtfMaps at insn 7 in section 2
2026-10-10T19:52:44.792790+00:00 DEBUG aya_obj::relocation: relocating map by symbol index Some(81), kind BtfMaps at insn 2583 in section 2
2026-10-10T19:52:44.792791+00:00 DEBUG aya_obj::relocation: relocating map by symbol index Some(92), kind BtfMaps at insn 3749 in section 2
2026-10-10T19:52:44.792792+00:00 DEBUG aya_obj::relocation: relocating map by symbol index Some(57), kind BtfMaps at insn 4605 in section 2
2026-10-10T19:52:44.792793+00:00 DEBUG aya_obj::relocation: relocating map by symbol index Some(74), kind BtfMaps at insn 3269 in section 2
2026-10-10T19:52:44.792794+00:00 DEBUG aya_obj::relocation: relocating map by symbol index Some(84), kind BtfMaps at insn 1842 in section 2
2026-10-10T19:52:44.792795+00:00 DEBUG aya_obj::relocation: relocating map by symbol index Some(85), kind BtfMaps at insn 2477 in section 2
2026-10-10T19:52:44.792796+00:00 DEBUG aya_obj::relocation: relocating map by symbol index Some(91), kind BtfMaps at insn 5122 in section 2
2026-10-10T19:52:44.792797+00:00 DEBUG aya_obj::relocation: relocating map by symbol index Some(82), kind BtfMaps at insn 1360 in section 2
2026-10-10T19:52:44.792799+00:00 DEBUG aya_obj::relocation: relocating map by symbol index Some(80), kind BtfMaps at insn 874 in section 2
2026-10-10T19:52:44.792800+00:00 DEBUG aya_obj::relocation: relocating map by symbol index Some(87), kind BtfMaps at insn 5180 in section 2
2026-10-10T19:52:44.792801+00:00 DEBUG aya_obj::relocation: relocating map by symbol index Some(83), kind BtfMaps at insn 1854 in section 2
2026-10-10T19:52:44.792803+00:00 DEBUG aya_obj::relocation: relocating map by symbol index Some(79), kind BtfMaps at insn 2727 in section 2
2026-10-10T19:52:44.792805+00:00 DEBUG aya_obj::relocation: relocating map by symbol index Some(80), kind BtfMaps at insn 2610 in section 2
2026-10-10T19:52:44.792806+00:00 DEBUG aya_obj::relocation: relocating map by symbol index Some(82), kind BtfMaps at insn 1237 in section 2
2026-10-10T19:52:44.792807+00:00 DEBUG aya_obj::relocation: relocating map by symbol index Some(81), kind BtfMaps at insn 1137 in section 2
2026-10-10T19:52:44.792808+00:00 DEBUG aya_obj::relocation: relocating map by symbol index Some(82), kind BtfMaps at insn 882 in section 2
2026-10-10T19:52:44.792809+00:00 DEBUG aya_obj::relocation: relocating map by symbol index Some(80), kind BtfMaps at insn 1228 in section 2
2026-10-10T19:52:44.792811+00:00 DEBUG aya_obj::relocation: relocating map by section index 24, kind Rodata at insn 2215 in section 2
2026-10-10T19:52:44.792812+00:00 DEBUG aya_obj::relocation: relocating map by symbol index Some(83), kind BtfMaps at insn 954 in section 2
2026-10-10T19:52:44.792813+00:00 DEBUG aya_obj::relocation: relocating map by symbol index Some(87), kind BtfMaps at insn 4305 in section 2
2026-10-10T19:52:44.792814+00:00 DEBUG aya_obj::relocation: relocating map by symbol index Some(88), kind BtfMaps at insn 2193 in section 2
2026-10-10T19:52:44.792815+00:00 DEBUG aya_obj::relocation: relocating map by symbol index Some(83), kind BtfMaps at insn 975 in section 2
2026-10-10T19:52:44.792817+00:00 DEBUG aya_obj::relocation: relocating map by symbol index Some(90), kind BtfMaps at insn 3122 in section 2
2026-10-10T19:52:44.792818+00:00 DEBUG aya_obj::relocation: relocating map by symbol index Some(82), kind BtfMaps at insn 1789 in section 2
2026-10-10T19:52:44.792819+00:00 DEBUG aya_obj::relocation: relocating map by symbol index Some(83), kind BtfMaps at insn 1934 in section 2
2026-10-10T19:52:44.792820+00:00 DEBUG aya_obj::relocation: relocating map by symbol index Some(83), kind BtfMaps at insn 1833 in section 2
2026-10-10T19:52:44.792821+00:00 DEBUG aya_obj::relocation: relocating map by symbol index Some(92), kind BtfMaps at insn 3431 in section 2
2026-10-10T19:52:44.792822+00:00 DEBUG aya_obj::relocation: relocating map by symbol index Some(84), kind BtfMaps at insn 2361 in section 2
2026-10-10T19:52:44.792823+00:00 DEBUG aya_obj::relocation: relocating map by symbol index Some(91), kind BtfMaps at insn 2683 in section 2
2026-10-10T19:52:44.792824+00:00 DEBUG aya_obj::relocation: relocating map by symbol index Some(73), kind BtfMaps at insn 4093 in section 2
2026-10-10T19:52:44.792825+00:00 DEBUG aya_obj::relocation: relocating map by section index 24, kind Rodata at insn 1029 in section 2
2026-10-10T19:52:44.792827+00:00 DEBUG aya_obj::relocation: relocating map by section index 24, kind Rodata at insn 743 in section 2
2026-10-10T19:52:44.792828+00:00 DEBUG aya_obj::relocation: relocating map by symbol index Some(75), kind BtfMaps at insn 3838 in section 2
2026-10-10T19:52:44.792829+00:00 DEBUG aya_obj::relocation: relocating map by section index 24, kind Rodata at insn 5406 in section 2
2026-10-10T19:52:44.792830+00:00 DEBUG aya_obj::relocation: relocating map by symbol index Some(74), kind BtfMaps at insn 3250 in section 2
2026-10-10T19:52:44.792831+00:00 DEBUG aya_obj::relocation: relocating map by symbol index Some(57), kind BtfMaps at insn 4328 in section 2
2026-10-10T19:52:44.792832+00:00 DEBUG aya_obj::relocation: relocating map by symbol index Some(74), kind BtfMaps at insn 3992 in section 2
2026-10-10T19:52:44.792834+00:00 DEBUG aya_obj::relocation: relocating map by symbol index Some(75), kind BtfMaps at insn 4919 in section 2
2026-10-10T19:52:44.792835+00:00 DEBUG aya_obj::relocation: relocating map by symbol index Some(87), kind BtfMaps at insn 4043 in section 2
2026-10-10T19:52:44.792836+00:00 DEBUG aya_obj::relocation: relocating map by symbol index Some(82), kind BtfMaps at insn 2879 in section 2
2026-10-10T19:52:44.792837+00:00 DEBUG aya_obj::relocation: relocating map by symbol index Some(83), kind BtfMaps at insn 2310 in section 2
2026-10-10T19:52:44.792839+00:00 DEBUG aya_obj::relocation: relocating map by symbol index Some(74), kind BtfMaps at insn 2400 in section 2
2026-10-10T19:52:44.792841+00:00 DEBUG aya_obj::relocation: relocating map by symbol index Some(57), kind BtfMaps at insn 3529 in section 2
2026-10-10T19:52:44.792842+00:00 DEBUG aya_obj::relocation: relocating map by symbol index Some(83), kind BtfMaps at insn 2373 in section 2
2026-10-10T19:52:44.792843+00:00 DEBUG aya_obj::relocation: relocating map by section index 24, kind Rodata at insn 3933 in section 2
2026-10-10T19:52:44.792844+00:00 DEBUG aya_obj::relocation: relocating map by section index 24, kind Rodata at insn 4112 in section 2
2026-10-10T19:52:44.792845+00:00 DEBUG aya_obj::relocation: relocating map by symbol index Some(80), kind BtfMaps at insn 2542 in section 2
2026-10-10T19:52:44.792846+00:00 DEBUG aya_obj::relocation: relocating map by symbol index Some(84), kind BtfMaps at insn 963 in section 2
2026-10-10T19:52:44.792847+00:00 DEBUG aya_obj::relocation: relocating map by symbol index Some(73), kind BtfMaps at insn 5351 in section 2
2026-10-10T19:52:44.792848+00:00 DEBUG aya_obj::relocation: relocating map by symbol index Some(80), kind BtfMaps at insn 2485 in section 2
2026-10-10T19:52:44.792850+00:00 DEBUG aya_obj::relocation: relocating map by symbol index Some(57), kind BtfMaps at insn 5028 in section 2
2026-10-10T19:52:44.792851+00:00 DEBUG aya_obj::relocation: relocating map by symbol index Some(91), kind BtfMaps at insn 5095 in section 2
2026-10-10T19:52:44.792852+00:00 DEBUG aya_obj::relocation: relocating map by symbol index Some(80), kind BtfMaps at insn 2844 in section 2
2026-10-10T19:52:44.792853+00:00 DEBUG aya_obj::relocation: relocating map by symbol index Some(83), kind BtfMaps at insn 1010 in section 2
2026-10-10T19:52:44.792854+00:00 DEBUG aya_obj::relocation: relocating map by symbol index Some(83), kind BtfMaps at insn 1819 in section 2
2026-10-10T19:52:44.792855+00:00 DEBUG aya_obj::relocation: relocating map by symbol index Some(85), kind BtfMaps at insn 1180 in section 2
2026-10-10T19:52:44.792856+00:00 DEBUG aya_obj::relocation: relocating map by symbol index Some(84), kind BtfMaps at insn 4358 in section 2
2026-10-10T19:52:44.792857+00:00 DEBUG aya_obj::relocation: relocating map by symbol index Some(80), kind BtfMaps at insn 1342 in section 2
2026-10-10T19:52:44.792858+00:00 DEBUG aya_obj::relocation: relocating map by symbol index Some(74), kind BtfMaps at insn 3332 in section 2
2026-10-10T19:52:44.792859+00:00 DEBUG aya_obj::relocation: relocating map by symbol index Some(84), kind BtfMaps at insn 1943 in section 2
2026-10-10T19:52:44.792861+00:00 DEBUG aya_obj::relocation: relocating map by section index 24, kind Rodata at insn 4806 in section 2
2026-10-10T19:52:44.792862+00:00 DEBUG aya_obj::relocation: relocating map by symbol index Some(57), kind BtfMaps at insn 1663 in section 2
2026-10-10T19:52:44.792863+00:00 DEBUG aya_obj::relocation: relocating map by symbol index Some(73), kind BtfMaps at insn 3685 in section 2
2026-10-10T19:52:44.792864+00:00 DEBUG aya_obj::relocation: relocating map by symbol index Some(73), kind BtfMaps at insn 4787 in section 2
2026-10-10T19:52:44.792865+00:00 DEBUG aya_obj::relocation: relocating map by symbol index Some(80), kind BtfMaps at insn 1351 in section 2
2026-10-10T19:52:44.792866+00:00 DEBUG aya_obj::relocation: relocating map by symbol index Some(92), kind BtfMaps at insn 4504 in section 2
2026-10-10T19:52:44.792867+00:00 DEBUG aya_obj::relocation: relocating map by symbol index Some(81), kind BtfMaps at insn 2905 in section 2
2026-10-10T19:52:44.792868+00:00 DEBUG aya_obj::relocation: relocating map by symbol index Some(80), kind BtfMaps at insn 796 in section 2
2026-10-10T19:52:44.792869+00:00 DEBUG aya_obj::relocation: relocating map by section index 24, kind Rodata at insn 669 in section 2
2026-10-10T19:52:44.792870+00:00 DEBUG aya_obj::relocation: relocating map by symbol index Some(80), kind BtfMaps at insn 1653 in section 2
2026-10-10T19:52:44.792873+00:00 DEBUG aya_obj::relocation: relocating map by section index 24, kind Rodata at insn 4624 in section 2
2026-10-10T19:52:44.792874+00:00 DEBUG aya_obj::relocation: relocating map by symbol index Some(80), kind BtfMaps at insn 1098 in section 2
2026-10-10T19:52:44.792875+00:00 DEBUG aya_obj::relocation: relocating map by symbol index Some(88), kind BtfMaps at insn 1616 in section 2
2026-10-10T19:52:44.792876+00:00 DEBUG aya_obj::relocation: relocating map by symbol index Some(83), kind BtfMaps at insn 2350 in section 2
2026-10-10T19:52:44.792877+00:00 DEBUG aya_obj::relocation: relocating map by symbol index Some(92), kind BtfMaps at insn 2785 in section 2
2026-10-10T19:52:44.792878+00:00 DEBUG aya_obj::relocation: relocating map by symbol index Some(84), kind BtfMaps at insn 3899 in section 2
2026-10-10T19:52:44.792879+00:00 DEBUG aya_obj::relocation: relocating map by symbol index Some(73), kind BtfMaps at insn 4896 in section 2
2026-10-10T19:52:44.792880+00:00 DEBUG aya_obj::relocation: relocating map by symbol index Some(90), kind BtfMaps at insn 3208 in section 2
2026-10-10T19:52:44.792881+00:00 DEBUG aya_obj::relocation: relocating map by symbol index Some(82), kind BtfMaps at insn 2619 in section 2
2026-10-10T19:52:44.792882+00:00 DEBUG aya_obj::relocation: relocating map by symbol index Some(80), kind BtfMaps at insn 2601 in section 2
2026-10-10T19:52:44.792884+00:00 DEBUG aya_obj::relocation: relocating map by symbol index Some(75), kind BtfMaps at insn 4223 in section 2
2026-10-10T19:52:44.792885+00:00 DEBUG aya_obj::relocation: relocating map by symbol index Some(89), kind BtfMaps at insn 1750 in section 2
2026-10-10T19:52:44.792886+00:00 DEBUG aya_obj::relocation: relocating map by symbol index Some(74), kind BtfMaps at insn 2234 in section 2
2026-10-10T19:52:44.792887+00:00 DEBUG aya_obj::relocation: relocating map by symbol index Some(87), kind BtfMaps at insn 2454 in section 2
2026-10-10T19:52:44.792888+00:00 DEBUG aya_obj::relocation: relocating map by symbol index Some(73), kind BtfMaps at insn 3496 in section 2
2026-10-10T19:52:44.792889+00:00 DEBUG aya_obj::relocation: relocating map by symbol index Some(81), kind BtfMaps at insn 823 in section 2
2026-10-10T19:52:44.792890+00:00 DEBUG aya_obj::relocation: relocating map by symbol index Some(83), kind BtfMaps at insn 1955 in section 2
2026-10-10T19:52:44.792892+00:00 DEBUG aya_obj::relocation: relocating map by symbol index Some(80), kind BtfMaps at insn 123 in section 2
2026-10-10T19:52:44.792893+00:00 DEBUG aya_obj::relocation: relocating map by symbol index Some(80), kind BtfMaps at insn 284 in section 2
2026-10-10T19:52:44.792894+00:00 DEBUG aya_obj::relocation: relocating map by symbol index Some(57), kind BtfMaps at insn 294 in section 2
2026-10-10T19:52:44.792896+00:00 DEBUG aya_obj::relocation: relocating map by symbol index Some(82), kind BtfMaps at insn 429 in section 2
2026-10-10T19:52:44.792897+00:00 DEBUG aya_obj::relocation: relocating map by symbol index Some(82), kind BtfMaps at insn 131 in section 2
2026-10-10T19:52:44.792898+00:00 DEBUG aya_obj::relocation: relocating map by symbol index Some(80), kind BtfMaps at insn 421 in section 2
2026-10-10T19:52:44.792900+00:00 DEBUG aya_obj::relocation: relocating map by symbol index Some(80), kind BtfMaps at insn 416 in section 2
2026-10-10T19:52:44.792901+00:00 DEBUG aya_obj::relocation: relocating map by symbol index Some(80), kind BtfMaps at insn 6 in section 2
2026-10-10T19:52:44.792902+00:00 DEBUG aya_obj::relocation: relocating map by symbol index Some(89), kind BtfMaps at insn 399 in section 2
2026-10-10T19:52:44.792904+00:00 DEBUG aya_obj::relocation: relocating map by symbol index Some(82), kind BtfMaps at insn 409 in section 2
2026-10-10T19:52:44.792907+00:00 DEBUG aya_obj::relocation: relocating map by symbol index Some(92), kind BtfMaps at insn 9 in section 2
2026-10-10T19:52:44.792908+00:00 DEBUG aya_obj::relocation: relocating map by symbol index Some(80), kind BtfMaps at insn 711 in section 2
2026-10-10T19:52:44.792909+00:00 DEBUG aya_obj::relocation: relocating map by symbol index Some(57), kind BtfMaps at insn 466 in section 2
2026-10-10T19:52:44.792911+00:00 DEBUG aya_obj::relocation: relocating map by symbol index Some(87), kind BtfMaps at insn 627 in section 2
2026-10-10T19:52:44.792912+00:00 DEBUG aya_obj::relocation: relocating map by symbol index Some(80), kind BtfMaps at insn 357 in section 2
2026-10-10T19:52:44.792914+00:00 DEBUG aya_obj::relocation: relocating map by symbol index Some(80), kind BtfMaps at insn 136 in section 2
2026-10-10T19:52:44.792915+00:00 DEBUG aya_obj::relocation: relocating map by symbol index Some(87), kind BtfMaps at insn 637 in section 2
2026-10-10T19:52:44.792916+00:00 DEBUG aya_obj::relocation: relocating map by symbol index Some(80), kind BtfMaps at insn 348 in section 2
2026-10-10T19:52:44.792917+00:00 DEBUG aya_obj::relocation: relocating map by symbol index Some(80), kind BtfMaps at insn 25 in section 2
2026-10-10T19:52:44.792918+00:00 DEBUG aya_obj::relocation: relocating map by symbol index Some(73), kind BtfMaps at insn 332 in section 2
2026-10-10T19:52:44.792919+00:00 DEBUG aya_obj::relocation: relocating map by symbol index Some(80), kind BtfMaps at insn 611 in section 2
2026-10-10T19:52:44.792920+00:00 DEBUG aya_obj::relocation: relocating map by symbol index Some(80), kind BtfMaps at insn 721 in section 2
2026-10-10T19:52:44.792921+00:00 DEBUG aya_obj::relocation: relocating map by symbol index Some(80), kind BtfMaps at insn 146 in section 2
2026-10-10T19:52:44.792922+00:00 DEBUG aya_obj::relocation: relocating map by symbol index Some(73), kind BtfMaps at insn 522 in section 2
2026-10-10T19:52:44.792924+00:00 DEBUG aya_obj::relocation: relocating map by symbol index Some(88), kind BtfMaps at insn 181 in section 2
2026-10-10T19:52:44.792925+00:00 DEBUG aya_obj::relocation: relocating map by symbol index Some(82), kind BtfMaps at insn 366 in section 2
2026-10-10T19:52:44.792926+00:00 DEBUG aya_obj::relocation: relocating map by symbol index Some(80), kind BtfMaps at insn 567 in section 2
2026-10-10T19:52:44.792927+00:00 DEBUG aya_obj::relocation: relocating map by symbol index Some(82), kind BtfMaps at insn 576 in section 2
2026-10-10T19:52:44.792928+00:00 DEBUG aya_obj::relocation: relocating map by symbol index Some(87), kind BtfMaps at insn 474 in section 2
2026-10-10T19:52:44.792929+00:00 DEBUG aya_obj::relocation: relocating map by symbol index Some(82), kind BtfMaps at insn 155 in section 2
2026-10-10T19:52:44.792931+00:00 DEBUG aya_obj::relocation: relocating map by symbol index Some(73), kind BtfMaps at insn 707 in section 2
2026-10-10T19:52:44.792932+00:00 DEBUG aya_obj::relocation: relocating map by symbol index Some(93), kind BtfMaps at insn 54 in section 2
2026-10-10T19:52:44.792933+00:00 DEBUG aya_obj::relocation: relocating map by symbol index Some(73), kind BtfMaps at insn 553 in section 2
2026-10-10T19:52:44.792934+00:00 DEBUG aya_obj::relocation: relocating map by symbol index Some(57), kind BtfMaps at insn 341 in section 2
2026-10-10T19:52:44.792935+00:00 DEBUG aya_obj::relocation: relocating map by symbol index Some(80), kind BtfMaps at insn 15 in section 2
2026-10-10T19:52:44.792936+00:00 DEBUG aya_obj::relocation: relocating map by symbol index Some(75), kind BtfMaps at insn 387 in section 2
2026-10-10T19:52:44.792937+00:00 DEBUG aya_obj::relocation: relocating map by symbol index Some(82), kind BtfMaps at insn 34 in section 2
2026-10-10T19:52:44.792938+00:00 DEBUG aya_obj::relocation: relocating map by symbol index Some(87), kind BtfMaps at insn 456 in section 2
2026-10-10T19:52:44.792939+00:00 DEBUG aya_obj::relocation: relocating map by symbol index Some(87), kind BtfMaps at insn 484 in section 2
2026-10-10T19:52:44.792941+00:00 DEBUG aya_obj::relocation: relocating map by symbol index Some(82), kind BtfMaps at insn 730 in section 2
2026-10-10T19:52:44.792942+00:00 DEBUG aya_obj::relocation: relocating map by symbol index Some(80), kind BtfMaps at insn 557 in section 2
2026-10-10T19:52:44.792943+00:00 DEBUG aya_obj::relocation: relocating map by symbol index Some(89), kind BtfMaps at insn 128 in section 2
2026-10-10T19:52:44.792945+00:00 DEBUG aya_obj::relocation: relocating map by symbol index Some(91), kind BtfMaps at insn 224 in section 2
2026-10-10T19:52:44.792946+00:00 DEBUG aya_obj::relocation: relocating map by symbol index Some(80), kind BtfMaps at insn 620 in section 2
2026-10-10T19:52:44.792947+00:00 DEBUG aya_obj::relocation: relocating map by symbol index Some(73), kind BtfMaps at insn 676 in section 2
2026-10-10T19:52:44.792949+00:00 DEBUG aya_obj::relocation: relocating map by symbol index Some(82), kind BtfMaps at insn 118 in section 2
2026-10-10T19:52:44.792950+00:00 DEBUG aya_obj::relocation: relocating map by symbol index Some(80), kind BtfMaps at insn 263 in section 2
2026-10-10T19:52:44.792951+00:00 DEBUG aya_obj::relocation: relocating map by symbol index Some(80), kind BtfMaps at insn 394 in section 2
2026-10-10T19:52:44.792953+00:00 DEBUG aya_obj::relocation: relocating map by symbol index Some(57), kind BtfMaps at insn 272 in section 2
2026-10-10T19:52:44.792954+00:00 DEBUG aya_obj::relocation: relocating map by symbol index Some(80), kind BtfMaps at insn 6 in section 2
2026-10-10T19:52:44.792955+00:00 DEBUG aya_obj::relocation: relocating map by symbol index Some(80), kind BtfMaps at insn 110 in section 2
2026-10-10T19:52:44.792956+00:00 DEBUG aya_obj::relocation: relocating map by symbol index Some(89), kind BtfMaps at insn 378 in section 2
2026-10-10T19:52:44.792958+00:00 DEBUG aya_obj::relocation: relocating map by symbol index Some(82), kind BtfMaps at insn 387 in section 2
2026-10-10T19:52:44.792960+00:00 DEBUG aya_obj::relocation: relocating map by symbol index Some(79), kind BtfMaps at insn 783 in section 2
2026-10-10T19:52:44.792961+00:00 DEBUG aya_obj::relocation: relocating map by symbol index Some(71), kind BtfMaps at insn 7 in section 2
2026-10-10T19:52:44.792962+00:00 DEBUG aya_obj::relocation: relocating map by symbol index Some(72), kind BtfMaps at insn 17 in section 2
2026-10-10T19:52:44.792964+00:00 DEBUG aya_obj::relocation: relocating map by symbol index Some(79), kind BtfMaps at insn 746 in section 2
2026-10-10T19:52:44.792965+00:00 DEBUG aya_obj::relocation: relocating map by section index 24, kind Rodata at insn 813 in section 2
2026-10-10T19:52:44.792967+00:00 DEBUG aya_obj::relocation: relocating map by symbol index Some(80), kind BtfMaps at insn 872 in section 2
2026-10-10T19:52:44.792968+00:00 DEBUG aya_obj::relocation: relocating map by symbol index Some(72), kind BtfMaps at insn 18 in section 2
2026-10-10T19:52:44.792969+00:00 DEBUG aya_obj::relocation: relocating map by symbol index Some(82), kind BtfMaps at insn 879 in section 2
2026-10-10T19:52:44.792971+00:00 DEBUG aya_obj::relocation: relocating map by symbol index Some(80), kind BtfMaps at insn 856 in section 2
2026-10-10T19:52:44.792972+00:00 DEBUG aya_obj::relocation: relocating map by symbol index Some(79), kind BtfMaps at insn 714 in section 2
2026-10-10T19:52:44.792973+00:00 DEBUG aya_obj::relocation: relocating map by symbol index Some(79), kind BtfMaps at insn 833 in section 2
2026-10-10T19:52:44.792975+00:00 DEBUG aya_obj::relocation: relocating map by symbol index Some(71), kind BtfMaps at insn 7 in section 2
2026-10-10T19:52:44.792976+00:00 DEBUG aya_obj::relocation: relocating map by section index 24, kind Rodata at insn 9 in section 4
2026-10-10T19:52:44.792977+00:00 DEBUG aya_obj::relocation: relocating map by section index 24, kind Rodata at insn 4 in section 4
2026-10-10T19:52:44.792978+00:00 DEBUG aya_obj::relocation: relocating map by symbol index Some(43), kind Maps at insn 24 in section 4
2026-10-10T19:52:44.792980+00:00 DEBUG aya_obj::relocation: relocating map by symbol index Some(43), kind Maps at insn 24 in section 4
2026-10-10T19:52:44.792981+00:00 DEBUG aya_obj::relocation: relocating map by section index 24, kind Rodata at insn 9 in section 4
2026-10-10T19:52:44.792982+00:00 DEBUG aya_obj::relocation: relocating map by section index 24, kind Rodata at insn 4 in section 4
2026-10-10T19:52:44.792983+00:00 DEBUG aya_obj::relocation: relocating map by section index 24, kind Rodata at insn 15 in section 6
2026-10-10T19:52:44.792985+00:00 DEBUG aya_obj::relocation: relocating map by symbol index Some(43), kind Maps at insn 35 in section 6
2026-10-10T19:52:44.792987+00:00 DEBUG aya_obj::relocation: relocating map by section index 24, kind Rodata at insn 20 in section 6
2026-10-10T19:52:44.792988+00:00 DEBUG aya_obj::relocation: relocating map by section index 24, kind Rodata at insn 59 in section 6
2026-10-10T19:52:44.792989+00:00 DEBUG aya_obj::relocation: relocating map by section index 24, kind Rodata at insn 4 in section 6
2026-10-10T19:52:44.792990+00:00 DEBUG aya_obj::relocation: relocating map by section index 24, kind Rodata at insn 69 in section 6
2026-10-10T19:52:44.792991+00:00 DEBUG aya_obj::relocation: relocating map by section index 24, kind Rodata at insn 9 in section 6
2026-10-10T19:52:44.792992+00:00 DEBUG aya_obj::relocation: relocating map by symbol index Some(43), kind Maps at insn 24 in section 6
2026-10-10T19:52:44.792994+00:00 DEBUG aya_obj::relocation: relocating map by section index 24, kind Rodata at insn 15 in section 6
2026-10-10T19:52:44.792995+00:00 DEBUG aya_obj::relocation: relocating map by section index 24, kind Rodata at insn 20 in section 6
2026-10-10T19:52:44.792996+00:00 DEBUG aya_obj::relocation: relocating map by symbol index Some(43), kind Maps at insn 35 in section 6
2026-10-10T19:52:44.792997+00:00 DEBUG aya_obj::relocation: relocating map by symbol index Some(51), kind BtfMaps at insn 22 in section 8
2026-10-10T19:52:44.792998+00:00 DEBUG aya_obj::relocation: relocating map by section index 24, kind Rodata at insn 63 in section 10
2026-10-10T19:52:44.793000+00:00 DEBUG aya_obj::relocation: relocating map by symbol index Some(53), kind BtfMaps at insn 6 in section 10
2026-10-10T19:52:44.793001+00:00 DEBUG aya_obj::relocation: relocating map by section index 24, kind Rodata at insn 32 in section 10
2026-10-10T19:52:44.793002+00:00 DEBUG aya_obj::relocation: relocating map by symbol index Some(53), kind BtfMaps at insn 158 in section 10
2026-10-10T19:52:44.793003+00:00 DEBUG aya_obj::relocation: relocating map by symbol index Some(57), kind BtfMaps at insn 167 in section 10
2026-10-10T19:52:44.793004+00:00 DEBUG aya_obj::relocation: relocating map by symbol index Some(53), kind BtfMaps at insn 121 in section 10
2026-10-10T19:52:44.793005+00:00 DEBUG aya_obj::relocation: relocating map by section index 24, kind Rodata at insn 49 in section 10
2026-10-10T19:52:44.793007+00:00 DEBUG aya_obj::relocation: relocating map by symbol index Some(53), kind BtfMaps at insn 52 in section 10
2026-10-10T19:52:44.793008+00:00 DEBUG aya_obj::relocation: relocating map by symbol index Some(53), kind BtfMaps at insn 88 in section 10
2026-10-10T19:52:44.793009+00:00 DEBUG aya_obj::relocation: relocating map by symbol index Some(53), kind BtfMaps at insn 6 in section 10
2026-10-10T19:52:44.793010+00:00 DEBUG aya_obj::relocation: relocating map by symbol index Some(57), kind BtfMaps at insn 97 in section 10
2026-10-10T19:52:44.793011+00:00 DEBUG aya_obj::relocation: relocating map by symbol index Some(53), kind BtfMaps at insn 6 in section 12
2026-10-10T19:52:44.793013+00:00 DEBUG aya_obj::relocation: relocating map by section index 24, kind Rodata at insn 49 in section 12
2026-10-10T19:52:44.793014+00:00 DEBUG aya_obj::relocation: relocating map by symbol index Some(57), kind BtfMaps at insn 167 in section 12
2026-10-10T19:52:44.793015+00:00 DEBUG aya_obj::relocation: relocating map by symbol index Some(53), kind BtfMaps at insn 158 in section 12
2026-10-10T19:52:44.793016+00:00 DEBUG aya_obj::relocation: relocating map by section index 24, kind Rodata at insn 32 in section 12
2026-10-10T19:52:44.793017+00:00 DEBUG aya_obj::relocation: relocating map by symbol index Some(53), kind BtfMaps at insn 121 in section 12
2026-10-10T19:52:44.793018+00:00 DEBUG aya_obj::relocation: relocating map by section index 24, kind Rodata at insn 63 in section 12
2026-10-10T19:52:44.793019+00:00 DEBUG aya_obj::relocation: relocating map by symbol index Some(57), kind BtfMaps at insn 97 in section 12
2026-10-10T19:52:44.793021+00:00 DEBUG aya_obj::relocation: relocating map by symbol index Some(53), kind BtfMaps at insn 6 in section 12
2026-10-10T19:52:44.793023+00:00 DEBUG aya_obj::relocation: relocating map by symbol index Some(53), kind BtfMaps at insn 88 in section 12
2026-10-10T19:52:44.793024+00:00 DEBUG aya_obj::relocation: relocating map by symbol index Some(53), kind BtfMaps at insn 52 in section 12
2026-10-10T19:52:44.793026+00:00 DEBUG aya_obj::relocation: relocating map by section index 24, kind Rodata at insn 49 in section 14
2026-10-10T19:52:44.793027+00:00 DEBUG aya_obj::relocation: relocating map by symbol index Some(53), kind BtfMaps at insn 6 in section 14
2026-10-10T19:52:44.793028+00:00 DEBUG aya_obj::relocation: relocating map by symbol index Some(53), kind BtfMaps at insn 121 in section 14
2026-10-10T19:52:44.793029+00:00 DEBUG aya_obj::relocation: relocating map by symbol index Some(53), kind BtfMaps at insn 158 in section 14
2026-10-10T19:52:44.793030+00:00 DEBUG aya_obj::relocation: relocating map by section index 24, kind Rodata at insn 63 in section 14
2026-10-10T19:52:44.793031+00:00 DEBUG aya_obj::relocation: relocating map by section index 24, kind Rodata at insn 32 in section 14
2026-10-10T19:52:44.793032+00:00 DEBUG aya_obj::relocation: relocating map by symbol index Some(57), kind BtfMaps at insn 167 in section 14
2026-10-10T19:52:44.793033+00:00 DEBUG aya_obj::relocation: relocating map by symbol index Some(53), kind BtfMaps at insn 52 in section 14
2026-10-10T19:52:44.793035+00:00 DEBUG aya_obj::relocation: relocating map by symbol index Some(53), kind BtfMaps at insn 88 in section 14
2026-10-10T19:52:44.793036+00:00 DEBUG aya_obj::relocation: relocating map by symbol index Some(57), kind BtfMaps at insn 97 in section 14
2026-10-10T19:52:44.793037+00:00 DEBUG aya_obj::relocation: relocating map by symbol index Some(53), kind BtfMaps at insn 6 in section 14
2026-10-10T19:52:44.793038+00:00 DEBUG aya_obj::relocation: relocating map by symbol index Some(53), kind BtfMaps at insn 158 in section 16
2026-10-10T19:52:44.793040+00:00 DEBUG aya_obj::relocation: relocating map by symbol index Some(53), kind BtfMaps at insn 121 in section 16
2026-10-10T19:52:44.793041+00:00 DEBUG aya_obj::relocation: relocating map by section index 24, kind Rodata at insn 32 in section 16
2026-10-10T19:52:44.793042+00:00 DEBUG aya_obj::relocation: relocating map by section index 24, kind Rodata at insn 49 in section 16
2026-10-10T19:52:44.793043+00:00 DEBUG aya_obj::relocation: relocating map by symbol index Some(57), kind BtfMaps at insn 167 in section 16
2026-10-10T19:52:44.793044+00:00 DEBUG aya_obj::relocation: relocating map by section index 24, kind Rodata at insn 63 in section 16
2026-10-10T19:52:44.793045+00:00 DEBUG aya_obj::relocation: relocating map by symbol index Some(53), kind BtfMaps at insn 6 in section 16
2026-10-10T19:52:44.793046+00:00 DEBUG aya_obj::relocation: relocating map by symbol index Some(57), kind BtfMaps at insn 97 in section 16
2026-10-10T19:52:44.793047+00:00 DEBUG aya_obj::relocation: relocating map by symbol index Some(53), kind BtfMaps at insn 88 in section 16
2026-10-10T19:52:44.793048+00:00 DEBUG aya_obj::relocation: relocating map by symbol index Some(53), kind BtfMaps at insn 52 in section 16
2026-10-10T19:52:44.793050+00:00 DEBUG aya_obj::relocation: relocating map by symbol index Some(53), kind BtfMaps at insn 6 in section 16
2026-10-10T19:52:44.793051+00:00 DEBUG aya_obj::relocation: relocating map by section index 24, kind Rodata at insn 32 in section 18
2026-10-10T19:52:44.793052+00:00 DEBUG aya_obj::relocation: relocating map by symbol index Some(53), kind BtfMaps at insn 121 in section 18
2026-10-10T19:52:44.793053+00:00 DEBUG aya_obj::relocation: relocating map by symbol index Some(57), kind BtfMaps at insn 167 in section 18
2026-10-10T19:52:44.793054+00:00 DEBUG aya_obj::relocation: relocating map by section index 24, kind Rodata at insn 63 in section 18
2026-10-10T19:52:44.793056+00:00 DEBUG aya_obj::relocation: relocating map by symbol index Some(53), kind BtfMaps at insn 158 in section 18
2026-10-10T19:52:44.793058+00:00 DEBUG aya_obj::relocation: relocating map by symbol index Some(53), kind BtfMaps at insn 6 in section 18
2026-10-10T19:52:44.793059+00:00 DEBUG aya_obj::relocation: relocating map by section index 24, kind Rodata at insn 49 in section 18
2026-10-10T19:52:44.793060+00:00 DEBUG aya_obj::relocation: relocating map by symbol index Some(57), kind BtfMaps at insn 97 in section 18
2026-10-10T19:52:44.793061+00:00 DEBUG aya_obj::relocation: relocating map by symbol index Some(53), kind BtfMaps at insn 6 in section 18
2026-10-10T19:52:44.793062+00:00 DEBUG aya_obj::relocation: relocating map by symbol index Some(53), kind BtfMaps at insn 52 in section 18
2026-10-10T19:52:44.793083+00:00 DEBUG aya_obj::relocation: relocating map by symbol index Some(53), kind BtfMaps at insn 88 in section 18
2026-10-10T19:52:44.793085+00:00 DEBUG aya_obj::relocation: relocating map by symbol index Some(53), kind BtfMaps at insn 5 in section 20
2026-10-10T19:52:44.793090+00:00 DEBUG aya_obj::relocation: relocating map by symbol index Some(79), kind BtfMaps at insn 2366 in section 22
2026-10-10T19:52:44.793092+00:00 DEBUG aya_obj::relocation: relocating map by symbol index Some(87), kind BtfMaps at insn 3169 in section 22
2026-10-10T19:52:44.793093+00:00 DEBUG aya_obj::relocation: relocating map by section index 24, kind Rodata at insn 3094 in section 22
2026-10-10T19:52:44.793094+00:00 DEBUG aya_obj::relocation: relocating map by symbol index Some(57), kind BtfMaps at insn 2884 in section 22
2026-10-10T19:52:44.793095+00:00 DEBUG aya_obj::relocation: relocating map by symbol index Some(83), kind BtfMaps at insn 842 in section 22
2026-10-10T19:52:44.793097+00:00 DEBUG aya_obj::relocation: relocating map by symbol index Some(91), kind BtfMaps at insn 3346 in section 22
2026-10-10T19:52:44.793098+00:00 DEBUG aya_obj::relocation: relocating map by symbol index Some(80), kind BtfMaps at insn 1492 in section 22
2026-10-10T19:52:44.793099+00:00 DEBUG aya_obj::relocation: relocating map by symbol index Some(90), kind BtfMaps at insn 2535 in section 22
2026-10-10T19:52:44.793101+00:00 DEBUG aya_obj::relocation: relocating map by symbol index Some(73), kind BtfMaps at insn 2621 in section 22
2026-10-10T19:52:44.793102+00:00 DEBUG aya_obj::relocation: relocating map by symbol index Some(84), kind BtfMaps at insn 3119 in section 22
2026-10-10T19:52:44.793103+00:00 DEBUG aya_obj::relocation: relocating map by symbol index Some(57), kind BtfMaps at insn 3296 in section 22
2026-10-10T19:52:44.793104+00:00 DEBUG aya_obj::relocation: relocating map by section index 24, kind Rodata at insn 1042 in section 22
2026-10-10T19:52:44.793105+00:00 DEBUG aya_obj::relocation: relocating map by symbol index Some(87), kind BtfMaps at insn 3288 in section 22
2026-10-10T19:52:44.793106+00:00 DEBUG aya_obj::relocation: relocating map by symbol index Some(91), kind BtfMaps at insn 3202 in section 22
2026-10-10T19:52:44.793107+00:00 DEBUG aya_obj::relocation: relocating map by symbol index Some(57), kind BtfMaps at insn 1316 in section 22
2026-10-10T19:52:44.793109+00:00 DEBUG aya_obj::relocation: relocating map by symbol index Some(91), kind BtfMaps at insn 2311 in section 22
2026-10-10T19:52:44.793110+00:00 DEBUG aya_obj::relocation: relocating map by section index 24, kind Rodata at insn 2741 in section 22
2026-10-10T19:52:44.793111+00:00 DEBUG aya_obj::relocation: relocating map by symbol index Some(83), kind BtfMaps at insn 828 in section 22
2026-10-10T19:52:44.793112+00:00 DEBUG aya_obj::relocation: relocating map by symbol index Some(87), kind BtfMaps at insn 2941 in section 22
2026-10-10T19:52:44.793113+00:00 DEBUG aya_obj::relocation: relocating map by section index 24, kind Rodata at insn 2265 in section 22
2026-10-10T19:52:44.793115+00:00 DEBUG aya_obj::relocation: relocating map by symbol index Some(57), kind BtfMaps at insn 3081 in section 22
2026-10-10T19:52:44.793116+00:00 DEBUG aya_obj::relocation: relocating map by symbol index Some(78), kind BtfMaps at insn 615 in section 22
2026-10-10T19:52:44.793118+00:00 DEBUG aya_obj::relocation: relocating map by symbol index Some(84), kind BtfMaps at insn 816 in section 22
2026-10-10T19:52:44.793119+00:00 DEBUG aya_obj::relocation: relocating map by symbol index Some(85), kind BtfMaps at insn 1011 in section 22
2026-10-10T19:52:44.793120+00:00 DEBUG aya_obj::relocation: relocating map by symbol index Some(53), kind BtfMaps at insn 1026 in section 22
2026-10-10T19:52:44.793121+00:00 DEBUG aya_obj::relocation: relocating map by symbol index Some(80), kind BtfMaps at insn 1677 in section 22
2026-10-10T19:52:44.793123+00:00 DEBUG aya_obj::relocation: relocating map by symbol index Some(72), kind BtfMaps at insn 14 in section 22
2026-10-10T19:52:44.793124+00:00 DEBUG aya_obj::relocation: relocating map by symbol index Some(53), kind BtfMaps at insn 881 in section 22
2026-10-10T19:52:44.793125+00:00 DEBUG aya_obj::relocation: relocating map by symbol index Some(90), kind BtfMaps at insn 1192 in section 22
2026-10-10T19:52:44.793126+00:00 DEBUG aya_obj::relocation: relocating map by symbol index Some(57), kind BtfMaps at insn 2681 in section 22
2026-10-10T19:52:44.793127+00:00 DEBUG aya_obj::relocation: relocating map by symbol index Some(73), kind BtfMaps at insn 1307 in section 22
2026-10-10T19:52:44.793128+00:00 DEBUG aya_obj::relocation: relocating map by symbol index Some(80), kind BtfMaps at insn 1068 in section 22
2026-10-10T19:52:44.793129+00:00 DEBUG aya_obj::relocation: relocating map by symbol index Some(88), kind BtfMaps at insn 2072 in section 22
2026-10-10T19:52:44.793131+00:00 DEBUG aya_obj::relocation: relocating map by symbol index Some(86), kind BtfMaps at insn 1779 in section 22
2026-10-10T19:52:44.793132+00:00 DEBUG aya_obj::relocation: relocating map by symbol index Some(87), kind BtfMaps at insn 1825 in section 22
2026-10-10T19:52:44.793133+00:00 DEBUG aya_obj::relocation: relocating map by symbol index Some(79), kind BtfMaps at insn 715 in section 22
2026-10-10T19:52:44.793134+00:00 DEBUG aya_obj::relocation: relocating map by section index 24, kind Rodata at insn 897 in section 22
2026-10-10T19:52:44.793135+00:00 DEBUG aya_obj::relocation: relocating map by symbol index Some(73), kind BtfMaps at insn 2672 in section 22
2026-10-10T19:52:44.793136+00:00 DEBUG aya_obj::relocation: relocating map by symbol index Some(82), kind BtfMaps at insn 1685 in section 22
2026-10-10T19:52:44.793138+00:00 DEBUG aya_obj::relocation: relocating map by symbol index Some(88), kind BtfMaps at insn 1649 in section 22
2026-10-10T19:52:44.793139+00:00 DEBUG aya_obj::relocation: relocating map by symbol index Some(81), kind BtfMaps at insn 1766 in section 22
2026-10-10T19:52:44.793140+00:00 DEBUG aya_obj::relocation: relocating map by section index 24, kind Rodata at insn 2541 in section 22
2026-10-10T19:52:44.793141+00:00 DEBUG aya_obj::relocation: relocating map by symbol index Some(57), kind BtfMaps at insn 2253 in section 22
2026-10-10T19:52:44.793142+00:00 DEBUG aya_obj::relocation: relocating map by symbol index Some(81), kind BtfMaps at insn 992 in section 22
2026-10-10T19:52:44.793143+00:00 DEBUG aya_obj::relocation: relocating map by symbol index Some(86), kind BtfMaps at insn 1005 in section 22
2026-10-10T19:52:44.793144+00:00 DEBUG aya_obj::relocation: relocating map by section index 24, kind Rodata at insn 1198 in section 22
2026-10-10T19:52:44.793146+00:00 DEBUG aya_obj::relocation: relocating map by section index 24, kind Rodata at insn 658 in section 22
2026-10-10T19:52:44.793147+00:00 DEBUG aya_obj::relocation: relocating map by symbol index Some(91), kind BtfMaps at insn 2974 in section 22
2026-10-10T19:52:44.793148+00:00 DEBUG aya_obj::relocation: relocating map by symbol index Some(73), kind BtfMaps at insn 1851 in section 22
2026-10-10T19:52:44.793149+00:00 DEBUG aya_obj::relocation: relocating map by symbol index Some(83), kind BtfMaps at insn 807 in section 22
2026-10-10T19:52:44.793150+00:00 DEBUG aya_obj::relocation: relocating map by symbol index Some(83), kind BtfMaps at insn 864 in section 22
2026-10-10T19:52:44.793151+00:00 DEBUG aya_obj::relocation: relocating map by symbol index Some(73), kind BtfMaps at insn 2817 in section 22
2026-10-10T19:52:44.793153+00:00 DEBUG aya_obj::relocation: relocating map by symbol index Some(71), kind BtfMaps at insn 5 in section 22
2026-10-10T19:52:44.793155+00:00 DEBUG aya_obj::relocation: relocating map by symbol index Some(84), kind BtfMaps at insn 851 in section 22
2026-10-10T19:52:44.793156+00:00 DEBUG aya_obj::relocation: relocating map by symbol index Some(90), kind BtfMaps at insn 2482 in section 22
2026-10-10T19:52:44.793157+00:00 DEBUG aya_obj::relocation: relocating map by symbol index Some(79), kind BtfMaps at insn 1509 in section 22
2026-10-10T19:52:44.793158+00:00 DEBUG aya_obj::relocation: relocating map by symbol index Some(73), kind BtfMaps at insn 2874 in section 22
2026-10-10T19:52:44.793159+00:00 DEBUG aya_obj::relocation: relocating map by symbol index Some(87), kind BtfMaps at insn 2243 in section 22
2026-10-10T19:52:44.793160+00:00 DEBUG aya_obj::relocation: relocating map by symbol index Some(87), kind BtfMaps at insn 3072 in section 22
2026-10-10T19:52:44.793162+00:00 DEBUG aya_obj::relocation: relocating map by symbol index Some(87), kind BtfMaps at insn 2797 in section 22
2026-10-10T19:52:44.793163+00:00 DEBUG aya_obj::relocation: relocating map by symbol index Some(73), kind BtfMaps at insn 3233 in section 22
2026-10-10T19:52:44.793165+00:00 DEBUG aya_obj::relocation: relocating map by symbol index Some(83), kind BtfMaps at insn 813 in section 22
2026-10-10T19:52:44.793166+00:00 DEBUG aya_obj::relocation: relocating map by symbol index Some(79), kind BtfMaps at insn 2300 in section 22
2026-10-10T19:52:44.793167+00:00 DEBUG aya_obj::relocation: relocating map by symbol index Some(57), kind BtfMaps at insn 2805 in section 22
2026-10-10T19:52:44.793168+00:00 DEBUG aya_obj::relocation: relocating map by symbol index Some(83), kind BtfMaps at insn 778 in section 22
2026-10-10T19:52:44.793169+00:00 DEBUG aya_obj::relocation: relocating map by symbol index Some(57), kind BtfMaps at insn 3242 in section 22
2026-10-10T19:52:44.793171+00:00 DEBUG aya_obj::relocation: relocating map by symbol index Some(91), kind BtfMaps at insn 3306 in section 22
2026-10-10T19:52:44.793172+00:00 DEBUG aya_obj::relocation: relocating map by symbol index Some(83), kind BtfMaps at insn 835 in section 22
2026-10-10T19:52:44.793173+00:00 DEBUG aya_obj::relocation: relocating map by symbol index Some(73), kind BtfMaps at insn 3198 in section 22
2026-10-10T19:52:44.793174+00:00 DEBUG aya_obj::relocation: relocating map by section index 24, kind Rodata at insn 877 in section 22
2026-10-10T19:52:44.793175+00:00 DEBUG aya_obj::relocation: relocating map by symbol index Some(80), kind BtfMaps at insn 903 in section 22
2026-10-10T19:52:44.793176+00:00 DEBUG aya_obj::relocation: relocating map by symbol index Some(80), kind BtfMaps at insn 1438 in section 22
2026-10-10T19:52:44.793178+00:00 DEBUG aya_obj::relocation: relocating map by symbol index Some(73), kind BtfMaps at insn 2577 in section 22
2026-10-10T19:52:44.793179+00:00 DEBUG aya_obj::relocation: relocating map by symbol index Some(80), kind BtfMaps at insn 1731 in section 22
2026-10-10T19:52:44.793180+00:00 DEBUG aya_obj::relocation: relocating map by symbol index Some(87), kind BtfMaps at insn 2167 in section 22
2026-10-10T19:52:44.793181+00:00 DEBUG aya_obj::relocation: relocating map by symbol index Some(57), kind BtfMaps at insn 2623 in section 22
2026-10-10T19:52:44.793182+00:00 DEBUG aya_obj::relocation: relocating map by symbol index Some(57), kind BtfMaps at insn 3075 in section 22
2026-10-10T19:52:44.793183+00:00 DEBUG aya_obj::relocation: relocating map by symbol index Some(71), kind BtfMaps at insn 5 in section 22
2026-10-10T19:52:44.793184+00:00 DEBUG aya_obj::relocation: relocating map by symbol index Some(84), kind BtfMaps at insn 787 in section 22
2026-10-10T19:52:44.793186+00:00 DEBUG aya_obj::relocation: relocating map by symbol index Some(81), kind BtfMaps at insn 1513 in section 22
2026-10-10T19:52:44.793187+00:00 DEBUG aya_obj::relocation: relocating map by section index 24, kind Rodata at insn 3087 in section 22
2026-10-10T19:52:44.793189+00:00 DEBUG aya_obj::relocation: relocating map by symbol index Some(81), kind BtfMaps at insn 1063 in section 22
2026-10-10T19:52:44.793190+00:00 DEBUG aya_obj::relocation: relocating map by section index 24, kind Rodata at insn 2859 in section 22
2026-10-10T19:52:44.793191+00:00 DEBUG aya_obj::relocation: relocating map by symbol index Some(87), kind BtfMaps at insn 2945 in section 22
2026-10-10T19:52:44.793192+00:00 DEBUG aya_obj::relocation: relocating map by symbol index Some(82), kind BtfMaps at insn 1446 in section 22
2026-10-10T19:52:44.793194+00:00 DEBUG aya_obj::relocation: relocating map by symbol index Some(91), kind BtfMaps at insn 2709 in section 22
2026-10-10T19:52:44.793195+00:00 DEBUG aya_obj::relocation: relocating map by section index 24, kind Rodata at insn 998 in section 22
2026-10-10T19:52:44.793196+00:00 DEBUG aya_obj::relocation: relocating map by symbol index Some(72), kind BtfMaps at insn 14 in section 22
2026-10-10T19:52:44.793197+00:00 DEBUG aya_obj::relocation: relocating map by symbol index Some(57), kind BtfMaps at insn 1259 in section 22
2026-10-10T19:52:44.793199+00:00 DEBUG aya_obj::relocation: relocating map by symbol index Some(88), kind BtfMaps at insn 2140 in section 22
2026-10-10T19:52:44.793200+00:00 DEBUG aya_obj::relocation: relocating map by symbol index Some(91), kind BtfMaps at insn 2250 in section 22
2026-10-10T19:52:44.793201+00:00 DEBUG aya_obj::relocation: relocating map by symbol index Some(87), kind BtfMaps at insn 3066 in section 22
2026-10-10T19:52:44.793202+00:00 DEBUG aya_obj::relocation: relocating map by section index 24, kind Rodata at insn 619 in section 22
2026-10-10T19:52:44.793203+00:00 DEBUG aya_obj::relocation: relocating map by symbol index Some(84), kind BtfMaps at insn 822 in section 22
2026-10-10T19:52:44.793204+00:00 DEBUG aya_obj::relocation: relocating map by section index 24, kind Rodata at insn 2469 in section 22
2026-10-10T19:52:44.793205+00:00 DEBUG aya_obj::relocation: relocating map by symbol index Some(90), kind BtfMaps at insn 1131 in section 22
2026-10-10T19:52:44.793207+00:00 DEBUG aya_obj::relocation: relocating map by symbol index Some(57), kind BtfMaps at insn 1407 in section 22
2026-10-10T19:52:44.793208+00:00 DEBUG aya_obj::relocation: relocating map by symbol index Some(86), kind BtfMaps at insn 1526 in section 22
2026-10-10T19:52:44.793209+00:00 DEBUG aya_obj::relocation: relocating map by symbol index Some(53), kind BtfMaps at insn 861 in section 22
2026-10-10T19:52:44.793210+00:00 DEBUG aya_obj::relocation: relocating map by symbol index Some(53), kind BtfMaps at insn 984 in section 22
2026-10-10T19:52:44.793211+00:00 DEBUG aya_obj::relocation: relocating map by section index 24, kind Rodata at insn 1420 in section 22
2026-10-10T19:52:44.793212+00:00 DEBUG aya_obj::relocation: relocating map by symbol index Some(78), kind BtfMaps at insn 580 in section 22
2026-10-10T19:52:44.793214+00:00 DEBUG aya_obj::relocation: relocating map by symbol index Some(73), kind BtfMaps at insn 2193 in section 22
2026-10-10T19:52:44.793215+00:00 DEBUG aya_obj::relocation: relocating map by symbol index Some(87), kind BtfMaps at insn 1397 in section 22
2026-10-10T19:52:44.793216+00:00 DEBUG aya_obj::relocation: relocating map by symbol index Some(73), kind BtfMaps at insn 2614 in section 22
2026-10-10T19:52:44.793217+00:00 DEBUG aya_obj::relocation: relocating map by section index 24, kind Rodata at insn 1137 in section 22
2026-10-10T19:52:44.793218+00:00 DEBUG aya_obj::relocation: relocating map by symbol index Some(86), kind BtfMaps at insn 1076 in section 22
2026-10-10T19:52:44.793219+00:00 DEBUG aya_obj::relocation: relocating map by symbol index Some(79), kind BtfMaps at insn 1748 in section 22
2026-10-10T19:52:44.793220+00:00 DEBUG aya_obj::relocation: relocating map by symbol index Some(88), kind BtfMaps at insn 1891 in section 22
2026-10-10T19:52:44.793221+00:00 DEBUG aya_obj::relocation: relocating map by symbol index Some(90), kind BtfMaps at insn 2411 in section 22
2026-10-10T19:52:44.793223+00:00 DEBUG aya_obj::relocation: relocating map by symbol index Some(90), kind BtfMaps at insn 2463 in section 22
2026-10-10T19:52:44.793225+00:00 DEBUG aya_obj::relocation: relocating map by symbol index Some(84), kind BtfMaps at insn 3112 in section 22
2026-10-10T19:52:44.793226+00:00 DEBUG aya_obj::relocation: relocating map by symbol index Some(85), kind BtfMaps at insn 846 in section 22
2026-10-10T19:52:44.793227+00:00 DEBUG aya_obj::relocation: relocating map by symbol index Some(73), kind BtfMaps at insn 1250 in section 22
2026-10-10T19:52:44.793228+00:00 DEBUG aya_obj::relocation: relocating map by symbol index Some(91), kind BtfMaps at insn 2978 in section 22
2026-10-10T19:52:44.793230+00:00 DEBUG aya_obj::relocation: relocating map by symbol index Some(87), kind BtfMaps at insn 2675 in section 22
2026-10-10T19:52:44.793231+00:00 DEBUG aya_obj::relocation: relocating map by symbol index Some(79), kind BtfMaps at insn 685 in section 22
2026-10-10T19:52:44.793232+00:00 DEBUG aya_obj::relocation: relocating map by symbol index Some(83), kind BtfMaps at insn 799 in section 22
2026-10-10T19:52:44.793235+00:00 DEBUG aya_obj::relocation: relocating program `honk_udp_receive_candidate` function `honk_udp_receive_candidate` size 88
2026-10-10T19:52:44.793238+00:00 DEBUG aya_obj::relocation: finished relocating program `honk_udp_receive_candidate` function `honk_udp_receive_candidate`
2026-10-10T19:52:44.793240+00:00 DEBUG aya_obj::relocation: relocating program `tproxy_sk_lookup` function `tproxy_sk_lookup` size 45
2026-10-10T19:52:44.793241+00:00 DEBUG aya_obj::relocation: relocating call to callee address 0x12c8 in section 2 (relocation) at instruction 10
2026-10-10T19:52:44.793243+00:00 DEBUG aya_obj::relocation: callee is `_RNvNtCs2GI6VrNTxWR_9honk_ebpf9sk_lookup19udp_listener_key_v6`
2026-10-10T19:52:44.793244+00:00 DEBUG aya_obj::relocation: linked function `_RNvNtCs2GI6VrNTxWR_9honk_ebpf9sk_lookup19udp_listener_key_v6` at instruction 45
2026-10-10T19:52:44.793246+00:00 DEBUG aya_obj::relocation: relocating program `tproxy_sk_lookup` function `_RNvNtCs2GI6VrNTxWR_9honk_ebpf9sk_lookup19udp_listener_key_v6` size 11
2026-10-10T19:52:44.793248+00:00 DEBUG aya_obj::relocation: finished relocating program `tproxy_sk_lookup` function `_RNvNtCs2GI6VrNTxWR_9honk_ebpf9sk_lookup19udp_listener_key_v6`
2026-10-10T19:52:44.793249+00:00 DEBUG aya_obj::relocation: callee `_RNvNtCs2GI6VrNTxWR_9honk_ebpf9sk_lookup19udp_listener_key_v6` is at ins 45, 34 from current instruction 10
2026-10-10T19:52:44.793251+00:00 DEBUG aya_obj::relocation: relocating call to callee address 0x1270 in section 2 (relocation) at instruction 41
2026-10-10T19:52:44.793252+00:00 DEBUG aya_obj::relocation: callee is `_RNvNtCs2GI6VrNTxWR_9honk_ebpf9sk_lookup19udp_listener_key_v4`
2026-10-10T19:52:44.793253+00:00 DEBUG aya_obj::relocation: linked function `_RNvNtCs2GI6VrNTxWR_9honk_ebpf9sk_lookup19udp_listener_key_v4` at instruction 56
2026-10-10T19:52:44.793254+00:00 DEBUG aya_obj::relocation: relocating program `tproxy_sk_lookup` function `_RNvNtCs2GI6VrNTxWR_9honk_ebpf9sk_lookup19udp_listener_key_v4` size 11
2026-10-10T19:52:44.793255+00:00 DEBUG aya_obj::relocation: finished relocating program `tproxy_sk_lookup` function `_RNvNtCs2GI6VrNTxWR_9honk_ebpf9sk_lookup19udp_listener_key_v4`
2026-10-10T19:52:44.793256+00:00 DEBUG aya_obj::relocation: callee `_RNvNtCs2GI6VrNTxWR_9honk_ebpf9sk_lookup19udp_listener_key_v4` is at ins 56, 14 from current instruction 41
2026-10-10T19:52:44.793258+00:00 DEBUG aya_obj::relocation: finished relocating program `tproxy_sk_lookup` function `tproxy_sk_lookup`
2026-10-10T19:52:44.793259+00:00 DEBUG aya_obj::relocation: relocating program `honk_udp_receive_enter` function `honk_udp_receive_enter` size 55
2026-10-10T19:52:44.793261+00:00 DEBUG aya_obj::relocation: finished relocating program `honk_udp_receive_enter` function `honk_udp_receive_enter`
2026-10-10T19:52:44.793262+00:00 DEBUG aya_obj::relocation: relocating program `tproxy_wan_cg_sendmsg4_comm` function `tproxy_wan_cg_sendmsg4_comm` size 108
2026-10-10T19:52:44.793265+00:00 DEBUG aya_obj::relocation: relocating call to callee address 0x14b8 in section 2 (relocation) at instruction 24
2026-10-10T19:52:44.793266+00:00 DEBUG aya_obj::relocation: callee is `memset`
2026-10-10T19:52:44.793267+00:00 DEBUG aya_obj::relocation: linked function `memset` at instruction 108
2026-10-10T19:52:44.793268+00:00 DEBUG aya_obj::relocation: relocating program `tproxy_wan_cg_sendmsg4_comm` function `memset` size 8
2026-10-10T19:52:44.793269+00:00 DEBUG aya_obj::relocation: finished relocating program `tproxy_wan_cg_sendmsg4_comm` function `memset`
2026-10-10T19:52:44.793270+00:00 DEBUG aya_obj::relocation: callee `memset` is at ins 108, 83 from current instruction 24
2026-10-10T19:52:44.793272+00:00 DEBUG aya_obj::relocation: relocating call to callee address 0x14b8 in section 2 (relocation) at instruction 61
2026-10-10T19:52:44.793273+00:00 DEBUG aya_obj::relocation: callee is `memset`
2026-10-10T19:52:44.793274+00:00 DEBUG aya_obj::relocation: callee `memset` is at ins 108, 46 from current instruction 61
2026-10-10T19:52:44.793276+00:00 DEBUG aya_obj::relocation: finished relocating program `tproxy_wan_cg_sendmsg4_comm` function `tproxy_wan_cg_sendmsg4_comm`
2026-10-10T19:52:44.793277+00:00 DEBUG aya_obj::relocation: relocating program `tproxy_wan_cg_sendmsg6_comm` function `tproxy_wan_cg_sendmsg6_comm` size 108
2026-10-10T19:52:44.793278+00:00 DEBUG aya_obj::relocation: relocating call to callee address 0x14b8 in section 2 (relocation) at instruction 24
2026-10-10T19:52:44.793280+00:00 DEBUG aya_obj::relocation: callee is `memset`
2026-10-10T19:52:44.793280+00:00 DEBUG aya_obj::relocation: linked function `memset` at instruction 108
2026-10-10T19:52:44.793282+00:00 DEBUG aya_obj::relocation: relocating program `tproxy_wan_cg_sendmsg6_comm` function `memset` size 8
2026-10-10T19:52:44.793283+00:00 DEBUG aya_obj::relocation: finished relocating program `tproxy_wan_cg_sendmsg6_comm` function `memset`
2026-10-10T19:52:44.793284+00:00 DEBUG aya_obj::relocation: callee `memset` is at ins 108, 83 from current instruction 24
2026-10-10T19:52:44.793285+00:00 DEBUG aya_obj::relocation: relocating call to callee address 0x14b8 in section 2 (relocation) at instruction 61
2026-10-10T19:52:44.793286+00:00 DEBUG aya_obj::relocation: callee is `memset`
2026-10-10T19:52:44.793287+00:00 DEBUG aya_obj::relocation: callee `memset` is at ins 108, 46 from current instruction 61
2026-10-10T19:52:44.793289+00:00 DEBUG aya_obj::relocation: finished relocating program `tproxy_wan_cg_sendmsg6_comm` function `tproxy_wan_cg_sendmsg6_comm`
2026-10-10T19:52:44.793290+00:00 DEBUG aya_obj::relocation: relocating program `honk_udp_receive_exit` function `honk_udp_receive_exit` size 88
2026-10-10T19:52:44.793292+00:00 DEBUG aya_obj::relocation: finished relocating program `honk_udp_receive_exit` function `honk_udp_receive_exit`
2026-10-10T19:52:44.793294+00:00 DEBUG aya_obj::relocation: relocating program `tproxy_wan_cg_connect6` function `tproxy_wan_cg_connect6` size 185
2026-10-10T19:52:44.793295+00:00 DEBUG aya_obj::relocation: relocating call to callee address 0x14b8 in section 2 (relocation) at instruction 23
2026-10-10T19:52:44.793296+00:00 DEBUG aya_obj::relocation: callee is `memset`
2026-10-10T19:52:44.793297+00:00 DEBUG aya_obj::relocation: linked function `memset` at instruction 185
2026-10-10T19:52:44.793298+00:00 DEBUG aya_obj::relocation: relocating program `tproxy_wan_cg_connect6` function `memset` size 8
2026-10-10T19:52:44.793299+00:00 DEBUG aya_obj::relocation: finished relocating program `tproxy_wan_cg_connect6` function `memset`
2026-10-10T19:52:44.793300+00:00 DEBUG aya_obj::relocation: callee `memset` is at ins 185, 161 from current instruction 23
2026-10-10T19:52:44.793302+00:00 DEBUG aya_obj::relocation: relocating call to callee address 0x14b8 in section 2 (relocation) at instruction 80
2026-10-10T19:52:44.793303+00:00 DEBUG aya_obj::relocation: callee is `memset`
2026-10-10T19:52:44.793304+00:00 DEBUG aya_obj::relocation: callee `memset` is at ins 185, 104 from current instruction 80
2026-10-10T19:52:44.793306+00:00 DEBUG aya_obj::relocation: relocating reference to callee address 0x1320 in section 2 (relocation) at instruction 93
2026-10-10T19:52:44.793307+00:00 DEBUG aya_obj::relocation: callee is `_RNvNtCs2GI6VrNTxWR_9honk_ebpf12process_name13find_basename`
2026-10-10T19:52:44.793308+00:00 DEBUG aya_obj::relocation: linked function `_RNvNtCs2GI6VrNTxWR_9honk_ebpf12process_name13find_basename` at instruction 193
2026-10-10T19:52:44.793310+00:00 DEBUG aya_obj::relocation: relocating program `tproxy_wan_cg_connect6` function `_RNvNtCs2GI6VrNTxWR_9honk_ebpf12process_name13find_basename` size 15
2026-10-10T19:52:44.793311+00:00 DEBUG aya_obj::relocation: finished relocating program `tproxy_wan_cg_connect6` function `_RNvNtCs2GI6VrNTxWR_9honk_ebpf12process_name13find_basename`
2026-10-10T19:52:44.793312+00:00 DEBUG aya_obj::relocation: callee `_RNvNtCs2GI6VrNTxWR_9honk_ebpf12process_name13find_basename` is at ins 193, 99 from current instruction 93
2026-10-10T19:52:44.793314+00:00 DEBUG aya_obj::relocation: relocating call to callee address 0x14b8 in section 2 (relocation) at instruction 131
2026-10-10T19:52:44.793315+00:00 DEBUG aya_obj::relocation: callee is `memset`
2026-10-10T19:52:44.793315+00:00 DEBUG aya_obj::relocation: callee `memset` is at ins 185, 53 from current instruction 131
2026-10-10T19:52:44.793317+00:00 DEBUG aya_obj::relocation: finished relocating program `tproxy_wan_cg_connect6` function `tproxy_wan_cg_connect6`
2026-10-10T19:52:44.793319+00:00 DEBUG aya_obj::relocation: relocating program `tproxy_wan_cg_sendmsg6` function `tproxy_wan_cg_sendmsg6` size 185
2026-10-10T19:52:44.793320+00:00 DEBUG aya_obj::relocation: relocating call to callee address 0x14b8 in section 2 (relocation) at instruction 23
2026-10-10T19:52:44.793321+00:00 DEBUG aya_obj::relocation: callee is `memset`
2026-10-10T19:52:44.793322+00:00 DEBUG aya_obj::relocation: linked function `memset` at instruction 185
2026-10-10T19:52:44.793323+00:00 DEBUG aya_obj::relocation: relocating program `tproxy_wan_cg_sendmsg6` function `memset` size 8
2026-10-10T19:52:44.793324+00:00 DEBUG aya_obj::relocation: finished relocating program `tproxy_wan_cg_sendmsg6` function `memset`
2026-10-10T19:52:44.793325+00:00 DEBUG aya_obj::relocation: callee `memset` is at ins 185, 161 from current instruction 23
2026-10-10T19:52:44.793327+00:00 DEBUG aya_obj::relocation: relocating call to callee address 0x14b8 in section 2 (relocation) at instruction 80
2026-10-10T19:52:44.793328+00:00 DEBUG aya_obj::relocation: callee is `memset`
2026-10-10T19:52:44.793329+00:00 DEBUG aya_obj::relocation: callee `memset` is at ins 185, 104 from current instruction 80
2026-10-10T19:52:44.793330+00:00 DEBUG aya_obj::relocation: relocating reference to callee address 0x1320 in section 2 (relocation) at instruction 93
2026-10-10T19:52:44.793331+00:00 DEBUG aya_obj::relocation: callee is `_RNvNtCs2GI6VrNTxWR_9honk_ebpf12process_name13find_basename`
2026-10-10T19:52:44.793332+00:00 DEBUG aya_obj::relocation: linked function `_RNvNtCs2GI6VrNTxWR_9honk_ebpf12process_name13find_basename` at instruction 193
2026-10-10T19:52:44.793333+00:00 DEBUG aya_obj::relocation: relocating program `tproxy_wan_cg_sendmsg6` function `_RNvNtCs2GI6VrNTxWR_9honk_ebpf12process_name13find_basename` size 15
2026-10-10T19:52:44.793334+00:00 DEBUG aya_obj::relocation: finished relocating program `tproxy_wan_cg_sendmsg6` function `_RNvNtCs2GI6VrNTxWR_9honk_ebpf12process_name13find_basename`
2026-10-10T19:52:44.793335+00:00 DEBUG aya_obj::relocation: callee `_RNvNtCs2GI6VrNTxWR_9honk_ebpf12process_name13find_basename` is at ins 193, 99 from current instruction 93
2026-10-10T19:52:44.793337+00:00 DEBUG aya_obj::relocation: relocating call to callee address 0x14b8 in section 2 (relocation) at instruction 131
2026-10-10T19:52:44.793338+00:00 DEBUG aya_obj::relocation: callee is `memset`
2026-10-10T19:52:44.793339+00:00 DEBUG aya_obj::relocation: callee `memset` is at ins 185, 53 from current instruction 131
2026-10-10T19:52:44.793340+00:00 DEBUG aya_obj::relocation: finished relocating program `tproxy_wan_cg_sendmsg6` function `tproxy_wan_cg_sendmsg6`
2026-10-10T19:52:44.793343+00:00 DEBUG aya_obj::relocation: relocating program `tproxy_wan_cg_sock_create` function `tproxy_wan_cg_sock_create` size 185
2026-10-10T19:52:44.793344+00:00 DEBUG aya_obj::relocation: relocating call to callee address 0x14b8 in section 2 (relocation) at instruction 23
2026-10-10T19:52:44.793345+00:00 DEBUG aya_obj::relocation: callee is `memset`
2026-10-10T19:52:44.793346+00:00 DEBUG aya_obj::relocation: linked function `memset` at instruction 185
2026-10-10T19:52:44.793349+00:00 DEBUG aya_obj::relocation: relocating program `tproxy_wan_cg_sock_create` function `memset` size 8
2026-10-10T19:52:44.793350+00:00 DEBUG aya_obj::relocation: finished relocating program `tproxy_wan_cg_sock_create` function `memset`
2026-10-10T19:52:44.793351+00:00 DEBUG aya_obj::relocation: callee `memset` is at ins 185, 161 from current instruction 23
2026-10-10T19:52:44.793352+00:00 DEBUG aya_obj::relocation: relocating call to callee address 0x14b8 in section 2 (relocation) at instruction 80
2026-10-10T19:52:44.793354+00:00 DEBUG aya_obj::relocation: callee is `memset`
2026-10-10T19:52:44.793354+00:00 DEBUG aya_obj::relocation: callee `memset` is at ins 185, 104 from current instruction 80
2026-10-10T19:52:44.793356+00:00 DEBUG aya_obj::relocation: relocating reference to callee address 0x1320 in section 2 (relocation) at instruction 93
2026-10-10T19:52:44.793357+00:00 DEBUG aya_obj::relocation: callee is `_RNvNtCs2GI6VrNTxWR_9honk_ebpf12process_name13find_basename`
2026-10-10T19:52:44.793358+00:00 DEBUG aya_obj::relocation: linked function `_RNvNtCs2GI6VrNTxWR_9honk_ebpf12process_name13find_basename` at instruction 193
2026-10-10T19:52:44.793359+00:00 DEBUG aya_obj::relocation: relocating program `tproxy_wan_cg_sock_create` function `_RNvNtCs2GI6VrNTxWR_9honk_ebpf12process_name13find_basename` size 15
2026-10-10T19:52:44.793360+00:00 DEBUG aya_obj::relocation: finished relocating program `tproxy_wan_cg_sock_create` function `_RNvNtCs2GI6VrNTxWR_9honk_ebpf12process_name13find_basename`
2026-10-10T19:52:44.793361+00:00 DEBUG aya_obj::relocation: callee `_RNvNtCs2GI6VrNTxWR_9honk_ebpf12process_name13find_basename` is at ins 193, 99 from current instruction 93
2026-10-10T19:52:44.793363+00:00 DEBUG aya_obj::relocation: relocating call to callee address 0x14b8 in section 2 (relocation) at instruction 131
2026-10-10T19:52:44.793364+00:00 DEBUG aya_obj::relocation: callee is `memset`
2026-10-10T19:52:44.793365+00:00 DEBUG aya_obj::relocation: callee `memset` is at ins 185, 53 from current instruction 131
2026-10-10T19:52:44.793366+00:00 DEBUG aya_obj::relocation: finished relocating program `tproxy_wan_cg_sock_create` function `tproxy_wan_cg_sock_create`
2026-10-10T19:52:44.793368+00:00 DEBUG aya_obj::relocation: relocating program `lan_ingress_l2` function `lan_ingress_l2` size 7
2026-10-10T19:52:44.793369+00:00 DEBUG aya_obj::relocation: relocating call to callee address 0x3250 in section 2 (relocation) at instruction 4
2026-10-10T19:52:44.793370+00:00 DEBUG aya_obj::relocation: callee is `_RNvNtCs2GI6VrNTxWR_9honk_ebpf7ingress21do_tproxy_lan_ingress`
2026-10-10T19:52:44.793374+00:00 DEBUG aya_obj::relocation: linked function `_RNvNtCs2GI6VrNTxWR_9honk_ebpf7ingress21do_tproxy_lan_ingress` at instruction 7
2026-10-10T19:52:44.793382+00:00 DEBUG aya_obj::relocation: relocating program `lan_ingress_l2` function `_RNvNtCs2GI6VrNTxWR_9honk_ebpf7ingress21do_tproxy_lan_ingress` size 5441
2026-10-10T19:52:44.793384+00:00 DEBUG aya_obj::relocation: relocating call to callee address 0x14b8 in section 2 (relocation) at instruction 56
2026-10-10T19:52:44.793385+00:00 DEBUG aya_obj::relocation: callee is `memset`
2026-10-10T19:52:44.793389+00:00 DEBUG aya_obj::relocation: linked function `memset` at instruction 5448
2026-10-10T19:52:44.793397+00:00 DEBUG aya_obj::relocation: relocating program `lan_ingress_l2` function `memset` size 8
2026-10-10T19:52:44.793398+00:00 DEBUG aya_obj::relocation: finished relocating program `lan_ingress_l2` function `memset`
2026-10-10T19:52:44.793400+00:00 DEBUG aya_obj::relocation: callee `memset` is at ins 5448, 5391 from current instruction 56
2026-10-10T19:52:44.793402+00:00 DEBUG aya_obj::relocation: relocating call to callee address 0x14b8 in section 2 (relocation) at instruction 135
2026-10-10T19:52:44.793403+00:00 DEBUG aya_obj::relocation: callee is `memset`
2026-10-10T19:52:44.793404+00:00 DEBUG aya_obj::relocation: callee `memset` is at ins 5448, 5312 from current instruction 135
2026-10-10T19:52:44.793405+00:00 DEBUG aya_obj::relocation: relocating call to callee address 0x14b8 in section 2 (relocation) at instruction 144
2026-10-10T19:52:44.793406+00:00 DEBUG aya_obj::relocation: callee is `memset`
2026-10-10T19:52:44.793407+00:00 DEBUG aya_obj::relocation: callee `memset` is at ins 5448, 5303 from current instruction 144
2026-10-10T19:52:44.793410+00:00 DEBUG aya_obj::relocation: relocating call to callee address 0x13f0 in section 2 (relocation) at instruction 305
2026-10-10T19:52:44.793411+00:00 DEBUG aya_obj::relocation: callee is `memmove`
2026-10-10T19:52:44.793412+00:00 DEBUG aya_obj::relocation: linked function `memmove` at instruction 5456
2026-10-10T19:52:44.793413+00:00 DEBUG aya_obj::relocation: relocating program `lan_ingress_l2` function `memmove` size 25
2026-10-10T19:52:44.793414+00:00 DEBUG aya_obj::relocation: finished relocating program `lan_ingress_l2` function `memmove`
2026-10-10T19:52:44.793415+00:00 DEBUG aya_obj::relocation: callee `memmove` is at ins 5456, 5150 from current instruction 305
2026-10-10T19:52:44.793417+00:00 DEBUG aya_obj::relocation: relocating call to callee address 0x13f0 in section 2 (relocation) at instruction 372
2026-10-10T19:52:44.793418+00:00 DEBUG aya_obj::relocation: callee is `memmove`
2026-10-10T19:52:44.793419+00:00 DEBUG aya_obj::relocation: callee `memmove` is at ins 5456, 5083 from current instruction 372
2026-10-10T19:52:44.793420+00:00 DEBUG aya_obj::relocation: relocating call to callee address 0x13f0 in section 2 (relocation) at instruction 409
2026-10-10T19:52:44.793421+00:00 DEBUG aya_obj::relocation: callee is `memmove`
2026-10-10T19:52:44.793422+00:00 DEBUG aya_obj::relocation: callee `memmove` is at ins 5456, 5046 from current instruction 409
2026-10-10T19:52:44.793423+00:00 DEBUG aya_obj::relocation: relocating call to callee address 0x13f0 in section 2 (relocation) at instruction 437
2026-10-10T19:52:44.793424+00:00 DEBUG aya_obj::relocation: callee is `memmove`
2026-10-10T19:52:44.793425+00:00 DEBUG aya_obj::relocation: callee `memmove` is at ins 5456, 5018 from current instruction 437
2026-10-10T19:52:44.793427+00:00 DEBUG aya_obj::relocation: relocating call to callee address 0x13f0 in section 2 (relocation) at instruction 535
2026-10-10T19:52:44.793428+00:00 DEBUG aya_obj::relocation: callee is `memmove`
2026-10-10T19:52:44.793429+00:00 DEBUG aya_obj::relocation: callee `memmove` is at ins 5456, 4920 from current instruction 535
2026-10-10T19:52:44.793430+00:00 DEBUG aya_obj::relocation: relocating call to callee address 0x13f0 in section 2 (relocation) at instruction 542
2026-10-10T19:52:44.793431+00:00 DEBUG aya_obj::relocation: callee is `memmove`
2026-10-10T19:52:44.793432+00:00 DEBUG aya_obj::relocation: callee `memmove` is at ins 5456, 4913 from current instruction 542
2026-10-10T19:52:44.793433+00:00 DEBUG aya_obj::relocation: relocating call to callee address 0x14b8 in section 2 (relocation) at instruction 567
2026-10-10T19:52:44.793434+00:00 DEBUG aya_obj::relocation: callee is `memset`
2026-10-10T19:52:44.793435+00:00 DEBUG aya_obj::relocation: callee `memset` is at ins 5448, 4880 from current instruction 567
2026-10-10T19:52:44.793436+00:00 DEBUG aya_obj::relocation: relocating call to callee address 0x13f0 in section 2 (relocation) at instruction 602
2026-10-10T19:52:44.793437+00:00 DEBUG aya_obj::relocation: callee is `memmove`
2026-10-10T19:52:44.793438+00:00 DEBUG aya_obj::relocation: callee `memmove` is at ins 5456, 4853 from current instruction 602
2026-10-10T19:52:44.793439+00:00 DEBUG aya_obj::relocation: relocating call to callee address 0x13f0 in section 2 (relocation) at instruction 607
2026-10-10T19:52:44.793442+00:00 DEBUG aya_obj::relocation: callee is `memmove`
2026-10-10T19:52:44.793442+00:00 DEBUG aya_obj::relocation: callee `memmove` is at ins 5456, 4848 from current instruction 607
2026-10-10T19:52:44.793444+00:00 DEBUG aya_obj::relocation: relocating call to callee address 0x14b8 in section 2 (relocation) at instruction 719
2026-10-10T19:52:44.793446+00:00 DEBUG aya_obj::relocation: callee is `memset`
2026-10-10T19:52:44.793446+00:00 DEBUG aya_obj::relocation: callee `memset` is at ins 5448, 4728 from current instruction 719
2026-10-10T19:52:44.793448+00:00 DEBUG aya_obj::relocation: relocating call to callee address 0xdc58 in section 2 (pc-relative) at instruction 733
2026-10-10T19:52:44.793449+00:00 DEBUG aya_obj::relocation: callee is `_RNvNtCs2GI6VrNTxWR_9honk_ebpf8contrack15___mark_tcp_seen`
2026-10-10T19:52:44.793450+00:00 DEBUG aya_obj::relocation: linked function `_RNvNtCs2GI6VrNTxWR_9honk_ebpf8contrack15___mark_tcp_seen` at instruction 5481
2026-10-10T19:52:44.793452+00:00 DEBUG aya_obj::relocation: relocating program `lan_ingress_l2` function `_RNvNtCs2GI6VrNTxWR_9honk_ebpf8contrack15___mark_tcp_seen` size 460
2026-10-10T19:52:44.793454+00:00 DEBUG aya_obj::relocation: relocating call to callee address 0x14b8 in section 2 (relocation) at instruction 5504
2026-10-10T19:52:44.793455+00:00 DEBUG aya_obj::relocation: callee is `memset`
2026-10-10T19:52:44.793456+00:00 DEBUG aya_obj::relocation: callee `memset` is at ins 5448, -57 from current instruction 5504
2026-10-10T19:52:44.793457+00:00 DEBUG aya_obj::relocation: relocating call to callee address 0x14b8 in section 2 (relocation) at instruction 5509
2026-10-10T19:52:44.793458+00:00 DEBUG aya_obj::relocation: callee is `memset`
2026-10-10T19:52:44.793459+00:00 DEBUG aya_obj::relocation: callee `memset` is at ins 5448, -62 from current instruction 5509
2026-10-10T19:52:44.793460+00:00 DEBUG aya_obj::relocation: relocating call to callee address 0x14b8 in section 2 (relocation) at instruction 5514
2026-10-10T19:52:44.793461+00:00 DEBUG aya_obj::relocation: callee is `memset`
2026-10-10T19:52:44.793462+00:00 DEBUG aya_obj::relocation: callee `memset` is at ins 5448, -67 from current instruction 5514
2026-10-10T19:52:44.793464+00:00 DEBUG aya_obj::relocation: relocating call to callee address 0x14b8 in section 2 (relocation) at instruction 5625
2026-10-10T19:52:44.793465+00:00 DEBUG aya_obj::relocation: callee is `memset`
2026-10-10T19:52:44.793466+00:00 DEBUG aya_obj::relocation: callee `memset` is at ins 5448, -178 from current instruction 5625
2026-10-10T19:52:44.793467+00:00 DEBUG aya_obj::relocation: relocating call to callee address 0x14b8 in section 2 (relocation) at instruction 5630
2026-10-10T19:52:44.793468+00:00 DEBUG aya_obj::relocation: callee is `memset`
2026-10-10T19:52:44.793469+00:00 DEBUG aya_obj::relocation: callee `memset` is at ins 5448, -183 from current instruction 5630
2026-10-10T19:52:44.793470+00:00 DEBUG aya_obj::relocation: relocating call to callee address 0x14b8 in section 2 (relocation) at instruction 5635
2026-10-10T19:52:44.793471+00:00 DEBUG aya_obj::relocation: callee is `memset`
2026-10-10T19:52:44.793472+00:00 DEBUG aya_obj::relocation: callee `memset` is at ins 5448, -188 from current instruction 5635
2026-10-10T19:52:44.793474+00:00 DEBUG aya_obj::relocation: relocating call to callee address 0x14b8 in section 2 (relocation) at instruction 5795
2026-10-10T19:52:44.793475+00:00 DEBUG aya_obj::relocation: callee is `memset`
2026-10-10T19:52:44.793476+00:00 DEBUG aya_obj::relocation: callee `memset` is at ins 5448, -348 from current instruction 5795
2026-10-10T19:52:44.793479+00:00 DEBUG aya_obj::relocation: finished relocating program `lan_ingress_l2` function `_RNvNtCs2GI6VrNTxWR_9honk_ebpf8contrack15___mark_tcp_seen`
2026-10-10T19:52:44.793480+00:00 DEBUG aya_obj::relocation: callee `_RNvNtCs2GI6VrNTxWR_9honk_ebpf8contrack15___mark_tcp_seen` is at ins 5481, 4747 from current instruction 733
2026-10-10T19:52:44.793482+00:00 DEBUG aya_obj::relocation: relocating call to callee address 0x14b8 in section 2 (relocation) at instruction 785
2026-10-10T19:52:44.793483+00:00 DEBUG aya_obj::relocation: callee is `memset`
2026-10-10T19:52:44.793484+00:00 DEBUG aya_obj::relocation: callee `memset` is at ins 5448, 4662 from current instruction 785
2026-10-10T19:52:44.793486+00:00 DEBUG aya_obj::relocation: relocating call to callee address 0x14b8 in section 2 (relocation) at instruction 862
2026-10-10T19:52:44.793487+00:00 DEBUG aya_obj::relocation: callee is `memset`
2026-10-10T19:52:44.793488+00:00 DEBUG aya_obj::relocation: callee `memset` is at ins 5448, 4585 from current instruction 862
2026-10-10T19:52:44.793489+00:00 DEBUG aya_obj::relocation: relocating call to callee address 0xdc58 in section 2 (pc-relative) at instruction 878
2026-10-10T19:52:44.793490+00:00 DEBUG aya_obj::relocation: callee is `_RNvNtCs2GI6VrNTxWR_9honk_ebpf8contrack15___mark_tcp_seen`
2026-10-10T19:52:44.793491+00:00 DEBUG aya_obj::relocation: callee `_RNvNtCs2GI6VrNTxWR_9honk_ebpf8contrack15___mark_tcp_seen` is at ins 5481, 4602 from current instruction 878
2026-10-10T19:52:44.793493+00:00 DEBUG aya_obj::relocation: relocating call to callee address 0xeab8 in section 2 (pc-relative) at instruction 955
2026-10-10T19:52:44.793494+00:00 DEBUG aya_obj::relocation: callee is `_RNvNtCs2GI6VrNTxWR_9honk_ebpf2sk21socket_is_v4_wildcard`
2026-10-10T19:52:44.793495+00:00 DEBUG aya_obj::relocation: linked function `_RNvNtCs2GI6VrNTxWR_9honk_ebpf2sk21socket_is_v4_wildcard` at instruction 5941
2026-10-10T19:52:44.793497+00:00 DEBUG aya_obj::relocation: relocating program `lan_ingress_l2` function `_RNvNtCs2GI6VrNTxWR_9honk_ebpf2sk21socket_is_v4_wildcard` size 6
2026-10-10T19:52:44.793498+00:00 DEBUG aya_obj::relocation: finished relocating program `lan_ingress_l2` function `_RNvNtCs2GI6VrNTxWR_9honk_ebpf2sk21socket_is_v4_wildcard`
2026-10-10T19:52:44.793499+00:00 DEBUG aya_obj::relocation: callee `_RNvNtCs2GI6VrNTxWR_9honk_ebpf2sk21socket_is_v4_wildcard` is at ins 5941, 4985 from current instruction 955
2026-10-10T19:52:44.793501+00:00 DEBUG aya_obj::relocation: relocating call to callee address 0xeae8 in section 2 (pc-relative) at instruction 1030
2026-10-10T19:52:44.793502+00:00 DEBUG aya_obj::relocation: callee is `_RNvNtCs2GI6VrNTxWR_9honk_ebpf2sk21socket_is_v6_wildcard`
2026-10-10T19:52:44.793503+00:00 DEBUG aya_obj::relocation: linked function `_RNvNtCs2GI6VrNTxWR_9honk_ebpf2sk21socket_is_v6_wildcard` at instruction 5947
2026-10-10T19:52:44.793505+00:00 DEBUG aya_obj::relocation: relocating program `lan_ingress_l2` function `_RNvNtCs2GI6VrNTxWR_9honk_ebpf2sk21socket_is_v6_wildcard` size 13
2026-10-10T19:52:44.793506+00:00 DEBUG aya_obj::relocation: finished relocating program `lan_ingress_l2` function `_RNvNtCs2GI6VrNTxWR_9honk_ebpf2sk21socket_is_v6_wildcard`
2026-10-10T19:52:44.793507+00:00 DEBUG aya_obj::relocation: callee `_RNvNtCs2GI6VrNTxWR_9honk_ebpf2sk21socket_is_v6_wildcard` is at ins 5947, 4916 from current instruction 1030
2026-10-10T19:52:44.793508+00:00 DEBUG aya_obj::relocation: relocating call to callee address 0x14b8 in section 2 (relocation) at instruction 1066
2026-10-10T19:52:44.793510+00:00 DEBUG aya_obj::relocation: callee is `memset`
2026-10-10T19:52:44.793510+00:00 DEBUG aya_obj::relocation: callee `memset` is at ins 5448, 4381 from current instruction 1066
2026-10-10T19:52:44.793512+00:00 DEBUG aya_obj::relocation: relocating call to callee address 0x13f0 in section 2 (relocation) at instruction 1127
2026-10-10T19:52:44.793513+00:00 DEBUG aya_obj::relocation: callee is `memmove`
2026-10-10T19:52:44.793514+00:00 DEBUG aya_obj::relocation: callee `memmove` is at ins 5456, 4328 from current instruction 1127
2026-10-10T19:52:44.793515+00:00 DEBUG aya_obj::relocation: relocating call to callee address 0x13f0 in section 2 (relocation) at instruction 1132
2026-10-10T19:52:44.793516+00:00 DEBUG aya_obj::relocation: callee is `memmove`
2026-10-10T19:52:44.793517+00:00 DEBUG aya_obj::relocation: callee `memmove` is at ins 5456, 4323 from current instruction 1132
2026-10-10T19:52:44.793519+00:00 DEBUG aya_obj::relocation: relocating call to callee address 0x14b8 in section 2 (relocation) at instruction 1219
2026-10-10T19:52:44.793521+00:00 DEBUG aya_obj::relocation: callee is `memset`
2026-10-10T19:52:44.793522+00:00 DEBUG aya_obj::relocation: callee `memset` is at ins 5448, 4228 from current instruction 1219
2026-10-10T19:52:44.793523+00:00 DEBUG aya_obj::relocation: relocating call to callee address 0x14b8 in section 2 (relocation) at instruction 1232
2026-10-10T19:52:44.793524+00:00 DEBUG aya_obj::relocation: callee is `memset`
2026-10-10T19:52:44.793525+00:00 DEBUG aya_obj::relocation: callee `memset` is at ins 5448, 4215 from current instruction 1232
2026-10-10T19:52:44.793526+00:00 DEBUG aya_obj::relocation: relocating call to callee address 0x14b8 in section 2 (relocation) at instruction 1288
2026-10-10T19:52:44.793527+00:00 DEBUG aya_obj::relocation: callee is `memset`
2026-10-10T19:52:44.793528+00:00 DEBUG aya_obj::relocation: callee `memset` is at ins 5448, 4159 from current instruction 1288
2026-10-10T19:52:44.793530+00:00 DEBUG aya_obj::relocation: relocating call to callee address 0x14b8 in section 2 (relocation) at instruction 1386
2026-10-10T19:52:44.793531+00:00 DEBUG aya_obj::relocation: callee is `memset`
2026-10-10T19:52:44.793532+00:00 DEBUG aya_obj::relocation: callee `memset` is at ins 5448, 4061 from current instruction 1386
2026-10-10T19:52:44.793534+00:00 DEBUG aya_obj::relocation: relocating call to callee address 0x1070 in section 2 (relocation) at instruction 1422
2026-10-10T19:52:44.793535+00:00 DEBUG aya_obj::relocation: callee is `honk_route_slot1`
2026-10-10T19:52:44.793536+00:00 DEBUG aya_obj::relocation: linked function `honk_route_slot1` at instruction 5960
2026-10-10T19:52:44.793537+00:00 DEBUG aya_obj::relocation: relocating program `lan_ingress_l2` function `honk_route_slot1` size 64
2026-10-10T19:52:44.793539+00:00 DEBUG aya_obj::relocation: finished relocating program `lan_ingress_l2` function `honk_route_slot1`
2026-10-10T19:52:44.793540+00:00 DEBUG aya_obj::relocation: callee `honk_route_slot1` is at ins 5960, 4537 from current instruction 1422
2026-10-10T19:52:44.793541+00:00 DEBUG aya_obj::relocation: relocating call to callee address 0xe70 in section 2 (relocation) at instruction 1426
2026-10-10T19:52:44.793542+00:00 DEBUG aya_obj::relocation: callee is `honk_route_slot0`
2026-10-10T19:52:44.793543+00:00 DEBUG aya_obj::relocation: linked function `honk_route_slot0` at instruction 6024
2026-10-10T19:52:44.793544+00:00 DEBUG aya_obj::relocation: relocating program `lan_ingress_l2` function `honk_route_slot0` size 64
2026-10-10T19:52:44.793546+00:00 DEBUG aya_obj::relocation: finished relocating program `lan_ingress_l2` function `honk_route_slot0`
2026-10-10T19:52:44.793547+00:00 DEBUG aya_obj::relocation: callee `honk_route_slot0` is at ins 6024, 4597 from current instruction 1426
2026-10-10T19:52:44.793551+00:00 DEBUG aya_obj::relocation: relocating call to callee address 0x14b8 in section 2 (relocation) at instruction 1720
2026-10-10T19:52:44.793552+00:00 DEBUG aya_obj::relocation: callee is `memset`
2026-10-10T19:52:44.793553+00:00 DEBUG aya_obj::relocation: callee `memset` is at ins 5448, 3727 from current instruction 1720
2026-10-10T19:52:44.793564+00:00 DEBUG aya_obj::relocation: relocating call to callee address 0xeb50 in section 2 (pc-relative) at instruction 2655
2026-10-10T19:52:44.793565+00:00 DEBUG aya_obj::relocation: callee is `_RNvNtCs2GI6VrNTxWR_9honk_ebpf7ingress18stage_udp_decision`
2026-10-10T19:52:44.793567+00:00 DEBUG aya_obj::relocation: linked function `_RNvNtCs2GI6VrNTxWR_9honk_ebpf7ingress18stage_udp_decision` at instruction 6088
2026-10-10T19:52:44.793569+00:00 DEBUG aya_obj::relocation: relocating program `lan_ingress_l2` function `_RNvNtCs2GI6VrNTxWR_9honk_ebpf7ingress18stage_udp_decision` size 743
2026-10-10T19:52:44.793571+00:00 DEBUG aya_obj::relocation: relocating call to callee address 0x14b8 in section 2 (relocation) at instruction 6138
2026-10-10T19:52:44.793572+00:00 DEBUG aya_obj::relocation: callee is `memset`
2026-10-10T19:52:44.793573+00:00 DEBUG aya_obj::relocation: callee `memset` is at ins 5448, -691 from current instruction 6138
2026-10-10T19:52:44.793575+00:00 DEBUG aya_obj::relocation: relocating call to callee address 0x14b8 in section 2 (relocation) at instruction 6206
2026-10-10T19:52:44.793576+00:00 DEBUG aya_obj::relocation: callee is `memset`
2026-10-10T19:52:44.793577+00:00 DEBUG aya_obj::relocation: callee `memset` is at ins 5448, -759 from current instruction 6206
2026-10-10T19:52:44.793580+00:00 DEBUG aya_obj::relocation: relocating call to callee address 0x14b8 in section 2 (relocation) at instruction 6355
2026-10-10T19:52:44.793581+00:00 DEBUG aya_obj::relocation: callee is `memset`
2026-10-10T19:52:44.793582+00:00 DEBUG aya_obj::relocation: callee `memset` is at ins 5448, -908 from current instruction 6355
2026-10-10T19:52:44.793584+00:00 DEBUG aya_obj::relocation: relocating call to callee address 0x14b8 in section 2 (relocation) at instruction 6474
2026-10-10T19:52:44.793585+00:00 DEBUG aya_obj::relocation: callee is `memset`
2026-10-10T19:52:44.793586+00:00 DEBUG aya_obj::relocation: callee `memset` is at ins 5448, -1027 from current instruction 6474
2026-10-10T19:52:44.793589+00:00 DEBUG aya_obj::relocation: relocating call to callee address 0x14b8 in section 2 (relocation) at instruction 6609
2026-10-10T19:52:44.793590+00:00 DEBUG aya_obj::relocation: callee is `memset`
2026-10-10T19:52:44.793591+00:00 DEBUG aya_obj::relocation: callee `memset` is at ins 5448, -1162 from current instruction 6609
2026-10-10T19:52:44.793592+00:00 DEBUG aya_obj::relocation: relocating call to callee address 0x14b8 in section 2 (relocation) at instruction 6640
2026-10-10T19:52:44.793593+00:00 DEBUG aya_obj::relocation: callee is `memset`
2026-10-10T19:52:44.793594+00:00 DEBUG aya_obj::relocation: callee `memset` is at ins 5448, -1193 from current instruction 6640
2026-10-10T19:52:44.793595+00:00 DEBUG aya_obj::relocation: relocating call to callee address 0x14b8 in section 2 (relocation) at instruction 6674
2026-10-10T19:52:44.793596+00:00 DEBUG aya_obj::relocation: callee is `memset`
2026-10-10T19:52:44.793597+00:00 DEBUG aya_obj::relocation: callee `memset` is at ins 5448, -1227 from current instruction 6674
2026-10-10T19:52:44.793599+00:00 DEBUG aya_obj::relocation: relocating call to callee address 0x14b8 in section 2 (relocation) at instruction 6763
2026-10-10T19:52:44.793600+00:00 DEBUG aya_obj::relocation: callee is `memset`
2026-10-10T19:52:44.793601+00:00 DEBUG aya_obj::relocation: callee `memset` is at ins 5448, -1316 from current instruction 6763
2026-10-10T19:52:44.793602+00:00 DEBUG aya_obj::relocation: relocating call to callee address 0x14b8 in section 2 (relocation) at instruction 6794
2026-10-10T19:52:44.793603+00:00 DEBUG aya_obj::relocation: callee is `memset`
2026-10-10T19:52:44.793604+00:00 DEBUG aya_obj::relocation: callee `memset` is at ins 5448, -1347 from current instruction 6794
2026-10-10T19:52:44.793606+00:00 DEBUG aya_obj::relocation: finished relocating program `lan_ingress_l2` function `_RNvNtCs2GI6VrNTxWR_9honk_ebpf7ingress18stage_udp_decision`
2026-10-10T19:52:44.793607+00:00 DEBUG aya_obj::relocation: callee `_RNvNtCs2GI6VrNTxWR_9honk_ebpf7ingress18stage_udp_decision` is at ins 6088, 3432 from current instruction 2655
2026-10-10T19:52:44.793609+00:00 DEBUG aya_obj::relocation: relocating call to callee address 0x14b8 in section 2 (relocation) at instruction 2744
2026-10-10T19:52:44.793610+00:00 DEBUG aya_obj::relocation: callee is `memset`
2026-10-10T19:52:44.793611+00:00 DEBUG aya_obj::relocation: callee `memset` is at ins 5448, 2703 from current instruction 2744
2026-10-10T19:52:44.793612+00:00 DEBUG aya_obj::relocation: relocating call to callee address 0x10288 in section 2 (pc-relative) at instruction 2776
2026-10-10T19:52:44.793613+00:00 DEBUG aya_obj::relocation: callee is `_RNvNtCs2GI6VrNTxWR_9honk_ebpf8contrack15___mark_udp_seen`
2026-10-10T19:52:44.793615+00:00 DEBUG aya_obj::relocation: linked function `_RNvNtCs2GI6VrNTxWR_9honk_ebpf8contrack15___mark_udp_seen` at instruction 6831
2026-10-10T19:52:44.793616+00:00 DEBUG aya_obj::relocation: relocating program `lan_ingress_l2` function `_RNvNtCs2GI6VrNTxWR_9honk_ebpf8contrack15___mark_udp_seen` size 401
2026-10-10T19:52:44.793619+00:00 DEBUG aya_obj::relocation: relocating call to callee address 0x14b8 in section 2 (relocation) at instruction 6962
2026-10-10T19:52:44.793620+00:00 DEBUG aya_obj::relocation: callee is `memset`
2026-10-10T19:52:44.793621+00:00 DEBUG aya_obj::relocation: callee `memset` is at ins 5448, -1515 from current instruction 6962
2026-10-10T19:52:44.793622+00:00 DEBUG aya_obj::relocation: relocating call to callee address 0x14b8 in section 2 (relocation) at instruction 6967
2026-10-10T19:52:44.793623+00:00 DEBUG aya_obj::relocation: callee is `memset`
2026-10-10T19:52:44.793624+00:00 DEBUG aya_obj::relocation: callee `memset` is at ins 5448, -1520 from current instruction 6967
2026-10-10T19:52:44.793626+00:00 DEBUG aya_obj::relocation: relocating call to callee address 0x14b8 in section 2 (relocation) at instruction 7054
2026-10-10T19:52:44.793627+00:00 DEBUG aya_obj::relocation: callee is `memset`
2026-10-10T19:52:44.793628+00:00 DEBUG aya_obj::relocation: callee `memset` is at ins 5448, -1607 from current instruction 7054
2026-10-10T19:52:44.793630+00:00 DEBUG aya_obj::relocation: relocating call to callee address 0x14b8 in section 2 (relocation) at instruction 7124
2026-10-10T19:52:44.793631+00:00 DEBUG aya_obj::relocation: callee is `memset`
2026-10-10T19:52:44.793631+00:00 DEBUG aya_obj::relocation: callee `memset` is at ins 5448, -1677 from current instruction 7124
2026-10-10T19:52:44.793633+00:00 DEBUG aya_obj::relocation: finished relocating program `lan_ingress_l2` function `_RNvNtCs2GI6VrNTxWR_9honk_ebpf8contrack15___mark_udp_seen`
2026-10-10T19:52:44.793635+00:00 DEBUG aya_obj::relocation: callee `_RNvNtCs2GI6VrNTxWR_9honk_ebpf8contrack15___mark_udp_seen` is at ins 6831, 4054 from current instruction 2776
2026-10-10T19:52:44.793636+00:00 DEBUG aya_obj::relocation: relocating call to callee address 0x14b8 in section 2 (relocation) at instruction 2802
2026-10-10T19:52:44.793637+00:00 DEBUG aya_obj::relocation: callee is `memset`
2026-10-10T19:52:44.793638+00:00 DEBUG aya_obj::relocation: callee `memset` is at ins 5448, 2645 from current instruction 2802
2026-10-10T19:52:44.793645+00:00 DEBUG aya_obj::relocation: relocating call to callee address 0x14b8 in section 2 (relocation) at instruction 3406
2026-10-10T19:52:44.793646+00:00 DEBUG aya_obj::relocation: callee is `memset`
2026-10-10T19:52:44.793647+00:00 DEBUG aya_obj::relocation: callee `memset` is at ins 5448, 2041 from current instruction 3406
2026-10-10T19:52:44.793649+00:00 DEBUG aya_obj::relocation: relocating call to callee address 0x14b8 in section 2 (relocation) at instruction 3461
2026-10-10T19:52:44.793650+00:00 DEBUG aya_obj::relocation: callee is `memset`
2026-10-10T19:52:44.793651+00:00 DEBUG aya_obj::relocation: callee `memset` is at ins 5448, 1986 from current instruction 3461
2026-10-10T19:52:44.793652+00:00 DEBUG aya_obj::relocation: relocating call to callee address 0x14b8 in section 2 (relocation) at instruction 3524
2026-10-10T19:52:44.793653+00:00 DEBUG aya_obj::relocation: callee is `memset`
2026-10-10T19:52:44.793654+00:00 DEBUG aya_obj::relocation: callee `memset` is at ins 5448, 1923 from current instruction 3524
2026-10-10T19:52:44.793657+00:00 DEBUG aya_obj::relocation: relocating call to callee address 0x14b8 in section 2 (relocation) at instruction 3691
2026-10-10T19:52:44.793658+00:00 DEBUG aya_obj::relocation: callee is `memset`
2026-10-10T19:52:44.793659+00:00 DEBUG aya_obj::relocation: callee `memset` is at ins 5448, 1756 from current instruction 3691
2026-10-10T19:52:44.793661+00:00 DEBUG aya_obj::relocation: relocating call to callee address 0x14b8 in section 2 (relocation) at instruction 3781
2026-10-10T19:52:44.793662+00:00 DEBUG aya_obj::relocation: callee is `memset`
2026-10-10T19:52:44.793663+00:00 DEBUG aya_obj::relocation: callee `memset` is at ins 5448, 1666 from current instruction 3781
2026-10-10T19:52:44.793664+00:00 DEBUG aya_obj::relocation: relocating call to callee address 0x14b8 in section 2 (relocation) at instruction 3844
2026-10-10T19:52:44.793666+00:00 DEBUG aya_obj::relocation: callee is `memset`
2026-10-10T19:52:44.793667+00:00 DEBUG aya_obj::relocation: callee `memset` is at ins 5448, 1603 from current instruction 3844
2026-10-10T19:52:44.793671+00:00 DEBUG aya_obj::relocation: relocating call to callee address 0x14b8 in section 2 (relocation) at instruction 4099
2026-10-10T19:52:44.793672+00:00 DEBUG aya_obj::relocation: callee is `memset`
2026-10-10T19:52:44.793673+00:00 DEBUG aya_obj::relocation: callee `memset` is at ins 5448, 1348 from current instruction 4099
2026-10-10T19:52:44.793675+00:00 DEBUG aya_obj::relocation: relocating call to callee address 0x14b8 in section 2 (relocation) at instruction 4166
2026-10-10T19:52:44.793676+00:00 DEBUG aya_obj::relocation: callee is `memset`
2026-10-10T19:52:44.793677+00:00 DEBUG aya_obj::relocation: callee `memset` is at ins 5448, 1281 from current instruction 4166
2026-10-10T19:52:44.793678+00:00 DEBUG aya_obj::relocation: relocating call to callee address 0x14b8 in section 2 (relocation) at instruction 4229
2026-10-10T19:52:44.793679+00:00 DEBUG aya_obj::relocation: callee is `memset`
2026-10-10T19:52:44.793680+00:00 DEBUG aya_obj::relocation: callee `memset` is at ins 5448, 1218 from current instruction 4229
2026-10-10T19:52:44.793682+00:00 DEBUG aya_obj::relocation: relocating call to callee address 0x14b8 in section 2 (relocation) at instruction 4297
2026-10-10T19:52:44.793683+00:00 DEBUG aya_obj::relocation: callee is `memset`
2026-10-10T19:52:44.793684+00:00 DEBUG aya_obj::relocation: callee `memset` is at ins 5448, 1150 from current instruction 4297
2026-10-10T19:52:44.793685+00:00 DEBUG aya_obj::relocation: relocating call to callee address 0x14b8 in section 2 (relocation) at instruction 4303
2026-10-10T19:52:44.793686+00:00 DEBUG aya_obj::relocation: callee is `memset`
2026-10-10T19:52:44.793687+00:00 DEBUG aya_obj::relocation: callee `memset` is at ins 5448, 1144 from current instruction 4303
2026-10-10T19:52:44.793690+00:00 DEBUG aya_obj::relocation: relocating call to callee address 0x14b8 in section 2 (relocation) at instruction 4479
2026-10-10T19:52:44.793691+00:00 DEBUG aya_obj::relocation: callee is `memset`
2026-10-10T19:52:44.793692+00:00 DEBUG aya_obj::relocation: callee `memset` is at ins 5448, 968 from current instruction 4479
2026-10-10T19:52:44.793693+00:00 DEBUG aya_obj::relocation: relocating call to callee address 0x14b8 in section 2 (relocation) at instruction 4536
2026-10-10T19:52:44.793694+00:00 DEBUG aya_obj::relocation: callee is `memset`
2026-10-10T19:52:44.793695+00:00 DEBUG aya_obj::relocation: callee `memset` is at ins 5448, 911 from current instruction 4536
2026-10-10T19:52:44.793697+00:00 DEBUG aya_obj::relocation: relocating call to callee address 0x14b8 in section 2 (relocation) at instruction 4600
2026-10-10T19:52:44.793698+00:00 DEBUG aya_obj::relocation: callee is `memset`
2026-10-10T19:52:44.793699+00:00 DEBUG aya_obj::relocation: callee `memset` is at ins 5448, 847 from current instruction 4600
2026-10-10T19:52:44.793702+00:00 DEBUG aya_obj::relocation: relocating call to callee address 0x14b8 in section 2 (relocation) at instruction 4793
2026-10-10T19:52:44.793703+00:00 DEBUG aya_obj::relocation: callee is `memset`
2026-10-10T19:52:44.793703+00:00 DEBUG aya_obj::relocation: callee `memset` is at ins 5448, 654 from current instruction 4793
2026-10-10T19:52:44.793705+00:00 DEBUG aya_obj::relocation: relocating call to callee address 0x14b8 in section 2 (relocation) at instruction 4863
2026-10-10T19:52:44.793706+00:00 DEBUG aya_obj::relocation: callee is `memset`
2026-10-10T19:52:44.793707+00:00 DEBUG aya_obj::relocation: callee `memset` is at ins 5448, 584 from current instruction 4863
2026-10-10T19:52:44.793709+00:00 DEBUG aya_obj::relocation: relocating call to callee address 0x14b8 in section 2 (relocation) at instruction 4925
2026-10-10T19:52:44.793710+00:00 DEBUG aya_obj::relocation: callee is `memset`
2026-10-10T19:52:44.793711+00:00 DEBUG aya_obj::relocation: callee `memset` is at ins 5448, 522 from current instruction 4925
2026-10-10T19:52:44.793713+00:00 DEBUG aya_obj::relocation: relocating call to callee address 0x14b8 in section 2 (relocation) at instruction 4992
2026-10-10T19:52:44.793714+00:00 DEBUG aya_obj::relocation: callee is `memset`
2026-10-10T19:52:44.793715+00:00 DEBUG aya_obj::relocation: callee `memset` is at ins 5448, 455 from current instruction 4992
2026-10-10T19:52:44.793716+00:00 DEBUG aya_obj::relocation: relocating call to callee address 0x14b8 in section 2 (relocation) at instruction 4998
2026-10-10T19:52:44.793717+00:00 DEBUG aya_obj::relocation: callee is `memset`
2026-10-10T19:52:44.793718+00:00 DEBUG aya_obj::relocation: callee `memset` is at ins 5448, 449 from current instruction 4998
2026-10-10T19:52:44.793721+00:00 DEBUG aya_obj::relocation: relocating call to callee address 0x14b8 in section 2 (relocation) at instruction 5173
2026-10-10T19:52:44.793722+00:00 DEBUG aya_obj::relocation: callee is `memset`
2026-10-10T19:52:44.793723+00:00 DEBUG aya_obj::relocation: callee `memset` is at ins 5448, 274 from current instruction 5173
2026-10-10T19:52:44.793724+00:00 DEBUG aya_obj::relocation: relocating call to callee address 0x14b8 in section 2 (relocation) at instruction 5179
2026-10-10T19:52:44.793725+00:00 DEBUG aya_obj::relocation: callee is `memset`
2026-10-10T19:52:44.793726+00:00 DEBUG aya_obj::relocation: callee `memset` is at ins 5448, 268 from current instruction 5179
2026-10-10T19:52:44.793728+00:00 DEBUG aya_obj::relocation: relocating call to callee address 0x14b8 in section 2 (relocation) at instruction 5266
2026-10-10T19:52:44.793729+00:00 DEBUG aya_obj::relocation: callee is `memset`
2026-10-10T19:52:44.793730+00:00 DEBUG aya_obj::relocation: callee `memset` is at ins 5448, 181 from current instruction 5266
2026-10-10T19:52:44.793731+00:00 DEBUG aya_obj::relocation: relocating call to callee address 0x14b8 in section 2 (relocation) at instruction 5329
2026-10-10T19:52:44.793732+00:00 DEBUG aya_obj::relocation: callee is `memset`
2026-10-10T19:52:44.793733+00:00 DEBUG aya_obj::relocation: callee `memset` is at ins 5448, 118 from current instruction 5329
2026-10-10T19:52:44.793735+00:00 DEBUG aya_obj::relocation: relocating call to callee address 0x14b8 in section 2 (relocation) at instruction 5357
2026-10-10T19:52:44.793736+00:00 DEBUG aya_obj::relocation: callee is `memset`
2026-10-10T19:52:44.793737+00:00 DEBUG aya_obj::relocation: callee `memset` is at ins 5448, 90 from current instruction 5357
2026-10-10T19:52:44.793739+00:00 DEBUG aya_obj::relocation: finished relocating program `lan_ingress_l2` function `_RNvNtCs2GI6VrNTxWR_9honk_ebpf7ingress21do_tproxy_lan_ingress`
2026-10-10T19:52:44.793740+00:00 DEBUG aya_obj::relocation: callee `_RNvNtCs2GI6VrNTxWR_9honk_ebpf7ingress21do_tproxy_lan_ingress` is at ins 7, 2 from current instruction 4
2026-10-10T19:52:44.793741+00:00 DEBUG aya_obj::relocation: finished relocating program `lan_ingress_l2` function `lan_ingress_l2`
2026-10-10T19:52:44.793742+00:00 DEBUG aya_obj::relocation: relocating program `dae0peer_ingress` function `dae0peer_ingress` size 6
2026-10-10T19:52:44.793743+00:00 DEBUG aya_obj::relocation: relocating call to callee address 0x2c10 in section 2 (relocation) at instruction 3
2026-10-10T19:52:44.793744+00:00 DEBUG aya_obj::relocation: callee is `_RNvNtCs2GI6VrNTxWR_9honk_ebpf7ingress26do_tproxy_dae0peer_ingress`
2026-10-10T19:52:44.793746+00:00 DEBUG aya_obj::relocation: linked function `_RNvNtCs2GI6VrNTxWR_9honk_ebpf7ingress26do_tproxy_dae0peer_ingress` at instruction 6
2026-10-10T19:52:44.793747+00:00 DEBUG aya_obj::relocation: relocating program `dae0peer_ingress` function `_RNvNtCs2GI6VrNTxWR_9honk_ebpf7ingress26do_tproxy_dae0peer_ingress` size 200
2026-10-10T19:52:44.793750+00:00 DEBUG aya_obj::relocation: finished relocating program `dae0peer_ingress` function `_RNvNtCs2GI6VrNTxWR_9honk_ebpf7ingress26do_tproxy_dae0peer_ingress`
2026-10-10T19:52:44.793751+00:00 DEBUG aya_obj::relocation: callee `_RNvNtCs2GI6VrNTxWR_9honk_ebpf7ingress26do_tproxy_dae0peer_ingress` is at ins 6, 2 from current instruction 3
2026-10-10T19:52:44.793753+00:00 DEBUG aya_obj::relocation: finished relocating program `dae0peer_ingress` function `dae0peer_ingress`
2026-10-10T19:52:44.793755+00:00 DEBUG aya_obj::relocation: relocating program `wan_ingress_l2` function `wan_ingress_l2` size 7
2026-10-10T19:52:44.793756+00:00 DEBUG aya_obj::relocation: relocating call to callee address 0x10f10 in section 2 (relocation) at instruction 4
2026-10-10T19:52:44.793757+00:00 DEBUG aya_obj::relocation: callee is `_RNvNtCs2GI6VrNTxWR_9honk_ebpf7ingress21do_tproxy_wan_ingress`
2026-10-10T19:52:44.793759+00:00 DEBUG aya_obj::relocation: linked function `_RNvNtCs2GI6VrNTxWR_9honk_ebpf7ingress21do_tproxy_wan_ingress` at instruction 7
2026-10-10T19:52:44.793761+00:00 DEBUG aya_obj::relocation: relocating program `wan_ingress_l2` function `_RNvNtCs2GI6VrNTxWR_9honk_ebpf7ingress21do_tproxy_wan_ingress` size 809
2026-10-10T19:52:44.793763+00:00 DEBUG aya_obj::relocation: relocating call to callee address 0x14b8 in section 2 (relocation) at instruction 41
2026-10-10T19:52:44.793764+00:00 DEBUG aya_obj::relocation: callee is `memset`
2026-10-10T19:52:44.793765+00:00 DEBUG aya_obj::relocation: linked function `memset` at instruction 816
2026-10-10T19:52:44.793768+00:00 DEBUG aya_obj::relocation: relocating program `wan_ingress_l2` function `memset` size 8
2026-10-10T19:52:44.793769+00:00 DEBUG aya_obj::relocation: finished relocating program `wan_ingress_l2` function `memset`
2026-10-10T19:52:44.793770+00:00 DEBUG aya_obj::relocation: callee `memset` is at ins 816, 774 from current instruction 41
2026-10-10T19:52:44.793772+00:00 DEBUG aya_obj::relocation: relocating call to callee address 0x14b8 in section 2 (relocation) at instruction 125
2026-10-10T19:52:44.793773+00:00 DEBUG aya_obj::relocation: callee is `memset`
2026-10-10T19:52:44.793774+00:00 DEBUG aya_obj::relocation: callee `memset` is at ins 816, 690 from current instruction 125
2026-10-10T19:52:44.793775+00:00 DEBUG aya_obj::relocation: relocating call to callee address 0x14b8 in section 2 (relocation) at instruction 133
2026-10-10T19:52:44.793776+00:00 DEBUG aya_obj::relocation: callee is `memset`
2026-10-10T19:52:44.793777+00:00 DEBUG aya_obj::relocation: callee `memset` is at ins 816, 682 from current instruction 133
2026-10-10T19:52:44.793779+00:00 DEBUG aya_obj::relocation: relocating call to callee address 0x13f0 in section 2 (relocation) at instruction 251
2026-10-10T19:52:44.793780+00:00 DEBUG aya_obj::relocation: callee is `memmove`
2026-10-10T19:52:44.793781+00:00 DEBUG aya_obj::relocation: linked function `memmove` at instruction 824
2026-10-10T19:52:44.793782+00:00 DEBUG aya_obj::relocation: relocating program `wan_ingress_l2` function `memmove` size 25
2026-10-10T19:52:44.793783+00:00 DEBUG aya_obj::relocation: finished relocating program `wan_ingress_l2` function `memmove`
2026-10-10T19:52:44.793784+00:00 DEBUG aya_obj::relocation: callee `memmove` is at ins 824, 572 from current instruction 251
2026-10-10T19:52:44.793786+00:00 DEBUG aya_obj::relocation: relocating call to callee address 0x13f0 in section 2 (relocation) at instruction 370
2026-10-10T19:52:44.793787+00:00 DEBUG aya_obj::relocation: callee is `memmove`
2026-10-10T19:52:44.793788+00:00 DEBUG aya_obj::relocation: callee `memmove` is at ins 824, 453 from current instruction 370
2026-10-10T19:52:44.793790+00:00 DEBUG aya_obj::relocation: relocating call to callee address 0x13f0 in section 2 (relocation) at instruction 412
2026-10-10T19:52:44.793791+00:00 DEBUG aya_obj::relocation: callee is `memmove`
2026-10-10T19:52:44.793791+00:00 DEBUG aya_obj::relocation: callee `memmove` is at ins 824, 411 from current instruction 412
2026-10-10T19:52:44.793793+00:00 DEBUG aya_obj::relocation: relocating call to callee address 0x13f0 in section 2 (relocation) at instruction 482
2026-10-10T19:52:44.793794+00:00 DEBUG aya_obj::relocation: callee is `memmove`
2026-10-10T19:52:44.793795+00:00 DEBUG aya_obj::relocation: callee `memmove` is at ins 824, 341 from current instruction 482
2026-10-10T19:52:44.793797+00:00 DEBUG aya_obj::relocation: relocating call to callee address 0x13f0 in section 2 (relocation) at instruction 614
2026-10-10T19:52:44.793799+00:00 DEBUG aya_obj::relocation: callee is `memmove`
2026-10-10T19:52:44.793800+00:00 DEBUG aya_obj::relocation: callee `memmove` is at ins 824, 209 from current instruction 614
2026-10-10T19:52:44.793801+00:00 DEBUG aya_obj::relocation: relocating call to callee address 0x13f0 in section 2 (relocation) at instruction 621
2026-10-10T19:52:44.793802+00:00 DEBUG aya_obj::relocation: callee is `memmove`
2026-10-10T19:52:44.793803+00:00 DEBUG aya_obj::relocation: callee `memmove` is at ins 824, 202 from current instruction 621
2026-10-10T19:52:44.793804+00:00 DEBUG aya_obj::relocation: relocating call to callee address 0x14b8 in section 2 (relocation) at instruction 648
2026-10-10T19:52:44.793805+00:00 DEBUG aya_obj::relocation: callee is `memset`
2026-10-10T19:52:44.793806+00:00 DEBUG aya_obj::relocation: callee `memset` is at ins 816, 167 from current instruction 648
2026-10-10T19:52:44.793808+00:00 DEBUG aya_obj::relocation: relocating call to callee address 0x13f0 in section 2 (relocation) at instruction 683
2026-10-10T19:52:44.793809+00:00 DEBUG aya_obj::relocation: callee is `memmove`
2026-10-10T19:52:44.793810+00:00 DEBUG aya_obj::relocation: callee `memmove` is at ins 824, 140 from current instruction 683
2026-10-10T19:52:44.793811+00:00 DEBUG aya_obj::relocation: relocating call to callee address 0x13f0 in section 2 (relocation) at instruction 688
2026-10-10T19:52:44.793812+00:00 DEBUG aya_obj::relocation: callee is `memmove`
2026-10-10T19:52:44.793813+00:00 DEBUG aya_obj::relocation: callee `memmove` is at ins 824, 135 from current instruction 688
2026-10-10T19:52:44.793814+00:00 DEBUG aya_obj::relocation: relocating call to callee address 0x14b8 in section 2 (relocation) at instruction 761
2026-10-10T19:52:44.793815+00:00 DEBUG aya_obj::relocation: callee is `memset`
2026-10-10T19:52:44.793816+00:00 DEBUG aya_obj::relocation: callee `memset` is at ins 816, 54 from current instruction 761
2026-10-10T19:52:44.793817+00:00 DEBUG aya_obj::relocation: relocating call to callee address 0x10288 in section 2 (pc-relative) at instruction 767
2026-10-10T19:52:44.793818+00:00 DEBUG aya_obj::relocation: callee is `_RNvNtCs2GI6VrNTxWR_9honk_ebpf8contrack15___mark_udp_seen`
2026-10-10T19:52:44.793819+00:00 DEBUG aya_obj::relocation: linked function `_RNvNtCs2GI6VrNTxWR_9honk_ebpf8contrack15___mark_udp_seen` at instruction 849
2026-10-10T19:52:44.793820+00:00 DEBUG aya_obj::relocation: relocating program `wan_ingress_l2` function `_RNvNtCs2GI6VrNTxWR_9honk_ebpf8contrack15___mark_udp_seen` size 401
2026-10-10T19:52:44.793823+00:00 DEBUG aya_obj::relocation: relocating call to callee address 0x14b8 in section 2 (relocation) at instruction 980
2026-10-10T19:52:44.793824+00:00 DEBUG aya_obj::relocation: callee is `memset`
2026-10-10T19:52:44.793825+00:00 DEBUG aya_obj::relocation: callee `memset` is at ins 816, -165 from current instruction 980
2026-10-10T19:52:44.793826+00:00 DEBUG aya_obj::relocation: relocating call to callee address 0x14b8 in section 2 (relocation) at instruction 985
2026-10-10T19:52:44.793827+00:00 DEBUG aya_obj::relocation: callee is `memset`
2026-10-10T19:52:44.793828+00:00 DEBUG aya_obj::relocation: callee `memset` is at ins 816, -170 from current instruction 985
2026-10-10T19:52:44.793830+00:00 DEBUG aya_obj::relocation: relocating call to callee address 0x14b8 in section 2 (relocation) at instruction 1072
2026-10-10T19:52:44.793831+00:00 DEBUG aya_obj::relocation: callee is `memset`
2026-10-10T19:52:44.793832+00:00 DEBUG aya_obj::relocation: callee `memset` is at ins 816, -257 from current instruction 1072
2026-10-10T19:52:44.793833+00:00 DEBUG aya_obj::relocation: relocating call to callee address 0x14b8 in section 2 (relocation) at instruction 1142
2026-10-10T19:52:44.793834+00:00 DEBUG aya_obj::relocation: callee is `memset`
2026-10-10T19:52:44.793835+00:00 DEBUG aya_obj::relocation: callee `memset` is at ins 816, -327 from current instruction 1142
2026-10-10T19:52:44.793838+00:00 DEBUG aya_obj::relocation: finished relocating program `wan_ingress_l2` function `_RNvNtCs2GI6VrNTxWR_9honk_ebpf8contrack15___mark_udp_seen`
2026-10-10T19:52:44.793839+00:00 DEBUG aya_obj::relocation: callee `_RNvNtCs2GI6VrNTxWR_9honk_ebpf8contrack15___mark_udp_seen` is at ins 849, 81 from current instruction 767
2026-10-10T19:52:44.793841+00:00 DEBUG aya_obj::relocation: relocating call to callee address 0x14b8 in section 2 (relocation) at instruction 798
2026-10-10T19:52:44.793842+00:00 DEBUG aya_obj::relocation: callee is `memset`
2026-10-10T19:52:44.793843+00:00 DEBUG aya_obj::relocation: callee `memset` is at ins 816, 17 from current instruction 798
2026-10-10T19:52:44.793844+00:00 DEBUG aya_obj::relocation: relocating call to callee address 0xdc58 in section 2 (pc-relative) at instruction 813
2026-10-10T19:52:44.793845+00:00 DEBUG aya_obj::relocation: callee is `_RNvNtCs2GI6VrNTxWR_9honk_ebpf8contrack15___mark_tcp_seen`
2026-10-10T19:52:44.793846+00:00 DEBUG aya_obj::relocation: linked function `_RNvNtCs2GI6VrNTxWR_9honk_ebpf8contrack15___mark_tcp_seen` at instruction 1250
2026-10-10T19:52:44.793847+00:00 DEBUG aya_obj::relocation: relocating program `wan_ingress_l2` function `_RNvNtCs2GI6VrNTxWR_9honk_ebpf8contrack15___mark_tcp_seen` size 460
2026-10-10T19:52:44.793849+00:00 DEBUG aya_obj::relocation: relocating call to callee address 0x14b8 in section 2 (relocation) at instruction 1273
2026-10-10T19:52:44.793850+00:00 DEBUG aya_obj::relocation: callee is `memset`
2026-10-10T19:52:44.793851+00:00 DEBUG aya_obj::relocation: callee `memset` is at ins 816, -458 from current instruction 1273
2026-10-10T19:52:44.793852+00:00 DEBUG aya_obj::relocation: relocating call to callee address 0x14b8 in section 2 (relocation) at instruction 1278
2026-10-10T19:52:44.793853+00:00 DEBUG aya_obj::relocation: callee is `memset`
2026-10-10T19:52:44.793854+00:00 DEBUG aya_obj::relocation: callee `memset` is at ins 816, -463 from current instruction 1278
2026-10-10T19:52:44.793855+00:00 DEBUG aya_obj::relocation: relocating call to callee address 0x14b8 in section 2 (relocation) at instruction 1283
2026-10-10T19:52:44.793856+00:00 DEBUG aya_obj::relocation: callee is `memset`
2026-10-10T19:52:44.793857+00:00 DEBUG aya_obj::relocation: callee `memset` is at ins 816, -468 from current instruction 1283
2026-10-10T19:52:44.793859+00:00 DEBUG aya_obj::relocation: relocating call to callee address 0x14b8 in section 2 (relocation) at instruction 1394
2026-10-10T19:52:44.793860+00:00 DEBUG aya_obj::relocation: callee is `memset`
2026-10-10T19:52:44.793861+00:00 DEBUG aya_obj::relocation: callee `memset` is at ins 816, -579 from current instruction 1394
2026-10-10T19:52:44.793862+00:00 DEBUG aya_obj::relocation: relocating call to callee address 0x14b8 in section 2 (relocation) at instruction 1399
2026-10-10T19:52:44.793863+00:00 DEBUG aya_obj::relocation: callee is `memset`
2026-10-10T19:52:44.793864+00:00 DEBUG aya_obj::relocation: callee `memset` is at ins 816, -584 from current instruction 1399
2026-10-10T19:52:44.793865+00:00 DEBUG aya_obj::relocation: relocating call to callee address 0x14b8 in section 2 (relocation) at instruction 1404
2026-10-10T19:52:44.793866+00:00 DEBUG aya_obj::relocation: callee is `memset`
2026-10-10T19:52:44.793867+00:00 DEBUG aya_obj::relocation: callee `memset` is at ins 816, -589 from current instruction 1404
2026-10-10T19:52:44.793870+00:00 DEBUG aya_obj::relocation: relocating call to callee address 0x14b8 in section 2 (relocation) at instruction 1564
2026-10-10T19:52:44.793871+00:00 DEBUG aya_obj::relocation: callee is `memset`
2026-10-10T19:52:44.793872+00:00 DEBUG aya_obj::relocation: callee `memset` is at ins 816, -749 from current instruction 1564
2026-10-10T19:52:44.793874+00:00 DEBUG aya_obj::relocation: finished relocating program `wan_ingress_l2` function `_RNvNtCs2GI6VrNTxWR_9honk_ebpf8contrack15___mark_tcp_seen`
2026-10-10T19:52:44.793875+00:00 DEBUG aya_obj::relocation: callee `_RNvNtCs2GI6VrNTxWR_9honk_ebpf8contrack15___mark_tcp_seen` is at ins 1250, 436 from current instruction 813
2026-10-10T19:52:44.793877+00:00 DEBUG aya_obj::relocation: finished relocating program `wan_ingress_l2` function `_RNvNtCs2GI6VrNTxWR_9honk_ebpf7ingress21do_tproxy_wan_ingress`
2026-10-10T19:52:44.793879+00:00 DEBUG aya_obj::relocation: callee `_RNvNtCs2GI6VrNTxWR_9honk_ebpf7ingress21do_tproxy_wan_ingress` is at ins 7, 2 from current instruction 4
2026-10-10T19:52:44.793880+00:00 DEBUG aya_obj::relocation: finished relocating program `wan_ingress_l2` function `wan_ingress_l2`
2026-10-10T19:52:44.793881+00:00 DEBUG aya_obj::relocation: relocating program `tproxy_wan_cg_sendmsg4` function `tproxy_wan_cg_sendmsg4` size 185
2026-10-10T19:52:44.793883+00:00 DEBUG aya_obj::relocation: relocating call to callee address 0x14b8 in section 2 (relocation) at instruction 23
2026-10-10T19:52:44.793884+00:00 DEBUG aya_obj::relocation: callee is `memset`
2026-10-10T19:52:44.793885+00:00 DEBUG aya_obj::relocation: linked function `memset` at instruction 185
2026-10-10T19:52:44.793886+00:00 DEBUG aya_obj::relocation: relocating program `tproxy_wan_cg_sendmsg4` function `memset` size 8
2026-10-10T19:52:44.793887+00:00 DEBUG aya_obj::relocation: finished relocating program `tproxy_wan_cg_sendmsg4` function `memset`
2026-10-10T19:52:44.793888+00:00 DEBUG aya_obj::relocation: callee `memset` is at ins 185, 161 from current instruction 23
2026-10-10T19:52:44.793890+00:00 DEBUG aya_obj::relocation: relocating call to callee address 0x14b8 in section 2 (relocation) at instruction 80
2026-10-10T19:52:44.793891+00:00 DEBUG aya_obj::relocation: callee is `memset`
2026-10-10T19:52:44.793891+00:00 DEBUG aya_obj::relocation: callee `memset` is at ins 185, 104 from current instruction 80
2026-10-10T19:52:44.793893+00:00 DEBUG aya_obj::relocation: relocating reference to callee address 0x1320 in section 2 (relocation) at instruction 93
2026-10-10T19:52:44.793894+00:00 DEBUG aya_obj::relocation: callee is `_RNvNtCs2GI6VrNTxWR_9honk_ebpf12process_name13find_basename`
2026-10-10T19:52:44.793895+00:00 DEBUG aya_obj::relocation: linked function `_RNvNtCs2GI6VrNTxWR_9honk_ebpf12process_name13find_basename` at instruction 193
2026-10-10T19:52:44.793896+00:00 DEBUG aya_obj::relocation: relocating program `tproxy_wan_cg_sendmsg4` function `_RNvNtCs2GI6VrNTxWR_9honk_ebpf12process_name13find_basename` size 15
2026-10-10T19:52:44.793897+00:00 DEBUG aya_obj::relocation: finished relocating program `tproxy_wan_cg_sendmsg4` function `_RNvNtCs2GI6VrNTxWR_9honk_ebpf12process_name13find_basename`
2026-10-10T19:52:44.793898+00:00 DEBUG aya_obj::relocation: callee `_RNvNtCs2GI6VrNTxWR_9honk_ebpf12process_name13find_basename` is at ins 193, 99 from current instruction 93
2026-10-10T19:52:44.793900+00:00 DEBUG aya_obj::relocation: relocating call to callee address 0x14b8 in section 2 (relocation) at instruction 131
2026-10-10T19:52:44.793901+00:00 DEBUG aya_obj::relocation: callee is `memset`
2026-10-10T19:52:44.793902+00:00 DEBUG aya_obj::relocation: callee `memset` is at ins 185, 53 from current instruction 131
2026-10-10T19:52:44.793903+00:00 DEBUG aya_obj::relocation: finished relocating program `tproxy_wan_cg_sendmsg4` function `tproxy_wan_cg_sendmsg4`
2026-10-10T19:52:44.793905+00:00 DEBUG aya_obj::relocation: relocating program `wan_ingress_l3` function `wan_ingress_l3` size 7
2026-10-10T19:52:44.793906+00:00 DEBUG aya_obj::relocation: relocating call to callee address 0x10f10 in section 2 (relocation) at instruction 4
2026-10-10T19:52:44.793907+00:00 DEBUG aya_obj::relocation: callee is `_RNvNtCs2GI6VrNTxWR_9honk_ebpf7ingress21do_tproxy_wan_ingress`
2026-10-10T19:52:44.793908+00:00 DEBUG aya_obj::relocation: linked function `_RNvNtCs2GI6VrNTxWR_9honk_ebpf7ingress21do_tproxy_wan_ingress` at instruction 7
2026-10-10T19:52:44.793909+00:00 DEBUG aya_obj::relocation: relocating program `wan_ingress_l3` function `_RNvNtCs2GI6VrNTxWR_9honk_ebpf7ingress21do_tproxy_wan_ingress` size 809
2026-10-10T19:52:44.793911+00:00 DEBUG aya_obj::relocation: relocating call to callee address 0x14b8 in section 2 (relocation) at instruction 41
2026-10-10T19:52:44.793912+00:00 DEBUG aya_obj::relocation: callee is `memset`
2026-10-10T19:52:44.793914+00:00 DEBUG aya_obj::relocation: linked function `memset` at instruction 816
2026-10-10T19:52:44.793917+00:00 DEBUG aya_obj::relocation: relocating program `wan_ingress_l3` function `memset` size 8
2026-10-10T19:52:44.793918+00:00 DEBUG aya_obj::relocation: finished relocating program `wan_ingress_l3` function `memset`
2026-10-10T19:52:44.793919+00:00 DEBUG aya_obj::relocation: callee `memset` is at ins 816, 774 from current instruction 41
2026-10-10T19:52:44.793921+00:00 DEBUG aya_obj::relocation: relocating call to callee address 0x14b8 in section 2 (relocation) at instruction 125
2026-10-10T19:52:44.793922+00:00 DEBUG aya_obj::relocation: callee is `memset`
2026-10-10T19:52:44.793923+00:00 DEBUG aya_obj::relocation: callee `memset` is at ins 816, 690 from current instruction 125
2026-10-10T19:52:44.793924+00:00 DEBUG aya_obj::relocation: relocating call to callee address 0x14b8 in section 2 (relocation) at instruction 133
2026-10-10T19:52:44.793925+00:00 DEBUG aya_obj::relocation: callee is `memset`
2026-10-10T19:52:44.793926+00:00 DEBUG aya_obj::relocation: callee `memset` is at ins 816, 682 from current instruction 133
2026-10-10T19:52:44.793928+00:00 DEBUG aya_obj::relocation: relocating call to callee address 0x13f0 in section 2 (relocation) at instruction 251
2026-10-10T19:52:44.793929+00:00 DEBUG aya_obj::relocation: callee is `memmove`
2026-10-10T19:52:44.793930+00:00 DEBUG aya_obj::relocation: linked function `memmove` at instruction 824
2026-10-10T19:52:44.793931+00:00 DEBUG aya_obj::relocation: relocating program `wan_ingress_l3` function `memmove` size 25
2026-10-10T19:52:44.793932+00:00 DEBUG aya_obj::relocation: finished relocating program `wan_ingress_l3` function `memmove`
2026-10-10T19:52:44.793933+00:00 DEBUG aya_obj::relocation: callee `memmove` is at ins 824, 572 from current instruction 251
2026-10-10T19:52:44.793935+00:00 DEBUG aya_obj::relocation: relocating call to callee address 0x13f0 in section 2 (relocation) at instruction 370
2026-10-10T19:52:44.793936+00:00 DEBUG aya_obj::relocation: callee is `memmove`
2026-10-10T19:52:44.793937+00:00 DEBUG aya_obj::relocation: callee `memmove` is at ins 824, 453 from current instruction 370
2026-10-10T19:52:44.793938+00:00 DEBUG aya_obj::relocation: relocating call to callee address 0x13f0 in section 2 (relocation) at instruction 412
2026-10-10T19:52:44.793939+00:00 DEBUG aya_obj::relocation: callee is `memmove`
2026-10-10T19:52:44.793940+00:00 DEBUG aya_obj::relocation: callee `memmove` is at ins 824, 411 from current instruction 412
2026-10-10T19:52:44.793942+00:00 DEBUG aya_obj::relocation: relocating call to callee address 0x13f0 in section 2 (relocation) at instruction 482
2026-10-10T19:52:44.793943+00:00 DEBUG aya_obj::relocation: callee is `memmove`
2026-10-10T19:52:44.793944+00:00 DEBUG aya_obj::relocation: callee `memmove` is at ins 824, 341 from current instruction 482
2026-10-10T19:52:44.793946+00:00 DEBUG aya_obj::relocation: relocating call to callee address 0x13f0 in section 2 (relocation) at instruction 614
2026-10-10T19:52:44.793947+00:00 DEBUG aya_obj::relocation: callee is `memmove`
2026-10-10T19:52:44.793948+00:00 DEBUG aya_obj::relocation: callee `memmove` is at ins 824, 209 from current instruction 614
2026-10-10T19:52:44.793949+00:00 DEBUG aya_obj::relocation: relocating call to callee address 0x13f0 in section 2 (relocation) at instruction 621
2026-10-10T19:52:44.793950+00:00 DEBUG aya_obj::relocation: callee is `memmove`
2026-10-10T19:52:44.793951+00:00 DEBUG aya_obj::relocation: callee `memmove` is at ins 824, 202 from current instruction 621
2026-10-10T19:52:44.793952+00:00 DEBUG aya_obj::relocation: relocating call to callee address 0x14b8 in section 2 (relocation) at instruction 648
2026-10-10T19:52:44.793953+00:00 DEBUG aya_obj::relocation: callee is `memset`
2026-10-10T19:52:44.793954+00:00 DEBUG aya_obj::relocation: callee `memset` is at ins 816, 167 from current instruction 648
2026-10-10T19:52:44.793955+00:00 DEBUG aya_obj::relocation: relocating call to callee address 0x13f0 in section 2 (relocation) at instruction 683
2026-10-10T19:52:44.793957+00:00 DEBUG aya_obj::relocation: callee is `memmove`
2026-10-10T19:52:44.793958+00:00 DEBUG aya_obj::relocation: callee `memmove` is at ins 824, 140 from current instruction 683
2026-10-10T19:52:44.793959+00:00 DEBUG aya_obj::relocation: relocating call to callee address 0x13f0 in section 2 (relocation) at instruction 688
2026-10-10T19:52:44.793960+00:00 DEBUG aya_obj::relocation: callee is `memmove`
2026-10-10T19:52:44.793961+00:00 DEBUG aya_obj::relocation: callee `memmove` is at ins 824, 135 from current instruction 688
2026-10-10T19:52:44.793963+00:00 DEBUG aya_obj::relocation: relocating call to callee address 0x14b8 in section 2 (relocation) at instruction 761
2026-10-10T19:52:44.793964+00:00 DEBUG aya_obj::relocation: callee is `memset`
2026-10-10T19:52:44.793965+00:00 DEBUG aya_obj::relocation: callee `memset` is at ins 816, 54 from current instruction 761
2026-10-10T19:52:44.793966+00:00 DEBUG aya_obj::relocation: relocating call to callee address 0x10288 in section 2 (pc-relative) at instruction 767
2026-10-10T19:52:44.793967+00:00 DEBUG aya_obj::relocation: callee is `_RNvNtCs2GI6VrNTxWR_9honk_ebpf8contrack15___mark_udp_seen`
2026-10-10T19:52:44.793968+00:00 DEBUG aya_obj::relocation: linked function `_RNvNtCs2GI6VrNTxWR_9honk_ebpf8contrack15___mark_udp_seen` at instruction 849
2026-10-10T19:52:44.793970+00:00 DEBUG aya_obj::relocation: relocating program `wan_ingress_l3` function `_RNvNtCs2GI6VrNTxWR_9honk_ebpf8contrack15___mark_udp_seen` size 401
2026-10-10T19:52:44.793972+00:00 DEBUG aya_obj::relocation: relocating call to callee address 0x14b8 in section 2 (relocation) at instruction 980
2026-10-10T19:52:44.793974+00:00 DEBUG aya_obj::relocation: callee is `memset`
2026-10-10T19:52:44.793974+00:00 DEBUG aya_obj::relocation: callee `memset` is at ins 816, -165 from current instruction 980
2026-10-10T19:52:44.793976+00:00 DEBUG aya_obj::relocation: relocating call to callee address 0x14b8 in section 2 (relocation) at instruction 985
2026-10-10T19:52:44.793977+00:00 DEBUG aya_obj::relocation: callee is `memset`
2026-10-10T19:52:44.793977+00:00 DEBUG aya_obj::relocation: callee `memset` is at ins 816, -170 from current instruction 985
2026-10-10T19:52:44.793979+00:00 DEBUG aya_obj::relocation: relocating call to callee address 0x14b8 in section 2 (relocation) at instruction 1072
2026-10-10T19:52:44.793980+00:00 DEBUG aya_obj::relocation: callee is `memset`
2026-10-10T19:52:44.793981+00:00 DEBUG aya_obj::relocation: callee `memset` is at ins 816, -257 from current instruction 1072
2026-10-10T19:52:44.793983+00:00 DEBUG aya_obj::relocation: relocating call to callee address 0x14b8 in section 2 (relocation) at instruction 1142
2026-10-10T19:52:44.793984+00:00 DEBUG aya_obj::relocation: callee is `memset`
2026-10-10T19:52:44.793985+00:00 DEBUG aya_obj::relocation: callee `memset` is at ins 816, -327 from current instruction 1142
2026-10-10T19:52:44.793987+00:00 DEBUG aya_obj::relocation: finished relocating program `wan_ingress_l3` function `_RNvNtCs2GI6VrNTxWR_9honk_ebpf8contrack15___mark_udp_seen`
2026-10-10T19:52:44.793988+00:00 DEBUG aya_obj::relocation: callee `_RNvNtCs2GI6VrNTxWR_9honk_ebpf8contrack15___mark_udp_seen` is at ins 849, 81 from current instruction 767
2026-10-10T19:52:44.793989+00:00 DEBUG aya_obj::relocation: relocating call to callee address 0x14b8 in section 2 (relocation) at instruction 798
2026-10-10T19:52:44.793991+00:00 DEBUG aya_obj::relocation: callee is `memset`
2026-10-10T19:52:44.793991+00:00 DEBUG aya_obj::relocation: callee `memset` is at ins 816, 17 from current instruction 798
2026-10-10T19:52:44.793993+00:00 DEBUG aya_obj::relocation: relocating call to callee address 0xdc58 in section 2 (pc-relative) at instruction 813
2026-10-10T19:52:44.793994+00:00 DEBUG aya_obj::relocation: callee is `_RNvNtCs2GI6VrNTxWR_9honk_ebpf8contrack15___mark_tcp_seen`
2026-10-10T19:52:44.793998+00:00 DEBUG aya_obj::relocation: linked function `_RNvNtCs2GI6VrNTxWR_9honk_ebpf8contrack15___mark_tcp_seen` at instruction 1250
2026-10-10T19:52:44.794000+00:00 DEBUG aya_obj::relocation: relocating program `wan_ingress_l3` function `_RNvNtCs2GI6VrNTxWR_9honk_ebpf8contrack15___mark_tcp_seen` size 460
2026-10-10T19:52:44.794001+00:00 DEBUG aya_obj::relocation: relocating call to callee address 0x14b8 in section 2 (relocation) at instruction 1273
2026-10-10T19:52:44.794002+00:00 DEBUG aya_obj::relocation: callee is `memset`
2026-10-10T19:52:44.794003+00:00 DEBUG aya_obj::relocation: callee `memset` is at ins 816, -458 from current instruction 1273
2026-10-10T19:52:44.794004+00:00 DEBUG aya_obj::relocation: relocating call to callee address 0x14b8 in section 2 (relocation) at instruction 1278
2026-10-10T19:52:44.794005+00:00 DEBUG aya_obj::relocation: callee is `memset`
2026-10-10T19:52:44.794006+00:00 DEBUG aya_obj::relocation: callee `memset` is at ins 816, -463 from current instruction 1278
2026-10-10T19:52:44.794007+00:00 DEBUG aya_obj::relocation: relocating call to callee address 0x14b8 in section 2 (relocation) at instruction 1283
2026-10-10T19:52:44.794008+00:00 DEBUG aya_obj::relocation: callee is `memset`
2026-10-10T19:52:44.794009+00:00 DEBUG aya_obj::relocation: callee `memset` is at ins 816, -468 from current instruction 1283
2026-10-10T19:52:44.794011+00:00 DEBUG aya_obj::relocation: relocating call to callee address 0x14b8 in section 2 (relocation) at instruction 1394
2026-10-10T19:52:44.794012+00:00 DEBUG aya_obj::relocation: callee is `memset`
2026-10-10T19:52:44.794013+00:00 DEBUG aya_obj::relocation: callee `memset` is at ins 816, -579 from current instruction 1394
2026-10-10T19:52:44.794014+00:00 DEBUG aya_obj::relocation: relocating call to callee address 0x14b8 in section 2 (relocation) at instruction 1399
2026-10-10T19:52:44.794015+00:00 DEBUG aya_obj::relocation: callee is `memset`
2026-10-10T19:52:44.794016+00:00 DEBUG aya_obj::relocation: callee `memset` is at ins 816, -584 from current instruction 1399
2026-10-10T19:52:44.794017+00:00 DEBUG aya_obj::relocation: relocating call to callee address 0x14b8 in section 2 (relocation) at instruction 1404
2026-10-10T19:52:44.794018+00:00 DEBUG aya_obj::relocation: callee is `memset`
2026-10-10T19:52:44.794019+00:00 DEBUG aya_obj::relocation: callee `memset` is at ins 816, -589 from current instruction 1404
2026-10-10T19:52:44.794022+00:00 DEBUG aya_obj::relocation: relocating call to callee address 0x14b8 in section 2 (relocation) at instruction 1564
2026-10-10T19:52:44.794023+00:00 DEBUG aya_obj::relocation: callee is `memset`
2026-10-10T19:52:44.794023+00:00 DEBUG aya_obj::relocation: callee `memset` is at ins 816, -749 from current instruction 1564
2026-10-10T19:52:44.794026+00:00 DEBUG aya_obj::relocation: finished relocating program `wan_ingress_l3` function `_RNvNtCs2GI6VrNTxWR_9honk_ebpf8contrack15___mark_tcp_seen`
2026-10-10T19:52:44.794027+00:00 DEBUG aya_obj::relocation: callee `_RNvNtCs2GI6VrNTxWR_9honk_ebpf8contrack15___mark_tcp_seen` is at ins 1250, 436 from current instruction 813
2026-10-10T19:52:44.794028+00:00 DEBUG aya_obj::relocation: finished relocating program `wan_ingress_l3` function `_RNvNtCs2GI6VrNTxWR_9honk_ebpf7ingress21do_tproxy_wan_ingress`
2026-10-10T19:52:44.794029+00:00 DEBUG aya_obj::relocation: callee `_RNvNtCs2GI6VrNTxWR_9honk_ebpf7ingress21do_tproxy_wan_ingress` is at ins 7, 2 from current instruction 4
2026-10-10T19:52:44.794030+00:00 DEBUG aya_obj::relocation: finished relocating program `wan_ingress_l3` function `wan_ingress_l3`
2026-10-10T19:52:44.794040+00:00 DEBUG aya_obj::relocation: relocating program `wan_egress_l3` function `wan_egress_l3` size 3320
2026-10-10T19:52:44.794042+00:00 DEBUG aya_obj::relocation: relocating call to callee address 0x14b8 in section 2 (relocation) at instruction 31
2026-10-10T19:52:44.794043+00:00 DEBUG aya_obj::relocation: callee is `memset`
2026-10-10T19:52:44.794050+00:00 DEBUG aya_obj::relocation: linked function `memset` at instruction 3320
2026-10-10T19:52:44.794051+00:00 DEBUG aya_obj::relocation: relocating program `wan_egress_l3` function `memset` size 8
2026-10-10T19:52:44.794052+00:00 DEBUG aya_obj::relocation: finished relocating program `wan_egress_l3` function `memset`
2026-10-10T19:52:44.794054+00:00 DEBUG aya_obj::relocation: callee `memset` is at ins 3320, 3288 from current instruction 31
2026-10-10T19:52:44.794055+00:00 DEBUG aya_obj::relocation: relocating call to callee address 0x14b8 in section 2 (relocation) at instruction 46
2026-10-10T19:52:44.794056+00:00 DEBUG aya_obj::relocation: callee is `memset`
2026-10-10T19:52:44.794057+00:00 DEBUG aya_obj::relocation: callee `memset` is at ins 3320, 3273 from current instruction 46
2026-10-10T19:52:44.794058+00:00 DEBUG aya_obj::relocation: relocating call to callee address 0x14b8 in section 2 (relocation) at instruction 55
2026-10-10T19:52:44.794059+00:00 DEBUG aya_obj::relocation: callee is `memset`
2026-10-10T19:52:44.794060+00:00 DEBUG aya_obj::relocation: callee `memset` is at ins 3320, 3264 from current instruction 55
2026-10-10T19:52:44.794099+00:00 DEBUG aya_obj::relocation: relocating call to callee address 0x13f0 in section 2 (relocation) at instruction 216
2026-10-10T19:52:44.794101+00:00 DEBUG aya_obj::relocation: callee is `memmove`
2026-10-10T19:52:44.794102+00:00 DEBUG aya_obj::relocation: linked function `memmove` at instruction 3328
2026-10-10T19:52:44.794103+00:00 DEBUG aya_obj::relocation: relocating program `wan_egress_l3` function `memmove` size 25
2026-10-10T19:52:44.794104+00:00 DEBUG aya_obj::relocation: finished relocating program `wan_egress_l3` function `memmove`
2026-10-10T19:52:44.794105+00:00 DEBUG aya_obj::relocation: callee `memmove` is at ins 3328, 3111 from current instruction 216
2026-10-10T19:52:44.794107+00:00 DEBUG aya_obj::relocation: relocating call to callee address 0x13f0 in section 2 (relocation) at instruction 281
2026-10-10T19:52:44.794108+00:00 DEBUG aya_obj::relocation: callee is `memmove`
2026-10-10T19:52:44.794109+00:00 DEBUG aya_obj::relocation: callee `memmove` is at ins 3328, 3046 from current instruction 281
2026-10-10T19:52:44.794110+00:00 DEBUG aya_obj::relocation: relocating call to callee address 0x13f0 in section 2 (relocation) at instruction 315
2026-10-10T19:52:44.794111+00:00 DEBUG aya_obj::relocation: callee is `memmove`
2026-10-10T19:52:44.794112+00:00 DEBUG aya_obj::relocation: callee `memmove` is at ins 3328, 3012 from current instruction 315
2026-10-10T19:52:44.794113+00:00 DEBUG aya_obj::relocation: relocating call to callee address 0x13f0 in section 2 (relocation) at instruction 343
2026-10-10T19:52:44.794114+00:00 DEBUG aya_obj::relocation: callee is `memmove`
2026-10-10T19:52:44.794115+00:00 DEBUG aya_obj::relocation: callee `memmove` is at ins 3328, 2984 from current instruction 343
2026-10-10T19:52:44.794117+00:00 DEBUG aya_obj::relocation: relocating call to callee address 0x13f0 in section 2 (relocation) at instruction 442
2026-10-10T19:52:44.794118+00:00 DEBUG aya_obj::relocation: callee is `memmove`
2026-10-10T19:52:44.794119+00:00 DEBUG aya_obj::relocation: callee `memmove` is at ins 3328, 2885 from current instruction 442
2026-10-10T19:52:44.794120+00:00 DEBUG aya_obj::relocation: relocating call to callee address 0x13f0 in section 2 (relocation) at instruction 449
2026-10-10T19:52:44.794122+00:00 DEBUG aya_obj::relocation: callee is `memmove`
2026-10-10T19:52:44.794122+00:00 DEBUG aya_obj::relocation: callee `memmove` is at ins 3328, 2878 from current instruction 449
2026-10-10T19:52:44.794124+00:00 DEBUG aya_obj::relocation: relocating call to callee address 0x14b8 in section 2 (relocation) at instruction 474
2026-10-10T19:52:44.794125+00:00 DEBUG aya_obj::relocation: callee is `memset`
2026-10-10T19:52:44.794126+00:00 DEBUG aya_obj::relocation: callee `memset` is at ins 3320, 2845 from current instruction 474
2026-10-10T19:52:44.794127+00:00 DEBUG aya_obj::relocation: relocating call to callee address 0x13f0 in section 2 (relocation) at instruction 509
2026-10-10T19:52:44.794128+00:00 DEBUG aya_obj::relocation: callee is `memmove`
2026-10-10T19:52:44.794129+00:00 DEBUG aya_obj::relocation: callee `memmove` is at ins 3328, 2818 from current instruction 509
2026-10-10T19:52:44.794131+00:00 DEBUG aya_obj::relocation: relocating call to callee address 0x13f0 in section 2 (relocation) at instruction 514
2026-10-10T19:52:44.794132+00:00 DEBUG aya_obj::relocation: callee is `memmove`
2026-10-10T19:52:44.794133+00:00 DEBUG aya_obj::relocation: callee `memmove` is at ins 3328, 2813 from current instruction 514
2026-10-10T19:52:44.794136+00:00 DEBUG aya_obj::relocation: relocating call to callee address 0x14b8 in section 2 (relocation) at instruction 678
2026-10-10T19:52:44.794137+00:00 DEBUG aya_obj::relocation: callee is `memset`
2026-10-10T19:52:44.794138+00:00 DEBUG aya_obj::relocation: callee `memset` is at ins 3320, 2641 from current instruction 678
2026-10-10T19:52:44.794139+00:00 DEBUG aya_obj::relocation: relocating call to callee address 0x14b8 in section 2 (relocation) at instruction 693
2026-10-10T19:52:44.794140+00:00 DEBUG aya_obj::relocation: callee is `memset`
2026-10-10T19:52:44.794141+00:00 DEBUG aya_obj::relocation: callee `memset` is at ins 3320, 2626 from current instruction 693
2026-10-10T19:52:44.794142+00:00 DEBUG aya_obj::relocation: relocating call to callee address 0xdc58 in section 2 (relocation) at instruction 707
2026-10-10T19:52:44.794143+00:00 DEBUG aya_obj::relocation: callee is `_RNvNtCs2GI6VrNTxWR_9honk_ebpf8contrack15___mark_tcp_seen`
2026-10-10T19:52:44.794145+00:00 DEBUG aya_obj::relocation: linked function `_RNvNtCs2GI6VrNTxWR_9honk_ebpf8contrack15___mark_tcp_seen` at instruction 3353
2026-10-10T19:52:44.794147+00:00 DEBUG aya_obj::relocation: relocating program `wan_egress_l3` function `_RNvNtCs2GI6VrNTxWR_9honk_ebpf8contrack15___mark_tcp_seen` size 460
2026-10-10T19:52:44.794148+00:00 DEBUG aya_obj::relocation: relocating call to callee address 0x14b8 in section 2 (relocation) at instruction 3376
2026-10-10T19:52:44.794149+00:00 DEBUG aya_obj::relocation: callee is `memset`
2026-10-10T19:52:44.794150+00:00 DEBUG aya_obj::relocation: callee `memset` is at ins 3320, -57 from current instruction 3376
2026-10-10T19:52:44.794151+00:00 DEBUG aya_obj::relocation: relocating call to callee address 0x14b8 in section 2 (relocation) at instruction 3381
2026-10-10T19:52:44.794152+00:00 DEBUG aya_obj::relocation: callee is `memset`
2026-10-10T19:52:44.794153+00:00 DEBUG aya_obj::relocation: callee `memset` is at ins 3320, -62 from current instruction 3381
2026-10-10T19:52:44.794154+00:00 DEBUG aya_obj::relocation: relocating call to callee address 0x14b8 in section 2 (relocation) at instruction 3386
2026-10-10T19:52:44.794155+00:00 DEBUG aya_obj::relocation: callee is `memset`
2026-10-10T19:52:44.794156+00:00 DEBUG aya_obj::relocation: callee `memset` is at ins 3320, -67 from current instruction 3386
2026-10-10T19:52:44.794158+00:00 DEBUG aya_obj::relocation: relocating call to callee address 0x14b8 in section 2 (relocation) at instruction 3497
2026-10-10T19:52:44.794159+00:00 DEBUG aya_obj::relocation: callee is `memset`
2026-10-10T19:52:44.794160+00:00 DEBUG aya_obj::relocation: callee `memset` is at ins 3320, -178 from current instruction 3497
2026-10-10T19:52:44.794161+00:00 DEBUG aya_obj::relocation: relocating call to callee address 0x14b8 in section 2 (relocation) at instruction 3502
2026-10-10T19:52:44.794162+00:00 DEBUG aya_obj::relocation: callee is `memset`
2026-10-10T19:52:44.794163+00:00 DEBUG aya_obj::relocation: callee `memset` is at ins 3320, -183 from current instruction 3502
2026-10-10T19:52:44.794164+00:00 DEBUG aya_obj::relocation: relocating call to callee address 0x14b8 in section 2 (relocation) at instruction 3507
2026-10-10T19:52:44.794165+00:00 DEBUG aya_obj::relocation: callee is `memset`
2026-10-10T19:52:44.794166+00:00 DEBUG aya_obj::relocation: callee `memset` is at ins 3320, -188 from current instruction 3507
2026-10-10T19:52:44.794168+00:00 DEBUG aya_obj::relocation: relocating call to callee address 0x14b8 in section 2 (relocation) at instruction 3667
2026-10-10T19:52:44.794170+00:00 DEBUG aya_obj::relocation: callee is `memset`
2026-10-10T19:52:44.794170+00:00 DEBUG aya_obj::relocation: callee `memset` is at ins 3320, -348 from current instruction 3667
2026-10-10T19:52:44.794174+00:00 DEBUG aya_obj::relocation: finished relocating program `wan_egress_l3` function `_RNvNtCs2GI6VrNTxWR_9honk_ebpf8contrack15___mark_tcp_seen`
2026-10-10T19:52:44.794175+00:00 DEBUG aya_obj::relocation: callee `_RNvNtCs2GI6VrNTxWR_9honk_ebpf8contrack15___mark_tcp_seen` is at ins 3353, 2645 from current instruction 707
2026-10-10T19:52:44.794180+00:00 DEBUG aya_obj::relocation: relocating call to callee address 0x14b8 in section 2 (relocation) at instruction 1033
2026-10-10T19:52:44.794181+00:00 DEBUG aya_obj::relocation: callee is `memset`
2026-10-10T19:52:44.794182+00:00 DEBUG aya_obj::relocation: callee `memset` is at ins 3320, 2286 from current instruction 1033
2026-10-10T19:52:44.794184+00:00 DEBUG aya_obj::relocation: relocating call to callee address 0x14b8 in section 2 (relocation) at instruction 1114
2026-10-10T19:52:44.794185+00:00 DEBUG aya_obj::relocation: callee is `memset`
2026-10-10T19:52:44.794186+00:00 DEBUG aya_obj::relocation: callee `memset` is at ins 3320, 2205 from current instruction 1114
2026-10-10T19:52:44.794188+00:00 DEBUG aya_obj::relocation: relocating call to callee address 0x14b8 in section 2 (relocation) at instruction 1171
2026-10-10T19:52:44.794189+00:00 DEBUG aya_obj::relocation: callee is `memset`
2026-10-10T19:52:44.794190+00:00 DEBUG aya_obj::relocation: callee `memset` is at ins 3320, 2148 from current instruction 1171
2026-10-10T19:52:44.794191+00:00 DEBUG aya_obj::relocation: relocating call to callee address 0x14b8 in section 2 (relocation) at instruction 1215
2026-10-10T19:52:44.794192+00:00 DEBUG aya_obj::relocation: callee is `memset`
2026-10-10T19:52:44.794193+00:00 DEBUG aya_obj::relocation: callee `memset` is at ins 3320, 2104 from current instruction 1215
2026-10-10T19:52:44.794194+00:00 DEBUG aya_obj::relocation: relocating call to callee address 0x14b8 in section 2 (relocation) at instruction 1234
2026-10-10T19:52:44.794195+00:00 DEBUG aya_obj::relocation: callee is `memset`
2026-10-10T19:52:44.794196+00:00 DEBUG aya_obj::relocation: callee `memset` is at ins 3320, 2085 from current instruction 1234
2026-10-10T19:52:44.794198+00:00 DEBUG aya_obj::relocation: relocating call to callee address 0x14b8 in section 2 (relocation) at instruction 1294
2026-10-10T19:52:44.794199+00:00 DEBUG aya_obj::relocation: callee is `memset`
2026-10-10T19:52:44.794200+00:00 DEBUG aya_obj::relocation: callee `memset` is at ins 3320, 2025 from current instruction 1294
2026-10-10T19:52:44.794202+00:00 DEBUG aya_obj::relocation: relocating call to callee address 0x14b8 in section 2 (relocation) at instruction 1389
2026-10-10T19:52:44.794203+00:00 DEBUG aya_obj::relocation: callee is `memset`
2026-10-10T19:52:44.794204+00:00 DEBUG aya_obj::relocation: callee `memset` is at ins 3320, 1930 from current instruction 1389
2026-10-10T19:52:44.794206+00:00 DEBUG aya_obj::relocation: relocating call to callee address 0x14b8 in section 2 (relocation) at instruction 1482
2026-10-10T19:52:44.794207+00:00 DEBUG aya_obj::relocation: callee is `memset`
2026-10-10T19:52:44.794208+00:00 DEBUG aya_obj::relocation: callee `memset` is at ins 3320, 1837 from current instruction 1482
2026-10-10T19:52:44.794210+00:00 DEBUG aya_obj::relocation: relocating call to callee address 0x14b8 in section 2 (relocation) at instruction 1570
2026-10-10T19:52:44.794211+00:00 DEBUG aya_obj::relocation: callee is `memset`
2026-10-10T19:52:44.794212+00:00 DEBUG aya_obj::relocation: callee `memset` is at ins 3320, 1749 from current instruction 1570
2026-10-10T19:52:44.794213+00:00 DEBUG aya_obj::relocation: relocating call to callee address 0x0 in section 2 (relocation) at instruction 1575
2026-10-10T19:52:44.794214+00:00 DEBUG aya_obj::relocation: callee is `honk_normalize_process_name`
2026-10-10T19:52:44.794215+00:00 DEBUG aya_obj::relocation: linked function `honk_normalize_process_name` at instruction 3813
2026-10-10T19:52:44.794216+00:00 DEBUG aya_obj::relocation: relocating program `wan_egress_l3` function `honk_normalize_process_name` size 145
2026-10-10T19:52:44.794218+00:00 DEBUG aya_obj::relocation: relocating call to callee address 0x14b8 in section 2 (relocation) at instruction 3822
2026-10-10T19:52:44.794219+00:00 DEBUG aya_obj::relocation: callee is `memset`
2026-10-10T19:52:44.794220+00:00 DEBUG aya_obj::relocation: callee `memset` is at ins 3320, -503 from current instruction 3822
2026-10-10T19:52:44.794221+00:00 DEBUG aya_obj::relocation: relocating call to callee address 0x14b8 in section 2 (relocation) at instruction 3828
2026-10-10T19:52:44.794223+00:00 DEBUG aya_obj::relocation: callee is `memset`
2026-10-10T19:52:44.794223+00:00 DEBUG aya_obj::relocation: callee `memset` is at ins 3320, -509 from current instruction 3828
2026-10-10T19:52:44.794224+00:00 DEBUG aya_obj::relocation: relocating call to callee address 0x488 in section 2 (relocation) at instruction 3832
2026-10-10T19:52:44.794226+00:00 DEBUG aya_obj::relocation: callee is `honk_normalize_process_step`
2026-10-10T19:52:44.794228+00:00 DEBUG aya_obj::relocation: linked function `honk_normalize_process_step` at instruction 3958
2026-10-10T19:52:44.794229+00:00 DEBUG aya_obj::relocation: relocating program `wan_egress_l3` function `honk_normalize_process_step` size 317
2026-10-10T19:52:44.794233+00:00 DEBUG aya_obj::relocation: finished relocating program `wan_egress_l3` function `honk_normalize_process_step`
2026-10-10T19:52:44.794234+00:00 DEBUG aya_obj::relocation: callee `honk_normalize_process_step` is at ins 3958, 125 from current instruction 3832
2026-10-10T19:52:44.794235+00:00 DEBUG aya_obj::relocation: relocating call to callee address 0x488 in section 2 (relocation) at instruction 3844
2026-10-10T19:52:44.794236+00:00 DEBUG aya_obj::relocation: callee is `honk_normalize_process_step`
2026-10-10T19:52:44.794237+00:00 DEBUG aya_obj::relocation: callee `honk_normalize_process_step` is at ins 3958, 113 from current instruction 3844
2026-10-10T19:52:44.794238+00:00 DEBUG aya_obj::relocation: relocating call to callee address 0x488 in section 2 (relocation) at instruction 3852
2026-10-10T19:52:44.794240+00:00 DEBUG aya_obj::relocation: callee is `honk_normalize_process_step`
2026-10-10T19:52:44.794240+00:00 DEBUG aya_obj::relocation: callee `honk_normalize_process_step` is at ins 3958, 105 from current instruction 3852
2026-10-10T19:52:44.794242+00:00 DEBUG aya_obj::relocation: relocating call to callee address 0x488 in section 2 (relocation) at instruction 3860
2026-10-10T19:52:44.794243+00:00 DEBUG aya_obj::relocation: callee is `honk_normalize_process_step`
2026-10-10T19:52:44.794244+00:00 DEBUG aya_obj::relocation: callee `honk_normalize_process_step` is at ins 3958, 97 from current instruction 3860
2026-10-10T19:52:44.794245+00:00 DEBUG aya_obj::relocation: relocating call to callee address 0x488 in section 2 (relocation) at instruction 3868
2026-10-10T19:52:44.794246+00:00 DEBUG aya_obj::relocation: callee is `honk_normalize_process_step`
2026-10-10T19:52:44.794247+00:00 DEBUG aya_obj::relocation: callee `honk_normalize_process_step` is at ins 3958, 89 from current instruction 3868
2026-10-10T19:52:44.794248+00:00 DEBUG aya_obj::relocation: relocating call to callee address 0x488 in section 2 (relocation) at instruction 3876
2026-10-10T19:52:44.794249+00:00 DEBUG aya_obj::relocation: callee is `honk_normalize_process_step`
2026-10-10T19:52:44.794250+00:00 DEBUG aya_obj::relocation: callee `honk_normalize_process_step` is at ins 3958, 81 from current instruction 3876
2026-10-10T19:52:44.794251+00:00 DEBUG aya_obj::relocation: relocating call to callee address 0x488 in section 2 (relocation) at instruction 3884
2026-10-10T19:52:44.794252+00:00 DEBUG aya_obj::relocation: callee is `honk_normalize_process_step`
2026-10-10T19:52:44.794253+00:00 DEBUG aya_obj::relocation: callee `honk_normalize_process_step` is at ins 3958, 73 from current instruction 3884
2026-10-10T19:52:44.794254+00:00 DEBUG aya_obj::relocation: relocating call to callee address 0x488 in section 2 (relocation) at instruction 3892
2026-10-10T19:52:44.794255+00:00 DEBUG aya_obj::relocation: callee is `honk_normalize_process_step`
2026-10-10T19:52:44.794257+00:00 DEBUG aya_obj::relocation: callee `honk_normalize_process_step` is at ins 3958, 65 from current instruction 3892
2026-10-10T19:52:44.794258+00:00 DEBUG aya_obj::relocation: relocating call to callee address 0x488 in section 2 (relocation) at instruction 3900
2026-10-10T19:52:44.794259+00:00 DEBUG aya_obj::relocation: callee is `honk_normalize_process_step`
2026-10-10T19:52:44.794260+00:00 DEBUG aya_obj::relocation: callee `honk_normalize_process_step` is at ins 3958, 57 from current instruction 3900
2026-10-10T19:52:44.794261+00:00 DEBUG aya_obj::relocation: relocating call to callee address 0x488 in section 2 (relocation) at instruction 3908
2026-10-10T19:52:44.794262+00:00 DEBUG aya_obj::relocation: callee is `honk_normalize_process_step`
2026-10-10T19:52:44.794263+00:00 DEBUG aya_obj::relocation: callee `honk_normalize_process_step` is at ins 3958, 49 from current instruction 3908
2026-10-10T19:52:44.794264+00:00 DEBUG aya_obj::relocation: relocating call to callee address 0x488 in section 2 (relocation) at instruction 3916
2026-10-10T19:52:44.794265+00:00 DEBUG aya_obj::relocation: callee is `honk_normalize_process_step`
2026-10-10T19:52:44.794266+00:00 DEBUG aya_obj::relocation: callee `honk_normalize_process_step` is at ins 3958, 41 from current instruction 3916
2026-10-10T19:52:44.794267+00:00 DEBUG aya_obj::relocation: relocating call to callee address 0x488 in section 2 (relocation) at instruction 3924
2026-10-10T19:52:44.794268+00:00 DEBUG aya_obj::relocation: callee is `honk_normalize_process_step`
2026-10-10T19:52:44.794269+00:00 DEBUG aya_obj::relocation: callee `honk_normalize_process_step` is at ins 3958, 33 from current instruction 3924
2026-10-10T19:52:44.794270+00:00 DEBUG aya_obj::relocation: relocating call to callee address 0x488 in section 2 (relocation) at instruction 3932
2026-10-10T19:52:44.794271+00:00 DEBUG aya_obj::relocation: callee is `honk_normalize_process_step`
2026-10-10T19:52:44.794272+00:00 DEBUG aya_obj::relocation: callee `honk_normalize_process_step` is at ins 3958, 25 from current instruction 3932
2026-10-10T19:52:44.794274+00:00 DEBUG aya_obj::relocation: relocating call to callee address 0x488 in section 2 (relocation) at instruction 3940
2026-10-10T19:52:44.794275+00:00 DEBUG aya_obj::relocation: callee is `honk_normalize_process_step`
2026-10-10T19:52:44.794275+00:00 DEBUG aya_obj::relocation: callee `honk_normalize_process_step` is at ins 3958, 17 from current instruction 3940
2026-10-10T19:52:44.794277+00:00 DEBUG aya_obj::relocation: relocating call to callee address 0x488 in section 2 (relocation) at instruction 3948
2026-10-10T19:52:44.794278+00:00 DEBUG aya_obj::relocation: callee is `honk_normalize_process_step`
2026-10-10T19:52:44.794279+00:00 DEBUG aya_obj::relocation: callee `honk_normalize_process_step` is at ins 3958, 9 from current instruction 3948
2026-10-10T19:52:44.794280+00:00 DEBUG aya_obj::relocation: relocating call to callee address 0x488 in section 2 (relocation) at instruction 3956
2026-10-10T19:52:44.794281+00:00 DEBUG aya_obj::relocation: callee is `honk_normalize_process_step`
2026-10-10T19:52:44.794282+00:00 DEBUG aya_obj::relocation: callee `honk_normalize_process_step` is at ins 3958, 1 from current instruction 3956
2026-10-10T19:52:44.794283+00:00 DEBUG aya_obj::relocation: finished relocating program `wan_egress_l3` function `honk_normalize_process_name`
2026-10-10T19:52:44.794284+00:00 DEBUG aya_obj::relocation: callee `honk_normalize_process_name` is at ins 3813, 2237 from current instruction 1575
2026-10-10T19:52:44.794285+00:00 DEBUG aya_obj::relocation: relocating call to callee address 0x1070 in section 2 (relocation) at instruction 1606
2026-10-10T19:52:44.794286+00:00 DEBUG aya_obj::relocation: callee is `honk_route_slot1`
2026-10-10T19:52:44.794287+00:00 DEBUG aya_obj::relocation: linked function `honk_route_slot1` at instruction 4275
2026-10-10T19:52:44.794288+00:00 DEBUG aya_obj::relocation: relocating program `wan_egress_l3` function `honk_route_slot1` size 64
2026-10-10T19:52:44.794290+00:00 DEBUG aya_obj::relocation: finished relocating program `wan_egress_l3` function `honk_route_slot1`
2026-10-10T19:52:44.794292+00:00 DEBUG aya_obj::relocation: callee `honk_route_slot1` is at ins 4275, 2668 from current instruction 1606
2026-10-10T19:52:44.794293+00:00 DEBUG aya_obj::relocation: relocating call to callee address 0xe70 in section 2 (relocation) at instruction 1610
2026-10-10T19:52:44.794294+00:00 DEBUG aya_obj::relocation: callee is `honk_route_slot0`
2026-10-10T19:52:44.794295+00:00 DEBUG aya_obj::relocation: linked function `honk_route_slot0` at instruction 4339
2026-10-10T19:52:44.794296+00:00 DEBUG aya_obj::relocation: relocating program `wan_egress_l3` function `honk_route_slot0` size 64
2026-10-10T19:52:44.794298+00:00 DEBUG aya_obj::relocation: finished relocating program `wan_egress_l3` function `honk_route_slot0`
2026-10-10T19:52:44.794299+00:00 DEBUG aya_obj::relocation: callee `honk_route_slot0` is at ins 4339, 2728 from current instruction 1610
2026-10-10T19:52:44.794302+00:00 DEBUG aya_obj::relocation: relocating call to callee address 0x14b8 in section 2 (relocation) at instruction 1756
2026-10-10T19:52:44.794303+00:00 DEBUG aya_obj::relocation: callee is `memset`
2026-10-10T19:52:44.794303+00:00 DEBUG aya_obj::relocation: callee `memset` is at ins 3320, 1563 from current instruction 1756
2026-10-10T19:52:44.794305+00:00 DEBUG aya_obj::relocation: relocating call to callee address 0xdc58 in section 2 (relocation) at instruction 1842
2026-10-10T19:52:44.794307+00:00 DEBUG aya_obj::relocation: callee is `_RNvNtCs2GI6VrNTxWR_9honk_ebpf8contrack15___mark_tcp_seen`
2026-10-10T19:52:44.794307+00:00 DEBUG aya_obj::relocation: callee `_RNvNtCs2GI6VrNTxWR_9honk_ebpf8contrack15___mark_tcp_seen` is at ins 3353, 1510 from current instruction 1842
2026-10-10T19:52:44.794310+00:00 DEBUG aya_obj::relocation: relocating call to callee address 0x0 in section 2 (relocation) at instruction 1937
2026-10-10T19:52:44.794311+00:00 DEBUG aya_obj::relocation: callee is `honk_normalize_process_name`
2026-10-10T19:52:44.794312+00:00 DEBUG aya_obj::relocation: callee `honk_normalize_process_name` is at ins 3813, 1875 from current instruction 1937
2026-10-10T19:52:44.794313+00:00 DEBUG aya_obj::relocation: relocating call to callee address 0x1070 in section 2 (relocation) at instruction 1968
2026-10-10T19:52:44.794314+00:00 DEBUG aya_obj::relocation: callee is `honk_route_slot1`
2026-10-10T19:52:44.794315+00:00 DEBUG aya_obj::relocation: callee `honk_route_slot1` is at ins 4275, 2306 from current instruction 1968
2026-10-10T19:52:44.794316+00:00 DEBUG aya_obj::relocation: relocating call to callee address 0xe70 in section 2 (relocation) at instruction 1972
2026-10-10T19:52:44.794317+00:00 DEBUG aya_obj::relocation: callee is `honk_route_slot0`
2026-10-10T19:52:44.794318+00:00 DEBUG aya_obj::relocation: callee `honk_route_slot0` is at ins 4339, 2366 from current instruction 1972
2026-10-10T19:52:44.794323+00:00 DEBUG aya_obj::relocation: relocating call to callee address 0x14b8 in section 2 (relocation) at instruction 2309
2026-10-10T19:52:44.794324+00:00 DEBUG aya_obj::relocation: callee is `memset`
2026-10-10T19:52:44.794325+00:00 DEBUG aya_obj::relocation: callee `memset` is at ins 3320, 1010 from current instruction 2309
2026-10-10T19:52:44.794327+00:00 DEBUG aya_obj::relocation: relocating call to callee address 0x10288 in section 2 (relocation) at instruction 2369
2026-10-10T19:52:44.794328+00:00 DEBUG aya_obj::relocation: callee is `_RNvNtCs2GI6VrNTxWR_9honk_ebpf8contrack15___mark_udp_seen`
2026-10-10T19:52:44.794330+00:00 DEBUG aya_obj::relocation: linked function `_RNvNtCs2GI6VrNTxWR_9honk_ebpf8contrack15___mark_udp_seen` at instruction 4403
2026-10-10T19:52:44.794331+00:00 DEBUG aya_obj::relocation: relocating program `wan_egress_l3` function `_RNvNtCs2GI6VrNTxWR_9honk_ebpf8contrack15___mark_udp_seen` size 401
2026-10-10T19:52:44.794334+00:00 DEBUG aya_obj::relocation: relocating call to callee address 0x14b8 in section 2 (relocation) at instruction 4534
2026-10-10T19:52:44.794335+00:00 DEBUG aya_obj::relocation: callee is `memset`
2026-10-10T19:52:44.794336+00:00 DEBUG aya_obj::relocation: callee `memset` is at ins 3320, -1215 from current instruction 4534
2026-10-10T19:52:44.794337+00:00 DEBUG aya_obj::relocation: relocating call to callee address 0x14b8 in section 2 (relocation) at instruction 4539
2026-10-10T19:52:44.794339+00:00 DEBUG aya_obj::relocation: callee is `memset`
2026-10-10T19:52:44.794339+00:00 DEBUG aya_obj::relocation: callee `memset` is at ins 3320, -1220 from current instruction 4539
2026-10-10T19:52:44.794341+00:00 DEBUG aya_obj::relocation: relocating call to callee address 0x14b8 in section 2 (relocation) at instruction 4626
2026-10-10T19:52:44.794342+00:00 DEBUG aya_obj::relocation: callee is `memset`
2026-10-10T19:52:44.794343+00:00 DEBUG aya_obj::relocation: callee `memset` is at ins 3320, -1307 from current instruction 4626
2026-10-10T19:52:44.794345+00:00 DEBUG aya_obj::relocation: relocating call to callee address 0x14b8 in section 2 (relocation) at instruction 4696
2026-10-10T19:52:44.794346+00:00 DEBUG aya_obj::relocation: callee is `memset`
2026-10-10T19:52:44.794347+00:00 DEBUG aya_obj::relocation: callee `memset` is at ins 3320, -1377 from current instruction 4696
2026-10-10T19:52:44.794349+00:00 DEBUG aya_obj::relocation: finished relocating program `wan_egress_l3` function `_RNvNtCs2GI6VrNTxWR_9honk_ebpf8contrack15___mark_udp_seen`
2026-10-10T19:52:44.794350+00:00 DEBUG aya_obj::relocation: callee `_RNvNtCs2GI6VrNTxWR_9honk_ebpf8contrack15___mark_udp_seen` is at ins 4403, 2033 from current instruction 2369
2026-10-10T19:52:44.794353+00:00 DEBUG aya_obj::relocation: relocating call to callee address 0x14b8 in section 2 (relocation) at instruction 2503
2026-10-10T19:52:44.794354+00:00 DEBUG aya_obj::relocation: callee is `memset`
2026-10-10T19:52:44.794355+00:00 DEBUG aya_obj::relocation: callee `memset` is at ins 3320, 816 from current instruction 2503
2026-10-10T19:52:44.794356+00:00 DEBUG aya_obj::relocation: relocating call to callee address 0x14b8 in section 2 (relocation) at instruction 2549
2026-10-10T19:52:44.794357+00:00 DEBUG aya_obj::relocation: callee is `memset`
2026-10-10T19:52:44.794358+00:00 DEBUG aya_obj::relocation: callee `memset` is at ins 3320, 770 from current instruction 2549
2026-10-10T19:52:44.794360+00:00 DEBUG aya_obj::relocation: relocating call to callee address 0x14b8 in section 2 (relocation) at instruction 2597
2026-10-10T19:52:44.794361+00:00 DEBUG aya_obj::relocation: callee is `memset`
2026-10-10T19:52:44.794362+00:00 DEBUG aya_obj::relocation: callee `memset` is at ins 3320, 722 from current instruction 2597
2026-10-10T19:52:44.794365+00:00 DEBUG aya_obj::relocation: relocating call to callee address 0x14b8 in section 2 (relocation) at instruction 2784
2026-10-10T19:52:44.794366+00:00 DEBUG aya_obj::relocation: callee is `memset`
2026-10-10T19:52:44.794367+00:00 DEBUG aya_obj::relocation: callee `memset` is at ins 3320, 535 from current instruction 2784
2026-10-10T19:52:44.794369+00:00 DEBUG aya_obj::relocation: relocating call to callee address 0x14b8 in section 2 (relocation) at instruction 2893
2026-10-10T19:52:44.794370+00:00 DEBUG aya_obj::relocation: callee is `memset`
2026-10-10T19:52:44.794371+00:00 DEBUG aya_obj::relocation: callee `memset` is at ins 3320, 426 from current instruction 2893
2026-10-10T19:52:44.794373+00:00 DEBUG aya_obj::relocation: relocating call to callee address 0x14b8 in section 2 (relocation) at instruction 2962
2026-10-10T19:52:44.794374+00:00 DEBUG aya_obj::relocation: callee is `memset`
2026-10-10T19:52:44.794375+00:00 DEBUG aya_obj::relocation: callee `memset` is at ins 3320, 357 from current instruction 2962
2026-10-10T19:52:44.794377+00:00 DEBUG aya_obj::relocation: relocating call to callee address 0x14b8 in section 2 (relocation) at instruction 3056
2026-10-10T19:52:44.794378+00:00 DEBUG aya_obj::relocation: callee is `memset`
2026-10-10T19:52:44.794379+00:00 DEBUG aya_obj::relocation: callee `memset` is at ins 3320, 263 from current instruction 3056
2026-10-10T19:52:44.794381+00:00 DEBUG aya_obj::relocation: relocating call to callee address 0x14b8 in section 2 (relocation) at instruction 3171
2026-10-10T19:52:44.794383+00:00 DEBUG aya_obj::relocation: callee is `memset`
2026-10-10T19:52:44.794384+00:00 DEBUG aya_obj::relocation: callee `memset` is at ins 3320, 148 from current instruction 3171
2026-10-10T19:52:44.794386+00:00 DEBUG aya_obj::relocation: relocating call to callee address 0x14b8 in section 2 (relocation) at instruction 3216
2026-10-10T19:52:44.794387+00:00 DEBUG aya_obj::relocation: callee is `memset`
2026-10-10T19:52:44.794388+00:00 DEBUG aya_obj::relocation: callee `memset` is at ins 3320, 103 from current instruction 3216
2026-10-10T19:52:44.794390+00:00 DEBUG aya_obj::relocation: finished relocating program `wan_egress_l3` function `wan_egress_l3`
2026-10-10T19:52:44.794391+00:00 DEBUG aya_obj::relocation: relocating program `tproxy_wan_cg_sock_release` function `tproxy_wan_cg_sock_release` size 10
2026-10-10T19:52:44.794393+00:00 DEBUG aya_obj::relocation: finished relocating program `tproxy_wan_cg_sock_release` function `tproxy_wan_cg_sock_release`
2026-10-10T19:52:44.794394+00:00 DEBUG aya_obj::relocation: relocating program `lan_ingress_l3` function `lan_ingress_l3` size 7
2026-10-10T19:52:44.794395+00:00 DEBUG aya_obj::relocation: relocating call to callee address 0x3250 in section 2 (relocation) at instruction 4
2026-10-10T19:52:44.794396+00:00 DEBUG aya_obj::relocation: callee is `_RNvNtCs2GI6VrNTxWR_9honk_ebpf7ingress21do_tproxy_lan_ingress`
2026-10-10T19:52:44.794398+00:00 DEBUG aya_obj::relocation: linked function `_RNvNtCs2GI6VrNTxWR_9honk_ebpf7ingress21do_tproxy_lan_ingress` at instruction 7
2026-10-10T19:52:44.794401+00:00 DEBUG aya_obj::relocation: relocating program `lan_ingress_l3` function `_RNvNtCs2GI6VrNTxWR_9honk_ebpf7ingress21do_tproxy_lan_ingress` size 5441
2026-10-10T19:52:44.794403+00:00 DEBUG aya_obj::relocation: relocating call to callee address 0x14b8 in section 2 (relocation) at instruction 56
2026-10-10T19:52:44.794404+00:00 DEBUG aya_obj::relocation: callee is `memset`
2026-10-10T19:52:44.794416+00:00 DEBUG aya_obj::relocation: linked function `memset` at instruction 5448
2026-10-10T19:52:44.794422+00:00 DEBUG aya_obj::relocation: relocating program `lan_ingress_l3` function `memset` size 8
2026-10-10T19:52:44.794424+00:00 DEBUG aya_obj::relocation: finished relocating program `lan_ingress_l3` function `memset`
2026-10-10T19:52:44.794425+00:00 DEBUG aya_obj::relocation: callee `memset` is at ins 5448, 5391 from current instruction 56
2026-10-10T19:52:44.794426+00:00 DEBUG aya_obj::relocation: relocating call to callee address 0x14b8 in section 2 (relocation) at instruction 135
2026-10-10T19:52:44.794428+00:00 DEBUG aya_obj::relocation: callee is `memset`
2026-10-10T19:52:44.794428+00:00 DEBUG aya_obj::relocation: callee `memset` is at ins 5448, 5312 from current instruction 135
2026-10-10T19:52:44.794429+00:00 DEBUG aya_obj::relocation: relocating call to callee address 0x14b8 in section 2 (relocation) at instruction 144
2026-10-10T19:52:44.794431+00:00 DEBUG aya_obj::relocation: callee is `memset`
2026-10-10T19:52:44.794431+00:00 DEBUG aya_obj::relocation: callee `memset` is at ins 5448, 5303 from current instruction 144
2026-10-10T19:52:44.794434+00:00 DEBUG aya_obj::relocation: relocating call to callee address 0x13f0 in section 2 (relocation) at instruction 305
2026-10-10T19:52:44.794435+00:00 DEBUG aya_obj::relocation: callee is `memmove`
2026-10-10T19:52:44.794436+00:00 DEBUG aya_obj::relocation: linked function `memmove` at instruction 5456
2026-10-10T19:52:44.794437+00:00 DEBUG aya_obj::relocation: relocating program `lan_ingress_l3` function `memmove` size 25
2026-10-10T19:52:44.794438+00:00 DEBUG aya_obj::relocation: finished relocating program `lan_ingress_l3` function `memmove`
2026-10-10T19:52:44.794439+00:00 DEBUG aya_obj::relocation: callee `memmove` is at ins 5456, 5150 from current instruction 305
2026-10-10T19:52:44.794441+00:00 DEBUG aya_obj::relocation: relocating call to callee address 0x13f0 in section 2 (relocation) at instruction 372
2026-10-10T19:52:44.794442+00:00 DEBUG aya_obj::relocation: callee is `memmove`
2026-10-10T19:52:44.794443+00:00 DEBUG aya_obj::relocation: callee `memmove` is at ins 5456, 5083 from current instruction 372
2026-10-10T19:52:44.794445+00:00 DEBUG aya_obj::relocation: relocating call to callee address 0x13f0 in section 2 (relocation) at instruction 409
2026-10-10T19:52:44.794446+00:00 DEBUG aya_obj::relocation: callee is `memmove`
2026-10-10T19:52:44.794447+00:00 DEBUG aya_obj::relocation: callee `memmove` is at ins 5456, 5046 from current instruction 409
2026-10-10T19:52:44.794448+00:00 DEBUG aya_obj::relocation: relocating call to callee address 0x13f0 in section 2 (relocation) at instruction 437
2026-10-10T19:52:44.794449+00:00 DEBUG aya_obj::relocation: callee is `memmove`
2026-10-10T19:52:44.794450+00:00 DEBUG aya_obj::relocation: callee `memmove` is at ins 5456, 5018 from current instruction 437
2026-10-10T19:52:44.794452+00:00 DEBUG aya_obj::relocation: relocating call to callee address 0x13f0 in section 2 (relocation) at instruction 535
2026-10-10T19:52:44.794453+00:00 DEBUG aya_obj::relocation: callee is `memmove`
2026-10-10T19:52:44.794454+00:00 DEBUG aya_obj::relocation: callee `memmove` is at ins 5456, 4920 from current instruction 535
2026-10-10T19:52:44.794455+00:00 DEBUG aya_obj::relocation: relocating call to callee address 0x13f0 in section 2 (relocation) at instruction 542
2026-10-10T19:52:44.794456+00:00 DEBUG aya_obj::relocation: callee is `memmove`
2026-10-10T19:52:44.794457+00:00 DEBUG aya_obj::relocation: callee `memmove` is at ins 5456, 4913 from current instruction 542
2026-10-10T19:52:44.794458+00:00 DEBUG aya_obj::relocation: relocating call to callee address 0x14b8 in section 2 (relocation) at instruction 567
2026-10-10T19:52:44.794459+00:00 DEBUG aya_obj::relocation: callee is `memset`
2026-10-10T19:52:44.794460+00:00 DEBUG aya_obj::relocation: callee `memset` is at ins 5448, 4880 from current instruction 567
2026-10-10T19:52:44.794461+00:00 DEBUG aya_obj::relocation: relocating call to callee address 0x13f0 in section 2 (relocation) at instruction 602
2026-10-10T19:52:44.794462+00:00 DEBUG aya_obj::relocation: callee is `memmove`
2026-10-10T19:52:44.794463+00:00 DEBUG aya_obj::relocation: callee `memmove` is at ins 5456, 4853 from current instruction 602
2026-10-10T19:52:44.794464+00:00 DEBUG aya_obj::relocation: relocating call to callee address 0x13f0 in section 2 (relocation) at instruction 607
2026-10-10T19:52:44.794465+00:00 DEBUG aya_obj::relocation: callee is `memmove`
2026-10-10T19:52:44.794466+00:00 DEBUG aya_obj::relocation: callee `memmove` is at ins 5456, 4848 from current instruction 607
2026-10-10T19:52:44.794468+00:00 DEBUG aya_obj::relocation: relocating call to callee address 0x14b8 in section 2 (relocation) at instruction 719
2026-10-10T19:52:44.794469+00:00 DEBUG aya_obj::relocation: callee is `memset`
2026-10-10T19:52:44.794470+00:00 DEBUG aya_obj::relocation: callee `memset` is at ins 5448, 4728 from current instruction 719
2026-10-10T19:52:44.794471+00:00 DEBUG aya_obj::relocation: relocating call to callee address 0xdc58 in section 2 (pc-relative) at instruction 733
2026-10-10T19:52:44.794472+00:00 DEBUG aya_obj::relocation: callee is `_RNvNtCs2GI6VrNTxWR_9honk_ebpf8contrack15___mark_tcp_seen`
2026-10-10T19:52:44.794473+00:00 DEBUG aya_obj::relocation: linked function `_RNvNtCs2GI6VrNTxWR_9honk_ebpf8contrack15___mark_tcp_seen` at instruction 5481
2026-10-10T19:52:44.794475+00:00 DEBUG aya_obj::relocation: relocating program `lan_ingress_l3` function `_RNvNtCs2GI6VrNTxWR_9honk_ebpf8contrack15___mark_tcp_seen` size 460
2026-10-10T19:52:44.794477+00:00 DEBUG aya_obj::relocation: relocating call to callee address 0x14b8 in section 2 (relocation) at instruction 5504
2026-10-10T19:52:44.794478+00:00 DEBUG aya_obj::relocation: callee is `memset`
2026-10-10T19:52:44.794479+00:00 DEBUG aya_obj::relocation: callee `memset` is at ins 5448, -57 from current instruction 5504
2026-10-10T19:52:44.794480+00:00 DEBUG aya_obj::relocation: relocating call to callee address 0x14b8 in section 2 (relocation) at instruction 5509
2026-10-10T19:52:44.794482+00:00 DEBUG aya_obj::relocation: callee is `memset`
2026-10-10T19:52:44.794483+00:00 DEBUG aya_obj::relocation: callee `memset` is at ins 5448, -62 from current instruction 5509
2026-10-10T19:52:44.794484+00:00 DEBUG aya_obj::relocation: relocating call to callee address 0x14b8 in section 2 (relocation) at instruction 5514
2026-10-10T19:52:44.794485+00:00 DEBUG aya_obj::relocation: callee is `memset`
2026-10-10T19:52:44.794486+00:00 DEBUG aya_obj::relocation: callee `memset` is at ins 5448, -67 from current instruction 5514
2026-10-10T19:52:44.794488+00:00 DEBUG aya_obj::relocation: relocating call to callee address 0x14b8 in section 2 (relocation) at instruction 5625
2026-10-10T19:52:44.794489+00:00 DEBUG aya_obj::relocation: callee is `memset`
2026-10-10T19:52:44.794490+00:00 DEBUG aya_obj::relocation: callee `memset` is at ins 5448, -178 from current instruction 5625
2026-10-10T19:52:44.794491+00:00 DEBUG aya_obj::relocation: relocating call to callee address 0x14b8 in section 2 (relocation) at instruction 5630
2026-10-10T19:52:44.794492+00:00 DEBUG aya_obj::relocation: callee is `memset`
2026-10-10T19:52:44.794493+00:00 DEBUG aya_obj::relocation: callee `memset` is at ins 5448, -183 from current instruction 5630
2026-10-10T19:52:44.794494+00:00 DEBUG aya_obj::relocation: relocating call to callee address 0x14b8 in section 2 (relocation) at instruction 5635
2026-10-10T19:52:44.794495+00:00 DEBUG aya_obj::relocation: callee is `memset`
2026-10-10T19:52:44.794496+00:00 DEBUG aya_obj::relocation: callee `memset` is at ins 5448, -188 from current instruction 5635
2026-10-10T19:52:44.794498+00:00 DEBUG aya_obj::relocation: relocating call to callee address 0x14b8 in section 2 (relocation) at instruction 5795
2026-10-10T19:52:44.794499+00:00 DEBUG aya_obj::relocation: callee is `memset`
2026-10-10T19:52:44.794500+00:00 DEBUG aya_obj::relocation: callee `memset` is at ins 5448, -348 from current instruction 5795
2026-10-10T19:52:44.794503+00:00 DEBUG aya_obj::relocation: finished relocating program `lan_ingress_l3` function `_RNvNtCs2GI6VrNTxWR_9honk_ebpf8contrack15___mark_tcp_seen`
2026-10-10T19:52:44.794504+00:00 DEBUG aya_obj::relocation: callee `_RNvNtCs2GI6VrNTxWR_9honk_ebpf8contrack15___mark_tcp_seen` is at ins 5481, 4747 from current instruction 733
2026-10-10T19:52:44.794505+00:00 DEBUG aya_obj::relocation: relocating call to callee address 0x14b8 in section 2 (relocation) at instruction 785
2026-10-10T19:52:44.794506+00:00 DEBUG aya_obj::relocation: callee is `memset`
2026-10-10T19:52:44.794507+00:00 DEBUG aya_obj::relocation: callee `memset` is at ins 5448, 4662 from current instruction 785
2026-10-10T19:52:44.794509+00:00 DEBUG aya_obj::relocation: relocating call to callee address 0x14b8 in section 2 (relocation) at instruction 862
2026-10-10T19:52:44.794510+00:00 DEBUG aya_obj::relocation: callee is `memset`
2026-10-10T19:52:44.794511+00:00 DEBUG aya_obj::relocation: callee `memset` is at ins 5448, 4585 from current instruction 862
2026-10-10T19:52:44.794512+00:00 DEBUG aya_obj::relocation: relocating call to callee address 0xdc58 in section 2 (pc-relative) at instruction 878
2026-10-10T19:52:44.794513+00:00 DEBUG aya_obj::relocation: callee is `_RNvNtCs2GI6VrNTxWR_9honk_ebpf8contrack15___mark_tcp_seen`
2026-10-10T19:52:44.794514+00:00 DEBUG aya_obj::relocation: callee `_RNvNtCs2GI6VrNTxWR_9honk_ebpf8contrack15___mark_tcp_seen` is at ins 5481, 4602 from current instruction 878
2026-10-10T19:52:44.794516+00:00 DEBUG aya_obj::relocation: relocating call to callee address 0xeab8 in section 2 (pc-relative) at instruction 955
2026-10-10T19:52:44.794517+00:00 DEBUG aya_obj::relocation: callee is `_RNvNtCs2GI6VrNTxWR_9honk_ebpf2sk21socket_is_v4_wildcard`
2026-10-10T19:52:44.794518+00:00 DEBUG aya_obj::relocation: linked function `_RNvNtCs2GI6VrNTxWR_9honk_ebpf2sk21socket_is_v4_wildcard` at instruction 5941
2026-10-10T19:52:44.794520+00:00 DEBUG aya_obj::relocation: relocating program `lan_ingress_l3` function `_RNvNtCs2GI6VrNTxWR_9honk_ebpf2sk21socket_is_v4_wildcard` size 6
2026-10-10T19:52:44.794521+00:00 DEBUG aya_obj::relocation: finished relocating program `lan_ingress_l3` function `_RNvNtCs2GI6VrNTxWR_9honk_ebpf2sk21socket_is_v4_wildcard`
2026-10-10T19:52:44.794523+00:00 DEBUG aya_obj::relocation: callee `_RNvNtCs2GI6VrNTxWR_9honk_ebpf2sk21socket_is_v4_wildcard` is at ins 5941, 4985 from current instruction 955
2026-10-10T19:52:44.794525+00:00 DEBUG aya_obj::relocation: relocating call to callee address 0xeae8 in section 2 (pc-relative) at instruction 1030
2026-10-10T19:52:44.794526+00:00 DEBUG aya_obj::relocation: callee is `_RNvNtCs2GI6VrNTxWR_9honk_ebpf2sk21socket_is_v6_wildcard`
2026-10-10T19:52:44.794527+00:00 DEBUG aya_obj::relocation: linked function `_RNvNtCs2GI6VrNTxWR_9honk_ebpf2sk21socket_is_v6_wildcard` at instruction 5947
2026-10-10T19:52:44.794528+00:00 DEBUG aya_obj::relocation: relocating program `lan_ingress_l3` function `_RNvNtCs2GI6VrNTxWR_9honk_ebpf2sk21socket_is_v6_wildcard` size 13
2026-10-10T19:52:44.794529+00:00 DEBUG aya_obj::relocation: finished relocating program `lan_ingress_l3` function `_RNvNtCs2GI6VrNTxWR_9honk_ebpf2sk21socket_is_v6_wildcard`
2026-10-10T19:52:44.794530+00:00 DEBUG aya_obj::relocation: callee `_RNvNtCs2GI6VrNTxWR_9honk_ebpf2sk21socket_is_v6_wildcard` is at ins 5947, 4916 from current instruction 1030
2026-10-10T19:52:44.794532+00:00 DEBUG aya_obj::relocation: relocating call to callee address 0x14b8 in section 2 (relocation) at instruction 1066
2026-10-10T19:52:44.794533+00:00 DEBUG aya_obj::relocation: callee is `memset`
2026-10-10T19:52:44.794534+00:00 DEBUG aya_obj::relocation: callee `memset` is at ins 5448, 4381 from current instruction 1066
2026-10-10T19:52:44.794535+00:00 DEBUG aya_obj::relocation: relocating call to callee address 0x13f0 in section 2 (relocation) at instruction 1127
2026-10-10T19:52:44.794537+00:00 DEBUG aya_obj::relocation: callee is `memmove`
2026-10-10T19:52:44.794537+00:00 DEBUG aya_obj::relocation: callee `memmove` is at ins 5456, 4328 from current instruction 1127
2026-10-10T19:52:44.794538+00:00 DEBUG aya_obj::relocation: relocating call to callee address 0x13f0 in section 2 (relocation) at instruction 1132
2026-10-10T19:52:44.794540+00:00 DEBUG aya_obj::relocation: callee is `memmove`
2026-10-10T19:52:44.794540+00:00 DEBUG aya_obj::relocation: callee `memmove` is at ins 5456, 4323 from current instruction 1132
2026-10-10T19:52:44.794542+00:00 DEBUG aya_obj::relocation: relocating call to callee address 0x14b8 in section 2 (relocation) at instruction 1219
2026-10-10T19:52:44.794543+00:00 DEBUG aya_obj::relocation: callee is `memset`
2026-10-10T19:52:44.794544+00:00 DEBUG aya_obj::relocation: callee `memset` is at ins 5448, 4228 from current instruction 1219
2026-10-10T19:52:44.794545+00:00 DEBUG aya_obj::relocation: relocating call to callee address 0x14b8 in section 2 (relocation) at instruction 1232
2026-10-10T19:52:44.794546+00:00 DEBUG aya_obj::relocation: callee is `memset`
2026-10-10T19:52:44.794547+00:00 DEBUG aya_obj::relocation: callee `memset` is at ins 5448, 4215 from current instruction 1232
2026-10-10T19:52:44.794549+00:00 DEBUG aya_obj::relocation: relocating call to callee address 0x14b8 in section 2 (relocation) at instruction 1288
2026-10-10T19:52:44.794550+00:00 DEBUG aya_obj::relocation: callee is `memset`
2026-10-10T19:52:44.794551+00:00 DEBUG aya_obj::relocation: callee `memset` is at ins 5448, 4159 from current instruction 1288
2026-10-10T19:52:44.794553+00:00 DEBUG aya_obj::relocation: relocating call to callee address 0x14b8 in section 2 (relocation) at instruction 1386
2026-10-10T19:52:44.794554+00:00 DEBUG aya_obj::relocation: callee is `memset`
2026-10-10T19:52:44.794555+00:00 DEBUG aya_obj::relocation: callee `memset` is at ins 5448, 4061 from current instruction 1386
2026-10-10T19:52:44.794556+00:00 DEBUG aya_obj::relocation: relocating call to callee address 0x1070 in section 2 (relocation) at instruction 1422
2026-10-10T19:52:44.794557+00:00 DEBUG aya_obj::relocation: callee is `honk_route_slot1`
2026-10-10T19:52:44.794558+00:00 DEBUG aya_obj::relocation: linked function `honk_route_slot1` at instruction 5960
2026-10-10T19:52:44.794560+00:00 DEBUG aya_obj::relocation: relocating program `lan_ingress_l3` function `honk_route_slot1` size 64
2026-10-10T19:52:44.794562+00:00 DEBUG aya_obj::relocation: finished relocating program `lan_ingress_l3` function `honk_route_slot1`
2026-10-10T19:52:44.794563+00:00 DEBUG aya_obj::relocation: callee `honk_route_slot1` is at ins 5960, 4537 from current instruction 1422
2026-10-10T19:52:44.794564+00:00 DEBUG aya_obj::relocation: relocating call to callee address 0xe70 in section 2 (relocation) at instruction 1426
2026-10-10T19:52:44.794565+00:00 DEBUG aya_obj::relocation: callee is `honk_route_slot0`
2026-10-10T19:52:44.794566+00:00 DEBUG aya_obj::relocation: linked function `honk_route_slot0` at instruction 6024
2026-10-10T19:52:44.794567+00:00 DEBUG aya_obj::relocation: relocating program `lan_ingress_l3` function `honk_route_slot0` size 64
2026-10-10T19:52:44.794569+00:00 DEBUG aya_obj::relocation: finished relocating program `lan_ingress_l3` function `honk_route_slot0`
2026-10-10T19:52:44.794570+00:00 DEBUG aya_obj::relocation: callee `honk_route_slot0` is at ins 6024, 4597 from current instruction 1426
2026-10-10T19:52:44.794573+00:00 DEBUG aya_obj::relocation: relocating call to callee address 0x14b8 in section 2 (relocation) at instruction 1720
2026-10-10T19:52:44.794575+00:00 DEBUG aya_obj::relocation: callee is `memset`
2026-10-10T19:52:44.794575+00:00 DEBUG aya_obj::relocation: callee `memset` is at ins 5448, 3727 from current instruction 1720
2026-10-10T19:52:44.794587+00:00 DEBUG aya_obj::relocation: relocating call to callee address 0xeb50 in section 2 (pc-relative) at instruction 2655
2026-10-10T19:52:44.794588+00:00 DEBUG aya_obj::relocation: callee is `_RNvNtCs2GI6VrNTxWR_9honk_ebpf7ingress18stage_udp_decision`
2026-10-10T19:52:44.794590+00:00 DEBUG aya_obj::relocation: linked function `_RNvNtCs2GI6VrNTxWR_9honk_ebpf7ingress18stage_udp_decision` at instruction 6088
2026-10-10T19:52:44.794592+00:00 DEBUG aya_obj::relocation: relocating program `lan_ingress_l3` function `_RNvNtCs2GI6VrNTxWR_9honk_ebpf7ingress18stage_udp_decision` size 743
2026-10-10T19:52:44.794594+00:00 DEBUG aya_obj::relocation: relocating call to callee address 0x14b8 in section 2 (relocation) at instruction 6138
2026-10-10T19:52:44.794595+00:00 DEBUG aya_obj::relocation: callee is `memset`
2026-10-10T19:52:44.794596+00:00 DEBUG aya_obj::relocation: callee `memset` is at ins 5448, -691 from current instruction 6138
2026-10-10T19:52:44.794598+00:00 DEBUG aya_obj::relocation: relocating call to callee address 0x14b8 in section 2 (relocation) at instruction 6206
2026-10-10T19:52:44.794599+00:00 DEBUG aya_obj::relocation: callee is `memset`
2026-10-10T19:52:44.794600+00:00 DEBUG aya_obj::relocation: callee `memset` is at ins 5448, -759 from current instruction 6206
2026-10-10T19:52:44.794603+00:00 DEBUG aya_obj::relocation: relocating call to callee address 0x14b8 in section 2 (relocation) at instruction 6355
2026-10-10T19:52:44.794604+00:00 DEBUG aya_obj::relocation: callee is `memset`
2026-10-10T19:52:44.794605+00:00 DEBUG aya_obj::relocation: callee `memset` is at ins 5448, -908 from current instruction 6355
2026-10-10T19:52:44.794607+00:00 DEBUG aya_obj::relocation: relocating call to callee address 0x14b8 in section 2 (relocation) at instruction 6474
2026-10-10T19:52:44.794608+00:00 DEBUG aya_obj::relocation: callee is `memset`
2026-10-10T19:52:44.794609+00:00 DEBUG aya_obj::relocation: callee `memset` is at ins 5448, -1027 from current instruction 6474
2026-10-10T19:52:44.794611+00:00 DEBUG aya_obj::relocation: relocating call to callee address 0x14b8 in section 2 (relocation) at instruction 6609
2026-10-10T19:52:44.794613+00:00 DEBUG aya_obj::relocation: callee is `memset`
2026-10-10T19:52:44.794613+00:00 DEBUG aya_obj::relocation: callee `memset` is at ins 5448, -1162 from current instruction 6609
2026-10-10T19:52:44.794615+00:00 DEBUG aya_obj::relocation: relocating call to callee address 0x14b8 in section 2 (relocation) at instruction 6640
2026-10-10T19:52:44.794616+00:00 DEBUG aya_obj::relocation: callee is `memset`
2026-10-10T19:52:44.794618+00:00 DEBUG aya_obj::relocation: callee `memset` is at ins 5448, -1193 from current instruction 6640
2026-10-10T19:52:44.794619+00:00 DEBUG aya_obj::relocation: relocating call to callee address 0x14b8 in section 2 (relocation) at instruction 6674
2026-10-10T19:52:44.794620+00:00 DEBUG aya_obj::relocation: callee is `memset`
2026-10-10T19:52:44.794621+00:00 DEBUG aya_obj::relocation: callee `memset` is at ins 5448, -1227 from current instruction 6674
2026-10-10T19:52:44.794623+00:00 DEBUG aya_obj::relocation: relocating call to callee address 0x14b8 in section 2 (relocation) at instruction 6763
2026-10-10T19:52:44.794624+00:00 DEBUG aya_obj::relocation: callee is `memset`
2026-10-10T19:52:44.794625+00:00 DEBUG aya_obj::relocation: callee `memset` is at ins 5448, -1316 from current instruction 6763
2026-10-10T19:52:44.794626+00:00 DEBUG aya_obj::relocation: relocating call to callee address 0x14b8 in section 2 (relocation) at instruction 6794
2026-10-10T19:52:44.794627+00:00 DEBUG aya_obj::relocation: callee is `memset`
2026-10-10T19:52:44.794628+00:00 DEBUG aya_obj::relocation: callee `memset` is at ins 5448, -1347 from current instruction 6794
2026-10-10T19:52:44.794630+00:00 DEBUG aya_obj::relocation: finished relocating program `lan_ingress_l3` function `_RNvNtCs2GI6VrNTxWR_9honk_ebpf7ingress18stage_udp_decision`
2026-10-10T19:52:44.794631+00:00 DEBUG aya_obj::relocation: callee `_RNvNtCs2GI6VrNTxWR_9honk_ebpf7ingress18stage_udp_decision` is at ins 6088, 3432 from current instruction 2655
2026-10-10T19:52:44.794633+00:00 DEBUG aya_obj::relocation: relocating call to callee address 0x14b8 in section 2 (relocation) at instruction 2744
2026-10-10T19:52:44.794634+00:00 DEBUG aya_obj::relocation: callee is `memset`
2026-10-10T19:52:44.794635+00:00 DEBUG aya_obj::relocation: callee `memset` is at ins 5448, 2703 from current instruction 2744
2026-10-10T19:52:44.794636+00:00 DEBUG aya_obj::relocation: relocating call to callee address 0x10288 in section 2 (pc-relative) at instruction 2776
2026-10-10T19:52:44.794637+00:00 DEBUG aya_obj::relocation: callee is `_RNvNtCs2GI6VrNTxWR_9honk_ebpf8contrack15___mark_udp_seen`
2026-10-10T19:52:44.794639+00:00 DEBUG aya_obj::relocation: linked function `_RNvNtCs2GI6VrNTxWR_9honk_ebpf8contrack15___mark_udp_seen` at instruction 6831
2026-10-10T19:52:44.794640+00:00 DEBUG aya_obj::relocation: relocating program `lan_ingress_l3` function `_RNvNtCs2GI6VrNTxWR_9honk_ebpf8contrack15___mark_udp_seen` size 401
2026-10-10T19:52:44.794643+00:00 DEBUG aya_obj::relocation: relocating call to callee address 0x14b8 in section 2 (relocation) at instruction 6962
2026-10-10T19:52:44.794644+00:00 DEBUG aya_obj::relocation: callee is `memset`
2026-10-10T19:52:44.794645+00:00 DEBUG aya_obj::relocation: callee `memset` is at ins 5448, -1515 from current instruction 6962
2026-10-10T19:52:44.794646+00:00 DEBUG aya_obj::relocation: relocating call to callee address 0x14b8 in section 2 (relocation) at instruction 6967
2026-10-10T19:52:44.794647+00:00 DEBUG aya_obj::relocation: callee is `memset`
2026-10-10T19:52:44.794648+00:00 DEBUG aya_obj::relocation: callee `memset` is at ins 5448, -1520 from current instruction 6967
2026-10-10T19:52:44.794650+00:00 DEBUG aya_obj::relocation: relocating call to callee address 0x14b8 in section 2 (relocation) at instruction 7054
2026-10-10T19:52:44.794651+00:00 DEBUG aya_obj::relocation: callee is `memset`
2026-10-10T19:52:44.794652+00:00 DEBUG aya_obj::relocation: callee `memset` is at ins 5448, -1607 from current instruction 7054
2026-10-10T19:52:44.794653+00:00 DEBUG aya_obj::relocation: relocating call to callee address 0x14b8 in section 2 (relocation) at instruction 7124
2026-10-10T19:52:44.794654+00:00 DEBUG aya_obj::relocation: callee is `memset`
2026-10-10T19:52:44.794655+00:00 DEBUG aya_obj::relocation: callee `memset` is at ins 5448, -1677 from current instruction 7124
2026-10-10T19:52:44.794657+00:00 DEBUG aya_obj::relocation: finished relocating program `lan_ingress_l3` function `_RNvNtCs2GI6VrNTxWR_9honk_ebpf8contrack15___mark_udp_seen`
2026-10-10T19:52:44.794659+00:00 DEBUG aya_obj::relocation: callee `_RNvNtCs2GI6VrNTxWR_9honk_ebpf8contrack15___mark_udp_seen` is at ins 6831, 4054 from current instruction 2776
2026-10-10T19:52:44.794661+00:00 DEBUG aya_obj::relocation: relocating call to callee address 0x14b8 in section 2 (relocation) at instruction 2802
2026-10-10T19:52:44.794662+00:00 DEBUG aya_obj::relocation: callee is `memset`
2026-10-10T19:52:44.794663+00:00 DEBUG aya_obj::relocation: callee `memset` is at ins 5448, 2645 from current instruction 2802
2026-10-10T19:52:44.794670+00:00 DEBUG aya_obj::relocation: relocating call to callee address 0x14b8 in section 2 (relocation) at instruction 3406
2026-10-10T19:52:44.794671+00:00 DEBUG aya_obj::relocation: callee is `memset`
2026-10-10T19:52:44.794672+00:00 DEBUG aya_obj::relocation: callee `memset` is at ins 5448, 2041 from current instruction 3406
2026-10-10T19:52:44.794673+00:00 DEBUG aya_obj::relocation: relocating call to callee address 0x14b8 in section 2 (relocation) at instruction 3461
2026-10-10T19:52:44.794675+00:00 DEBUG aya_obj::relocation: callee is `memset`
2026-10-10T19:52:44.794675+00:00 DEBUG aya_obj::relocation: callee `memset` is at ins 5448, 1986 from current instruction 3461
2026-10-10T19:52:44.794677+00:00 DEBUG aya_obj::relocation: relocating call to callee address 0x14b8 in section 2 (relocation) at instruction 3524
2026-10-10T19:52:44.794678+00:00 DEBUG aya_obj::relocation: callee is `memset`
2026-10-10T19:52:44.794679+00:00 DEBUG aya_obj::relocation: callee `memset` is at ins 5448, 1923 from current instruction 3524
2026-10-10T19:52:44.794682+00:00 DEBUG aya_obj::relocation: relocating call to callee address 0x14b8 in section 2 (relocation) at instruction 3691
2026-10-10T19:52:44.794683+00:00 DEBUG aya_obj::relocation: callee is `memset`
2026-10-10T19:52:44.794684+00:00 DEBUG aya_obj::relocation: callee `memset` is at ins 5448, 1756 from current instruction 3691
2026-10-10T19:52:44.794686+00:00 DEBUG aya_obj::relocation: relocating call to callee address 0x14b8 in section 2 (relocation) at instruction 3781
2026-10-10T19:52:44.794687+00:00 DEBUG aya_obj::relocation: callee is `memset`
2026-10-10T19:52:44.794687+00:00 DEBUG aya_obj::relocation: callee `memset` is at ins 5448, 1666 from current instruction 3781
2026-10-10T19:52:44.794689+00:00 DEBUG aya_obj::relocation: relocating call to callee address 0x14b8 in section 2 (relocation) at instruction 3844
2026-10-10T19:52:44.794690+00:00 DEBUG aya_obj::relocation: callee is `memset`
2026-10-10T19:52:44.794691+00:00 DEBUG aya_obj::relocation: callee `memset` is at ins 5448, 1603 from current instruction 3844
2026-10-10T19:52:44.794695+00:00 DEBUG aya_obj::relocation: relocating call to callee address 0x14b8 in section 2 (relocation) at instruction 4099
2026-10-10T19:52:44.794696+00:00 DEBUG aya_obj::relocation: callee is `memset`
2026-10-10T19:52:44.794697+00:00 DEBUG aya_obj::relocation: callee `memset` is at ins 5448, 1348 from current instruction 4099
2026-10-10T19:52:44.794698+00:00 DEBUG aya_obj::relocation: relocating call to callee address 0x14b8 in section 2 (relocation) at instruction 4166
2026-10-10T19:52:44.794699+00:00 DEBUG aya_obj::relocation: callee is `memset`
2026-10-10T19:52:44.794700+00:00 DEBUG aya_obj::relocation: callee `memset` is at ins 5448, 1281 from current instruction 4166
2026-10-10T19:52:44.794702+00:00 DEBUG aya_obj::relocation: relocating call to callee address 0x14b8 in section 2 (relocation) at instruction 4229
2026-10-10T19:52:44.794703+00:00 DEBUG aya_obj::relocation: callee is `memset`
2026-10-10T19:52:44.794704+00:00 DEBUG aya_obj::relocation: callee `memset` is at ins 5448, 1218 from current instruction 4229
2026-10-10T19:52:44.794706+00:00 DEBUG aya_obj::relocation: relocating call to callee address 0x14b8 in section 2 (relocation) at instruction 4297
2026-10-10T19:52:44.794707+00:00 DEBUG aya_obj::relocation: callee is `memset`
2026-10-10T19:52:44.794708+00:00 DEBUG aya_obj::relocation: callee `memset` is at ins 5448, 1150 from current instruction 4297
2026-10-10T19:52:44.794709+00:00 DEBUG aya_obj::relocation: relocating call to callee address 0x14b8 in section 2 (relocation) at instruction 4303
2026-10-10T19:52:44.794710+00:00 DEBUG aya_obj::relocation: callee is `memset`
2026-10-10T19:52:44.794711+00:00 DEBUG aya_obj::relocation: callee `memset` is at ins 5448, 1144 from current instruction 4303
2026-10-10T19:52:44.794714+00:00 DEBUG aya_obj::relocation: relocating call to callee address 0x14b8 in section 2 (relocation) at instruction 4479
2026-10-10T19:52:44.794715+00:00 DEBUG aya_obj::relocation: callee is `memset`
2026-10-10T19:52:44.794716+00:00 DEBUG aya_obj::relocation: callee `memset` is at ins 5448, 968 from current instruction 4479
2026-10-10T19:52:44.794718+00:00 DEBUG aya_obj::relocation: relocating call to callee address 0x14b8 in section 2 (relocation) at instruction 4536
2026-10-10T19:52:44.794719+00:00 DEBUG aya_obj::relocation: callee is `memset`
2026-10-10T19:52:44.794720+00:00 DEBUG aya_obj::relocation: callee `memset` is at ins 5448, 911 from current instruction 4536
2026-10-10T19:52:44.794721+00:00 DEBUG aya_obj::relocation: relocating call to callee address 0x14b8 in section 2 (relocation) at instruction 4600
2026-10-10T19:52:44.794722+00:00 DEBUG aya_obj::relocation: callee is `memset`
2026-10-10T19:52:44.794723+00:00 DEBUG aya_obj::relocation: callee `memset` is at ins 5448, 847 from current instruction 4600
2026-10-10T19:52:44.794726+00:00 DEBUG aya_obj::relocation: relocating call to callee address 0x14b8 in section 2 (relocation) at instruction 4793
2026-10-10T19:52:44.794727+00:00 DEBUG aya_obj::relocation: callee is `memset`
2026-10-10T19:52:44.794728+00:00 DEBUG aya_obj::relocation: callee `memset` is at ins 5448, 654 from current instruction 4793
2026-10-10T19:52:44.794730+00:00 DEBUG aya_obj::relocation: relocating call to callee address 0x14b8 in section 2 (relocation) at instruction 4863
2026-10-10T19:52:44.794731+00:00 DEBUG aya_obj::relocation: callee is `memset`
2026-10-10T19:52:44.794732+00:00 DEBUG aya_obj::relocation: callee `memset` is at ins 5448, 584 from current instruction 4863
2026-10-10T19:52:44.794734+00:00 DEBUG aya_obj::relocation: relocating call to callee address 0x14b8 in section 2 (relocation) at instruction 4925
2026-10-10T19:52:44.794735+00:00 DEBUG aya_obj::relocation: callee is `memset`
2026-10-10T19:52:44.794735+00:00 DEBUG aya_obj::relocation: callee `memset` is at ins 5448, 522 from current instruction 4925
2026-10-10T19:52:44.794737+00:00 DEBUG aya_obj::relocation: relocating call to callee address 0x14b8 in section 2 (relocation) at instruction 4992
2026-10-10T19:52:44.794738+00:00 DEBUG aya_obj::relocation: callee is `memset`
2026-10-10T19:52:44.794739+00:00 DEBUG aya_obj::relocation: callee `memset` is at ins 5448, 455 from current instruction 4992
2026-10-10T19:52:44.794740+00:00 DEBUG aya_obj::relocation: relocating call to callee address 0x14b8 in section 2 (relocation) at instruction 4998
2026-10-10T19:52:44.794741+00:00 DEBUG aya_obj::relocation: callee is `memset`
2026-10-10T19:52:44.794742+00:00 DEBUG aya_obj::relocation: callee `memset` is at ins 5448, 449 from current instruction 4998
2026-10-10T19:52:44.794745+00:00 DEBUG aya_obj::relocation: relocating call to callee address 0x14b8 in section 2 (relocation) at instruction 5173
2026-10-10T19:52:44.794746+00:00 DEBUG aya_obj::relocation: callee is `memset`
2026-10-10T19:52:44.794747+00:00 DEBUG aya_obj::relocation: callee `memset` is at ins 5448, 274 from current instruction 5173
2026-10-10T19:52:44.794748+00:00 DEBUG aya_obj::relocation: relocating call to callee address 0x14b8 in section 2 (relocation) at instruction 5179
2026-10-10T19:52:44.794749+00:00 DEBUG aya_obj::relocation: callee is `memset`
2026-10-10T19:52:44.794750+00:00 DEBUG aya_obj::relocation: callee `memset` is at ins 5448, 268 from current instruction 5179
2026-10-10T19:52:44.794752+00:00 DEBUG aya_obj::relocation: relocating call to callee address 0x14b8 in section 2 (relocation) at instruction 5266
2026-10-10T19:52:44.794753+00:00 DEBUG aya_obj::relocation: callee is `memset`
2026-10-10T19:52:44.794755+00:00 DEBUG aya_obj::relocation: callee `memset` is at ins 5448, 181 from current instruction 5266
2026-10-10T19:52:44.794756+00:00 DEBUG aya_obj::relocation: relocating call to callee address 0x14b8 in section 2 (relocation) at instruction 5329
2026-10-10T19:52:44.794758+00:00 DEBUG aya_obj::relocation: callee is `memset`
2026-10-10T19:52:44.794758+00:00 DEBUG aya_obj::relocation: callee `memset` is at ins 5448, 118 from current instruction 5329
2026-10-10T19:52:44.794760+00:00 DEBUG aya_obj::relocation: relocating call to callee address 0x14b8 in section 2 (relocation) at instruction 5357
2026-10-10T19:52:44.794761+00:00 DEBUG aya_obj::relocation: callee is `memset`
2026-10-10T19:52:44.794762+00:00 DEBUG aya_obj::relocation: callee `memset` is at ins 5448, 90 from current instruction 5357
2026-10-10T19:52:44.794766+00:00 DEBUG aya_obj::relocation: finished relocating program `lan_ingress_l3` function `_RNvNtCs2GI6VrNTxWR_9honk_ebpf7ingress21do_tproxy_lan_ingress`
2026-10-10T19:52:44.794768+00:00 DEBUG aya_obj::relocation: callee `_RNvNtCs2GI6VrNTxWR_9honk_ebpf7ingress21do_tproxy_lan_ingress` is at ins 7, 2 from current instruction 4
2026-10-10T19:52:44.794769+00:00 DEBUG aya_obj::relocation: finished relocating program `lan_ingress_l3` function `lan_ingress_l3`
2026-10-10T19:52:44.794771+00:00 DEBUG aya_obj::relocation: relocating program `honk_udp6_receive_enter` function `honk_udp6_receive_enter` size 55
2026-10-10T19:52:44.794772+00:00 DEBUG aya_obj::relocation: finished relocating program `honk_udp6_receive_enter` function `honk_udp6_receive_enter`
2026-10-10T19:52:44.794774+00:00 DEBUG aya_obj::relocation: relocating program `tproxy_wan_cg_sock_create_comm` function `tproxy_wan_cg_sock_create_comm` size 108
2026-10-10T19:52:44.794775+00:00 DEBUG aya_obj::relocation: relocating call to callee address 0x14b8 in section 2 (relocation) at instruction 24
2026-10-10T19:52:44.794776+00:00 DEBUG aya_obj::relocation: callee is `memset`
2026-10-10T19:52:44.794777+00:00 DEBUG aya_obj::relocation: linked function `memset` at instruction 108
2026-10-10T19:52:44.794778+00:00 DEBUG aya_obj::relocation: relocating program `tproxy_wan_cg_sock_create_comm` function `memset` size 8
2026-10-10T19:52:44.794780+00:00 DEBUG aya_obj::relocation: finished relocating program `tproxy_wan_cg_sock_create_comm` function `memset`
2026-10-10T19:52:44.794781+00:00 DEBUG aya_obj::relocation: callee `memset` is at ins 108, 83 from current instruction 24
2026-10-10T19:52:44.794782+00:00 DEBUG aya_obj::relocation: relocating call to callee address 0x14b8 in section 2 (relocation) at instruction 61
2026-10-10T19:52:44.794783+00:00 DEBUG aya_obj::relocation: callee is `memset`
2026-10-10T19:52:44.794784+00:00 DEBUG aya_obj::relocation: callee `memset` is at ins 108, 46 from current instruction 61
2026-10-10T19:52:44.794786+00:00 DEBUG aya_obj::relocation: finished relocating program `tproxy_wan_cg_sock_create_comm` function `tproxy_wan_cg_sock_create_comm`
2026-10-10T19:52:44.794787+00:00 DEBUG aya_obj::relocation: relocating program `tproxy_wan_cg_connect4` function `tproxy_wan_cg_connect4` size 185
2026-10-10T19:52:44.794789+00:00 DEBUG aya_obj::relocation: relocating call to callee address 0x14b8 in section 2 (relocation) at instruction 23
2026-10-10T19:52:44.794790+00:00 DEBUG aya_obj::relocation: callee is `memset`
2026-10-10T19:52:44.794791+00:00 DEBUG aya_obj::relocation: linked function `memset` at instruction 185
2026-10-10T19:52:44.794793+00:00 DEBUG aya_obj::relocation: relocating program `tproxy_wan_cg_connect4` function `memset` size 8
2026-10-10T19:52:44.794794+00:00 DEBUG aya_obj::relocation: finished relocating program `tproxy_wan_cg_connect4` function `memset`
2026-10-10T19:52:44.794795+00:00 DEBUG aya_obj::relocation: callee `memset` is at ins 185, 161 from current instruction 23
2026-10-10T19:52:44.794796+00:00 DEBUG aya_obj::relocation: relocating call to callee address 0x14b8 in section 2 (relocation) at instruction 80
2026-10-10T19:52:44.794798+00:00 DEBUG aya_obj::relocation: callee is `memset`
2026-10-10T19:52:44.794798+00:00 DEBUG aya_obj::relocation: callee `memset` is at ins 185, 104 from current instruction 80
2026-10-10T19:52:44.794801+00:00 DEBUG aya_obj::relocation: relocating reference to callee address 0x1320 in section 2 (relocation) at instruction 93
2026-10-10T19:52:44.794802+00:00 DEBUG aya_obj::relocation: callee is `_RNvNtCs2GI6VrNTxWR_9honk_ebpf12process_name13find_basename`
2026-10-10T19:52:44.794803+00:00 DEBUG aya_obj::relocation: linked function `_RNvNtCs2GI6VrNTxWR_9honk_ebpf12process_name13find_basename` at instruction 193
2026-10-10T19:52:44.794804+00:00 DEBUG aya_obj::relocation: relocating program `tproxy_wan_cg_connect4` function `_RNvNtCs2GI6VrNTxWR_9honk_ebpf12process_name13find_basename` size 15
2026-10-10T19:52:44.794805+00:00 DEBUG aya_obj::relocation: finished relocating program `tproxy_wan_cg_connect4` function `_RNvNtCs2GI6VrNTxWR_9honk_ebpf12process_name13find_basename`
2026-10-10T19:52:44.794806+00:00 DEBUG aya_obj::relocation: callee `_RNvNtCs2GI6VrNTxWR_9honk_ebpf12process_name13find_basename` is at ins 193, 99 from current instruction 93
2026-10-10T19:52:44.794808+00:00 DEBUG aya_obj::relocation: relocating call to callee address 0x14b8 in section 2 (relocation) at instruction 131
2026-10-10T19:52:44.794809+00:00 DEBUG aya_obj::relocation: callee is `memset`
2026-10-10T19:52:44.794810+00:00 DEBUG aya_obj::relocation: callee `memset` is at ins 185, 53 from current instruction 131
2026-10-10T19:52:44.794811+00:00 DEBUG aya_obj::relocation: finished relocating program `tproxy_wan_cg_connect4` function `tproxy_wan_cg_connect4`
2026-10-10T19:52:44.794813+00:00 DEBUG aya_obj::relocation: relocating program `lan_egress_l3` function `lan_egress_l3` size 7
2026-10-10T19:52:44.794814+00:00 DEBUG aya_obj::relocation: relocating call to callee address 0x12858 in section 2 (relocation) at instruction 4
2026-10-10T19:52:44.794815+00:00 DEBUG aya_obj::relocation: callee is `_RNvNtCs2GI6VrNTxWR_9honk_ebpf6egress20do_tproxy_lan_egress`
2026-10-10T19:52:44.794816+00:00 DEBUG aya_obj::relocation: linked function `_RNvNtCs2GI6VrNTxWR_9honk_ebpf6egress20do_tproxy_lan_egress` at instruction 7
2026-10-10T19:52:44.794818+00:00 DEBUG aya_obj::relocation: relocating program `lan_egress_l3` function `_RNvNtCs2GI6VrNTxWR_9honk_ebpf6egress20do_tproxy_lan_egress` size 887
2026-10-10T19:52:44.794819+00:00 DEBUG aya_obj::relocation: relocating call to callee address 0x14b8 in section 2 (relocation) at instruction 43
2026-10-10T19:52:44.794820+00:00 DEBUG aya_obj::relocation: callee is `memset`
2026-10-10T19:52:44.794821+00:00 DEBUG aya_obj::relocation: linked function `memset` at instruction 894
2026-10-10T19:52:44.794824+00:00 DEBUG aya_obj::relocation: relocating program `lan_egress_l3` function `memset` size 8
2026-10-10T19:52:44.794825+00:00 DEBUG aya_obj::relocation: finished relocating program `lan_egress_l3` function `memset`
2026-10-10T19:52:44.794826+00:00 DEBUG aya_obj::relocation: callee `memset` is at ins 894, 850 from current instruction 43
2026-10-10T19:52:44.794828+00:00 DEBUG aya_obj::relocation: relocating call to callee address 0x14b8 in section 2 (relocation) at instruction 118
2026-10-10T19:52:44.794829+00:00 DEBUG aya_obj::relocation: callee is `memset`
2026-10-10T19:52:44.794830+00:00 DEBUG aya_obj::relocation: callee `memset` is at ins 894, 775 from current instruction 118
2026-10-10T19:52:44.794831+00:00 DEBUG aya_obj::relocation: relocating call to callee address 0x14b8 in section 2 (relocation) at instruction 126
2026-10-10T19:52:44.794832+00:00 DEBUG aya_obj::relocation: callee is `memset`
2026-10-10T19:52:44.794833+00:00 DEBUG aya_obj::relocation: callee `memset` is at ins 894, 767 from current instruction 126
2026-10-10T19:52:44.794834+00:00 DEBUG aya_obj::relocation: relocating call to callee address 0x13f0 in section 2 (relocation) at instruction 182
2026-10-10T19:52:44.794835+00:00 DEBUG aya_obj::relocation: callee is `memmove`
2026-10-10T19:52:44.794836+00:00 DEBUG aya_obj::relocation: linked function `memmove` at instruction 902
2026-10-10T19:52:44.794837+00:00 DEBUG aya_obj::relocation: relocating program `lan_egress_l3` function `memmove` size 25
2026-10-10T19:52:44.794839+00:00 DEBUG aya_obj::relocation: finished relocating program `lan_egress_l3` function `memmove`
2026-10-10T19:52:44.794843+00:00 DEBUG aya_obj::relocation: callee `memmove` is at ins 902, 719 from current instruction 182
2026-10-10T19:52:44.794845+00:00 DEBUG aya_obj::relocation: relocating call to callee address 0x13f0 in section 2 (relocation) at instruction 290
2026-10-10T19:52:44.794846+00:00 DEBUG aya_obj::relocation: callee is `memmove`
2026-10-10T19:52:44.794847+00:00 DEBUG aya_obj::relocation: callee `memmove` is at ins 902, 611 from current instruction 290
2026-10-10T19:52:44.794848+00:00 DEBUG aya_obj::relocation: relocating call to callee address 0x13f0 in section 2 (relocation) at instruction 327
2026-10-10T19:52:44.794849+00:00 DEBUG aya_obj::relocation: callee is `memmove`
2026-10-10T19:52:44.794850+00:00 DEBUG aya_obj::relocation: callee `memmove` is at ins 902, 574 from current instruction 327
2026-10-10T19:52:44.794852+00:00 DEBUG aya_obj::relocation: relocating call to callee address 0x13f0 in section 2 (relocation) at instruction 370
2026-10-10T19:52:44.794853+00:00 DEBUG aya_obj::relocation: callee is `memmove`
2026-10-10T19:52:44.794854+00:00 DEBUG aya_obj::relocation: callee `memmove` is at ins 902, 531 from current instruction 370
2026-10-10T19:52:44.794856+00:00 DEBUG aya_obj::relocation: relocating call to callee address 0x13f0 in section 2 (relocation) at instruction 533
2026-10-10T19:52:44.794857+00:00 DEBUG aya_obj::relocation: callee is `memmove`
2026-10-10T19:52:44.794858+00:00 DEBUG aya_obj::relocation: callee `memmove` is at ins 902, 368 from current instruction 533
2026-10-10T19:52:44.794859+00:00 DEBUG aya_obj::relocation: relocating call to callee address 0x13f0 in section 2 (relocation) at instruction 540
2026-10-10T19:52:44.794860+00:00 DEBUG aya_obj::relocation: callee is `memmove`
2026-10-10T19:52:44.794861+00:00 DEBUG aya_obj::relocation: callee `memmove` is at ins 902, 361 from current instruction 540
2026-10-10T19:52:44.794862+00:00 DEBUG aya_obj::relocation: relocating call to callee address 0x14b8 in section 2 (relocation) at instruction 568
2026-10-10T19:52:44.794864+00:00 DEBUG aya_obj::relocation: callee is `memset`
2026-10-10T19:52:44.794864+00:00 DEBUG aya_obj::relocation: callee `memset` is at ins 894, 325 from current instruction 568
2026-10-10T19:52:44.794866+00:00 DEBUG aya_obj::relocation: relocating call to callee address 0x13f0 in section 2 (relocation) at instruction 612
2026-10-10T19:52:44.794867+00:00 DEBUG aya_obj::relocation: callee is `memmove`
2026-10-10T19:52:44.794868+00:00 DEBUG aya_obj::relocation: callee `memmove` is at ins 902, 289 from current instruction 612
2026-10-10T19:52:44.794869+00:00 DEBUG aya_obj::relocation: relocating call to callee address 0x13f0 in section 2 (relocation) at instruction 617
2026-10-10T19:52:44.794870+00:00 DEBUG aya_obj::relocation: callee is `memmove`
2026-10-10T19:52:44.794871+00:00 DEBUG aya_obj::relocation: callee `memmove` is at ins 902, 284 from current instruction 617
2026-10-10T19:52:44.794873+00:00 DEBUG aya_obj::relocation: relocating call to callee address 0x14b8 in section 2 (relocation) at instruction 729
2026-10-10T19:52:44.794874+00:00 DEBUG aya_obj::relocation: callee is `memset`
2026-10-10T19:52:44.794875+00:00 DEBUG aya_obj::relocation: callee `memset` is at ins 894, 164 from current instruction 729
2026-10-10T19:52:44.794876+00:00 DEBUG aya_obj::relocation: relocating call to callee address 0xdc58 in section 2 (pc-relative) at instruction 744
2026-10-10T19:52:44.794877+00:00 DEBUG aya_obj::relocation: callee is `_RNvNtCs2GI6VrNTxWR_9honk_ebpf8contrack15___mark_tcp_seen`
2026-10-10T19:52:44.794878+00:00 DEBUG aya_obj::relocation: linked function `_RNvNtCs2GI6VrNTxWR_9honk_ebpf8contrack15___mark_tcp_seen` at instruction 927
2026-10-10T19:52:44.794879+00:00 DEBUG aya_obj::relocation: relocating program `lan_egress_l3` function `_RNvNtCs2GI6VrNTxWR_9honk_ebpf8contrack15___mark_tcp_seen` size 460
2026-10-10T19:52:44.794881+00:00 DEBUG aya_obj::relocation: relocating call to callee address 0x14b8 in section 2 (relocation) at instruction 950
2026-10-10T19:52:44.794882+00:00 DEBUG aya_obj::relocation: callee is `memset`
2026-10-10T19:52:44.794883+00:00 DEBUG aya_obj::relocation: callee `memset` is at ins 894, -57 from current instruction 950
2026-10-10T19:52:44.794884+00:00 DEBUG aya_obj::relocation: relocating call to callee address 0x14b8 in section 2 (relocation) at instruction 955
2026-10-10T19:52:44.794886+00:00 DEBUG aya_obj::relocation: callee is `memset`
2026-10-10T19:52:44.794886+00:00 DEBUG aya_obj::relocation: callee `memset` is at ins 894, -62 from current instruction 955
2026-10-10T19:52:44.794888+00:00 DEBUG aya_obj::relocation: relocating call to callee address 0x14b8 in section 2 (relocation) at instruction 960
2026-10-10T19:52:44.794889+00:00 DEBUG aya_obj::relocation: callee is `memset`
2026-10-10T19:52:44.794889+00:00 DEBUG aya_obj::relocation: callee `memset` is at ins 894, -67 from current instruction 960
2026-10-10T19:52:44.794892+00:00 DEBUG aya_obj::relocation: relocating call to callee address 0x14b8 in section 2 (relocation) at instruction 1071
2026-10-10T19:52:44.794893+00:00 DEBUG aya_obj::relocation: callee is `memset`
2026-10-10T19:52:44.794894+00:00 DEBUG aya_obj::relocation: callee `memset` is at ins 894, -178 from current instruction 1071
2026-10-10T19:52:44.794895+00:00 DEBUG aya_obj::relocation: relocating call to callee address 0x14b8 in section 2 (relocation) at instruction 1076
2026-10-10T19:52:44.794896+00:00 DEBUG aya_obj::relocation: callee is `memset`
2026-10-10T19:52:44.794897+00:00 DEBUG aya_obj::relocation: callee `memset` is at ins 894, -183 from current instruction 1076
2026-10-10T19:52:44.794898+00:00 DEBUG aya_obj::relocation: relocating call to callee address 0x14b8 in section 2 (relocation) at instruction 1081
2026-10-10T19:52:44.794899+00:00 DEBUG aya_obj::relocation: callee is `memset`
2026-10-10T19:52:44.794899+00:00 DEBUG aya_obj::relocation: callee `memset` is at ins 894, -188 from current instruction 1081
2026-10-10T19:52:44.794902+00:00 DEBUG aya_obj::relocation: relocating call to callee address 0x14b8 in section 2 (relocation) at instruction 1241
2026-10-10T19:52:44.794903+00:00 DEBUG aya_obj::relocation: callee is `memset`
2026-10-10T19:52:44.794904+00:00 DEBUG aya_obj::relocation: callee `memset` is at ins 894, -348 from current instruction 1241
2026-10-10T19:52:44.794906+00:00 DEBUG aya_obj::relocation: finished relocating program `lan_egress_l3` function `_RNvNtCs2GI6VrNTxWR_9honk_ebpf8contrack15___mark_tcp_seen`
2026-10-10T19:52:44.794908+00:00 DEBUG aya_obj::relocation: callee `_RNvNtCs2GI6VrNTxWR_9honk_ebpf8contrack15___mark_tcp_seen` is at ins 927, 182 from current instruction 744
2026-10-10T19:52:44.794910+00:00 DEBUG aya_obj::relocation: relocating call to callee address 0x14b8 in section 2 (relocation) at instruction 848
2026-10-10T19:52:44.794911+00:00 DEBUG aya_obj::relocation: callee is `memset`
2026-10-10T19:52:44.794912+00:00 DEBUG aya_obj::relocation: callee `memset` is at ins 894, 45 from current instruction 848
2026-10-10T19:52:44.794913+00:00 DEBUG aya_obj::relocation: relocating call to callee address 0x10288 in section 2 (pc-relative) at instruction 854
2026-10-10T19:52:44.794914+00:00 DEBUG aya_obj::relocation: callee is `_RNvNtCs2GI6VrNTxWR_9honk_ebpf8contrack15___mark_udp_seen`
2026-10-10T19:52:44.794915+00:00 DEBUG aya_obj::relocation: linked function `_RNvNtCs2GI6VrNTxWR_9honk_ebpf8contrack15___mark_udp_seen` at instruction 1387
2026-10-10T19:52:44.794917+00:00 DEBUG aya_obj::relocation: relocating program `lan_egress_l3` function `_RNvNtCs2GI6VrNTxWR_9honk_ebpf8contrack15___mark_udp_seen` size 401
2026-10-10T19:52:44.794919+00:00 DEBUG aya_obj::relocation: relocating call to callee address 0x14b8 in section 2 (relocation) at instruction 1518
2026-10-10T19:52:44.794921+00:00 DEBUG aya_obj::relocation: callee is `memset`
2026-10-10T19:52:44.794921+00:00 DEBUG aya_obj::relocation: callee `memset` is at ins 894, -625 from current instruction 1518
2026-10-10T19:52:44.794923+00:00 DEBUG aya_obj::relocation: relocating call to callee address 0x14b8 in section 2 (relocation) at instruction 1523
2026-10-10T19:52:44.794924+00:00 DEBUG aya_obj::relocation: callee is `memset`
2026-10-10T19:52:44.794925+00:00 DEBUG aya_obj::relocation: callee `memset` is at ins 894, -630 from current instruction 1523
2026-10-10T19:52:44.794927+00:00 DEBUG aya_obj::relocation: relocating call to callee address 0x14b8 in section 2 (relocation) at instruction 1610
2026-10-10T19:52:44.794928+00:00 DEBUG aya_obj::relocation: callee is `memset`
2026-10-10T19:52:44.794929+00:00 DEBUG aya_obj::relocation: callee `memset` is at ins 894, -717 from current instruction 1610
2026-10-10T19:52:44.794931+00:00 DEBUG aya_obj::relocation: relocating call to callee address 0x14b8 in section 2 (relocation) at instruction 1680
2026-10-10T19:52:44.794932+00:00 DEBUG aya_obj::relocation: callee is `memset`
2026-10-10T19:52:44.794933+00:00 DEBUG aya_obj::relocation: callee `memset` is at ins 894, -787 from current instruction 1680
2026-10-10T19:52:44.794935+00:00 DEBUG aya_obj::relocation: finished relocating program `lan_egress_l3` function `_RNvNtCs2GI6VrNTxWR_9honk_ebpf8contrack15___mark_udp_seen`
2026-10-10T19:52:44.794936+00:00 DEBUG aya_obj::relocation: callee `_RNvNtCs2GI6VrNTxWR_9honk_ebpf8contrack15___mark_udp_seen` is at ins 1387, 532 from current instruction 854
2026-10-10T19:52:44.794937+00:00 DEBUG aya_obj::relocation: finished relocating program `lan_egress_l3` function `_RNvNtCs2GI6VrNTxWR_9honk_ebpf6egress20do_tproxy_lan_egress`
2026-10-10T19:52:44.794939+00:00 DEBUG aya_obj::relocation: callee `_RNvNtCs2GI6VrNTxWR_9honk_ebpf6egress20do_tproxy_lan_egress` is at ins 7, 2 from current instruction 4
2026-10-10T19:52:44.794940+00:00 DEBUG aya_obj::relocation: finished relocating program `lan_egress_l3` function `lan_egress_l3`
2026-10-10T19:52:44.794948+00:00 DEBUG aya_obj::relocation: relocating program `wan_egress_l2` function `wan_egress_l2` size 3360
2026-10-10T19:52:44.794949+00:00 DEBUG aya_obj::relocation: relocating call to callee address 0x14b8 in section 2 (relocation) at instruction 30
2026-10-10T19:52:44.794950+00:00 DEBUG aya_obj::relocation: callee is `memset`
2026-10-10T19:52:44.794956+00:00 DEBUG aya_obj::relocation: linked function `memset` at instruction 3360
2026-10-10T19:52:44.794958+00:00 DEBUG aya_obj::relocation: relocating program `wan_egress_l2` function `memset` size 8
2026-10-10T19:52:44.794959+00:00 DEBUG aya_obj::relocation: finished relocating program `wan_egress_l2` function `memset`
2026-10-10T19:52:44.794960+00:00 DEBUG aya_obj::relocation: callee `memset` is at ins 3360, 3329 from current instruction 30
2026-10-10T19:52:44.794962+00:00 DEBUG aya_obj::relocation: relocating call to callee address 0x14b8 in section 2 (relocation) at instruction 85
2026-10-10T19:52:44.794963+00:00 DEBUG aya_obj::relocation: callee is `memset`
2026-10-10T19:52:44.794963+00:00 DEBUG aya_obj::relocation: callee `memset` is at ins 3360, 3274 from current instruction 85
2026-10-10T19:52:44.794966+00:00 DEBUG aya_obj::relocation: relocating call to callee address 0x13f0 in section 2 (relocation) at instruction 246
2026-10-10T19:52:44.794967+00:00 DEBUG aya_obj::relocation: callee is `memmove`
2026-10-10T19:52:44.794968+00:00 DEBUG aya_obj::relocation: linked function `memmove` at instruction 3368
2026-10-10T19:52:44.794969+00:00 DEBUG aya_obj::relocation: relocating program `wan_egress_l2` function `memmove` size 25
2026-10-10T19:52:44.794971+00:00 DEBUG aya_obj::relocation: finished relocating program `wan_egress_l2` function `memmove`
2026-10-10T19:52:44.794971+00:00 DEBUG aya_obj::relocation: callee `memmove` is at ins 3368, 3121 from current instruction 246
2026-10-10T19:52:44.794973+00:00 DEBUG aya_obj::relocation: relocating call to callee address 0x13f0 in section 2 (relocation) at instruction 314
2026-10-10T19:52:44.794974+00:00 DEBUG aya_obj::relocation: callee is `memmove`
2026-10-10T19:52:44.794975+00:00 DEBUG aya_obj::relocation: callee `memmove` is at ins 3368, 3053 from current instruction 314
2026-10-10T19:52:44.794978+00:00 DEBUG aya_obj::relocation: relocating call to callee address 0x13f0 in section 2 (relocation) at instruction 347
2026-10-10T19:52:44.794979+00:00 DEBUG aya_obj::relocation: callee is `memmove`
2026-10-10T19:52:44.794979+00:00 DEBUG aya_obj::relocation: callee `memmove` is at ins 3368, 3020 from current instruction 347
2026-10-10T19:52:44.794981+00:00 DEBUG aya_obj::relocation: relocating call to callee address 0x13f0 in section 2 (relocation) at instruction 376
2026-10-10T19:52:44.794982+00:00 DEBUG aya_obj::relocation: callee is `memmove`
2026-10-10T19:52:44.794983+00:00 DEBUG aya_obj::relocation: callee `memmove` is at ins 3368, 2991 from current instruction 376
2026-10-10T19:52:44.794985+00:00 DEBUG aya_obj::relocation: relocating call to callee address 0x13f0 in section 2 (relocation) at instruction 478
2026-10-10T19:52:44.794986+00:00 DEBUG aya_obj::relocation: callee is `memmove`
2026-10-10T19:52:44.794987+00:00 DEBUG aya_obj::relocation: callee `memmove` is at ins 3368, 2889 from current instruction 478
2026-10-10T19:52:44.794988+00:00 DEBUG aya_obj::relocation: relocating call to callee address 0x13f0 in section 2 (relocation) at instruction 485
2026-10-10T19:52:44.794989+00:00 DEBUG aya_obj::relocation: callee is `memmove`
2026-10-10T19:52:44.794990+00:00 DEBUG aya_obj::relocation: callee `memmove` is at ins 3368, 2882 from current instruction 485
2026-10-10T19:52:44.794991+00:00 DEBUG aya_obj::relocation: relocating call to callee address 0x14b8 in section 2 (relocation) at instruction 510
2026-10-10T19:52:44.794992+00:00 DEBUG aya_obj::relocation: callee is `memset`
2026-10-10T19:52:44.794993+00:00 DEBUG aya_obj::relocation: callee `memset` is at ins 3360, 2849 from current instruction 510
2026-10-10T19:52:44.794994+00:00 DEBUG aya_obj::relocation: relocating call to callee address 0x13f0 in section 2 (relocation) at instruction 544
2026-10-10T19:52:44.794995+00:00 DEBUG aya_obj::relocation: callee is `memmove`
2026-10-10T19:52:44.794996+00:00 DEBUG aya_obj::relocation: callee `memmove` is at ins 3368, 2823 from current instruction 544
2026-10-10T19:52:44.794997+00:00 DEBUG aya_obj::relocation: relocating call to callee address 0x13f0 in section 2 (relocation) at instruction 549
2026-10-10T19:52:44.794998+00:00 DEBUG aya_obj::relocation: callee is `memmove`
2026-10-10T19:52:44.794999+00:00 DEBUG aya_obj::relocation: callee `memmove` is at ins 3368, 2818 from current instruction 549
2026-10-10T19:52:44.795002+00:00 DEBUG aya_obj::relocation: relocating call to callee address 0x14b8 in section 2 (relocation) at instruction 723
2026-10-10T19:52:44.795003+00:00 DEBUG aya_obj::relocation: callee is `memset`
2026-10-10T19:52:44.795004+00:00 DEBUG aya_obj::relocation: callee `memset` is at ins 3360, 2636 from current instruction 723
2026-10-10T19:52:44.795005+00:00 DEBUG aya_obj::relocation: relocating call to callee address 0xdc58 in section 2 (relocation) at instruction 737
2026-10-10T19:52:44.795006+00:00 DEBUG aya_obj::relocation: callee is `_RNvNtCs2GI6VrNTxWR_9honk_ebpf8contrack15___mark_tcp_seen`
2026-10-10T19:52:44.795008+00:00 DEBUG aya_obj::relocation: linked function `_RNvNtCs2GI6VrNTxWR_9honk_ebpf8contrack15___mark_tcp_seen` at instruction 3393
2026-10-10T19:52:44.795010+00:00 DEBUG aya_obj::relocation: relocating program `wan_egress_l2` function `_RNvNtCs2GI6VrNTxWR_9honk_ebpf8contrack15___mark_tcp_seen` size 460
2026-10-10T19:52:44.795011+00:00 DEBUG aya_obj::relocation: relocating call to callee address 0x14b8 in section 2 (relocation) at instruction 3416
2026-10-10T19:52:44.795012+00:00 DEBUG aya_obj::relocation: callee is `memset`
2026-10-10T19:52:44.795013+00:00 DEBUG aya_obj::relocation: callee `memset` is at ins 3360, -57 from current instruction 3416
2026-10-10T19:52:44.795014+00:00 DEBUG aya_obj::relocation: relocating call to callee address 0x14b8 in section 2 (relocation) at instruction 3421
2026-10-10T19:52:44.795015+00:00 DEBUG aya_obj::relocation: callee is `memset`
2026-10-10T19:52:44.795016+00:00 DEBUG aya_obj::relocation: callee `memset` is at ins 3360, -62 from current instruction 3421
2026-10-10T19:52:44.795018+00:00 DEBUG aya_obj::relocation: relocating call to callee address 0x14b8 in section 2 (relocation) at instruction 3426
2026-10-10T19:52:44.795019+00:00 DEBUG aya_obj::relocation: callee is `memset`
2026-10-10T19:52:44.795020+00:00 DEBUG aya_obj::relocation: callee `memset` is at ins 3360, -67 from current instruction 3426
2026-10-10T19:52:44.795022+00:00 DEBUG aya_obj::relocation: relocating call to callee address 0x14b8 in section 2 (relocation) at instruction 3537
2026-10-10T19:52:44.795023+00:00 DEBUG aya_obj::relocation: callee is `memset`
2026-10-10T19:52:44.795024+00:00 DEBUG aya_obj::relocation: callee `memset` is at ins 3360, -178 from current instruction 3537
2026-10-10T19:52:44.795025+00:00 DEBUG aya_obj::relocation: relocating call to callee address 0x14b8 in section 2 (relocation) at instruction 3542
2026-10-10T19:52:44.795026+00:00 DEBUG aya_obj::relocation: callee is `memset`
2026-10-10T19:52:44.795027+00:00 DEBUG aya_obj::relocation: callee `memset` is at ins 3360, -183 from current instruction 3542
2026-10-10T19:52:44.795028+00:00 DEBUG aya_obj::relocation: relocating call to callee address 0x14b8 in section 2 (relocation) at instruction 3547
2026-10-10T19:52:44.795029+00:00 DEBUG aya_obj::relocation: callee is `memset`
2026-10-10T19:52:44.795030+00:00 DEBUG aya_obj::relocation: callee `memset` is at ins 3360, -188 from current instruction 3547
2026-10-10T19:52:44.795032+00:00 DEBUG aya_obj::relocation: relocating call to callee address 0x14b8 in section 2 (relocation) at instruction 3707
2026-10-10T19:52:44.795033+00:00 DEBUG aya_obj::relocation: callee is `memset`
2026-10-10T19:52:44.795034+00:00 DEBUG aya_obj::relocation: callee `memset` is at ins 3360, -348 from current instruction 3707
2026-10-10T19:52:44.795037+00:00 DEBUG aya_obj::relocation: finished relocating program `wan_egress_l2` function `_RNvNtCs2GI6VrNTxWR_9honk_ebpf8contrack15___mark_tcp_seen`
2026-10-10T19:52:44.795038+00:00 DEBUG aya_obj::relocation: callee `_RNvNtCs2GI6VrNTxWR_9honk_ebpf8contrack15___mark_tcp_seen` is at ins 3393, 2655 from current instruction 737
2026-10-10T19:52:44.795042+00:00 DEBUG aya_obj::relocation: relocating call to callee address 0x14b8 in section 2 (relocation) at instruction 947
2026-10-10T19:52:44.795043+00:00 DEBUG aya_obj::relocation: callee is `memset`
2026-10-10T19:52:44.795044+00:00 DEBUG aya_obj::relocation: callee `memset` is at ins 3360, 2412 from current instruction 947
2026-10-10T19:52:44.795048+00:00 DEBUG aya_obj::relocation: relocating call to callee address 0x14b8 in section 2 (relocation) at instruction 1175
2026-10-10T19:52:44.795049+00:00 DEBUG aya_obj::relocation: callee is `memset`
2026-10-10T19:52:44.795049+00:00 DEBUG aya_obj::relocation: callee `memset` is at ins 3360, 2184 from current instruction 1175
2026-10-10T19:52:44.795051+00:00 DEBUG aya_obj::relocation: relocating call to callee address 0x14b8 in section 2 (relocation) at instruction 1248
2026-10-10T19:52:44.795052+00:00 DEBUG aya_obj::relocation: callee is `memset`
2026-10-10T19:52:44.795053+00:00 DEBUG aya_obj::relocation: callee `memset` is at ins 3360, 2111 from current instruction 1248
2026-10-10T19:52:44.795055+00:00 DEBUG aya_obj::relocation: relocating call to callee address 0x0 in section 2 (relocation) at instruction 1336
2026-10-10T19:52:44.795057+00:00 DEBUG aya_obj::relocation: callee is `honk_normalize_process_name`
2026-10-10T19:52:44.795058+00:00 DEBUG aya_obj::relocation: linked function `honk_normalize_process_name` at instruction 3853
2026-10-10T19:52:44.795059+00:00 DEBUG aya_obj::relocation: relocating program `wan_egress_l2` function `honk_normalize_process_name` size 145
2026-10-10T19:52:44.795060+00:00 DEBUG aya_obj::relocation: relocating call to callee address 0x14b8 in section 2 (relocation) at instruction 3862
2026-10-10T19:52:44.795061+00:00 DEBUG aya_obj::relocation: callee is `memset`
2026-10-10T19:52:44.795062+00:00 DEBUG aya_obj::relocation: callee `memset` is at ins 3360, -503 from current instruction 3862
2026-10-10T19:52:44.795066+00:00 DEBUG aya_obj::relocation: relocating call to callee address 0x14b8 in section 2 (relocation) at instruction 3868
2026-10-10T19:52:44.795069+00:00 DEBUG aya_obj::relocation: callee is `memset`
2026-10-10T19:52:44.795070+00:00 DEBUG aya_obj::relocation: callee `memset` is at ins 3360, -509 from current instruction 3868
2026-10-10T19:52:44.795071+00:00 DEBUG aya_obj::relocation: relocating call to callee address 0x488 in section 2 (relocation) at instruction 3872
2026-10-10T19:52:44.795072+00:00 DEBUG aya_obj::relocation: callee is `honk_normalize_process_step`
2026-10-10T19:52:44.795074+00:00 DEBUG aya_obj::relocation: linked function `honk_normalize_process_step` at instruction 3998
2026-10-10T19:52:44.795075+00:00 DEBUG aya_obj::relocation: relocating program `wan_egress_l2` function `honk_normalize_process_step` size 317
2026-10-10T19:52:44.795080+00:00 DEBUG aya_obj::relocation: finished relocating program `wan_egress_l2` function `honk_normalize_process_step`
2026-10-10T19:52:44.795081+00:00 DEBUG aya_obj::relocation: callee `honk_normalize_process_step` is at ins 3998, 125 from current instruction 3872
2026-10-10T19:52:44.795082+00:00 DEBUG aya_obj::relocation: relocating call to callee address 0x488 in section 2 (relocation) at instruction 3884
2026-10-10T19:52:44.795083+00:00 DEBUG aya_obj::relocation: callee is `honk_normalize_process_step`
2026-10-10T19:52:44.795084+00:00 DEBUG aya_obj::relocation: callee `honk_normalize_process_step` is at ins 3998, 113 from current instruction 3884
2026-10-10T19:52:44.795085+00:00 DEBUG aya_obj::relocation: relocating call to callee address 0x488 in section 2 (relocation) at instruction 3892
2026-10-10T19:52:44.795086+00:00 DEBUG aya_obj::relocation: callee is `honk_normalize_process_step`
2026-10-10T19:52:44.795087+00:00 DEBUG aya_obj::relocation: callee `honk_normalize_process_step` is at ins 3998, 105 from current instruction 3892
2026-10-10T19:52:44.795088+00:00 DEBUG aya_obj::relocation: relocating call to callee address 0x488 in section 2 (relocation) at instruction 3900
2026-10-10T19:52:44.795089+00:00 DEBUG aya_obj::relocation: callee is `honk_normalize_process_step`
2026-10-10T19:52:44.795090+00:00 DEBUG aya_obj::relocation: callee `honk_normalize_process_step` is at ins 3998, 97 from current instruction 3900
2026-10-10T19:52:44.795091+00:00 DEBUG aya_obj::relocation: relocating call to callee address 0x488 in section 2 (relocation) at instruction 3908
2026-10-10T19:52:44.795092+00:00 DEBUG aya_obj::relocation: callee is `honk_normalize_process_step`
2026-10-10T19:52:44.795093+00:00 DEBUG aya_obj::relocation: callee `honk_normalize_process_step` is at ins 3998, 89 from current instruction 3908
2026-10-10T19:52:44.795094+00:00 DEBUG aya_obj::relocation: relocating call to callee address 0x488 in section 2 (relocation) at instruction 3916
2026-10-10T19:52:44.795095+00:00 DEBUG aya_obj::relocation: callee is `honk_normalize_process_step`
2026-10-10T19:52:44.795096+00:00 DEBUG aya_obj::relocation: callee `honk_normalize_process_step` is at ins 3998, 81 from current instruction 3916
2026-10-10T19:52:44.795097+00:00 DEBUG aya_obj::relocation: relocating call to callee address 0x488 in section 2 (relocation) at instruction 3924
2026-10-10T19:52:44.795098+00:00 DEBUG aya_obj::relocation: callee is `honk_normalize_process_step`
2026-10-10T19:52:44.795099+00:00 DEBUG aya_obj::relocation: callee `honk_normalize_process_step` is at ins 3998, 73 from current instruction 3924
2026-10-10T19:52:44.795100+00:00 DEBUG aya_obj::relocation: relocating call to callee address 0x488 in section 2 (relocation) at instruction 3932
2026-10-10T19:52:44.795101+00:00 DEBUG aya_obj::relocation: callee is `honk_normalize_process_step`
2026-10-10T19:52:44.795102+00:00 DEBUG aya_obj::relocation: callee `honk_normalize_process_step` is at ins 3998, 65 from current instruction 3932
2026-10-10T19:52:44.795104+00:00 DEBUG aya_obj::relocation: relocating call to callee address 0x488 in section 2 (relocation) at instruction 3940
2026-10-10T19:52:44.795105+00:00 DEBUG aya_obj::relocation: callee is `honk_normalize_process_step`
2026-10-10T19:52:44.795106+00:00 DEBUG aya_obj::relocation: callee `honk_normalize_process_step` is at ins 3998, 57 from current instruction 3940
2026-10-10T19:52:44.795107+00:00 DEBUG aya_obj::relocation: relocating call to callee address 0x488 in section 2 (relocation) at instruction 3948
2026-10-10T19:52:44.795108+00:00 DEBUG aya_obj::relocation: callee is `honk_normalize_process_step`
2026-10-10T19:52:44.795109+00:00 DEBUG aya_obj::relocation: callee `honk_normalize_process_step` is at ins 3998, 49 from current instruction 3948
2026-10-10T19:52:44.795111+00:00 DEBUG aya_obj::relocation: relocating call to callee address 0x488 in section 2 (relocation) at instruction 3956
2026-10-10T19:52:44.795112+00:00 DEBUG aya_obj::relocation: callee is `honk_normalize_process_step`
2026-10-10T19:52:44.795112+00:00 DEBUG aya_obj::relocation: callee `honk_normalize_process_step` is at ins 3998, 41 from current instruction 3956
2026-10-10T19:52:44.795114+00:00 DEBUG aya_obj::relocation: relocating call to callee address 0x488 in section 2 (relocation) at instruction 3964
2026-10-10T19:52:44.795115+00:00 DEBUG aya_obj::relocation: callee is `honk_normalize_process_step`
2026-10-10T19:52:44.795116+00:00 DEBUG aya_obj::relocation: callee `honk_normalize_process_step` is at ins 3998, 33 from current instruction 3964
2026-10-10T19:52:44.795117+00:00 DEBUG aya_obj::relocation: relocating call to callee address 0x488 in section 2 (relocation) at instruction 3972
2026-10-10T19:52:44.795118+00:00 DEBUG aya_obj::relocation: callee is `honk_normalize_process_step`
2026-10-10T19:52:44.795119+00:00 DEBUG aya_obj::relocation: callee `honk_normalize_process_step` is at ins 3998, 25 from current instruction 3972
2026-10-10T19:52:44.795120+00:00 DEBUG aya_obj::relocation: relocating call to callee address 0x488 in section 2 (relocation) at instruction 3980
2026-10-10T19:52:44.795121+00:00 DEBUG aya_obj::relocation: callee is `honk_normalize_process_step`
2026-10-10T19:52:44.795122+00:00 DEBUG aya_obj::relocation: callee `honk_normalize_process_step` is at ins 3998, 17 from current instruction 3980
2026-10-10T19:52:44.795123+00:00 DEBUG aya_obj::relocation: relocating call to callee address 0x488 in section 2 (relocation) at instruction 3988
2026-10-10T19:52:44.795124+00:00 DEBUG aya_obj::relocation: callee is `honk_normalize_process_step`
2026-10-10T19:52:44.795125+00:00 DEBUG aya_obj::relocation: callee `honk_normalize_process_step` is at ins 3998, 9 from current instruction 3988
2026-10-10T19:52:44.795126+00:00 DEBUG aya_obj::relocation: relocating call to callee address 0x488 in section 2 (relocation) at instruction 3996
2026-10-10T19:52:44.795127+00:00 DEBUG aya_obj::relocation: callee is `honk_normalize_process_step`
2026-10-10T19:52:44.795128+00:00 DEBUG aya_obj::relocation: callee `honk_normalize_process_step` is at ins 3998, 1 from current instruction 3996
2026-10-10T19:52:44.795129+00:00 DEBUG aya_obj::relocation: finished relocating program `wan_egress_l2` function `honk_normalize_process_name`
2026-10-10T19:52:44.795130+00:00 DEBUG aya_obj::relocation: callee `honk_normalize_process_name` is at ins 3853, 2516 from current instruction 1336
2026-10-10T19:52:44.795131+00:00 DEBUG aya_obj::relocation: relocating call to callee address 0x1070 in section 2 (relocation) at instruction 1367
2026-10-10T19:52:44.795133+00:00 DEBUG aya_obj::relocation: callee is `honk_route_slot1`
2026-10-10T19:52:44.795133+00:00 DEBUG aya_obj::relocation: linked function `honk_route_slot1` at instruction 4315
2026-10-10T19:52:44.795134+00:00 DEBUG aya_obj::relocation: relocating program `wan_egress_l2` function `honk_route_slot1` size 64
2026-10-10T19:52:44.795136+00:00 DEBUG aya_obj::relocation: finished relocating program `wan_egress_l2` function `honk_route_slot1`
2026-10-10T19:52:44.795137+00:00 DEBUG aya_obj::relocation: callee `honk_route_slot1` is at ins 4315, 2947 from current instruction 1367
2026-10-10T19:52:44.795138+00:00 DEBUG aya_obj::relocation: relocating call to callee address 0xe70 in section 2 (relocation) at instruction 1371
2026-10-10T19:52:44.795140+00:00 DEBUG aya_obj::relocation: callee is `honk_route_slot0`
2026-10-10T19:52:44.795141+00:00 DEBUG aya_obj::relocation: linked function `honk_route_slot0` at instruction 4379
2026-10-10T19:52:44.795142+00:00 DEBUG aya_obj::relocation: relocating program `wan_egress_l2` function `honk_route_slot0` size 64
2026-10-10T19:52:44.795144+00:00 DEBUG aya_obj::relocation: finished relocating program `wan_egress_l2` function `honk_route_slot0`
2026-10-10T19:52:44.795145+00:00 DEBUG aya_obj::relocation: callee `honk_route_slot0` is at ins 4379, 3007 from current instruction 1371
2026-10-10T19:52:44.795147+00:00 DEBUG aya_obj::relocation: relocating call to callee address 0x14b8 in section 2 (relocation) at instruction 1517
2026-10-10T19:52:44.795148+00:00 DEBUG aya_obj::relocation: callee is `memset`
2026-10-10T19:52:44.795149+00:00 DEBUG aya_obj::relocation: callee `memset` is at ins 3360, 1842 from current instruction 1517
2026-10-10T19:52:44.795151+00:00 DEBUG aya_obj::relocation: relocating call to callee address 0xdc58 in section 2 (relocation) at instruction 1601
2026-10-10T19:52:44.795152+00:00 DEBUG aya_obj::relocation: callee is `_RNvNtCs2GI6VrNTxWR_9honk_ebpf8contrack15___mark_tcp_seen`
2026-10-10T19:52:44.795153+00:00 DEBUG aya_obj::relocation: callee `_RNvNtCs2GI6VrNTxWR_9honk_ebpf8contrack15___mark_tcp_seen` is at ins 3393, 1791 from current instruction 1601
2026-10-10T19:52:44.795156+00:00 DEBUG aya_obj::relocation: relocating call to callee address 0x14b8 in section 2 (relocation) at instruction 1728
2026-10-10T19:52:44.795157+00:00 DEBUG aya_obj::relocation: callee is `memset`
2026-10-10T19:52:44.795158+00:00 DEBUG aya_obj::relocation: callee `memset` is at ins 3360, 1631 from current instruction 1728
2026-10-10T19:52:44.795160+00:00 DEBUG aya_obj::relocation: relocating call to callee address 0x14b8 in section 2 (relocation) at instruction 1823
2026-10-10T19:52:44.795161+00:00 DEBUG aya_obj::relocation: callee is `memset`
2026-10-10T19:52:44.795162+00:00 DEBUG aya_obj::relocation: callee `memset` is at ins 3360, 1536 from current instruction 1823
2026-10-10T19:52:44.795163+00:00 DEBUG aya_obj::relocation: relocating call to callee address 0x0 in section 2 (relocation) at instruction 1861
2026-10-10T19:52:44.795164+00:00 DEBUG aya_obj::relocation: callee is `honk_normalize_process_name`
2026-10-10T19:52:44.795165+00:00 DEBUG aya_obj::relocation: callee `honk_normalize_process_name` is at ins 3853, 1991 from current instruction 1861
2026-10-10T19:52:44.795167+00:00 DEBUG aya_obj::relocation: relocating call to callee address 0x1070 in section 2 (relocation) at instruction 1892
2026-10-10T19:52:44.795168+00:00 DEBUG aya_obj::relocation: callee is `honk_route_slot1`
2026-10-10T19:52:44.795169+00:00 DEBUG aya_obj::relocation: callee `honk_route_slot1` is at ins 4315, 2422 from current instruction 1892
2026-10-10T19:52:44.795170+00:00 DEBUG aya_obj::relocation: relocating call to callee address 0xe70 in section 2 (relocation) at instruction 1896
2026-10-10T19:52:44.795171+00:00 DEBUG aya_obj::relocation: callee is `honk_route_slot0`
2026-10-10T19:52:44.795172+00:00 DEBUG aya_obj::relocation: callee `honk_route_slot0` is at ins 4379, 2482 from current instruction 1896
2026-10-10T19:52:44.795175+00:00 DEBUG aya_obj::relocation: relocating call to callee address 0x14b8 in section 2 (relocation) at instruction 2138
2026-10-10T19:52:44.795176+00:00 DEBUG aya_obj::relocation: callee is `memset`
2026-10-10T19:52:44.795177+00:00 DEBUG aya_obj::relocation: callee `memset` is at ins 3360, 1221 from current instruction 2138
2026-10-10T19:52:44.795179+00:00 DEBUG aya_obj::relocation: relocating call to callee address 0x14b8 in section 2 (relocation) at instruction 2235
2026-10-10T19:52:44.795180+00:00 DEBUG aya_obj::relocation: callee is `memset`
2026-10-10T19:52:44.795181+00:00 DEBUG aya_obj::relocation: callee `memset` is at ins 3360, 1124 from current instruction 2235
2026-10-10T19:52:44.795184+00:00 DEBUG aya_obj::relocation: relocating call to callee address 0x14b8 in section 2 (relocation) at instruction 2375
2026-10-10T19:52:44.795186+00:00 DEBUG aya_obj::relocation: callee is `memset`
2026-10-10T19:52:44.795187+00:00 DEBUG aya_obj::relocation: callee `memset` is at ins 3360, 984 from current instruction 2375
2026-10-10T19:52:44.795189+00:00 DEBUG aya_obj::relocation: relocating call to callee address 0x10288 in section 2 (relocation) at instruction 2437
2026-10-10T19:52:44.795190+00:00 DEBUG aya_obj::relocation: callee is `_RNvNtCs2GI6VrNTxWR_9honk_ebpf8contrack15___mark_udp_seen`
2026-10-10T19:52:44.795192+00:00 DEBUG aya_obj::relocation: linked function `_RNvNtCs2GI6VrNTxWR_9honk_ebpf8contrack15___mark_udp_seen` at instruction 4443
2026-10-10T19:52:44.795193+00:00 DEBUG aya_obj::relocation: relocating program `wan_egress_l2` function `_RNvNtCs2GI6VrNTxWR_9honk_ebpf8contrack15___mark_udp_seen` size 401
2026-10-10T19:52:44.795195+00:00 DEBUG aya_obj::relocation: relocating call to callee address 0x14b8 in section 2 (relocation) at instruction 4574
2026-10-10T19:52:44.795196+00:00 DEBUG aya_obj::relocation: callee is `memset`
2026-10-10T19:52:44.795197+00:00 DEBUG aya_obj::relocation: callee `memset` is at ins 3360, -1215 from current instruction 4574
2026-10-10T19:52:44.795198+00:00 DEBUG aya_obj::relocation: relocating call to callee address 0x14b8 in section 2 (relocation) at instruction 4579
2026-10-10T19:52:44.795199+00:00 DEBUG aya_obj::relocation: callee is `memset`
2026-10-10T19:52:44.795200+00:00 DEBUG aya_obj::relocation: callee `memset` is at ins 3360, -1220 from current instruction 4579
2026-10-10T19:52:44.795202+00:00 DEBUG aya_obj::relocation: relocating call to callee address 0x14b8 in section 2 (relocation) at instruction 4666
2026-10-10T19:52:44.795203+00:00 DEBUG aya_obj::relocation: callee is `memset`
2026-10-10T19:52:44.795204+00:00 DEBUG aya_obj::relocation: callee `memset` is at ins 3360, -1307 from current instruction 4666
2026-10-10T19:52:44.795206+00:00 DEBUG aya_obj::relocation: relocating call to callee address 0x14b8 in section 2 (relocation) at instruction 4736
2026-10-10T19:52:44.795207+00:00 DEBUG aya_obj::relocation: callee is `memset`
2026-10-10T19:52:44.795208+00:00 DEBUG aya_obj::relocation: callee `memset` is at ins 3360, -1377 from current instruction 4736
2026-10-10T19:52:44.795210+00:00 DEBUG aya_obj::relocation: finished relocating program `wan_egress_l2` function `_RNvNtCs2GI6VrNTxWR_9honk_ebpf8contrack15___mark_udp_seen`
2026-10-10T19:52:44.795211+00:00 DEBUG aya_obj::relocation: callee `_RNvNtCs2GI6VrNTxWR_9honk_ebpf8contrack15___mark_udp_seen` is at ins 4443, 2005 from current instruction 2437
2026-10-10T19:52:44.795214+00:00 DEBUG aya_obj::relocation: relocating call to callee address 0x14b8 in section 2 (relocation) at instruction 2593
2026-10-10T19:52:44.795215+00:00 DEBUG aya_obj::relocation: callee is `memset`
2026-10-10T19:52:44.795216+00:00 DEBUG aya_obj::relocation: callee `memset` is at ins 3360, 766 from current instruction 2593
2026-10-10T19:52:44.795219+00:00 DEBUG aya_obj::relocation: relocating call to callee address 0x14b8 in section 2 (relocation) at instruction 2791
2026-10-10T19:52:44.795220+00:00 DEBUG aya_obj::relocation: callee is `memset`
2026-10-10T19:52:44.795221+00:00 DEBUG aya_obj::relocation: callee `memset` is at ins 3360, 568 from current instruction 2791
2026-10-10T19:52:44.795224+00:00 DEBUG aya_obj::relocation: relocating call to callee address 0x14b8 in section 2 (relocation) at instruction 2958
2026-10-10T19:52:44.795225+00:00 DEBUG aya_obj::relocation: callee is `memset`
2026-10-10T19:52:44.795226+00:00 DEBUG aya_obj::relocation: callee `memset` is at ins 3360, 401 from current instruction 2958
2026-10-10T19:52:44.795228+00:00 DEBUG aya_obj::relocation: relocating call to callee address 0x14b8 in section 2 (relocation) at instruction 3062
2026-10-10T19:52:44.795229+00:00 DEBUG aya_obj::relocation: callee is `memset`
2026-10-10T19:52:44.795230+00:00 DEBUG aya_obj::relocation: callee `memset` is at ins 3360, 297 from current instruction 3062
2026-10-10T19:52:44.795234+00:00 DEBUG aya_obj::relocation: relocating call to callee address 0x14b8 in section 2 (relocation) at instruction 3276
2026-10-10T19:52:44.795235+00:00 DEBUG aya_obj::relocation: callee is `memset`
2026-10-10T19:52:44.795236+00:00 DEBUG aya_obj::relocation: callee `memset` is at ins 3360, 83 from current instruction 3276
2026-10-10T19:52:44.795238+00:00 DEBUG aya_obj::relocation: finished relocating program `wan_egress_l2` function `wan_egress_l2`
2026-10-10T19:52:44.795241+00:00 DEBUG aya_obj::relocation: relocating program `tproxy_wan_cg_connect6_comm` function `tproxy_wan_cg_connect6_comm` size 108
2026-10-10T19:52:44.795242+00:00 DEBUG aya_obj::relocation: relocating call to callee address 0x14b8 in section 2 (relocation) at instruction 24
2026-10-10T19:52:44.795243+00:00 DEBUG aya_obj::relocation: callee is `memset`
2026-10-10T19:52:44.795244+00:00 DEBUG aya_obj::relocation: linked function `memset` at instruction 108
2026-10-10T19:52:44.795245+00:00 DEBUG aya_obj::relocation: relocating program `tproxy_wan_cg_connect6_comm` function `memset` size 8
2026-10-10T19:52:44.795246+00:00 DEBUG aya_obj::relocation: finished relocating program `tproxy_wan_cg_connect6_comm` function `memset`
2026-10-10T19:52:44.795247+00:00 DEBUG aya_obj::relocation: callee `memset` is at ins 108, 83 from current instruction 24
2026-10-10T19:52:44.795249+00:00 DEBUG aya_obj::relocation: relocating call to callee address 0x14b8 in section 2 (relocation) at instruction 61
2026-10-10T19:52:44.795250+00:00 DEBUG aya_obj::relocation: callee is `memset`
2026-10-10T19:52:44.795251+00:00 DEBUG aya_obj::relocation: callee `memset` is at ins 108, 46 from current instruction 61
2026-10-10T19:52:44.795252+00:00 DEBUG aya_obj::relocation: finished relocating program `tproxy_wan_cg_connect6_comm` function `tproxy_wan_cg_connect6_comm`
2026-10-10T19:52:44.795254+00:00 DEBUG aya_obj::relocation: relocating program `dae0_ingress` function `dae0_ingress` size 6
2026-10-10T19:52:44.795255+00:00 DEBUG aya_obj::relocation: relocating call to callee address 0x14f8 in section 2 (relocation) at instruction 3
2026-10-10T19:52:44.795256+00:00 DEBUG aya_obj::relocation: callee is `_RNvNtCs2GI6VrNTxWR_9honk_ebpf7ingress22do_tproxy_dae0_ingress`
2026-10-10T19:52:44.795257+00:00 DEBUG aya_obj::relocation: linked function `_RNvNtCs2GI6VrNTxWR_9honk_ebpf7ingress22do_tproxy_dae0_ingress` at instruction 6
2026-10-10T19:52:44.795259+00:00 DEBUG aya_obj::relocation: relocating program `dae0_ingress` function `_RNvNtCs2GI6VrNTxWR_9honk_ebpf7ingress22do_tproxy_dae0_ingress` size 739
2026-10-10T19:52:44.795260+00:00 DEBUG aya_obj::relocation: relocating call to callee address 0x14b8 in section 2 (relocation) at instruction 38
2026-10-10T19:52:44.795261+00:00 DEBUG aya_obj::relocation: callee is `memset`
2026-10-10T19:52:44.795263+00:00 DEBUG aya_obj::relocation: linked function `memset` at instruction 745
2026-10-10T19:52:44.795265+00:00 DEBUG aya_obj::relocation: relocating program `dae0_ingress` function `memset` size 8
2026-10-10T19:52:44.795266+00:00 DEBUG aya_obj::relocation: finished relocating program `dae0_ingress` function `memset`
2026-10-10T19:52:44.795267+00:00 DEBUG aya_obj::relocation: callee `memset` is at ins 745, 706 from current instruction 38
2026-10-10T19:52:44.795268+00:00 DEBUG aya_obj::relocation: relocating call to callee address 0x14b8 in section 2 (relocation) at instruction 92
2026-10-10T19:52:44.795269+00:00 DEBUG aya_obj::relocation: callee is `memset`
2026-10-10T19:52:44.795270+00:00 DEBUG aya_obj::relocation: callee `memset` is at ins 745, 652 from current instruction 92
2026-10-10T19:52:44.795273+00:00 DEBUG aya_obj::relocation: relocating call to callee address 0x13f0 in section 2 (relocation) at instruction 253
2026-10-10T19:52:44.795274+00:00 DEBUG aya_obj::relocation: callee is `memmove`
2026-10-10T19:52:44.795275+00:00 DEBUG aya_obj::relocation: linked function `memmove` at instruction 753
2026-10-10T19:52:44.795276+00:00 DEBUG aya_obj::relocation: relocating program `dae0_ingress` function `memmove` size 25
2026-10-10T19:52:44.795277+00:00 DEBUG aya_obj::relocation: finished relocating program `dae0_ingress` function `memmove`
2026-10-10T19:52:44.795279+00:00 DEBUG aya_obj::relocation: callee `memmove` is at ins 753, 499 from current instruction 253
2026-10-10T19:52:44.795281+00:00 DEBUG aya_obj::relocation: relocating call to callee address 0x13f0 in section 2 (relocation) at instruction 321
2026-10-10T19:52:44.795282+00:00 DEBUG aya_obj::relocation: callee is `memmove`
2026-10-10T19:52:44.795282+00:00 DEBUG aya_obj::relocation: callee `memmove` is at ins 753, 431 from current instruction 321
2026-10-10T19:52:44.795284+00:00 DEBUG aya_obj::relocation: relocating call to callee address 0x13f0 in section 2 (relocation) at instruction 354
2026-10-10T19:52:44.795285+00:00 DEBUG aya_obj::relocation: callee is `memmove`
2026-10-10T19:52:44.795286+00:00 DEBUG aya_obj::relocation: callee `memmove` is at ins 753, 398 from current instruction 354
2026-10-10T19:52:44.795287+00:00 DEBUG aya_obj::relocation: relocating call to callee address 0x13f0 in section 2 (relocation) at instruction 391
2026-10-10T19:52:44.795288+00:00 DEBUG aya_obj::relocation: callee is `memmove`
2026-10-10T19:52:44.795289+00:00 DEBUG aya_obj::relocation: callee `memmove` is at ins 753, 361 from current instruction 391
2026-10-10T19:52:44.795291+00:00 DEBUG aya_obj::relocation: relocating call to callee address 0x13f0 in section 2 (relocation) at instruction 489
2026-10-10T19:52:44.795292+00:00 DEBUG aya_obj::relocation: callee is `memmove`
2026-10-10T19:52:44.795293+00:00 DEBUG aya_obj::relocation: callee `memmove` is at ins 753, 263 from current instruction 489
2026-10-10T19:52:44.795294+00:00 DEBUG aya_obj::relocation: relocating call to callee address 0x13f0 in section 2 (relocation) at instruction 496
2026-10-10T19:52:44.795295+00:00 DEBUG aya_obj::relocation: callee is `memmove`
2026-10-10T19:52:44.795296+00:00 DEBUG aya_obj::relocation: callee `memmove` is at ins 753, 256 from current instruction 496
2026-10-10T19:52:44.795297+00:00 DEBUG aya_obj::relocation: relocating call to callee address 0x14b8 in section 2 (relocation) at instruction 520
2026-10-10T19:52:44.795298+00:00 DEBUG aya_obj::relocation: callee is `memset`
2026-10-10T19:52:44.795299+00:00 DEBUG aya_obj::relocation: callee `memset` is at ins 745, 224 from current instruction 520
2026-10-10T19:52:44.795300+00:00 DEBUG aya_obj::relocation: relocating call to callee address 0x13f0 in section 2 (relocation) at instruction 555
2026-10-10T19:52:44.795301+00:00 DEBUG aya_obj::relocation: callee is `memmove`
2026-10-10T19:52:44.795302+00:00 DEBUG aya_obj::relocation: callee `memmove` is at ins 753, 197 from current instruction 555
2026-10-10T19:52:44.795303+00:00 DEBUG aya_obj::relocation: relocating call to callee address 0x13f0 in section 2 (relocation) at instruction 560
2026-10-10T19:52:44.795304+00:00 DEBUG aya_obj::relocation: callee is `memmove`
2026-10-10T19:52:44.795305+00:00 DEBUG aya_obj::relocation: callee `memmove` is at ins 753, 192 from current instruction 560
2026-10-10T19:52:44.795307+00:00 DEBUG aya_obj::relocation: relocating call to callee address 0x14b8 in section 2 (relocation) at instruction 606
2026-10-10T19:52:44.795308+00:00 DEBUG aya_obj::relocation: callee is `memset`
2026-10-10T19:52:44.795309+00:00 DEBUG aya_obj::relocation: callee `memset` is at ins 745, 138 from current instruction 606
2026-10-10T19:52:44.795311+00:00 DEBUG aya_obj::relocation: relocating call to callee address 0x14b8 in section 2 (relocation) at instruction 736
2026-10-10T19:52:44.795312+00:00 DEBUG aya_obj::relocation: callee is `memset`
2026-10-10T19:52:44.795313+00:00 DEBUG aya_obj::relocation: callee `memset` is at ins 745, 8 from current instruction 736
2026-10-10T19:52:44.795314+00:00 DEBUG aya_obj::relocation: finished relocating program `dae0_ingress` function `_RNvNtCs2GI6VrNTxWR_9honk_ebpf7ingress22do_tproxy_dae0_ingress`
2026-10-10T19:52:44.795315+00:00 DEBUG aya_obj::relocation: callee `_RNvNtCs2GI6VrNTxWR_9honk_ebpf7ingress22do_tproxy_dae0_ingress` is at ins 6, 2 from current instruction 3
2026-10-10T19:52:44.795316+00:00 DEBUG aya_obj::relocation: finished relocating program `dae0_ingress` function `dae0_ingress`
2026-10-10T19:52:44.795318+00:00 DEBUG aya_obj::relocation: relocating program `honk_udp6_receive_exit` function `honk_udp6_receive_exit` size 88
2026-10-10T19:52:44.795320+00:00 DEBUG aya_obj::relocation: finished relocating program `honk_udp6_receive_exit` function `honk_udp6_receive_exit`
2026-10-10T19:52:44.795322+00:00 DEBUG aya_obj::relocation: relocating program `tproxy_wan_cg_connect4_comm` function `tproxy_wan_cg_connect4_comm` size 108
2026-10-10T19:52:44.795323+00:00 DEBUG aya_obj::relocation: relocating call to callee address 0x14b8 in section 2 (relocation) at instruction 24
2026-10-10T19:52:44.795324+00:00 DEBUG aya_obj::relocation: callee is `memset`
2026-10-10T19:52:44.795325+00:00 DEBUG aya_obj::relocation: linked function `memset` at instruction 108
2026-10-10T19:52:44.795327+00:00 DEBUG aya_obj::relocation: relocating program `tproxy_wan_cg_connect4_comm` function `memset` size 8
2026-10-10T19:52:44.795328+00:00 DEBUG aya_obj::relocation: finished relocating program `tproxy_wan_cg_connect4_comm` function `memset`
2026-10-10T19:52:44.795329+00:00 DEBUG aya_obj::relocation: callee `memset` is at ins 108, 83 from current instruction 24
2026-10-10T19:52:44.795330+00:00 DEBUG aya_obj::relocation: relocating call to callee address 0x14b8 in section 2 (relocation) at instruction 61
2026-10-10T19:52:44.795331+00:00 DEBUG aya_obj::relocation: callee is `memset`
2026-10-10T19:52:44.795332+00:00 DEBUG aya_obj::relocation: callee `memset` is at ins 108, 46 from current instruction 61
2026-10-10T19:52:44.795334+00:00 DEBUG aya_obj::relocation: finished relocating program `tproxy_wan_cg_connect4_comm` function `tproxy_wan_cg_connect4_comm`
2026-10-10T19:52:44.795335+00:00 DEBUG aya_obj::relocation: relocating program `lan_egress_l2` function `lan_egress_l2` size 7
2026-10-10T19:52:44.795336+00:00 DEBUG aya_obj::relocation: relocating call to callee address 0x12858 in section 2 (relocation) at instruction 4
2026-10-10T19:52:44.795337+00:00 DEBUG aya_obj::relocation: callee is `_RNvNtCs2GI6VrNTxWR_9honk_ebpf6egress20do_tproxy_lan_egress`
2026-10-10T19:52:44.795338+00:00 DEBUG aya_obj::relocation: linked function `_RNvNtCs2GI6VrNTxWR_9honk_ebpf6egress20do_tproxy_lan_egress` at instruction 7
2026-10-10T19:52:44.795340+00:00 DEBUG aya_obj::relocation: relocating program `lan_egress_l2` function `_RNvNtCs2GI6VrNTxWR_9honk_ebpf6egress20do_tproxy_lan_egress` size 887
2026-10-10T19:52:44.795341+00:00 DEBUG aya_obj::relocation: relocating call to callee address 0x14b8 in section 2 (relocation) at instruction 43
2026-10-10T19:52:44.795342+00:00 DEBUG aya_obj::relocation: callee is `memset`
2026-10-10T19:52:44.795343+00:00 DEBUG aya_obj::relocation: linked function `memset` at instruction 894
2026-10-10T19:52:44.795347+00:00 DEBUG aya_obj::relocation: relocating program `lan_egress_l2` function `memset` size 8
2026-10-10T19:52:44.795348+00:00 DEBUG aya_obj::relocation: finished relocating program `lan_egress_l2` function `memset`
2026-10-10T19:52:44.795349+00:00 DEBUG aya_obj::relocation: callee `memset` is at ins 894, 850 from current instruction 43
2026-10-10T19:52:44.795351+00:00 DEBUG aya_obj::relocation: relocating call to callee address 0x14b8 in section 2 (relocation) at instruction 118
2026-10-10T19:52:44.795352+00:00 DEBUG aya_obj::relocation: callee is `memset`
2026-10-10T19:52:44.795353+00:00 DEBUG aya_obj::relocation: callee `memset` is at ins 894, 775 from current instruction 118
2026-10-10T19:52:44.795354+00:00 DEBUG aya_obj::relocation: relocating call to callee address 0x14b8 in section 2 (relocation) at instruction 126
2026-10-10T19:52:44.795355+00:00 DEBUG aya_obj::relocation: callee is `memset`
2026-10-10T19:52:44.795356+00:00 DEBUG aya_obj::relocation: callee `memset` is at ins 894, 767 from current instruction 126
2026-10-10T19:52:44.795358+00:00 DEBUG aya_obj::relocation: relocating call to callee address 0x13f0 in section 2 (relocation) at instruction 182
2026-10-10T19:52:44.795359+00:00 DEBUG aya_obj::relocation: callee is `memmove`
2026-10-10T19:52:44.795359+00:00 DEBUG aya_obj::relocation: linked function `memmove` at instruction 902
2026-10-10T19:52:44.795362+00:00 DEBUG aya_obj::relocation: relocating program `lan_egress_l2` function `memmove` size 25
2026-10-10T19:52:44.795363+00:00 DEBUG aya_obj::relocation: finished relocating program `lan_egress_l2` function `memmove`
2026-10-10T19:52:44.795364+00:00 DEBUG aya_obj::relocation: callee `memmove` is at ins 902, 719 from current instruction 182
2026-10-10T19:52:44.795366+00:00 DEBUG aya_obj::relocation: relocating call to callee address 0x13f0 in section 2 (relocation) at instruction 290
2026-10-10T19:52:44.795367+00:00 DEBUG aya_obj::relocation: callee is `memmove`
2026-10-10T19:52:44.795368+00:00 DEBUG aya_obj::relocation: callee `memmove` is at ins 902, 611 from current instruction 290
2026-10-10T19:52:44.795369+00:00 DEBUG aya_obj::relocation: relocating call to callee address 0x13f0 in section 2 (relocation) at instruction 327
2026-10-10T19:52:44.795371+00:00 DEBUG aya_obj::relocation: callee is `memmove`
2026-10-10T19:52:44.795371+00:00 DEBUG aya_obj::relocation: callee `memmove` is at ins 902, 574 from current instruction 327
2026-10-10T19:52:44.795373+00:00 DEBUG aya_obj::relocation: relocating call to callee address 0x13f0 in section 2 (relocation) at instruction 370
2026-10-10T19:52:44.795374+00:00 DEBUG aya_obj::relocation: callee is `memmove`
2026-10-10T19:52:44.795375+00:00 DEBUG aya_obj::relocation: callee `memmove` is at ins 902, 531 from current instruction 370
2026-10-10T19:52:44.795377+00:00 DEBUG aya_obj::relocation: relocating call to callee address 0x13f0 in section 2 (relocation) at instruction 533
2026-10-10T19:52:44.795378+00:00 DEBUG aya_obj::relocation: callee is `memmove`
2026-10-10T19:52:44.795379+00:00 DEBUG aya_obj::relocation: callee `memmove` is at ins 902, 368 from current instruction 533
2026-10-10T19:52:44.795380+00:00 DEBUG aya_obj::relocation: relocating call to callee address 0x13f0 in section 2 (relocation) at instruction 540
2026-10-10T19:52:44.795381+00:00 DEBUG aya_obj::relocation: callee is `memmove`
2026-10-10T19:52:44.795382+00:00 DEBUG aya_obj::relocation: callee `memmove` is at ins 902, 361 from current instruction 540
2026-10-10T19:52:44.795384+00:00 DEBUG aya_obj::relocation: relocating call to callee address 0x14b8 in section 2 (relocation) at instruction 568
2026-10-10T19:52:44.795385+00:00 DEBUG aya_obj::relocation: callee is `memset`
2026-10-10T19:52:44.795385+00:00 DEBUG aya_obj::relocation: callee `memset` is at ins 894, 325 from current instruction 568
2026-10-10T19:52:44.795387+00:00 DEBUG aya_obj::relocation: relocating call to callee address 0x13f0 in section 2 (relocation) at instruction 612
2026-10-10T19:52:44.795388+00:00 DEBUG aya_obj::relocation: callee is `memmove`
2026-10-10T19:52:44.795389+00:00 DEBUG aya_obj::relocation: callee `memmove` is at ins 902, 289 from current instruction 612
2026-10-10T19:52:44.795390+00:00 DEBUG aya_obj::relocation: relocating call to callee address 0x13f0 in section 2 (relocation) at instruction 617
2026-10-10T19:52:44.795391+00:00 DEBUG aya_obj::relocation: callee is `memmove`
2026-10-10T19:52:44.795392+00:00 DEBUG aya_obj::relocation: callee `memmove` is at ins 902, 284 from current instruction 617
2026-10-10T19:52:44.795394+00:00 DEBUG aya_obj::relocation: relocating call to callee address 0x14b8 in section 2 (relocation) at instruction 729
2026-10-10T19:52:44.795395+00:00 DEBUG aya_obj::relocation: callee is `memset`
2026-10-10T19:52:44.795396+00:00 DEBUG aya_obj::relocation: callee `memset` is at ins 894, 164 from current instruction 729
2026-10-10T19:52:44.795397+00:00 DEBUG aya_obj::relocation: relocating call to callee address 0xdc58 in section 2 (pc-relative) at instruction 744
2026-10-10T19:52:44.795398+00:00 DEBUG aya_obj::relocation: callee is `_RNvNtCs2GI6VrNTxWR_9honk_ebpf8contrack15___mark_tcp_seen`
2026-10-10T19:52:44.795399+00:00 DEBUG aya_obj::relocation: linked function `_RNvNtCs2GI6VrNTxWR_9honk_ebpf8contrack15___mark_tcp_seen` at instruction 927
2026-10-10T19:52:44.795400+00:00 DEBUG aya_obj::relocation: relocating program `lan_egress_l2` function `_RNvNtCs2GI6VrNTxWR_9honk_ebpf8contrack15___mark_tcp_seen` size 460
2026-10-10T19:52:44.795403+00:00 DEBUG aya_obj::relocation: relocating call to callee address 0x14b8 in section 2 (relocation) at instruction 950
2026-10-10T19:52:44.795404+00:00 DEBUG aya_obj::relocation: callee is `memset`
2026-10-10T19:52:44.795405+00:00 DEBUG aya_obj::relocation: callee `memset` is at ins 894, -57 from current instruction 950
2026-10-10T19:52:44.795406+00:00 DEBUG aya_obj::relocation: relocating call to callee address 0x14b8 in section 2 (relocation) at instruction 955
2026-10-10T19:52:44.795407+00:00 DEBUG aya_obj::relocation: callee is `memset`
2026-10-10T19:52:44.795408+00:00 DEBUG aya_obj::relocation: callee `memset` is at ins 894, -62 from current instruction 955
2026-10-10T19:52:44.795409+00:00 DEBUG aya_obj::relocation: relocating call to callee address 0x14b8 in section 2 (relocation) at instruction 960
2026-10-10T19:52:44.795410+00:00 DEBUG aya_obj::relocation: callee is `memset`
2026-10-10T19:52:44.795411+00:00 DEBUG aya_obj::relocation: callee `memset` is at ins 894, -67 from current instruction 960
2026-10-10T19:52:44.795413+00:00 DEBUG aya_obj::relocation: relocating call to callee address 0x14b8 in section 2 (relocation) at instruction 1071
2026-10-10T19:52:44.795414+00:00 DEBUG aya_obj::relocation: callee is `memset`
2026-10-10T19:52:44.795415+00:00 DEBUG aya_obj::relocation: callee `memset` is at ins 894, -178 from current instruction 1071
2026-10-10T19:52:44.795416+00:00 DEBUG aya_obj::relocation: relocating call to callee address 0x14b8 in section 2 (relocation) at instruction 1076
2026-10-10T19:52:44.795417+00:00 DEBUG aya_obj::relocation: callee is `memset`
2026-10-10T19:52:44.795418+00:00 DEBUG aya_obj::relocation: callee `memset` is at ins 894, -183 from current instruction 1076
2026-10-10T19:52:44.795419+00:00 DEBUG aya_obj::relocation: relocating call to callee address 0x14b8 in section 2 (relocation) at instruction 1081
2026-10-10T19:52:44.795420+00:00 DEBUG aya_obj::relocation: callee is `memset`
2026-10-10T19:52:44.795421+00:00 DEBUG aya_obj::relocation: callee `memset` is at ins 894, -188 from current instruction 1081
2026-10-10T19:52:44.795423+00:00 DEBUG aya_obj::relocation: relocating call to callee address 0x14b8 in section 2 (relocation) at instruction 1241
2026-10-10T19:52:44.795425+00:00 DEBUG aya_obj::relocation: callee is `memset`
2026-10-10T19:52:44.795425+00:00 DEBUG aya_obj::relocation: callee `memset` is at ins 894, -348 from current instruction 1241
2026-10-10T19:52:44.795428+00:00 DEBUG aya_obj::relocation: finished relocating program `lan_egress_l2` function `_RNvNtCs2GI6VrNTxWR_9honk_ebpf8contrack15___mark_tcp_seen`
2026-10-10T19:52:44.795429+00:00 DEBUG aya_obj::relocation: callee `_RNvNtCs2GI6VrNTxWR_9honk_ebpf8contrack15___mark_tcp_seen` is at ins 927, 182 from current instruction 744
2026-10-10T19:52:44.795431+00:00 DEBUG aya_obj::relocation: relocating call to callee address 0x14b8 in section 2 (relocation) at instruction 848
2026-10-10T19:52:44.795432+00:00 DEBUG aya_obj::relocation: callee is `memset`
2026-10-10T19:52:44.795433+00:00 DEBUG aya_obj::relocation: callee `memset` is at ins 894, 45 from current instruction 848
2026-10-10T19:52:44.795434+00:00 DEBUG aya_obj::relocation: relocating call to callee address 0x10288 in section 2 (pc-relative) at instruction 854
2026-10-10T19:52:44.795435+00:00 DEBUG aya_obj::relocation: callee is `_RNvNtCs2GI6VrNTxWR_9honk_ebpf8contrack15___mark_udp_seen`
2026-10-10T19:52:44.795436+00:00 DEBUG aya_obj::relocation: linked function `_RNvNtCs2GI6VrNTxWR_9honk_ebpf8contrack15___mark_udp_seen` at instruction 1387
2026-10-10T19:52:44.795437+00:00 DEBUG aya_obj::relocation: relocating program `lan_egress_l2` function `_RNvNtCs2GI6VrNTxWR_9honk_ebpf8contrack15___mark_udp_seen` size 401
2026-10-10T19:52:44.795440+00:00 DEBUG aya_obj::relocation: relocating call to callee address 0x14b8 in section 2 (relocation) at instruction 1518
2026-10-10T19:52:44.795441+00:00 DEBUG aya_obj::relocation: callee is `memset`
2026-10-10T19:52:44.795443+00:00 DEBUG aya_obj::relocation: callee `memset` is at ins 894, -625 from current instruction 1518
2026-10-10T19:52:44.795444+00:00 DEBUG aya_obj::relocation: relocating call to callee address 0x14b8 in section 2 (relocation) at instruction 1523
2026-10-10T19:52:44.795445+00:00 DEBUG aya_obj::relocation: callee is `memset`
2026-10-10T19:52:44.795446+00:00 DEBUG aya_obj::relocation: callee `memset` is at ins 894, -630 from current instruction 1523
2026-10-10T19:52:44.795447+00:00 DEBUG aya_obj::relocation: relocating call to callee address 0x14b8 in section 2 (relocation) at instruction 1610
2026-10-10T19:52:44.795448+00:00 DEBUG aya_obj::relocation: callee is `memset`
2026-10-10T19:52:44.795449+00:00 DEBUG aya_obj::relocation: callee `memset` is at ins 894, -717 from current instruction 1610
2026-10-10T19:52:44.795451+00:00 DEBUG aya_obj::relocation: relocating call to callee address 0x14b8 in section 2 (relocation) at instruction 1680
2026-10-10T19:52:44.795452+00:00 DEBUG aya_obj::relocation: callee is `memset`
2026-10-10T19:52:44.795453+00:00 DEBUG aya_obj::relocation: callee `memset` is at ins 894, -787 from current instruction 1680
2026-10-10T19:52:44.795455+00:00 DEBUG aya_obj::relocation: finished relocating program `lan_egress_l2` function `_RNvNtCs2GI6VrNTxWR_9honk_ebpf8contrack15___mark_udp_seen`
2026-10-10T19:52:44.795456+00:00 DEBUG aya_obj::relocation: callee `_RNvNtCs2GI6VrNTxWR_9honk_ebpf8contrack15___mark_udp_seen` is at ins 1387, 532 from current instruction 854
2026-10-10T19:52:44.795458+00:00 DEBUG aya_obj::relocation: finished relocating program `lan_egress_l2` function `_RNvNtCs2GI6VrNTxWR_9honk_ebpf6egress20do_tproxy_lan_egress`
2026-10-10T19:52:44.795459+00:00 DEBUG aya_obj::relocation: callee `_RNvNtCs2GI6VrNTxWR_9honk_ebpf6egress20do_tproxy_lan_egress` is at ins 7, 2 from current instruction 4
2026-10-10T19:52:44.795460+00:00 DEBUG aya_obj::relocation: finished relocating program `lan_egress_l2` function `lan_egress_l2`
2026-10-10T19:52:44.799707+00:00  INFO honk_core::ebpf::real::attach: Loading eBPF programs (1815760 bytes)
2026-10-10T19:52:44.799789+00:00  INFO honk_core::ebpf::real::attach: Kernel 7.2.0 supports bpf_redirect_peer, enabling
2026-10-10T19:52:44.799893+00:00 DEBUG honk_core::ebpf::real::attach: PARAM: port=12345 dae0_ifindex=1107 wan_ifindex=2 (iface=ens3)
2026-10-10T19:52:44.815932+00:00 DEBUG aya_obj::btf::btf: changing FUNC memcpy linkage to BTF_FUNC_STATIC
2026-10-10T19:52:44.815954+00:00 DEBUG aya_obj::btf::btf: changing FUNC memmove linkage to BTF_FUNC_STATIC
2026-10-10T19:52:44.815955+00:00 DEBUG aya_obj::btf::btf: changing FUNC memset linkage to BTF_FUNC_STATIC
2026-10-10T19:52:44.815959+00:00 DEBUG aya_obj::btf::btf: [DATASEC] .data: fixup size to 8
2026-10-10T19:52:44.815961+00:00 DEBUG aya_obj::btf::btf: [DATASEC] .data: VAR ROUTING_SLOT0_ERROR: fixup offset 0
2026-10-10T19:52:44.815963+00:00 DEBUG aya_obj::btf::btf: [DATASEC] .data: VAR ROUTING_SLOT1_ERROR: fixup offset 4
2026-10-10T19:52:44.815964+00:00 DEBUG aya_obj::btf::btf: [DATASEC] .maps: fixup size to 968
2026-10-10T19:52:44.815965+00:00 DEBUG aya_obj::btf::btf: [DATASEC] .maps: VAR EVENT_RINGBUF: fixup offset 0
2026-10-10T19:52:44.815966+00:00 DEBUG aya_obj::btf::btf: [DATASEC] .maps: VAR OUTBOUND_STATS: fixup offset 48
2026-10-10T19:52:44.815967+00:00 DEBUG aya_obj::btf::btf: [DATASEC] .maps: VAR LISTEN_SOCKET_MAP: fixup offset 88
2026-10-10T19:52:44.815968+00:00 DEBUG aya_obj::btf::btf: [DATASEC] .maps: VAR CLIENT_REPLY_TRACK: fixup offset 128
2026-10-10T19:52:44.815969+00:00 DEBUG aya_obj::btf::btf: [DATASEC] .maps: VAR UDP_DECISION_SCRATCH_MAP: fixup offset 168
2026-10-10T19:52:44.815970+00:00 DEBUG aya_obj::btf::btf: [DATASEC] .maps: VAR UDP_DECISION_SEQUENCE: fixup offset 208
2026-10-10T19:52:44.815971+00:00 DEBUG aya_obj::btf::btf: [DATASEC] .maps: VAR DATAPATH_FLAGS_MAP: fixup offset 248
2026-10-10T19:52:44.815972+00:00 DEBUG aya_obj::btf::btf: [DATASEC] .maps: VAR DATAPATH_STATE_MAP: fixup offset 288
2026-10-10T19:52:44.815973+00:00 DEBUG aya_obj::btf::btf: [DATASEC] .maps: VAR UDP_DECISION_INFLIGHT: fixup offset 328
2026-10-10T19:52:44.815981+00:00 DEBUG aya_obj::btf::btf: [DATASEC] .maps: VAR UDP_DECISION_EPOCH: fixup offset 368
2026-10-10T19:52:44.815982+00:00 DEBUG aya_obj::btf::btf: [DATASEC] .maps: VAR BPF_STATS_MAP: fixup offset 408
2026-10-10T19:52:44.815983+00:00 DEBUG aya_obj::btf::btf: [DATASEC] .maps: VAR ROUTING_POLICY_ROOT: fixup offset 448
2026-10-10T19:52:44.815985+00:00 DEBUG aya_obj::btf::btf: [DATASEC] .maps: VAR ROUTE_TRACE_SEQUENCE: fixup offset 488
2026-10-10T19:52:44.815986+00:00 DEBUG aya_obj::btf::btf: [DATASEC] .maps: VAR ROUTE_TRACE_MAP: fixup offset 528
2026-10-10T19:52:44.815987+00:00 DEBUG aya_obj::btf::btf: [DATASEC] .maps: VAR ROUTING_HANDOFF_MAP: fixup offset 568
2026-10-10T19:52:44.815988+00:00 DEBUG aya_obj::btf::btf: [DATASEC] .maps: VAR PKT_SCRATCH_KEY: fixup offset 608
2026-10-10T19:52:44.815989+00:00 DEBUG aya_obj::btf::btf: [DATASEC] .maps: VAR UDP_DECISION_RETIRE_FENCE: fixup offset 648
2026-10-10T19:52:44.815990+00:00 DEBUG aya_obj::btf::btf: [DATASEC] .maps: VAR COOKIE_PID_MAP: fixup offset 688
2026-10-10T19:52:44.815991+00:00 DEBUG aya_obj::btf::btf: [DATASEC] .maps: VAR OUTBOUND_CONNECTIVITY_MAP: fixup offset 728
2026-10-10T19:52:44.815992+00:00 DEBUG aya_obj::btf::btf: [DATASEC] .maps: VAR CONN_STATE_MAP: fixup offset 768
2026-10-10T19:52:44.815993+00:00 DEBUG aya_obj::btf::btf: [DATASEC] .maps: VAR REDIRECT_TRACK: fixup offset 808
2026-10-10T19:52:44.815994+00:00 DEBUG aya_obj::btf::btf: [DATASEC] .maps: VAR CONNTRACK_ARGS_MAP: fixup offset 848
2026-10-10T19:52:44.815995+00:00 DEBUG aya_obj::btf::btf: [DATASEC] .maps: VAR CONN_STATE_OCCUPANCY: fixup offset 888
2026-10-10T19:52:44.815996+00:00 DEBUG aya_obj::btf::btf: [DATASEC] .maps: VAR PARSE_CTX_MAP: fixup offset 928
2026-10-10T19:52:44.815997+00:00 DEBUG aya_obj::btf::btf: [DATASEC] .rodata: fixup size to 72
2026-10-10T19:52:44.815998+00:00 DEBUG aya_obj::btf::btf: [DATASEC] .rodata: VAR DAE0PEER_IFINDEX: fixup offset 0
2026-10-10T19:52:44.815999+00:00 DEBUG aya_obj::btf::btf: [DATASEC] .rodata: VAR MM_ARG_START_OFFSET: fixup offset 4
2026-10-10T19:52:44.816000+00:00 DEBUG aya_obj::btf::btf: [DATASEC] .rodata: VAR RECEIVE_OWNER_TGID: fixup offset 8
2026-10-10T19:52:44.816001+00:00 DEBUG aya_obj::btf::btf: [DATASEC] .rodata: VAR RECEIVE_SKB_MARK_OFFSET: fixup offset 12
2026-10-10T19:52:44.816002+00:00 DEBUG aya_obj::btf::btf: [DATASEC] .rodata: VAR RECEIVE_SKB_PRIORITY_OFFSET: fixup offset 16
2026-10-10T19:52:44.816003+00:00 DEBUG aya_obj::btf::btf: [DATASEC] .rodata: VAR RECEIVE_SOCK_COOKIE_OFFSET: fixup offset 20
2026-10-10T19:52:44.816005+00:00 DEBUG aya_obj::btf::btf: [DATASEC] .rodata: VAR TASK_MM_OFFSET: fixup offset 24
2026-10-10T19:52:44.816006+00:00 DEBUG aya_obj::btf::btf: [DATASEC] .rodata: VAR WAN_IFINDEX: fixup offset 28
2026-10-10T19:52:44.816007+00:00 DEBUG aya_obj::btf::btf: [DATASEC] .rodata: VAR PARAM: fixup offset 32
2026-10-10T19:52:44.816008+00:00 DEBUG aya_obj::btf::btf: [DATASEC] maps: fixup size to 28
2026-10-10T19:52:44.816008+00:00 DEBUG aya_obj::btf::btf: [DATASEC] maps: VAR RECEIVE_TRACE: fixup offset 0
2026-10-10T19:52:44.817787+00:00 DEBUG aya_obj::relocation: relocating map by section index 26, kind Data at insn 60 in section 2
2026-10-10T19:52:44.817802+00:00 DEBUG aya_obj::relocation: relocating map by section index 26, kind Data at insn 60 in section 2
2026-10-10T19:52:44.817806+00:00 DEBUG aya_obj::relocation: relocating map by symbol index Some(72), kind BtfMaps at insn 16 in section 2
2026-10-10T19:52:44.817809+00:00 DEBUG aya_obj::relocation: relocating map by symbol index Some(74), kind BtfMaps at insn 635 in section 2
2026-10-10T19:52:44.817811+00:00 DEBUG aya_obj::relocation: relocating map by symbol index Some(73), kind BtfMaps at insn 617 in section 2
2026-10-10T19:52:44.817812+00:00 DEBUG aya_obj::relocation: relocating map by symbol index Some(71), kind BtfMaps at insn 6 in section 2
2026-10-10T19:52:44.817813+00:00 DEBUG aya_obj::relocation: relocating map by symbol index Some(75), kind BtfMaps at insn 733 in section 2
2026-10-10T19:52:44.817815+00:00 DEBUG aya_obj::relocation: relocating map by symbol index Some(51), kind BtfMaps at insn 183 in section 2
2026-10-10T19:52:44.817821+00:00 DEBUG aya_obj::relocation: relocating map by symbol index Some(85), kind BtfMaps at insn 1180 in section 2
2026-10-10T19:52:44.817823+00:00 DEBUG aya_obj::relocation: relocating map by symbol index Some(80), kind BtfMaps at insn 1228 in section 2
2026-10-10T19:52:44.817824+00:00 DEBUG aya_obj::relocation: relocating map by symbol index Some(87), kind BtfMaps at insn 4737 in section 2
2026-10-10T19:52:44.817825+00:00 DEBUG aya_obj::relocation: relocating map by section index 24, kind Rodata at insn 3868 in section 2
2026-10-10T19:52:44.817826+00:00 DEBUG aya_obj::relocation: relocating map by section index 24, kind Rodata at insn 1029 in section 2
2026-10-10T19:52:44.817827+00:00 DEBUG aya_obj::relocation: relocating map by symbol index Some(57), kind BtfMaps at insn 4315 in section 2
2026-10-10T19:52:44.817828+00:00 DEBUG aya_obj::relocation: relocating map by section index 24, kind Rodata at insn 5406 in section 2
2026-10-10T19:52:44.817829+00:00 DEBUG aya_obj::relocation: relocating map by symbol index Some(87), kind BtfMaps at insn 5000 in section 2
2026-10-10T19:52:44.817830+00:00 DEBUG aya_obj::relocation: relocating map by symbol index Some(87), kind BtfMaps at insn 1592 in section 2
2026-10-10T19:52:44.817832+00:00 DEBUG aya_obj::relocation: relocating map by symbol index Some(83), kind BtfMaps at insn 954 in section 2
2026-10-10T19:52:44.817833+00:00 DEBUG aya_obj::relocation: relocating map by symbol index Some(83), kind BtfMaps at insn 1934 in section 2
2026-10-10T19:52:44.817834+00:00 DEBUG aya_obj::relocation: relocating map by symbol index Some(87), kind BtfMaps at insn 5180 in section 2
2026-10-10T19:52:44.817835+00:00 DEBUG aya_obj::relocation: relocating map by symbol index Some(57), kind BtfMaps at insn 3849 in section 2
2026-10-10T19:52:44.817836+00:00 DEBUG aya_obj::relocation: relocating map by symbol index Some(75), kind BtfMaps at insn 4594 in section 2
2026-10-10T19:52:44.817837+00:00 DEBUG aya_obj::relocation: relocating map by symbol index Some(92), kind BtfMaps at insn 5236 in section 2
2026-10-10T19:52:44.817839+00:00 DEBUG aya_obj::relocation: relocating map by symbol index Some(80), kind BtfMaps at insn 2601 in section 2
2026-10-10T19:52:44.817840+00:00 DEBUG aya_obj::relocation: relocating map by symbol index Some(83), kind BtfMaps at insn 2310 in section 2
2026-10-10T19:52:44.817841+00:00 DEBUG aya_obj::relocation: relocating map by symbol index Some(83), kind BtfMaps at insn 1798 in section 2
2026-10-10T19:52:44.817842+00:00 DEBUG aya_obj::relocation: relocating map by symbol index Some(81), kind BtfMaps at insn 2583 in section 2
2026-10-10T19:52:44.817843+00:00 DEBUG aya_obj::relocation: relocating map by symbol index Some(91), kind BtfMaps at insn 4245 in section 2
2026-10-10T19:52:44.817844+00:00 DEBUG aya_obj::relocation: relocating map by symbol index Some(83), kind BtfMaps at insn 1833 in section 2
2026-10-10T19:52:44.817846+00:00 DEBUG aya_obj::relocation: relocating map by section index 24, kind Rodata at insn 743 in section 2
2026-10-10T19:52:44.817847+00:00 DEBUG aya_obj::relocation: relocating map by symbol index Some(73), kind BtfMaps at insn 4093 in section 2
2026-10-10T19:52:44.817848+00:00 DEBUG aya_obj::relocation: relocating map by symbol index Some(73), kind BtfMaps at insn 4787 in section 2
2026-10-10T19:52:44.817849+00:00 DEBUG aya_obj::relocation: relocating map by section index 24, kind Rodata at insn 4806 in section 2
2026-10-10T19:52:44.817850+00:00 DEBUG aya_obj::relocation: relocating map by symbol index Some(84), kind BtfMaps at insn 1978 in section 2
2026-10-10T19:52:44.817851+00:00 DEBUG aya_obj::relocation: relocating map by symbol index Some(87), kind BtfMaps at insn 2454 in section 2
2026-10-10T19:52:44.817853+00:00 DEBUG aya_obj::relocation: relocating map by symbol index Some(74), kind BtfMaps at insn 2234 in section 2
2026-10-10T19:52:44.817854+00:00 DEBUG aya_obj::relocation: relocating map by symbol index Some(74), kind BtfMaps at insn 3992 in section 2
2026-10-10T19:52:44.817856+00:00 DEBUG aya_obj::relocation: relocating map by symbol index Some(80), kind BtfMaps at insn 2002 in section 2
2026-10-10T19:52:44.817857+00:00 DEBUG aya_obj::relocation: relocating map by symbol index Some(73), kind BtfMaps at insn 4570 in section 2
2026-10-10T19:52:44.817858+00:00 DEBUG aya_obj::relocation: relocating map by symbol index Some(83), kind BtfMaps at insn 2333 in section 2
2026-10-10T19:52:44.817859+00:00 DEBUG aya_obj::relocation: relocating map by symbol index Some(57), kind BtfMaps at insn 5028 in section 2
2026-10-10T19:52:44.817860+00:00 DEBUG aya_obj::relocation: relocating map by symbol index Some(91), kind BtfMaps at insn 5095 in section 2
2026-10-10T19:52:44.817861+00:00 DEBUG aya_obj::relocation: relocating map by symbol index Some(82), kind BtfMaps at insn 1360 in section 2
2026-10-10T19:52:44.817862+00:00 DEBUG aya_obj::relocation: relocating map by symbol index Some(80), kind BtfMaps at insn 2844 in section 2
2026-10-10T19:52:44.817864+00:00 DEBUG aya_obj::relocation: relocating map by symbol index Some(80), kind BtfMaps at insn 1757 in section 2
2026-10-10T19:52:44.817865+00:00 DEBUG aya_obj::relocation: relocating map by symbol index Some(91), kind BtfMaps at insn 5122 in section 2
2026-10-10T19:52:44.817866+00:00 DEBUG aya_obj::relocation: relocating map by symbol index Some(73), kind BtfMaps at insn 4896 in section 2
2026-10-10T19:52:44.817867+00:00 DEBUG aya_obj::relocation: relocating map by symbol index Some(90), kind BtfMaps at insn 3208 in section 2
2026-10-10T19:52:44.817868+00:00 DEBUG aya_obj::relocation: relocating map by symbol index Some(82), kind BtfMaps at insn 1789 in section 2
2026-10-10T19:52:44.817869+00:00 DEBUG aya_obj::relocation: relocating map by symbol index Some(57), kind BtfMaps at insn 4605 in section 2
2026-10-10T19:52:44.817870+00:00 DEBUG aya_obj::relocation: relocating map by symbol index Some(57), kind BtfMaps at insn 4328 in section 2
2026-10-10T19:52:44.817872+00:00 DEBUG aya_obj::relocation: relocating map by symbol index Some(73), kind BtfMaps at insn 4473 in section 2
2026-10-10T19:52:44.817873+00:00 DEBUG aya_obj::relocation: relocating map by symbol index Some(92), kind BtfMaps at insn 4832 in section 2
2026-10-10T19:52:44.817874+00:00 DEBUG aya_obj::relocation: relocating map by symbol index Some(73), kind BtfMaps at insn 4200 in section 2
2026-10-10T19:52:44.817875+00:00 DEBUG aya_obj::relocation: relocating map by symbol index Some(82), kind BtfMaps at insn 2619 in section 2
2026-10-10T19:52:44.817876+00:00 DEBUG aya_obj::relocation: relocating map by symbol index Some(75), kind BtfMaps at insn 3838 in section 2
2026-10-10T19:52:44.817877+00:00 DEBUG aya_obj::relocation: relocating map by symbol index Some(81), kind BtfMaps at insn 2905 in section 2
2026-10-10T19:52:44.817878+00:00 DEBUG aya_obj::relocation: relocating map by symbol index Some(83), kind BtfMaps at insn 989 in section 2
2026-10-10T19:52:44.817880+00:00 DEBUG aya_obj::relocation: relocating map by section index 24, kind Rodata at insn 2098 in section 2
2026-10-10T19:52:44.817881+00:00 DEBUG aya_obj::relocation: relocating map by symbol index Some(92), kind BtfMaps at insn 3749 in section 2
2026-10-10T19:52:44.817882+00:00 DEBUG aya_obj::relocation: relocating map by symbol index Some(80), kind BtfMaps at insn 1098 in section 2
2026-10-10T19:52:44.817883+00:00 DEBUG aya_obj::relocation: relocating map by symbol index Some(74), kind BtfMaps at insn 4403 in section 2
2026-10-10T19:52:44.817884+00:00 DEBUG aya_obj::relocation: relocating map by symbol index Some(75), kind BtfMaps at insn 3518 in section 2
2026-10-10T19:52:44.817885+00:00 DEBUG aya_obj::relocation: relocating map by symbol index Some(91), kind BtfMaps at insn 4941 in section 2
2026-10-10T19:52:44.817886+00:00 DEBUG aya_obj::relocation: relocating map by section index 24, kind Rodata at insn 3933 in section 2
2026-10-10T19:52:44.817887+00:00 DEBUG aya_obj::relocation: relocating map by symbol index Some(75), kind BtfMaps at insn 5323 in section 2
2026-10-10T19:52:44.817889+00:00 DEBUG aya_obj::relocation: relocating map by symbol index Some(73), kind BtfMaps at insn 3496 in section 2
2026-10-10T19:52:44.817890+00:00 DEBUG aya_obj::relocation: relocating map by section index 24, kind Rodata at insn 922 in section 2
2026-10-10T19:52:44.817892+00:00 DEBUG aya_obj::relocation: relocating map by symbol index Some(84), kind BtfMaps at insn 2321 in section 2
2026-10-10T19:52:44.817893+00:00 DEBUG aya_obj::relocation: relocating map by symbol index Some(82), kind BtfMaps at insn 2879 in section 2
2026-10-10T19:52:44.817894+00:00 DEBUG aya_obj::relocation: relocating map by symbol index Some(79), kind BtfMaps at insn 846 in section 2
2026-10-10T19:52:44.817895+00:00 DEBUG aya_obj::relocation: relocating map by symbol index Some(83), kind BtfMaps at insn 1990 in section 2
2026-10-10T19:52:44.817896+00:00 DEBUG aya_obj::relocation: relocating map by symbol index Some(89), kind BtfMaps at insn 1750 in section 2
2026-10-10T19:52:44.817897+00:00 DEBUG aya_obj::relocation: relocating map by symbol index Some(80), kind BtfMaps at insn 796 in section 2
2026-10-10T19:52:44.817898+00:00 DEBUG aya_obj::relocation: relocating map by symbol index Some(74), kind BtfMaps at insn 3615 in section 2
2026-10-10T19:52:44.817899+00:00 DEBUG aya_obj::relocation: relocating map by symbol index Some(80), kind BtfMaps at insn 1781 in section 2
2026-10-10T19:52:44.817900+00:00 DEBUG aya_obj::relocation: relocating map by symbol index Some(80), kind BtfMaps at insn 1342 in section 2
2026-10-10T19:52:44.817901+00:00 DEBUG aya_obj::relocation: relocating map by symbol index Some(82), kind BtfMaps at insn 2853 in section 2
2026-10-10T19:52:44.817903+00:00 DEBUG aya_obj::relocation: relocating map by symbol index Some(92), kind BtfMaps at insn 3431 in section 2
2026-10-10T19:52:44.817904+00:00 DEBUG aya_obj::relocation: relocating map by symbol index Some(74), kind BtfMaps at insn 3730 in section 2
2026-10-10T19:52:44.817905+00:00 DEBUG aya_obj::relocation: relocating map by symbol index Some(85), kind BtfMaps at insn 2477 in section 2
2026-10-10T19:52:44.817906+00:00 DEBUG aya_obj::relocation: relocating map by symbol index Some(81), kind BtfMaps at insn 1137 in section 2
2026-10-10T19:52:44.817907+00:00 DEBUG aya_obj::relocation: relocating map by symbol index Some(57), kind BtfMaps at insn 4614 in section 2
2026-10-10T19:52:44.817908+00:00 DEBUG aya_obj::relocation: relocating map by symbol index Some(81), kind BtfMaps at insn 823 in section 2
2026-10-10T19:52:44.817909+00:00 DEBUG aya_obj::relocation: relocating map by symbol index Some(80), kind BtfMaps at insn 2884 in section 2
2026-10-10T19:52:44.817910+00:00 DEBUG aya_obj::relocation: relocating map by symbol index Some(85), kind BtfMaps at insn 1090 in section 2
2026-10-10T19:52:44.817911+00:00 DEBUG aya_obj::relocation: relocating map by symbol index Some(57), kind BtfMaps at insn 3858 in section 2
2026-10-10T19:52:44.817913+00:00 DEBUG aya_obj::relocation: relocating map by symbol index Some(74), kind BtfMaps at insn 3250 in section 2
2026-10-10T19:52:44.817914+00:00 DEBUG aya_obj::relocation: relocating map by symbol index Some(57), kind BtfMaps at insn 5190 in section 2
2026-10-10T19:52:44.817915+00:00 DEBUG aya_obj::relocation: relocating map by symbol index Some(57), kind BtfMaps at insn 5391 in section 2
2026-10-10T19:52:44.817916+00:00 DEBUG aya_obj::relocation: relocating map by symbol index Some(84), kind BtfMaps at insn 3072 in section 2
2026-10-10T19:52:44.817917+00:00 DEBUG aya_obj::relocation: relocating map by symbol index Some(80), kind BtfMaps at insn 874 in section 2
2026-10-10T19:52:44.817918+00:00 DEBUG aya_obj::relocation: relocating map by symbol index Some(83), kind BtfMaps at insn 2373 in section 2
2026-10-10T19:52:44.817919+00:00 DEBUG aya_obj::relocation: relocating map by symbol index Some(73), kind BtfMaps at insn 5300 in section 2
2026-10-10T19:52:44.817920+00:00 DEBUG aya_obj::relocation: relocating map by symbol index Some(83), kind BtfMaps at insn 1819 in section 2
2026-10-10T19:52:44.817921+00:00 DEBUG aya_obj::relocation: relocating map by symbol index Some(84), kind BtfMaps at insn 1943 in section 2
2026-10-10T19:52:44.817923+00:00 DEBUG aya_obj::relocation: relocating map by section index 24, kind Rodata at insn 669 in section 2
2026-10-10T19:52:44.817924+00:00 DEBUG aya_obj::relocation: relocating map by symbol index Some(57), kind BtfMaps at insn 5010 in section 2
2026-10-10T19:52:44.817925+00:00 DEBUG aya_obj::relocation: relocating map by symbol index Some(83), kind BtfMaps at insn 1955 in section 2
2026-10-10T19:52:44.817927+00:00 DEBUG aya_obj::relocation: relocating map by symbol index Some(82), kind BtfMaps at insn 882 in section 2
2026-10-10T19:52:44.817928+00:00 DEBUG aya_obj::relocation: relocating map by symbol index Some(74), kind BtfMaps at insn 3579 in section 2
2026-10-10T19:52:44.817929+00:00 DEBUG aya_obj::relocation: relocating map by symbol index Some(57), kind BtfMaps at insn 3529 in section 2
2026-10-10T19:52:44.817930+00:00 DEBUG aya_obj::relocation: relocating map by symbol index Some(80), kind BtfMaps at insn 2011 in section 2
2026-10-10T19:52:44.817931+00:00 DEBUG aya_obj::relocation: relocating map by symbol index Some(84), kind BtfMaps at insn 998 in section 2
2026-10-10T19:52:44.817932+00:00 DEBUG aya_obj::relocation: relocating map by symbol index Some(78), kind BtfMaps at insn 7 in section 2
2026-10-10T19:52:44.817933+00:00 DEBUG aya_obj::relocation: relocating map by symbol index Some(80), kind BtfMaps at insn 2610 in section 2
2026-10-10T19:52:44.817935+00:00 DEBUG aya_obj::relocation: relocating map by section index 24, kind Rodata at insn 4624 in section 2
2026-10-10T19:52:44.817936+00:00 DEBUG aya_obj::relocation: relocating map by symbol index Some(74), kind BtfMaps at insn 3162 in section 2
2026-10-10T19:52:44.817937+00:00 DEBUG aya_obj::relocation: relocating map by symbol index Some(92), kind BtfMaps at insn 2785 in section 2
2026-10-10T19:52:44.817938+00:00 DEBUG aya_obj::relocation: relocating map by symbol index Some(80), kind BtfMaps at insn 2485 in section 2
2026-10-10T19:52:44.817939+00:00 DEBUG aya_obj::relocation: relocating map by symbol index Some(91), kind BtfMaps at insn 2683 in section 2
2026-10-10T19:52:44.817940+00:00 DEBUG aya_obj::relocation: relocating map by symbol index Some(75), kind BtfMaps at insn 4223 in section 2
2026-10-10T19:52:44.817941+00:00 DEBUG aya_obj::relocation: relocating map by symbol index Some(82), kind BtfMaps at insn 2550 in section 2
2026-10-10T19:52:44.817942+00:00 DEBUG aya_obj::relocation: relocating map by symbol index Some(84), kind BtfMaps at insn 4358 in section 2
2026-10-10T19:52:44.817943+00:00 DEBUG aya_obj::relocation: relocating map by symbol index Some(83), kind BtfMaps at insn 1969 in section 2
2026-10-10T19:52:44.817944+00:00 DEBUG aya_obj::relocation: relocating map by section index 24, kind Rodata at insn 828 in section 2
2026-10-10T19:52:44.817946+00:00 DEBUG aya_obj::relocation: relocating map by symbol index Some(73), kind BtfMaps at insn 3685 in section 2
2026-10-10T19:52:44.817947+00:00 DEBUG aya_obj::relocation: relocating map by symbol index Some(82), kind BtfMaps at insn 2892 in section 2
2026-10-10T19:52:44.817948+00:00 DEBUG aya_obj::relocation: relocating map by symbol index Some(83), kind BtfMaps at insn 2350 in section 2
2026-10-10T19:52:44.817949+00:00 DEBUG aya_obj::relocation: relocating map by symbol index Some(80), kind BtfMaps at insn 2817 in section 2
2026-10-10T19:52:44.817950+00:00 DEBUG aya_obj::relocation: relocating map by symbol index Some(88), kind BtfMaps at insn 1616 in section 2
2026-10-10T19:52:44.817951+00:00 DEBUG aya_obj::relocation: relocating map by symbol index Some(90), kind BtfMaps at insn 3122 in section 2
2026-10-10T19:52:44.817952+00:00 DEBUG aya_obj::relocation: relocating map by symbol index Some(57), kind BtfMaps at insn 5382 in section 2
2026-10-10T19:52:44.817953+00:00 DEBUG aya_obj::relocation: relocating map by symbol index Some(83), kind BtfMaps at insn 1854 in section 2
2026-10-10T19:52:44.817954+00:00 DEBUG aya_obj::relocation: relocating map by symbol index Some(88), kind BtfMaps at insn 2193 in section 2
2026-10-10T19:52:44.817957+00:00 DEBUG aya_obj::relocation: relocating map by symbol index Some(84), kind BtfMaps at insn 3899 in section 2
2026-10-10T19:52:44.817958+00:00 DEBUG aya_obj::relocation: relocating map by symbol index Some(87), kind BtfMaps at insn 4305 in section 2
2026-10-10T19:52:44.817959+00:00 DEBUG aya_obj::relocation: relocating map by symbol index Some(90), kind BtfMaps at insn 3304 in section 2
2026-10-10T19:52:44.817960+00:00 DEBUG aya_obj::relocation: relocating map by symbol index Some(92), kind BtfMaps at insn 4135 in section 2
2026-10-10T19:52:44.817961+00:00 DEBUG aya_obj::relocation: relocating map by symbol index Some(79), kind BtfMaps at insn 2727 in section 2
2026-10-10T19:52:44.817962+00:00 DEBUG aya_obj::relocation: relocating map by symbol index Some(74), kind BtfMaps at insn 2400 in section 2
2026-10-10T19:52:44.817963+00:00 DEBUG aya_obj::relocation: relocating map by symbol index Some(92), kind BtfMaps at insn 4504 in section 2
2026-10-10T19:52:44.817964+00:00 DEBUG aya_obj::relocation: relocating map by symbol index Some(79), kind BtfMaps at insn 704 in section 2
2026-10-10T19:52:44.817965+00:00 DEBUG aya_obj::relocation: relocating map by symbol index Some(74), kind BtfMaps at insn 3332 in section 2
2026-10-10T19:52:44.817967+00:00 DEBUG aya_obj::relocation: relocating map by symbol index Some(57), kind BtfMaps at insn 1663 in section 2
2026-10-10T19:52:44.817968+00:00 DEBUG aya_obj::relocation: relocating map by symbol index Some(71), kind BtfMaps at insn 22 in section 2
2026-10-10T19:52:44.817969+00:00 DEBUG aya_obj::relocation: relocating map by symbol index Some(87), kind BtfMaps at insn 4043 in section 2
2026-10-10T19:52:44.817970+00:00 DEBUG aya_obj::relocation: relocating map by symbol index Some(84), kind BtfMaps at insn 2652 in section 2
2026-10-10T19:52:44.817971+00:00 DEBUG aya_obj::relocation: relocating map by symbol index Some(84), kind BtfMaps at insn 2472 in section 2
2026-10-10T19:52:44.817972+00:00 DEBUG aya_obj::relocation: relocating map by symbol index Some(75), kind BtfMaps at insn 4919 in section 2
2026-10-10T19:52:44.817974+00:00 DEBUG aya_obj::relocation: relocating map by symbol index Some(84), kind BtfMaps at insn 963 in section 2
2026-10-10T19:52:44.817975+00:00 DEBUG aya_obj::relocation: relocating map by symbol index Some(74), kind BtfMaps at insn 3269 in section 2
2026-10-10T19:52:44.817976+00:00 DEBUG aya_obj::relocation: relocating map by symbol index Some(80), kind BtfMaps at insn 2826 in section 2
2026-10-10T19:52:44.817977+00:00 DEBUG aya_obj::relocation: relocating map by symbol index Some(84), kind BtfMaps at insn 1807 in section 2
2026-10-10T19:52:44.817978+00:00 DEBUG aya_obj::relocation: relocating map by symbol index Some(80), kind BtfMaps at insn 2834 in section 2
2026-10-10T19:52:44.817979+00:00 DEBUG aya_obj::relocation: relocating map by symbol index Some(83), kind BtfMaps at insn 975 in section 2
2026-10-10T19:52:44.817980+00:00 DEBUG aya_obj::relocation: relocating map by symbol index Some(84), kind BtfMaps at insn 2361 in section 2
2026-10-10T19:52:44.817982+00:00 DEBUG aya_obj::relocation: relocating map by symbol index Some(83), kind BtfMaps at insn 1010 in section 2
2026-10-10T19:52:44.817983+00:00 DEBUG aya_obj::relocation: relocating map by symbol index Some(86), kind BtfMaps at insn 1335 in section 2
2026-10-10T19:52:44.817984+00:00 DEBUG aya_obj::relocation: relocating map by symbol index Some(73), kind BtfMaps at insn 5351 in section 2
2026-10-10T19:52:44.817985+00:00 DEBUG aya_obj::relocation: relocating map by symbol index Some(80), kind BtfMaps at insn 2542 in section 2
2026-10-10T19:52:44.817986+00:00 DEBUG aya_obj::relocation: relocating map by symbol index Some(80), kind BtfMaps at insn 2870 in section 2
2026-10-10T19:52:44.817987+00:00 DEBUG aya_obj::relocation: relocating map by symbol index Some(80), kind BtfMaps at insn 2861 in section 2
2026-10-10T19:52:44.817988+00:00 DEBUG aya_obj::relocation: relocating map by section index 24, kind Rodata at insn 4112 in section 2
2026-10-10T19:52:44.817990+00:00 DEBUG aya_obj::relocation: relocating map by symbol index Some(80), kind BtfMaps at insn 1653 in section 2
2026-10-10T19:52:44.817992+00:00 DEBUG aya_obj::relocation: relocating map by section index 24, kind Rodata at insn 2215 in section 2
2026-10-10T19:52:44.817993+00:00 DEBUG aya_obj::relocation: relocating map by symbol index Some(82), kind BtfMaps at insn 1237 in section 2
2026-10-10T19:52:44.817995+00:00 DEBUG aya_obj::relocation: relocating map by symbol index Some(81), kind BtfMaps at insn 2513 in section 2
2026-10-10T19:52:44.817996+00:00 DEBUG aya_obj::relocation: relocating map by symbol index Some(81), kind BtfMaps at insn 3052 in section 2
2026-10-10T19:52:44.817997+00:00 DEBUG aya_obj::relocation: relocating map by symbol index Some(57), kind BtfMaps at insn 5019 in section 2
2026-10-10T19:52:44.817998+00:00 DEBUG aya_obj::relocation: relocating map by symbol index Some(80), kind BtfMaps at insn 1351 in section 2
2026-10-10T19:52:44.817999+00:00 DEBUG aya_obj::relocation: relocating map by symbol index Some(57), kind BtfMaps at insn 4340 in section 2
2026-10-10T19:52:44.818000+00:00 DEBUG aya_obj::relocation: relocating map by symbol index Some(74), kind BtfMaps at insn 4686 in section 2
2026-10-10T19:52:44.818001+00:00 DEBUG aya_obj::relocation: relocating map by symbol index Some(84), kind BtfMaps at insn 1842 in section 2
2026-10-10T19:52:44.818002+00:00 DEBUG aya_obj::relocation: relocating map by symbol index Some(90), kind BtfMaps at insn 2267 in section 2
2026-10-10T19:52:44.818003+00:00 DEBUG aya_obj::relocation: relocating map by symbol index Some(73), kind BtfMaps at insn 3814 in section 2
2026-10-10T19:52:44.818005+00:00 DEBUG aya_obj::relocation: relocating map by symbol index Some(57), kind BtfMaps at insn 3538 in section 2
2026-10-10T19:52:44.818006+00:00 DEBUG aya_obj::relocation: relocating map by symbol index Some(73), kind BtfMaps at insn 3400 in section 2
2026-10-10T19:52:44.818007+00:00 DEBUG aya_obj::relocation: relocating map by symbol index Some(82), kind BtfMaps at insn 2020 in section 2
2026-10-10T19:52:44.818008+00:00 DEBUG aya_obj::relocation: relocating map by symbol index Some(72), kind BtfMaps at insn 33 in section 2
2026-10-10T19:52:44.818009+00:00 DEBUG aya_obj::relocation: relocating map by symbol index Some(80), kind BtfMaps at insn 6 in section 2
2026-10-10T19:52:44.818011+00:00 DEBUG aya_obj::relocation: relocating map by symbol index Some(80), kind BtfMaps at insn 421 in section 2
2026-10-10T19:52:44.818012+00:00 DEBUG aya_obj::relocation: relocating map by symbol index Some(82), kind BtfMaps at insn 131 in section 2
2026-10-10T19:52:44.818014+00:00 DEBUG aya_obj::relocation: relocating map by symbol index Some(57), kind BtfMaps at insn 294 in section 2
2026-10-10T19:52:44.818015+00:00 DEBUG aya_obj::relocation: relocating map by symbol index Some(80), kind BtfMaps at insn 416 in section 2
2026-10-10T19:52:44.818016+00:00 DEBUG aya_obj::relocation: relocating map by symbol index Some(82), kind BtfMaps at insn 409 in section 2
2026-10-10T19:52:44.818018+00:00 DEBUG aya_obj::relocation: relocating map by symbol index Some(80), kind BtfMaps at insn 123 in section 2
2026-10-10T19:52:44.818019+00:00 DEBUG aya_obj::relocation: relocating map by symbol index Some(89), kind BtfMaps at insn 399 in section 2
2026-10-10T19:52:44.818020+00:00 DEBUG aya_obj::relocation: relocating map by symbol index Some(80), kind BtfMaps at insn 284 in section 2
2026-10-10T19:52:44.818021+00:00 DEBUG aya_obj::relocation: relocating map by symbol index Some(82), kind BtfMaps at insn 429 in section 2
2026-10-10T19:52:44.818024+00:00 DEBUG aya_obj::relocation: relocating map by symbol index Some(73), kind BtfMaps at insn 707 in section 2
2026-10-10T19:52:44.818025+00:00 DEBUG aya_obj::relocation: relocating map by symbol index Some(92), kind BtfMaps at insn 9 in section 2
2026-10-10T19:52:44.818027+00:00 DEBUG aya_obj::relocation: relocating map by symbol index Some(80), kind BtfMaps at insn 348 in section 2
2026-10-10T19:52:44.818028+00:00 DEBUG aya_obj::relocation: relocating map by symbol index Some(88), kind BtfMaps at insn 181 in section 2
2026-10-10T19:52:44.818030+00:00 DEBUG aya_obj::relocation: relocating map by symbol index Some(87), kind BtfMaps at insn 627 in section 2
2026-10-10T19:52:44.818031+00:00 DEBUG aya_obj::relocation: relocating map by symbol index Some(73), kind BtfMaps at insn 522 in section 2
2026-10-10T19:52:44.818032+00:00 DEBUG aya_obj::relocation: relocating map by symbol index Some(80), kind BtfMaps at insn 15 in section 2
2026-10-10T19:52:44.818033+00:00 DEBUG aya_obj::relocation: relocating map by symbol index Some(82), kind BtfMaps at insn 34 in section 2
2026-10-10T19:52:44.818034+00:00 DEBUG aya_obj::relocation: relocating map by symbol index Some(75), kind BtfMaps at insn 387 in section 2
2026-10-10T19:52:44.818035+00:00 DEBUG aya_obj::relocation: relocating map by symbol index Some(57), kind BtfMaps at insn 341 in section 2
2026-10-10T19:52:44.818037+00:00 DEBUG aya_obj::relocation: relocating map by symbol index Some(80), kind BtfMaps at insn 136 in section 2
2026-10-10T19:52:44.818038+00:00 DEBUG aya_obj::relocation: relocating map by symbol index Some(80), kind BtfMaps at insn 25 in section 2
2026-10-10T19:52:44.818039+00:00 DEBUG aya_obj::relocation: relocating map by symbol index Some(89), kind BtfMaps at insn 128 in section 2
2026-10-10T19:52:44.818040+00:00 DEBUG aya_obj::relocation: relocating map by symbol index Some(73), kind BtfMaps at insn 332 in section 2
2026-10-10T19:52:44.818041+00:00 DEBUG aya_obj::relocation: relocating map by symbol index Some(82), kind BtfMaps at insn 366 in section 2
2026-10-10T19:52:44.818042+00:00 DEBUG aya_obj::relocation: relocating map by symbol index Some(87), kind BtfMaps at insn 456 in section 2
2026-10-10T19:52:44.818044+00:00 DEBUG aya_obj::relocation: relocating map by symbol index Some(80), kind BtfMaps at insn 557 in section 2
2026-10-10T19:52:44.818045+00:00 DEBUG aya_obj::relocation: relocating map by symbol index Some(80), kind BtfMaps at insn 146 in section 2
2026-10-10T19:52:44.818046+00:00 DEBUG aya_obj::relocation: relocating map by symbol index Some(82), kind BtfMaps at insn 730 in section 2
2026-10-10T19:52:44.818047+00:00 DEBUG aya_obj::relocation: relocating map by symbol index Some(93), kind BtfMaps at insn 54 in section 2
2026-10-10T19:52:44.818048+00:00 DEBUG aya_obj::relocation: relocating map by symbol index Some(80), kind BtfMaps at insn 711 in section 2
2026-10-10T19:52:44.818049+00:00 DEBUG aya_obj::relocation: relocating map by symbol index Some(80), kind BtfMaps at insn 611 in section 2
2026-10-10T19:52:44.818050+00:00 DEBUG aya_obj::relocation: relocating map by symbol index Some(82), kind BtfMaps at insn 155 in section 2
2026-10-10T19:52:44.818052+00:00 DEBUG aya_obj::relocation: relocating map by symbol index Some(87), kind BtfMaps at insn 474 in section 2
2026-10-10T19:52:44.818053+00:00 DEBUG aya_obj::relocation: relocating map by symbol index Some(87), kind BtfMaps at insn 637 in section 2
2026-10-10T19:52:44.818054+00:00 DEBUG aya_obj::relocation: relocating map by symbol index Some(80), kind BtfMaps at insn 357 in section 2
2026-10-10T19:52:44.818055+00:00 DEBUG aya_obj::relocation: relocating map by symbol index Some(80), kind BtfMaps at insn 620 in section 2
2026-10-10T19:52:44.818056+00:00 DEBUG aya_obj::relocation: relocating map by symbol index Some(91), kind BtfMaps at insn 224 in section 2
2026-10-10T19:52:44.818057+00:00 DEBUG aya_obj::relocation: relocating map by symbol index Some(80), kind BtfMaps at insn 721 in section 2
2026-10-10T19:52:44.818058+00:00 DEBUG aya_obj::relocation: relocating map by symbol index Some(73), kind BtfMaps at insn 553 in section 2
2026-10-10T19:52:44.818060+00:00 DEBUG aya_obj::relocation: relocating map by symbol index Some(73), kind BtfMaps at insn 676 in section 2
2026-10-10T19:52:44.818061+00:00 DEBUG aya_obj::relocation: relocating map by symbol index Some(57), kind BtfMaps at insn 466 in section 2
2026-10-10T19:52:44.818062+00:00 DEBUG aya_obj::relocation: relocating map by symbol index Some(82), kind BtfMaps at insn 576 in section 2
2026-10-10T19:52:44.818067+00:00 DEBUG aya_obj::relocation: relocating map by symbol index Some(87), kind BtfMaps at insn 484 in section 2
2026-10-10T19:52:44.818070+00:00 DEBUG aya_obj::relocation: relocating map by symbol index Some(80), kind BtfMaps at insn 567 in section 2
2026-10-10T19:52:44.818072+00:00 DEBUG aya_obj::relocation: relocating map by symbol index Some(57), kind BtfMaps at insn 272 in section 2
2026-10-10T19:52:44.818073+00:00 DEBUG aya_obj::relocation: relocating map by symbol index Some(82), kind BtfMaps at insn 118 in section 2
2026-10-10T19:52:44.818074+00:00 DEBUG aya_obj::relocation: relocating map by symbol index Some(80), kind BtfMaps at insn 110 in section 2
2026-10-10T19:52:44.818075+00:00 DEBUG aya_obj::relocation: relocating map by symbol index Some(80), kind BtfMaps at insn 394 in section 2
2026-10-10T19:52:44.818077+00:00 DEBUG aya_obj::relocation: relocating map by symbol index Some(89), kind BtfMaps at insn 378 in section 2
2026-10-10T19:52:44.818078+00:00 DEBUG aya_obj::relocation: relocating map by symbol index Some(80), kind BtfMaps at insn 263 in section 2
2026-10-10T19:52:44.818079+00:00 DEBUG aya_obj::relocation: relocating map by symbol index Some(80), kind BtfMaps at insn 6 in section 2
2026-10-10T19:52:44.818080+00:00 DEBUG aya_obj::relocation: relocating map by symbol index Some(82), kind BtfMaps at insn 387 in section 2
2026-10-10T19:52:44.818083+00:00 DEBUG aya_obj::relocation: relocating map by symbol index Some(71), kind BtfMaps at insn 7 in section 2
2026-10-10T19:52:44.818084+00:00 DEBUG aya_obj::relocation: relocating map by symbol index Some(72), kind BtfMaps at insn 17 in section 2
2026-10-10T19:52:44.818085+00:00 DEBUG aya_obj::relocation: relocating map by symbol index Some(79), kind BtfMaps at insn 746 in section 2
2026-10-10T19:52:44.818087+00:00 DEBUG aya_obj::relocation: relocating map by symbol index Some(79), kind BtfMaps at insn 783 in section 2
2026-10-10T19:52:44.818089+00:00 DEBUG aya_obj::relocation: relocating map by section index 24, kind Rodata at insn 813 in section 2
2026-10-10T19:52:44.818090+00:00 DEBUG aya_obj::relocation: relocating map by symbol index Some(72), kind BtfMaps at insn 18 in section 2
2026-10-10T19:52:44.818091+00:00 DEBUG aya_obj::relocation: relocating map by symbol index Some(80), kind BtfMaps at insn 856 in section 2
2026-10-10T19:52:44.818092+00:00 DEBUG aya_obj::relocation: relocating map by symbol index Some(79), kind BtfMaps at insn 833 in section 2
2026-10-10T19:52:44.818093+00:00 DEBUG aya_obj::relocation: relocating map by symbol index Some(71), kind BtfMaps at insn 7 in section 2
2026-10-10T19:52:44.818095+00:00 DEBUG aya_obj::relocation: relocating map by symbol index Some(82), kind BtfMaps at insn 879 in section 2
2026-10-10T19:52:44.818096+00:00 DEBUG aya_obj::relocation: relocating map by symbol index Some(79), kind BtfMaps at insn 714 in section 2
2026-10-10T19:52:44.818097+00:00 DEBUG aya_obj::relocation: relocating map by symbol index Some(80), kind BtfMaps at insn 872 in section 2
2026-10-10T19:52:44.818099+00:00 DEBUG aya_obj::relocation: relocating map by section index 24, kind Rodata at insn 4 in section 4
2026-10-10T19:52:44.818100+00:00 DEBUG aya_obj::relocation: relocating map by section index 24, kind Rodata at insn 9 in section 4
2026-10-10T19:52:44.818101+00:00 DEBUG aya_obj::relocation: relocating map by symbol index Some(43), kind Maps at insn 24 in section 4
2026-10-10T19:52:44.818102+00:00 DEBUG aya_obj::relocation: relocating map by section index 24, kind Rodata at insn 9 in section 4
2026-10-10T19:52:44.818103+00:00 DEBUG aya_obj::relocation: relocating map by symbol index Some(43), kind Maps at insn 24 in section 4
2026-10-10T19:52:44.818105+00:00 DEBUG aya_obj::relocation: relocating map by section index 24, kind Rodata at insn 4 in section 4
2026-10-10T19:52:44.818106+00:00 DEBUG aya_obj::relocation: relocating map by section index 24, kind Rodata at insn 15 in section 6
2026-10-10T19:52:44.818107+00:00 DEBUG aya_obj::relocation: relocating map by section index 24, kind Rodata at insn 20 in section 6
2026-10-10T19:52:44.818109+00:00 DEBUG aya_obj::relocation: relocating map by symbol index Some(43), kind Maps at insn 35 in section 6
2026-10-10T19:52:44.818110+00:00 DEBUG aya_obj::relocation: relocating map by section index 24, kind Rodata at insn 9 in section 6
2026-10-10T19:52:44.818111+00:00 DEBUG aya_obj::relocation: relocating map by symbol index Some(43), kind Maps at insn 24 in section 6
2026-10-10T19:52:44.818112+00:00 DEBUG aya_obj::relocation: relocating map by section index 24, kind Rodata at insn 59 in section 6
2026-10-10T19:52:44.818114+00:00 DEBUG aya_obj::relocation: relocating map by section index 24, kind Rodata at insn 69 in section 6
2026-10-10T19:52:44.818115+00:00 DEBUG aya_obj::relocation: relocating map by section index 24, kind Rodata at insn 4 in section 6
2026-10-10T19:52:44.818116+00:00 DEBUG aya_obj::relocation: relocating map by section index 24, kind Rodata at insn 15 in section 6
2026-10-10T19:52:44.818117+00:00 DEBUG aya_obj::relocation: relocating map by section index 24, kind Rodata at insn 20 in section 6
2026-10-10T19:52:44.818118+00:00 DEBUG aya_obj::relocation: relocating map by symbol index Some(43), kind Maps at insn 35 in section 6
2026-10-10T19:52:44.818119+00:00 DEBUG aya_obj::relocation: relocating map by symbol index Some(51), kind BtfMaps at insn 22 in section 8
2026-10-10T19:52:44.818121+00:00 DEBUG aya_obj::relocation: relocating map by symbol index Some(53), kind BtfMaps at insn 6 in section 10
2026-10-10T19:52:44.818122+00:00 DEBUG aya_obj::relocation: relocating map by symbol index Some(57), kind BtfMaps at insn 167 in section 10
2026-10-10T19:52:44.818123+00:00 DEBUG aya_obj::relocation: relocating map by section index 24, kind Rodata at insn 32 in section 10
2026-10-10T19:52:44.818125+00:00 DEBUG aya_obj::relocation: relocating map by section index 24, kind Rodata at insn 49 in section 10
2026-10-10T19:52:44.818126+00:00 DEBUG aya_obj::relocation: relocating map by symbol index Some(53), kind BtfMaps at insn 121 in section 10
2026-10-10T19:52:44.818127+00:00 DEBUG aya_obj::relocation: relocating map by section index 24, kind Rodata at insn 63 in section 10
2026-10-10T19:52:44.818128+00:00 DEBUG aya_obj::relocation: relocating map by symbol index Some(53), kind BtfMaps at insn 158 in section 10
2026-10-10T19:52:44.818129+00:00 DEBUG aya_obj::relocation: relocating map by symbol index Some(53), kind BtfMaps at insn 6 in section 10
2026-10-10T19:52:44.818130+00:00 DEBUG aya_obj::relocation: relocating map by symbol index Some(53), kind BtfMaps at insn 52 in section 10
2026-10-10T19:52:44.818132+00:00 DEBUG aya_obj::relocation: relocating map by symbol index Some(53), kind BtfMaps at insn 88 in section 10
2026-10-10T19:52:44.818133+00:00 DEBUG aya_obj::relocation: relocating map by symbol index Some(57), kind BtfMaps at insn 97 in section 10
2026-10-10T19:52:44.818134+00:00 DEBUG aya_obj::relocation: relocating map by section index 24, kind Rodata at insn 32 in section 12
2026-10-10T19:52:44.818135+00:00 DEBUG aya_obj::relocation: relocating map by symbol index Some(53), kind BtfMaps at insn 158 in section 12
2026-10-10T19:52:44.818136+00:00 DEBUG aya_obj::relocation: relocating map by symbol index Some(53), kind BtfMaps at insn 121 in section 12
2026-10-10T19:52:44.818137+00:00 DEBUG aya_obj::relocation: relocating map by section index 24, kind Rodata at insn 49 in section 12
2026-10-10T19:52:44.818138+00:00 DEBUG aya_obj::relocation: relocating map by symbol index Some(53), kind BtfMaps at insn 6 in section 12
2026-10-10T19:52:44.818140+00:00 DEBUG aya_obj::relocation: relocating map by symbol index Some(57), kind BtfMaps at insn 167 in section 12
2026-10-10T19:52:44.818141+00:00 DEBUG aya_obj::relocation: relocating map by section index 24, kind Rodata at insn 63 in section 12
2026-10-10T19:52:44.818142+00:00 DEBUG aya_obj::relocation: relocating map by symbol index Some(53), kind BtfMaps at insn 88 in section 12
2026-10-10T19:52:44.818143+00:00 DEBUG aya_obj::relocation: relocating map by symbol index Some(57), kind BtfMaps at insn 97 in section 12
2026-10-10T19:52:44.818144+00:00 DEBUG aya_obj::relocation: relocating map by symbol index Some(53), kind BtfMaps at insn 52 in section 12
2026-10-10T19:52:44.818146+00:00 DEBUG aya_obj::relocation: relocating map by symbol index Some(53), kind BtfMaps at insn 6 in section 12
2026-10-10T19:52:44.818148+00:00 DEBUG aya_obj::relocation: relocating map by symbol index Some(53), kind BtfMaps at insn 121 in section 14
2026-10-10T19:52:44.818149+00:00 DEBUG aya_obj::relocation: relocating map by section index 24, kind Rodata at insn 49 in section 14
2026-10-10T19:52:44.818150+00:00 DEBUG aya_obj::relocation: relocating map by symbol index Some(53), kind BtfMaps at insn 158 in section 14
2026-10-10T19:52:44.818151+00:00 DEBUG aya_obj::relocation: relocating map by section index 24, kind Rodata at insn 63 in section 14
2026-10-10T19:52:44.818152+00:00 DEBUG aya_obj::relocation: relocating map by symbol index Some(53), kind BtfMaps at insn 6 in section 14
2026-10-10T19:52:44.818154+00:00 DEBUG aya_obj::relocation: relocating map by symbol index Some(57), kind BtfMaps at insn 167 in section 14
2026-10-10T19:52:44.818155+00:00 DEBUG aya_obj::relocation: relocating map by section index 24, kind Rodata at insn 32 in section 14
2026-10-10T19:52:44.818156+00:00 DEBUG aya_obj::relocation: relocating map by symbol index Some(53), kind BtfMaps at insn 88 in section 14
2026-10-10T19:52:44.818157+00:00 DEBUG aya_obj::relocation: relocating map by symbol index Some(53), kind BtfMaps at insn 6 in section 14
2026-10-10T19:52:44.818158+00:00 DEBUG aya_obj::relocation: relocating map by symbol index Some(53), kind BtfMaps at insn 52 in section 14
2026-10-10T19:52:44.818159+00:00 DEBUG aya_obj::relocation: relocating map by symbol index Some(57), kind BtfMaps at insn 97 in section 14
2026-10-10T19:52:44.818161+00:00 DEBUG aya_obj::relocation: relocating map by section index 24, kind Rodata at insn 49 in section 16
2026-10-10T19:52:44.818162+00:00 DEBUG aya_obj::relocation: relocating map by section index 24, kind Rodata at insn 32 in section 16
2026-10-10T19:52:44.818163+00:00 DEBUG aya_obj::relocation: relocating map by symbol index Some(53), kind BtfMaps at insn 6 in section 16
2026-10-10T19:52:44.818164+00:00 DEBUG aya_obj::relocation: relocating map by section index 24, kind Rodata at insn 63 in section 16
2026-10-10T19:52:44.818166+00:00 DEBUG aya_obj::relocation: relocating map by symbol index Some(57), kind BtfMaps at insn 167 in section 16
2026-10-10T19:52:44.818167+00:00 DEBUG aya_obj::relocation: relocating map by symbol index Some(53), kind BtfMaps at insn 158 in section 16
2026-10-10T19:52:44.818168+00:00 DEBUG aya_obj::relocation: relocating map by symbol index Some(53), kind BtfMaps at insn 121 in section 16
2026-10-10T19:52:44.818169+00:00 DEBUG aya_obj::relocation: relocating map by symbol index Some(53), kind BtfMaps at insn 52 in section 16
2026-10-10T19:52:44.818170+00:00 DEBUG aya_obj::relocation: relocating map by symbol index Some(53), kind BtfMaps at insn 88 in section 16
2026-10-10T19:52:44.818171+00:00 DEBUG aya_obj::relocation: relocating map by symbol index Some(53), kind BtfMaps at insn 6 in section 16
2026-10-10T19:52:44.818173+00:00 DEBUG aya_obj::relocation: relocating map by symbol index Some(57), kind BtfMaps at insn 97 in section 16
2026-10-10T19:52:44.818174+00:00 DEBUG aya_obj::relocation: relocating map by section index 24, kind Rodata at insn 63 in section 18
2026-10-10T19:52:44.818175+00:00 DEBUG aya_obj::relocation: relocating map by section index 24, kind Rodata at insn 49 in section 18
2026-10-10T19:52:44.818176+00:00 DEBUG aya_obj::relocation: relocating map by symbol index Some(53), kind BtfMaps at insn 6 in section 18
2026-10-10T19:52:44.818177+00:00 DEBUG aya_obj::relocation: relocating map by symbol index Some(53), kind BtfMaps at insn 121 in section 18
2026-10-10T19:52:44.818178+00:00 DEBUG aya_obj::relocation: relocating map by symbol index Some(53), kind BtfMaps at insn 158 in section 18
2026-10-10T19:52:44.818180+00:00 DEBUG aya_obj::relocation: relocating map by symbol index Some(57), kind BtfMaps at insn 167 in section 18
2026-10-10T19:52:44.818185+00:00 DEBUG aya_obj::relocation: relocating map by section index 24, kind Rodata at insn 32 in section 18
2026-10-10T19:52:44.818186+00:00 DEBUG aya_obj::relocation: relocating map by symbol index Some(53), kind BtfMaps at insn 6 in section 18
2026-10-10T19:52:44.818187+00:00 DEBUG aya_obj::relocation: relocating map by symbol index Some(53), kind BtfMaps at insn 88 in section 18
2026-10-10T19:52:44.818188+00:00 DEBUG aya_obj::relocation: relocating map by symbol index Some(53), kind BtfMaps at insn 52 in section 18
2026-10-10T19:52:44.818189+00:00 DEBUG aya_obj::relocation: relocating map by symbol index Some(57), kind BtfMaps at insn 97 in section 18
2026-10-10T19:52:44.818191+00:00 DEBUG aya_obj::relocation: relocating map by symbol index Some(53), kind BtfMaps at insn 5 in section 20
2026-10-10T19:52:44.818196+00:00 DEBUG aya_obj::relocation: relocating map by symbol index Some(87), kind BtfMaps at insn 3288 in section 22
2026-10-10T19:52:44.818197+00:00 DEBUG aya_obj::relocation: relocating map by symbol index Some(80), kind BtfMaps at insn 1677 in section 22
2026-10-10T19:52:44.818198+00:00 DEBUG aya_obj::relocation: relocating map by symbol index Some(57), kind BtfMaps at insn 2884 in section 22
2026-10-10T19:52:44.818199+00:00 DEBUG aya_obj::relocation: relocating map by symbol index Some(87), kind BtfMaps at insn 1825 in section 22
2026-10-10T19:52:44.818201+00:00 DEBUG aya_obj::relocation: relocating map by symbol index Some(85), kind BtfMaps at insn 1011 in section 22
2026-10-10T19:52:44.818202+00:00 DEBUG aya_obj::relocation: relocating map by symbol index Some(91), kind BtfMaps at insn 3202 in section 22
2026-10-10T19:52:44.818203+00:00 DEBUG aya_obj::relocation: relocating map by symbol index Some(83), kind BtfMaps at insn 828 in section 22
2026-10-10T19:52:44.818205+00:00 DEBUG aya_obj::relocation: relocating map by symbol index Some(87), kind BtfMaps at insn 2941 in section 22
2026-10-10T19:52:44.818206+00:00 DEBUG aya_obj::relocation: relocating map by symbol index Some(86), kind BtfMaps at insn 1779 in section 22
2026-10-10T19:52:44.818207+00:00 DEBUG aya_obj::relocation: relocating map by symbol index Some(87), kind BtfMaps at insn 3072 in section 22
2026-10-10T19:52:44.818208+00:00 DEBUG aya_obj::relocation: relocating map by section index 24, kind Rodata at insn 2541 in section 22
2026-10-10T19:52:44.818209+00:00 DEBUG aya_obj::relocation: relocating map by symbol index Some(88), kind BtfMaps at insn 1649 in section 22
2026-10-10T19:52:44.818211+00:00 DEBUG aya_obj::relocation: relocating map by symbol index Some(84), kind BtfMaps at insn 851 in section 22
2026-10-10T19:52:44.818212+00:00 DEBUG aya_obj::relocation: relocating map by symbol index Some(73), kind BtfMaps at insn 1851 in section 22
2026-10-10T19:52:44.818213+00:00 DEBUG aya_obj::relocation: relocating map by symbol index Some(82), kind BtfMaps at insn 1685 in section 22
2026-10-10T19:52:44.818214+00:00 DEBUG aya_obj::relocation: relocating map by symbol index Some(81), kind BtfMaps at insn 1766 in section 22
2026-10-10T19:52:44.818215+00:00 DEBUG aya_obj::relocation: relocating map by section index 24, kind Rodata at insn 3094 in section 22
2026-10-10T19:52:44.818216+00:00 DEBUG aya_obj::relocation: relocating map by section index 24, kind Rodata at insn 2265 in section 22
2026-10-10T19:52:44.818217+00:00 DEBUG aya_obj::relocation: relocating map by symbol index Some(79), kind BtfMaps at insn 715 in section 22
2026-10-10T19:52:44.818219+00:00 DEBUG aya_obj::relocation: relocating map by symbol index Some(80), kind BtfMaps at insn 1068 in section 22
2026-10-10T19:52:44.818220+00:00 DEBUG aya_obj::relocation: relocating map by symbol index Some(73), kind BtfMaps at insn 2621 in section 22
2026-10-10T19:52:44.818221+00:00 DEBUG aya_obj::relocation: relocating map by symbol index Some(90), kind BtfMaps at insn 2482 in section 22
2026-10-10T19:52:44.818222+00:00 DEBUG aya_obj::relocation: relocating map by symbol index Some(90), kind BtfMaps at insn 2535 in section 22
2026-10-10T19:52:44.818223+00:00 DEBUG aya_obj::relocation: relocating map by section index 24, kind Rodata at insn 658 in section 22
2026-10-10T19:52:44.818225+00:00 DEBUG aya_obj::relocation: relocating map by symbol index Some(90), kind BtfMaps at insn 1192 in section 22
2026-10-10T19:52:44.818226+00:00 DEBUG aya_obj::relocation: relocating map by symbol index Some(87), kind BtfMaps at insn 3169 in section 22
2026-10-10T19:52:44.818228+00:00 DEBUG aya_obj::relocation: relocating map by symbol index Some(91), kind BtfMaps at insn 3346 in section 22
2026-10-10T19:52:44.818229+00:00 DEBUG aya_obj::relocation: relocating map by symbol index Some(71), kind BtfMaps at insn 5 in section 22
2026-10-10T19:52:44.818230+00:00 DEBUG aya_obj::relocation: relocating map by symbol index Some(78), kind BtfMaps at insn 615 in section 22
2026-10-10T19:52:44.818231+00:00 DEBUG aya_obj::relocation: relocating map by symbol index Some(57), kind BtfMaps at insn 3081 in section 22
2026-10-10T19:52:44.818232+00:00 DEBUG aya_obj::relocation: relocating map by symbol index Some(79), kind BtfMaps at insn 2366 in section 22
2026-10-10T19:52:44.818233+00:00 DEBUG aya_obj::relocation: relocating map by symbol index Some(83), kind BtfMaps at insn 807 in section 22
2026-10-10T19:52:44.818235+00:00 DEBUG aya_obj::relocation: relocating map by symbol index Some(57), kind BtfMaps at insn 3296 in section 22
2026-10-10T19:52:44.818236+00:00 DEBUG aya_obj::relocation: relocating map by symbol index Some(86), kind BtfMaps at insn 1005 in section 22
2026-10-10T19:52:44.818237+00:00 DEBUG aya_obj::relocation: relocating map by symbol index Some(72), kind BtfMaps at insn 14 in section 22
2026-10-10T19:52:44.818238+00:00 DEBUG aya_obj::relocation: relocating map by symbol index Some(84), kind BtfMaps at insn 3119 in section 22
2026-10-10T19:52:44.818239+00:00 DEBUG aya_obj::relocation: relocating map by symbol index Some(73), kind BtfMaps at insn 1307 in section 22
2026-10-10T19:52:44.818240+00:00 DEBUG aya_obj::relocation: relocating map by symbol index Some(87), kind BtfMaps at insn 2243 in section 22
2026-10-10T19:52:44.818242+00:00 DEBUG aya_obj::relocation: relocating map by section index 24, kind Rodata at insn 1042 in section 22
2026-10-10T19:52:44.818243+00:00 DEBUG aya_obj::relocation: relocating map by section index 24, kind Rodata at insn 897 in section 22
2026-10-10T19:52:44.818244+00:00 DEBUG aya_obj::relocation: relocating map by symbol index Some(73), kind BtfMaps at insn 2874 in section 22
2026-10-10T19:52:44.818245+00:00 DEBUG aya_obj::relocation: relocating map by symbol index Some(79), kind BtfMaps at insn 1509 in section 22
2026-10-10T19:52:44.818246+00:00 DEBUG aya_obj::relocation: relocating map by symbol index Some(81), kind BtfMaps at insn 992 in section 22
2026-10-10T19:52:44.818247+00:00 DEBUG aya_obj::relocation: relocating map by symbol index Some(84), kind BtfMaps at insn 816 in section 22
2026-10-10T19:52:44.818248+00:00 DEBUG aya_obj::relocation: relocating map by symbol index Some(73), kind BtfMaps at insn 2817 in section 22
2026-10-10T19:52:44.818249+00:00 DEBUG aya_obj::relocation: relocating map by symbol index Some(83), kind BtfMaps at insn 842 in section 22
2026-10-10T19:52:44.818250+00:00 DEBUG aya_obj::relocation: relocating map by symbol index Some(83), kind BtfMaps at insn 864 in section 22
2026-10-10T19:52:44.818252+00:00 DEBUG aya_obj::relocation: relocating map by symbol index Some(88), kind BtfMaps at insn 2072 in section 22
2026-10-10T19:52:44.818253+00:00 DEBUG aya_obj::relocation: relocating map by symbol index Some(91), kind BtfMaps at insn 2974 in section 22
2026-10-10T19:52:44.818254+00:00 DEBUG aya_obj::relocation: relocating map by symbol index Some(91), kind BtfMaps at insn 2311 in section 22
2026-10-10T19:52:44.818255+00:00 DEBUG aya_obj::relocation: relocating map by symbol index Some(53), kind BtfMaps at insn 1026 in section 22
2026-10-10T19:52:44.818256+00:00 DEBUG aya_obj::relocation: relocating map by symbol index Some(57), kind BtfMaps at insn 1316 in section 22
2026-10-10T19:52:44.818257+00:00 DEBUG aya_obj::relocation: relocating map by symbol index Some(53), kind BtfMaps at insn 881 in section 22
2026-10-10T19:52:44.818259+00:00 DEBUG aya_obj::relocation: relocating map by symbol index Some(57), kind BtfMaps at insn 2681 in section 22
2026-10-10T19:52:44.818260+00:00 DEBUG aya_obj::relocation: relocating map by symbol index Some(73), kind BtfMaps at insn 2672 in section 22
2026-10-10T19:52:44.818261+00:00 DEBUG aya_obj::relocation: relocating map by symbol index Some(57), kind BtfMaps at insn 2253 in section 22
2026-10-10T19:52:44.818262+00:00 DEBUG aya_obj::relocation: relocating map by symbol index Some(80), kind BtfMaps at insn 1492 in section 22
2026-10-10T19:52:44.818263+00:00 DEBUG aya_obj::relocation: relocating map by section index 24, kind Rodata at insn 2741 in section 22
2026-10-10T19:52:44.818265+00:00 DEBUG aya_obj::relocation: relocating map by section index 24, kind Rodata at insn 1198 in section 22
2026-10-10T19:52:44.818266+00:00 DEBUG aya_obj::relocation: relocating map by symbol index Some(57), kind BtfMaps at insn 1259 in section 22
2026-10-10T19:52:44.818267+00:00 DEBUG aya_obj::relocation: relocating map by section index 24, kind Rodata at insn 1420 in section 22
2026-10-10T19:52:44.818268+00:00 DEBUG aya_obj::relocation: relocating map by symbol index Some(82), kind BtfMaps at insn 1446 in section 22
2026-10-10T19:52:44.818269+00:00 DEBUG aya_obj::relocation: relocating map by section index 24, kind Rodata at insn 998 in section 22
2026-10-10T19:52:44.818271+00:00 DEBUG aya_obj::relocation: relocating map by symbol index Some(53), kind BtfMaps at insn 861 in section 22
2026-10-10T19:52:44.818272+00:00 DEBUG aya_obj::relocation: relocating map by symbol index Some(87), kind BtfMaps at insn 1397 in section 22
2026-10-10T19:52:44.818273+00:00 DEBUG aya_obj::relocation: relocating map by section index 24, kind Rodata at insn 2469 in section 22
2026-10-10T19:52:44.818274+00:00 DEBUG aya_obj::relocation: relocating map by symbol index Some(87), kind BtfMaps at insn 2675 in section 22
2026-10-10T19:52:44.818275+00:00 DEBUG aya_obj::relocation: relocating map by symbol index Some(91), kind BtfMaps at insn 2709 in section 22
2026-10-10T19:52:44.818277+00:00 DEBUG aya_obj::relocation: relocating map by symbol index Some(84), kind BtfMaps at insn 3112 in section 22
2026-10-10T19:52:44.818278+00:00 DEBUG aya_obj::relocation: relocating map by symbol index Some(57), kind BtfMaps at insn 3242 in section 22
2026-10-10T19:52:44.818279+00:00 DEBUG aya_obj::relocation: relocating map by symbol index Some(80), kind BtfMaps at insn 1438 in section 22
2026-10-10T19:52:44.818280+00:00 DEBUG aya_obj::relocation: relocating map by symbol index Some(90), kind BtfMaps at insn 2411 in section 22
2026-10-10T19:52:44.818281+00:00 DEBUG aya_obj::relocation: relocating map by symbol index Some(81), kind BtfMaps at insn 1513 in section 22
2026-10-10T19:52:44.818283+00:00 DEBUG aya_obj::relocation: relocating map by symbol index Some(57), kind BtfMaps at insn 3075 in section 22
2026-10-10T19:52:44.818284+00:00 DEBUG aya_obj::relocation: relocating map by symbol index Some(79), kind BtfMaps at insn 1748 in section 22
2026-10-10T19:52:44.818285+00:00 DEBUG aya_obj::relocation: relocating map by symbol index Some(88), kind BtfMaps at insn 1891 in section 22
2026-10-10T19:52:44.818286+00:00 DEBUG aya_obj::relocation: relocating map by symbol index Some(71), kind BtfMaps at insn 5 in section 22
2026-10-10T19:52:44.818287+00:00 DEBUG aya_obj::relocation: relocating map by symbol index Some(87), kind BtfMaps at insn 2797 in section 22
2026-10-10T19:52:44.818288+00:00 DEBUG aya_obj::relocation: relocating map by symbol index Some(91), kind BtfMaps at insn 3306 in section 22
2026-10-10T19:52:44.818289+00:00 DEBUG aya_obj::relocation: relocating map by symbol index Some(80), kind BtfMaps at insn 1731 in section 22
2026-10-10T19:52:44.818291+00:00 DEBUG aya_obj::relocation: relocating map by symbol index Some(87), kind BtfMaps at insn 3066 in section 22
2026-10-10T19:52:44.818292+00:00 DEBUG aya_obj::relocation: relocating map by symbol index Some(83), kind BtfMaps at insn 835 in section 22
2026-10-10T19:52:44.818294+00:00 DEBUG aya_obj::relocation: relocating map by symbol index Some(83), kind BtfMaps at insn 778 in section 22
2026-10-10T19:52:44.818295+00:00 DEBUG aya_obj::relocation: relocating map by symbol index Some(84), kind BtfMaps at insn 787 in section 22
2026-10-10T19:52:44.818296+00:00 DEBUG aya_obj::relocation: relocating map by symbol index Some(73), kind BtfMaps at insn 2193 in section 22
2026-10-10T19:52:44.818297+00:00 DEBUG aya_obj::relocation: relocating map by symbol index Some(57), kind BtfMaps at insn 2623 in section 22
2026-10-10T19:52:44.818298+00:00 DEBUG aya_obj::relocation: relocating map by symbol index Some(87), kind BtfMaps at insn 2945 in section 22
2026-10-10T19:52:44.818300+00:00 DEBUG aya_obj::relocation: relocating map by symbol index Some(78), kind BtfMaps at insn 580 in section 22
2026-10-10T19:52:44.818301+00:00 DEBUG aya_obj::relocation: relocating map by symbol index Some(85), kind BtfMaps at insn 846 in section 22
2026-10-10T19:52:44.818302+00:00 DEBUG aya_obj::relocation: relocating map by symbol index Some(80), kind BtfMaps at insn 903 in section 22
2026-10-10T19:52:44.818303+00:00 DEBUG aya_obj::relocation: relocating map by symbol index Some(53), kind BtfMaps at insn 984 in section 22
2026-10-10T19:52:44.818304+00:00 DEBUG aya_obj::relocation: relocating map by symbol index Some(86), kind BtfMaps at insn 1526 in section 22
2026-10-10T19:52:44.818305+00:00 DEBUG aya_obj::relocation: relocating map by symbol index Some(87), kind BtfMaps at insn 2167 in section 22
2026-10-10T19:52:44.818306+00:00 DEBUG aya_obj::relocation: relocating map by symbol index Some(91), kind BtfMaps at insn 2250 in section 22
2026-10-10T19:52:44.818307+00:00 DEBUG aya_obj::relocation: relocating map by symbol index Some(79), kind BtfMaps at insn 2300 in section 22
2026-10-10T19:52:44.818308+00:00 DEBUG aya_obj::relocation: relocating map by symbol index Some(91), kind BtfMaps at insn 2978 in section 22
2026-10-10T19:52:44.818309+00:00 DEBUG aya_obj::relocation: relocating map by symbol index Some(72), kind BtfMaps at insn 14 in section 22
2026-10-10T19:52:44.818311+00:00 DEBUG aya_obj::relocation: relocating map by symbol index Some(79), kind BtfMaps at insn 685 in section 22
2026-10-10T19:52:44.818312+00:00 DEBUG aya_obj::relocation: relocating map by section index 24, kind Rodata at insn 1137 in section 22
2026-10-10T19:52:44.818313+00:00 DEBUG aya_obj::relocation: relocating map by symbol index Some(73), kind BtfMaps at insn 2577 in section 22
2026-10-10T19:52:44.818314+00:00 DEBUG aya_obj::relocation: relocating map by symbol index Some(73), kind BtfMaps at insn 3233 in section 22
2026-10-10T19:52:44.818315+00:00 DEBUG aya_obj::relocation: relocating map by section index 24, kind Rodata at insn 3087 in section 22
2026-10-10T19:52:44.818316+00:00 DEBUG aya_obj::relocation: relocating map by symbol index Some(84), kind BtfMaps at insn 822 in section 22
2026-10-10T19:52:44.818317+00:00 DEBUG aya_obj::relocation: relocating map by symbol index Some(86), kind BtfMaps at insn 1076 in section 22
2026-10-10T19:52:44.818318+00:00 DEBUG aya_obj::relocation: relocating map by symbol index Some(90), kind BtfMaps at insn 2463 in section 22
2026-10-10T19:52:44.818320+00:00 DEBUG aya_obj::relocation: relocating map by section index 24, kind Rodata at insn 877 in section 22
2026-10-10T19:52:44.818321+00:00 DEBUG aya_obj::relocation: relocating map by symbol index Some(73), kind BtfMaps at insn 3198 in section 22
2026-10-10T19:52:44.818322+00:00 DEBUG aya_obj::relocation: relocating map by symbol index Some(57), kind BtfMaps at insn 2805 in section 22
2026-10-10T19:52:44.818323+00:00 DEBUG aya_obj::relocation: relocating map by symbol index Some(81), kind BtfMaps at insn 1063 in section 22
2026-10-10T19:52:44.818324+00:00 DEBUG aya_obj::relocation: relocating map by symbol index Some(88), kind BtfMaps at insn 2140 in section 22
2026-10-10T19:52:44.818325+00:00 DEBUG aya_obj::relocation: relocating map by symbol index Some(83), kind BtfMaps at insn 813 in section 22
2026-10-10T19:52:44.818327+00:00 DEBUG aya_obj::relocation: relocating map by symbol index Some(57), kind BtfMaps at insn 1407 in section 22
2026-10-10T19:52:44.818329+00:00 DEBUG aya_obj::relocation: relocating map by symbol index Some(83), kind BtfMaps at insn 799 in section 22
2026-10-10T19:52:44.818330+00:00 DEBUG aya_obj::relocation: relocating map by symbol index Some(73), kind BtfMaps at insn 2614 in section 22
2026-10-10T19:52:44.818332+00:00 DEBUG aya_obj::relocation: relocating map by section index 24, kind Rodata at insn 2859 in section 22
2026-10-10T19:52:44.818333+00:00 DEBUG aya_obj::relocation: relocating map by symbol index Some(90), kind BtfMaps at insn 1131 in section 22
2026-10-10T19:52:44.818334+00:00 DEBUG aya_obj::relocation: relocating map by section index 24, kind Rodata at insn 619 in section 22
2026-10-10T19:52:44.818335+00:00 DEBUG aya_obj::relocation: relocating map by symbol index Some(73), kind BtfMaps at insn 1250 in section 22
2026-10-10T19:52:44.818337+00:00 DEBUG aya_obj::relocation: relocating program `honk_udp_receive_exit` function `honk_udp_receive_exit` size 88
2026-10-10T19:52:44.818340+00:00 DEBUG aya_obj::relocation: finished relocating program `honk_udp_receive_exit` function `honk_udp_receive_exit`
2026-10-10T19:52:44.818341+00:00 DEBUG aya_obj::relocation: relocating program `tproxy_wan_cg_sock_create_comm` function `tproxy_wan_cg_sock_create_comm` size 108
2026-10-10T19:52:44.818343+00:00 DEBUG aya_obj::relocation: relocating call to callee address 0x14b8 in section 2 (relocation) at instruction 24
2026-10-10T19:52:44.818345+00:00 DEBUG aya_obj::relocation: callee is `memset`
2026-10-10T19:52:44.818346+00:00 DEBUG aya_obj::relocation: linked function `memset` at instruction 108
2026-10-10T19:52:44.818347+00:00 DEBUG aya_obj::relocation: relocating program `tproxy_wan_cg_sock_create_comm` function `memset` size 8
2026-10-10T19:52:44.818349+00:00 DEBUG aya_obj::relocation: finished relocating program `tproxy_wan_cg_sock_create_comm` function `memset`
2026-10-10T19:52:44.818350+00:00 DEBUG aya_obj::relocation: callee `memset` is at ins 108, 83 from current instruction 24
2026-10-10T19:52:44.818351+00:00 DEBUG aya_obj::relocation: relocating call to callee address 0x14b8 in section 2 (relocation) at instruction 61
2026-10-10T19:52:44.818353+00:00 DEBUG aya_obj::relocation: callee is `memset`
2026-10-10T19:52:44.818353+00:00 DEBUG aya_obj::relocation: callee `memset` is at ins 108, 46 from current instruction 61
2026-10-10T19:52:44.818355+00:00 DEBUG aya_obj::relocation: finished relocating program `tproxy_wan_cg_sock_create_comm` function `tproxy_wan_cg_sock_create_comm`
2026-10-10T19:52:44.818357+00:00 DEBUG aya_obj::relocation: relocating program `tproxy_wan_cg_connect4` function `tproxy_wan_cg_connect4` size 185
2026-10-10T19:52:44.818358+00:00 DEBUG aya_obj::relocation: relocating call to callee address 0x14b8 in section 2 (relocation) at instruction 23
2026-10-10T19:52:44.818359+00:00 DEBUG aya_obj::relocation: callee is `memset`
2026-10-10T19:52:44.818360+00:00 DEBUG aya_obj::relocation: linked function `memset` at instruction 185
2026-10-10T19:52:44.818362+00:00 DEBUG aya_obj::relocation: relocating program `tproxy_wan_cg_connect4` function `memset` size 8
2026-10-10T19:52:44.818363+00:00 DEBUG aya_obj::relocation: finished relocating program `tproxy_wan_cg_connect4` function `memset`
2026-10-10T19:52:44.818364+00:00 DEBUG aya_obj::relocation: callee `memset` is at ins 185, 161 from current instruction 23
2026-10-10T19:52:44.818366+00:00 DEBUG aya_obj::relocation: relocating call to callee address 0x14b8 in section 2 (relocation) at instruction 80
2026-10-10T19:52:44.818367+00:00 DEBUG aya_obj::relocation: callee is `memset`
2026-10-10T19:52:44.818368+00:00 DEBUG aya_obj::relocation: callee `memset` is at ins 185, 104 from current instruction 80
2026-10-10T19:52:44.818369+00:00 DEBUG aya_obj::relocation: relocating reference to callee address 0x1320 in section 2 (relocation) at instruction 93
2026-10-10T19:52:44.818370+00:00 DEBUG aya_obj::relocation: callee is `_RNvNtCs2GI6VrNTxWR_9honk_ebpf12process_name13find_basename`
2026-10-10T19:52:44.818372+00:00 DEBUG aya_obj::relocation: linked function `_RNvNtCs2GI6VrNTxWR_9honk_ebpf12process_name13find_basename` at instruction 193
2026-10-10T19:52:44.818373+00:00 DEBUG aya_obj::relocation: relocating program `tproxy_wan_cg_connect4` function `_RNvNtCs2GI6VrNTxWR_9honk_ebpf12process_name13find_basename` size 15
2026-10-10T19:52:44.818375+00:00 DEBUG aya_obj::relocation: finished relocating program `tproxy_wan_cg_connect4` function `_RNvNtCs2GI6VrNTxWR_9honk_ebpf12process_name13find_basename`
2026-10-10T19:52:44.818376+00:00 DEBUG aya_obj::relocation: callee `_RNvNtCs2GI6VrNTxWR_9honk_ebpf12process_name13find_basename` is at ins 193, 99 from current instruction 93
2026-10-10T19:52:44.818378+00:00 DEBUG aya_obj::relocation: relocating call to callee address 0x14b8 in section 2 (relocation) at instruction 131
2026-10-10T19:52:44.818379+00:00 DEBUG aya_obj::relocation: callee is `memset`
2026-10-10T19:52:44.818380+00:00 DEBUG aya_obj::relocation: callee `memset` is at ins 185, 53 from current instruction 131
2026-10-10T19:52:44.818381+00:00 DEBUG aya_obj::relocation: finished relocating program `tproxy_wan_cg_connect4` function `tproxy_wan_cg_connect4`
2026-10-10T19:52:44.818382+00:00 DEBUG aya_obj::relocation: relocating program `wan_ingress_l2` function `wan_ingress_l2` size 7
2026-10-10T19:52:44.818384+00:00 DEBUG aya_obj::relocation: relocating call to callee address 0x10f10 in section 2 (relocation) at instruction 4
2026-10-10T19:52:44.818385+00:00 DEBUG aya_obj::relocation: callee is `_RNvNtCs2GI6VrNTxWR_9honk_ebpf7ingress21do_tproxy_wan_ingress`
2026-10-10T19:52:44.818386+00:00 DEBUG aya_obj::relocation: linked function `_RNvNtCs2GI6VrNTxWR_9honk_ebpf7ingress21do_tproxy_wan_ingress` at instruction 7
2026-10-10T19:52:44.818388+00:00 DEBUG aya_obj::relocation: relocating program `wan_ingress_l2` function `_RNvNtCs2GI6VrNTxWR_9honk_ebpf7ingress21do_tproxy_wan_ingress` size 809
2026-10-10T19:52:44.818390+00:00 DEBUG aya_obj::relocation: relocating call to callee address 0x14b8 in section 2 (relocation) at instruction 41
2026-10-10T19:52:44.818391+00:00 DEBUG aya_obj::relocation: callee is `memset`
2026-10-10T19:52:44.818393+00:00 DEBUG aya_obj::relocation: linked function `memset` at instruction 816
2026-10-10T19:52:44.818394+00:00 DEBUG aya_obj::relocation: relocating program `wan_ingress_l2` function `memset` size 8
2026-10-10T19:52:44.818395+00:00 DEBUG aya_obj::relocation: finished relocating program `wan_ingress_l2` function `memset`
2026-10-10T19:52:44.818396+00:00 DEBUG aya_obj::relocation: callee `memset` is at ins 816, 774 from current instruction 41
2026-10-10T19:52:44.818398+00:00 DEBUG aya_obj::relocation: relocating call to callee address 0x14b8 in section 2 (relocation) at instruction 125
2026-10-10T19:52:44.818399+00:00 DEBUG aya_obj::relocation: callee is `memset`
2026-10-10T19:52:44.818400+00:00 DEBUG aya_obj::relocation: callee `memset` is at ins 816, 690 from current instruction 125
2026-10-10T19:52:44.818401+00:00 DEBUG aya_obj::relocation: relocating call to callee address 0x14b8 in section 2 (relocation) at instruction 133
2026-10-10T19:52:44.818402+00:00 DEBUG aya_obj::relocation: callee is `memset`
2026-10-10T19:52:44.818403+00:00 DEBUG aya_obj::relocation: callee `memset` is at ins 816, 682 from current instruction 133
2026-10-10T19:52:44.818406+00:00 DEBUG aya_obj::relocation: relocating call to callee address 0x13f0 in section 2 (relocation) at instruction 251
2026-10-10T19:52:44.818407+00:00 DEBUG aya_obj::relocation: callee is `memmove`
2026-10-10T19:52:44.818408+00:00 DEBUG aya_obj::relocation: linked function `memmove` at instruction 824
2026-10-10T19:52:44.818409+00:00 DEBUG aya_obj::relocation: relocating program `wan_ingress_l2` function `memmove` size 25
2026-10-10T19:52:44.818410+00:00 DEBUG aya_obj::relocation: finished relocating program `wan_ingress_l2` function `memmove`
2026-10-10T19:52:44.818411+00:00 DEBUG aya_obj::relocation: callee `memmove` is at ins 824, 572 from current instruction 251
2026-10-10T19:52:44.818413+00:00 DEBUG aya_obj::relocation: relocating call to callee address 0x13f0 in section 2 (relocation) at instruction 370
2026-10-10T19:52:44.818415+00:00 DEBUG aya_obj::relocation: callee is `memmove`
2026-10-10T19:52:44.818416+00:00 DEBUG aya_obj::relocation: callee `memmove` is at ins 824, 453 from current instruction 370
2026-10-10T19:52:44.818417+00:00 DEBUG aya_obj::relocation: relocating call to callee address 0x13f0 in section 2 (relocation) at instruction 412
2026-10-10T19:52:44.818418+00:00 DEBUG aya_obj::relocation: callee is `memmove`
2026-10-10T19:52:44.818419+00:00 DEBUG aya_obj::relocation: callee `memmove` is at ins 824, 411 from current instruction 412
2026-10-10T19:52:44.818421+00:00 DEBUG aya_obj::relocation: relocating call to callee address 0x13f0 in section 2 (relocation) at instruction 482
2026-10-10T19:52:44.818422+00:00 DEBUG aya_obj::relocation: callee is `memmove`
2026-10-10T19:52:44.818423+00:00 DEBUG aya_obj::relocation: callee `memmove` is at ins 824, 341 from current instruction 482
2026-10-10T19:52:44.818425+00:00 DEBUG aya_obj::relocation: relocating call to callee address 0x13f0 in section 2 (relocation) at instruction 614
2026-10-10T19:52:44.818426+00:00 DEBUG aya_obj::relocation: callee is `memmove`
2026-10-10T19:52:44.818427+00:00 DEBUG aya_obj::relocation: callee `memmove` is at ins 824, 209 from current instruction 614
2026-10-10T19:52:44.818428+00:00 DEBUG aya_obj::relocation: relocating call to callee address 0x13f0 in section 2 (relocation) at instruction 621
2026-10-10T19:52:44.818430+00:00 DEBUG aya_obj::relocation: callee is `memmove`
2026-10-10T19:52:44.818430+00:00 DEBUG aya_obj::relocation: callee `memmove` is at ins 824, 202 from current instruction 621
2026-10-10T19:52:44.818432+00:00 DEBUG aya_obj::relocation: relocating call to callee address 0x14b8 in section 2 (relocation) at instruction 648
2026-10-10T19:52:44.818433+00:00 DEBUG aya_obj::relocation: callee is `memset`
2026-10-10T19:52:44.818434+00:00 DEBUG aya_obj::relocation: callee `memset` is at ins 816, 167 from current instruction 648
2026-10-10T19:52:44.818435+00:00 DEBUG aya_obj::relocation: relocating call to callee address 0x13f0 in section 2 (relocation) at instruction 683
2026-10-10T19:52:44.818436+00:00 DEBUG aya_obj::relocation: callee is `memmove`
2026-10-10T19:52:44.818437+00:00 DEBUG aya_obj::relocation: callee `memmove` is at ins 824, 140 from current instruction 683
2026-10-10T19:52:44.818438+00:00 DEBUG aya_obj::relocation: relocating call to callee address 0x13f0 in section 2 (relocation) at instruction 688
2026-10-10T19:52:44.818439+00:00 DEBUG aya_obj::relocation: callee is `memmove`
2026-10-10T19:52:44.818440+00:00 DEBUG aya_obj::relocation: callee `memmove` is at ins 824, 135 from current instruction 688
2026-10-10T19:52:44.818442+00:00 DEBUG aya_obj::relocation: relocating call to callee address 0x14b8 in section 2 (relocation) at instruction 761
2026-10-10T19:52:44.818443+00:00 DEBUG aya_obj::relocation: callee is `memset`
2026-10-10T19:52:44.818444+00:00 DEBUG aya_obj::relocation: callee `memset` is at ins 816, 54 from current instruction 761
2026-10-10T19:52:44.818445+00:00 DEBUG aya_obj::relocation: relocating call to callee address 0x10288 in section 2 (pc-relative) at instruction 767
2026-10-10T19:52:44.818446+00:00 DEBUG aya_obj::relocation: callee is `_RNvNtCs2GI6VrNTxWR_9honk_ebpf8contrack15___mark_udp_seen`
2026-10-10T19:52:44.818447+00:00 DEBUG aya_obj::relocation: linked function `_RNvNtCs2GI6VrNTxWR_9honk_ebpf8contrack15___mark_udp_seen` at instruction 849
2026-10-10T19:52:44.818449+00:00 DEBUG aya_obj::relocation: relocating program `wan_ingress_l2` function `_RNvNtCs2GI6VrNTxWR_9honk_ebpf8contrack15___mark_udp_seen` size 401
2026-10-10T19:52:44.818451+00:00 DEBUG aya_obj::relocation: relocating call to callee address 0x14b8 in section 2 (relocation) at instruction 980
2026-10-10T19:52:44.818452+00:00 DEBUG aya_obj::relocation: callee is `memset`
2026-10-10T19:52:44.818453+00:00 DEBUG aya_obj::relocation: callee `memset` is at ins 816, -165 from current instruction 980
2026-10-10T19:52:44.818454+00:00 DEBUG aya_obj::relocation: relocating call to callee address 0x14b8 in section 2 (relocation) at instruction 985
2026-10-10T19:52:44.818456+00:00 DEBUG aya_obj::relocation: callee is `memset`
2026-10-10T19:52:44.818457+00:00 DEBUG aya_obj::relocation: callee `memset` is at ins 816, -170 from current instruction 985
2026-10-10T19:52:44.818459+00:00 DEBUG aya_obj::relocation: relocating call to callee address 0x14b8 in section 2 (relocation) at instruction 1072
2026-10-10T19:52:44.818460+00:00 DEBUG aya_obj::relocation: callee is `memset`
2026-10-10T19:52:44.818461+00:00 DEBUG aya_obj::relocation: callee `memset` is at ins 816, -257 from current instruction 1072
2026-10-10T19:52:44.818463+00:00 DEBUG aya_obj::relocation: relocating call to callee address 0x14b8 in section 2 (relocation) at instruction 1142
2026-10-10T19:52:44.818464+00:00 DEBUG aya_obj::relocation: callee is `memset`
2026-10-10T19:52:44.818465+00:00 DEBUG aya_obj::relocation: callee `memset` is at ins 816, -327 from current instruction 1142
2026-10-10T19:52:44.818467+00:00 DEBUG aya_obj::relocation: finished relocating program `wan_ingress_l2` function `_RNvNtCs2GI6VrNTxWR_9honk_ebpf8contrack15___mark_udp_seen`
2026-10-10T19:52:44.818468+00:00 DEBUG aya_obj::relocation: callee `_RNvNtCs2GI6VrNTxWR_9honk_ebpf8contrack15___mark_udp_seen` is at ins 849, 81 from current instruction 767
2026-10-10T19:52:44.818470+00:00 DEBUG aya_obj::relocation: relocating call to callee address 0x14b8 in section 2 (relocation) at instruction 798
2026-10-10T19:52:44.818471+00:00 DEBUG aya_obj::relocation: callee is `memset`
2026-10-10T19:52:44.818472+00:00 DEBUG aya_obj::relocation: callee `memset` is at ins 816, 17 from current instruction 798
2026-10-10T19:52:44.818473+00:00 DEBUG aya_obj::relocation: relocating call to callee address 0xdc58 in section 2 (pc-relative) at instruction 813
2026-10-10T19:52:44.818474+00:00 DEBUG aya_obj::relocation: callee is `_RNvNtCs2GI6VrNTxWR_9honk_ebpf8contrack15___mark_tcp_seen`
2026-10-10T19:52:44.818477+00:00 DEBUG aya_obj::relocation: linked function `_RNvNtCs2GI6VrNTxWR_9honk_ebpf8contrack15___mark_tcp_seen` at instruction 1250
2026-10-10T19:52:44.818478+00:00 DEBUG aya_obj::relocation: relocating program `wan_ingress_l2` function `_RNvNtCs2GI6VrNTxWR_9honk_ebpf8contrack15___mark_tcp_seen` size 460
2026-10-10T19:52:44.818480+00:00 DEBUG aya_obj::relocation: relocating call to callee address 0x14b8 in section 2 (relocation) at instruction 1273
2026-10-10T19:52:44.818481+00:00 DEBUG aya_obj::relocation: callee is `memset`
2026-10-10T19:52:44.818482+00:00 DEBUG aya_obj::relocation: callee `memset` is at ins 816, -458 from current instruction 1273
2026-10-10T19:52:44.818483+00:00 DEBUG aya_obj::relocation: relocating call to callee address 0x14b8 in section 2 (relocation) at instruction 1278
2026-10-10T19:52:44.818484+00:00 DEBUG aya_obj::relocation: callee is `memset`
2026-10-10T19:52:44.818485+00:00 DEBUG aya_obj::relocation: callee `memset` is at ins 816, -463 from current instruction 1278
2026-10-10T19:52:44.818486+00:00 DEBUG aya_obj::relocation: relocating call to callee address 0x14b8 in section 2 (relocation) at instruction 1283
2026-10-10T19:52:44.818487+00:00 DEBUG aya_obj::relocation: callee is `memset`
2026-10-10T19:52:44.818488+00:00 DEBUG aya_obj::relocation: callee `memset` is at ins 816, -468 from current instruction 1283
2026-10-10T19:52:44.818490+00:00 DEBUG aya_obj::relocation: relocating call to callee address 0x14b8 in section 2 (relocation) at instruction 1394
2026-10-10T19:52:44.818491+00:00 DEBUG aya_obj::relocation: callee is `memset`
2026-10-10T19:52:44.818492+00:00 DEBUG aya_obj::relocation: callee `memset` is at ins 816, -579 from current instruction 1394
2026-10-10T19:52:44.818493+00:00 DEBUG aya_obj::relocation: relocating call to callee address 0x14b8 in section 2 (relocation) at instruction 1399
2026-10-10T19:52:44.818494+00:00 DEBUG aya_obj::relocation: callee is `memset`
2026-10-10T19:52:44.818495+00:00 DEBUG aya_obj::relocation: callee `memset` is at ins 816, -584 from current instruction 1399
2026-10-10T19:52:44.818497+00:00 DEBUG aya_obj::relocation: relocating call to callee address 0x14b8 in section 2 (relocation) at instruction 1404
2026-10-10T19:52:44.818498+00:00 DEBUG aya_obj::relocation: callee is `memset`
2026-10-10T19:52:44.818499+00:00 DEBUG aya_obj::relocation: callee `memset` is at ins 816, -589 from current instruction 1404
2026-10-10T19:52:44.818502+00:00 DEBUG aya_obj::relocation: relocating call to callee address 0x14b8 in section 2 (relocation) at instruction 1564
2026-10-10T19:52:44.818503+00:00 DEBUG aya_obj::relocation: callee is `memset`
2026-10-10T19:52:44.818504+00:00 DEBUG aya_obj::relocation: callee `memset` is at ins 816, -749 from current instruction 1564
2026-10-10T19:52:44.818506+00:00 DEBUG aya_obj::relocation: finished relocating program `wan_ingress_l2` function `_RNvNtCs2GI6VrNTxWR_9honk_ebpf8contrack15___mark_tcp_seen`
2026-10-10T19:52:44.818508+00:00 DEBUG aya_obj::relocation: callee `_RNvNtCs2GI6VrNTxWR_9honk_ebpf8contrack15___mark_tcp_seen` is at ins 1250, 436 from current instruction 813
2026-10-10T19:52:44.818509+00:00 DEBUG aya_obj::relocation: finished relocating program `wan_ingress_l2` function `_RNvNtCs2GI6VrNTxWR_9honk_ebpf7ingress21do_tproxy_wan_ingress`
2026-10-10T19:52:44.818510+00:00 DEBUG aya_obj::relocation: callee `_RNvNtCs2GI6VrNTxWR_9honk_ebpf7ingress21do_tproxy_wan_ingress` is at ins 7, 2 from current instruction 4
2026-10-10T19:52:44.818511+00:00 DEBUG aya_obj::relocation: finished relocating program `wan_ingress_l2` function `wan_ingress_l2`
2026-10-10T19:52:44.818513+00:00 DEBUG aya_obj::relocation: relocating program `tproxy_wan_cg_connect6_comm` function `tproxy_wan_cg_connect6_comm` size 108
2026-10-10T19:52:44.818514+00:00 DEBUG aya_obj::relocation: relocating call to callee address 0x14b8 in section 2 (relocation) at instruction 24
2026-10-10T19:52:44.818515+00:00 DEBUG aya_obj::relocation: callee is `memset`
2026-10-10T19:52:44.818516+00:00 DEBUG aya_obj::relocation: linked function `memset` at instruction 108
2026-10-10T19:52:44.818517+00:00 DEBUG aya_obj::relocation: relocating program `tproxy_wan_cg_connect6_comm` function `memset` size 8
2026-10-10T19:52:44.818518+00:00 DEBUG aya_obj::relocation: finished relocating program `tproxy_wan_cg_connect6_comm` function `memset`
2026-10-10T19:52:44.818519+00:00 DEBUG aya_obj::relocation: callee `memset` is at ins 108, 83 from current instruction 24
2026-10-10T19:52:44.818521+00:00 DEBUG aya_obj::relocation: relocating call to callee address 0x14b8 in section 2 (relocation) at instruction 61
2026-10-10T19:52:44.818522+00:00 DEBUG aya_obj::relocation: callee is `memset`
2026-10-10T19:52:44.818523+00:00 DEBUG aya_obj::relocation: callee `memset` is at ins 108, 46 from current instruction 61
2026-10-10T19:52:44.818524+00:00 DEBUG aya_obj::relocation: finished relocating program `tproxy_wan_cg_connect6_comm` function `tproxy_wan_cg_connect6_comm`
2026-10-10T19:52:44.818526+00:00 DEBUG aya_obj::relocation: relocating program `wan_ingress_l3` function `wan_ingress_l3` size 7
2026-10-10T19:52:44.818527+00:00 DEBUG aya_obj::relocation: relocating call to callee address 0x10f10 in section 2 (relocation) at instruction 4
2026-10-10T19:52:44.818528+00:00 DEBUG aya_obj::relocation: callee is `_RNvNtCs2GI6VrNTxWR_9honk_ebpf7ingress21do_tproxy_wan_ingress`
2026-10-10T19:52:44.818529+00:00 DEBUG aya_obj::relocation: linked function `_RNvNtCs2GI6VrNTxWR_9honk_ebpf7ingress21do_tproxy_wan_ingress` at instruction 7
2026-10-10T19:52:44.818530+00:00 DEBUG aya_obj::relocation: relocating program `wan_ingress_l3` function `_RNvNtCs2GI6VrNTxWR_9honk_ebpf7ingress21do_tproxy_wan_ingress` size 809
2026-10-10T19:52:44.818532+00:00 DEBUG aya_obj::relocation: relocating call to callee address 0x14b8 in section 2 (relocation) at instruction 41
2026-10-10T19:52:44.818533+00:00 DEBUG aya_obj::relocation: callee is `memset`
2026-10-10T19:52:44.818535+00:00 DEBUG aya_obj::relocation: linked function `memset` at instruction 816
2026-10-10T19:52:44.818536+00:00 DEBUG aya_obj::relocation: relocating program `wan_ingress_l3` function `memset` size 8
2026-10-10T19:52:44.818538+00:00 DEBUG aya_obj::relocation: finished relocating program `wan_ingress_l3` function `memset`
2026-10-10T19:52:44.818539+00:00 DEBUG aya_obj::relocation: callee `memset` is at ins 816, 774 from current instruction 41
2026-10-10T19:52:44.818541+00:00 DEBUG aya_obj::relocation: relocating call to callee address 0x14b8 in section 2 (relocation) at instruction 125
2026-10-10T19:52:44.818542+00:00 DEBUG aya_obj::relocation: callee is `memset`
2026-10-10T19:52:44.818543+00:00 DEBUG aya_obj::relocation: callee `memset` is at ins 816, 690 from current instruction 125
2026-10-10T19:52:44.818544+00:00 DEBUG aya_obj::relocation: relocating call to callee address 0x14b8 in section 2 (relocation) at instruction 133
2026-10-10T19:52:44.818545+00:00 DEBUG aya_obj::relocation: callee is `memset`
2026-10-10T19:52:44.818546+00:00 DEBUG aya_obj::relocation: callee `memset` is at ins 816, 682 from current instruction 133
2026-10-10T19:52:44.818548+00:00 DEBUG aya_obj::relocation: relocating call to callee address 0x13f0 in section 2 (relocation) at instruction 251
2026-10-10T19:52:44.818549+00:00 DEBUG aya_obj::relocation: callee is `memmove`
2026-10-10T19:52:44.818550+00:00 DEBUG aya_obj::relocation: linked function `memmove` at instruction 824
2026-10-10T19:52:44.818551+00:00 DEBUG aya_obj::relocation: relocating program `wan_ingress_l3` function `memmove` size 25
2026-10-10T19:52:44.818553+00:00 DEBUG aya_obj::relocation: finished relocating program `wan_ingress_l3` function `memmove`
2026-10-10T19:52:44.818554+00:00 DEBUG aya_obj::relocation: callee `memmove` is at ins 824, 572 from current instruction 251
2026-10-10T19:52:44.818556+00:00 DEBUG aya_obj::relocation: relocating call to callee address 0x13f0 in section 2 (relocation) at instruction 370
2026-10-10T19:52:44.818557+00:00 DEBUG aya_obj::relocation: callee is `memmove`
2026-10-10T19:52:44.818558+00:00 DEBUG aya_obj::relocation: callee `memmove` is at ins 824, 453 from current instruction 370
2026-10-10T19:52:44.818559+00:00 DEBUG aya_obj::relocation: relocating call to callee address 0x13f0 in section 2 (relocation) at instruction 412
2026-10-10T19:52:44.818560+00:00 DEBUG aya_obj::relocation: callee is `memmove`
2026-10-10T19:52:44.818561+00:00 DEBUG aya_obj::relocation: callee `memmove` is at ins 824, 411 from current instruction 412
2026-10-10T19:52:44.818563+00:00 DEBUG aya_obj::relocation: relocating call to callee address 0x13f0 in section 2 (relocation) at instruction 482
2026-10-10T19:52:44.818564+00:00 DEBUG aya_obj::relocation: callee is `memmove`
2026-10-10T19:52:44.818565+00:00 DEBUG aya_obj::relocation: callee `memmove` is at ins 824, 341 from current instruction 482
2026-10-10T19:52:44.818567+00:00 DEBUG aya_obj::relocation: relocating call to callee address 0x13f0 in section 2 (relocation) at instruction 614
2026-10-10T19:52:44.818568+00:00 DEBUG aya_obj::relocation: callee is `memmove`
2026-10-10T19:52:44.818569+00:00 DEBUG aya_obj::relocation: callee `memmove` is at ins 824, 209 from current instruction 614
2026-10-10T19:52:44.818570+00:00 DEBUG aya_obj::relocation: relocating call to callee address 0x13f0 in section 2 (relocation) at instruction 621
2026-10-10T19:52:44.818571+00:00 DEBUG aya_obj::relocation: callee is `memmove`
2026-10-10T19:52:44.818572+00:00 DEBUG aya_obj::relocation: callee `memmove` is at ins 824, 202 from current instruction 621
2026-10-10T19:52:44.818573+00:00 DEBUG aya_obj::relocation: relocating call to callee address 0x14b8 in section 2 (relocation) at instruction 648
2026-10-10T19:52:44.818574+00:00 DEBUG aya_obj::relocation: callee is `memset`
2026-10-10T19:52:44.818575+00:00 DEBUG aya_obj::relocation: callee `memset` is at ins 816, 167 from current instruction 648
2026-10-10T19:52:44.818577+00:00 DEBUG aya_obj::relocation: relocating call to callee address 0x13f0 in section 2 (relocation) at instruction 683
2026-10-10T19:52:44.818578+00:00 DEBUG aya_obj::relocation: callee is `memmove`
2026-10-10T19:52:44.818579+00:00 DEBUG aya_obj::relocation: callee `memmove` is at ins 824, 140 from current instruction 683
2026-10-10T19:52:44.818580+00:00 DEBUG aya_obj::relocation: relocating call to callee address 0x13f0 in section 2 (relocation) at instruction 688
2026-10-10T19:52:44.818582+00:00 DEBUG aya_obj::relocation: callee is `memmove`
2026-10-10T19:52:44.818582+00:00 DEBUG aya_obj::relocation: callee `memmove` is at ins 824, 135 from current instruction 688
2026-10-10T19:52:44.818584+00:00 DEBUG aya_obj::relocation: relocating call to callee address 0x14b8 in section 2 (relocation) at instruction 761
2026-10-10T19:52:44.818585+00:00 DEBUG aya_obj::relocation: callee is `memset`
2026-10-10T19:52:44.818586+00:00 DEBUG aya_obj::relocation: callee `memset` is at ins 816, 54 from current instruction 761
2026-10-10T19:52:44.818587+00:00 DEBUG aya_obj::relocation: relocating call to callee address 0x10288 in section 2 (pc-relative) at instruction 767
2026-10-10T19:52:44.818588+00:00 DEBUG aya_obj::relocation: callee is `_RNvNtCs2GI6VrNTxWR_9honk_ebpf8contrack15___mark_udp_seen`
2026-10-10T19:52:44.818589+00:00 DEBUG aya_obj::relocation: linked function `_RNvNtCs2GI6VrNTxWR_9honk_ebpf8contrack15___mark_udp_seen` at instruction 849
2026-10-10T19:52:44.818593+00:00 DEBUG aya_obj::relocation: relocating program `wan_ingress_l3` function `_RNvNtCs2GI6VrNTxWR_9honk_ebpf8contrack15___mark_udp_seen` size 401
2026-10-10T19:52:44.818596+00:00 DEBUG aya_obj::relocation: relocating call to callee address 0x14b8 in section 2 (relocation) at instruction 980
2026-10-10T19:52:44.818597+00:00 DEBUG aya_obj::relocation: callee is `memset`
2026-10-10T19:52:44.818598+00:00 DEBUG aya_obj::relocation: callee `memset` is at ins 816, -165 from current instruction 980
2026-10-10T19:52:44.818599+00:00 DEBUG aya_obj::relocation: relocating call to callee address 0x14b8 in section 2 (relocation) at instruction 985
2026-10-10T19:52:44.818600+00:00 DEBUG aya_obj::relocation: callee is `memset`
2026-10-10T19:52:44.818601+00:00 DEBUG aya_obj::relocation: callee `memset` is at ins 816, -170 from current instruction 985
2026-10-10T19:52:44.818603+00:00 DEBUG aya_obj::relocation: relocating call to callee address 0x14b8 in section 2 (relocation) at instruction 1072
2026-10-10T19:52:44.818604+00:00 DEBUG aya_obj::relocation: callee is `memset`
2026-10-10T19:52:44.818605+00:00 DEBUG aya_obj::relocation: callee `memset` is at ins 816, -257 from current instruction 1072
2026-10-10T19:52:44.818607+00:00 DEBUG aya_obj::relocation: relocating call to callee address 0x14b8 in section 2 (relocation) at instruction 1142
2026-10-10T19:52:44.818608+00:00 DEBUG aya_obj::relocation: callee is `memset`
2026-10-10T19:52:44.818609+00:00 DEBUG aya_obj::relocation: callee `memset` is at ins 816, -327 from current instruction 1142
2026-10-10T19:52:44.818611+00:00 DEBUG aya_obj::relocation: finished relocating program `wan_ingress_l3` function `_RNvNtCs2GI6VrNTxWR_9honk_ebpf8contrack15___mark_udp_seen`
2026-10-10T19:52:44.818612+00:00 DEBUG aya_obj::relocation: callee `_RNvNtCs2GI6VrNTxWR_9honk_ebpf8contrack15___mark_udp_seen` is at ins 849, 81 from current instruction 767
2026-10-10T19:52:44.818614+00:00 DEBUG aya_obj::relocation: relocating call to callee address 0x14b8 in section 2 (relocation) at instruction 798
2026-10-10T19:52:44.818615+00:00 DEBUG aya_obj::relocation: callee is `memset`
2026-10-10T19:52:44.818616+00:00 DEBUG aya_obj::relocation: callee `memset` is at ins 816, 17 from current instruction 798
2026-10-10T19:52:44.818617+00:00 DEBUG aya_obj::relocation: relocating call to callee address 0xdc58 in section 2 (pc-relative) at instruction 813
2026-10-10T19:52:44.818618+00:00 DEBUG aya_obj::relocation: callee is `_RNvNtCs2GI6VrNTxWR_9honk_ebpf8contrack15___mark_tcp_seen`
2026-10-10T19:52:44.818620+00:00 DEBUG aya_obj::relocation: linked function `_RNvNtCs2GI6VrNTxWR_9honk_ebpf8contrack15___mark_tcp_seen` at instruction 1250
2026-10-10T19:52:44.818621+00:00 DEBUG aya_obj::relocation: relocating program `wan_ingress_l3` function `_RNvNtCs2GI6VrNTxWR_9honk_ebpf8contrack15___mark_tcp_seen` size 460
2026-10-10T19:52:44.818623+00:00 DEBUG aya_obj::relocation: relocating call to callee address 0x14b8 in section 2 (relocation) at instruction 1273
2026-10-10T19:52:44.818624+00:00 DEBUG aya_obj::relocation: callee is `memset`
2026-10-10T19:52:44.818625+00:00 DEBUG aya_obj::relocation: callee `memset` is at ins 816, -458 from current instruction 1273
2026-10-10T19:52:44.818626+00:00 DEBUG aya_obj::relocation: relocating call to callee address 0x14b8 in section 2 (relocation) at instruction 1278
2026-10-10T19:52:44.818627+00:00 DEBUG aya_obj::relocation: callee is `memset`
2026-10-10T19:52:44.818628+00:00 DEBUG aya_obj::relocation: callee `memset` is at ins 816, -463 from current instruction 1278
2026-10-10T19:52:44.818629+00:00 DEBUG aya_obj::relocation: relocating call to callee address 0x14b8 in section 2 (relocation) at instruction 1283
2026-10-10T19:52:44.818630+00:00 DEBUG aya_obj::relocation: callee is `memset`
2026-10-10T19:52:44.818631+00:00 DEBUG aya_obj::relocation: callee `memset` is at ins 816, -468 from current instruction 1283
2026-10-10T19:52:44.818634+00:00 DEBUG aya_obj::relocation: relocating call to callee address 0x14b8 in section 2 (relocation) at instruction 1394
2026-10-10T19:52:44.818635+00:00 DEBUG aya_obj::relocation: callee is `memset`
2026-10-10T19:52:44.818636+00:00 DEBUG aya_obj::relocation: callee `memset` is at ins 816, -579 from current instruction 1394
2026-10-10T19:52:44.818637+00:00 DEBUG aya_obj::relocation: relocating call to callee address 0x14b8 in section 2 (relocation) at instruction 1399
2026-10-10T19:52:44.818638+00:00 DEBUG aya_obj::relocation: callee is `memset`
2026-10-10T19:52:44.818639+00:00 DEBUG aya_obj::relocation: callee `memset` is at ins 816, -584 from current instruction 1399
2026-10-10T19:52:44.818640+00:00 DEBUG aya_obj::relocation: relocating call to callee address 0x14b8 in section 2 (relocation) at instruction 1404
2026-10-10T19:52:44.818641+00:00 DEBUG aya_obj::relocation: callee is `memset`
2026-10-10T19:52:44.818642+00:00 DEBUG aya_obj::relocation: callee `memset` is at ins 816, -589 from current instruction 1404
2026-10-10T19:52:44.818645+00:00 DEBUG aya_obj::relocation: relocating call to callee address 0x14b8 in section 2 (relocation) at instruction 1564
2026-10-10T19:52:44.818646+00:00 DEBUG aya_obj::relocation: callee is `memset`
2026-10-10T19:52:44.818647+00:00 DEBUG aya_obj::relocation: callee `memset` is at ins 816, -749 from current instruction 1564
2026-10-10T19:52:44.818649+00:00 DEBUG aya_obj::relocation: finished relocating program `wan_ingress_l3` function `_RNvNtCs2GI6VrNTxWR_9honk_ebpf8contrack15___mark_tcp_seen`
2026-10-10T19:52:44.818650+00:00 DEBUG aya_obj::relocation: callee `_RNvNtCs2GI6VrNTxWR_9honk_ebpf8contrack15___mark_tcp_seen` is at ins 1250, 436 from current instruction 813
2026-10-10T19:52:44.818652+00:00 DEBUG aya_obj::relocation: finished relocating program `wan_ingress_l3` function `_RNvNtCs2GI6VrNTxWR_9honk_ebpf7ingress21do_tproxy_wan_ingress`
2026-10-10T19:52:44.818653+00:00 DEBUG aya_obj::relocation: callee `_RNvNtCs2GI6VrNTxWR_9honk_ebpf7ingress21do_tproxy_wan_ingress` is at ins 7, 2 from current instruction 4
2026-10-10T19:52:44.818654+00:00 DEBUG aya_obj::relocation: finished relocating program `wan_ingress_l3` function `wan_ingress_l3`
2026-10-10T19:52:44.818655+00:00 DEBUG aya_obj::relocation: relocating program `lan_ingress_l3` function `lan_ingress_l3` size 7
2026-10-10T19:52:44.818656+00:00 DEBUG aya_obj::relocation: relocating call to callee address 0x3250 in section 2 (relocation) at instruction 4
2026-10-10T19:52:44.818658+00:00 DEBUG aya_obj::relocation: callee is `_RNvNtCs2GI6VrNTxWR_9honk_ebpf7ingress21do_tproxy_lan_ingress`
2026-10-10T19:52:44.818661+00:00 DEBUG aya_obj::relocation: linked function `_RNvNtCs2GI6VrNTxWR_9honk_ebpf7ingress21do_tproxy_lan_ingress` at instruction 7
2026-10-10T19:52:44.818664+00:00 DEBUG aya_obj::relocation: relocating program `lan_ingress_l3` function `_RNvNtCs2GI6VrNTxWR_9honk_ebpf7ingress21do_tproxy_lan_ingress` size 5441
2026-10-10T19:52:44.818666+00:00 DEBUG aya_obj::relocation: relocating call to callee address 0x14b8 in section 2 (relocation) at instruction 56
2026-10-10T19:52:44.818668+00:00 DEBUG aya_obj::relocation: callee is `memset`
2026-10-10T19:52:44.818671+00:00 DEBUG aya_obj::relocation: linked function `memset` at instruction 5448
2026-10-10T19:52:44.818674+00:00 DEBUG aya_obj::relocation: relocating program `lan_ingress_l3` function `memset` size 8
2026-10-10T19:52:44.818675+00:00 DEBUG aya_obj::relocation: finished relocating program `lan_ingress_l3` function `memset`
2026-10-10T19:52:44.818676+00:00 DEBUG aya_obj::relocation: callee `memset` is at ins 5448, 5391 from current instruction 56
2026-10-10T19:52:44.818678+00:00 DEBUG aya_obj::relocation: relocating call to callee address 0x14b8 in section 2 (relocation) at instruction 135
2026-10-10T19:52:44.818679+00:00 DEBUG aya_obj::relocation: callee is `memset`
2026-10-10T19:52:44.818680+00:00 DEBUG aya_obj::relocation: callee `memset` is at ins 5448, 5312 from current instruction 135
2026-10-10T19:52:44.818681+00:00 DEBUG aya_obj::relocation: relocating call to callee address 0x14b8 in section 2 (relocation) at instruction 144
2026-10-10T19:52:44.818682+00:00 DEBUG aya_obj::relocation: callee is `memset`
2026-10-10T19:52:44.818683+00:00 DEBUG aya_obj::relocation: callee `memset` is at ins 5448, 5303 from current instruction 144
2026-10-10T19:52:44.818686+00:00 DEBUG aya_obj::relocation: relocating call to callee address 0x13f0 in section 2 (relocation) at instruction 305
2026-10-10T19:52:44.818687+00:00 DEBUG aya_obj::relocation: callee is `memmove`
2026-10-10T19:52:44.818688+00:00 DEBUG aya_obj::relocation: linked function `memmove` at instruction 5456
2026-10-10T19:52:44.818689+00:00 DEBUG aya_obj::relocation: relocating program `lan_ingress_l3` function `memmove` size 25
2026-10-10T19:52:44.818690+00:00 DEBUG aya_obj::relocation: finished relocating program `lan_ingress_l3` function `memmove`
2026-10-10T19:52:44.818691+00:00 DEBUG aya_obj::relocation: callee `memmove` is at ins 5456, 5150 from current instruction 305
2026-10-10T19:52:44.818693+00:00 DEBUG aya_obj::relocation: relocating call to callee address 0x13f0 in section 2 (relocation) at instruction 372
2026-10-10T19:52:44.818694+00:00 DEBUG aya_obj::relocation: callee is `memmove`
2026-10-10T19:52:44.818695+00:00 DEBUG aya_obj::relocation: callee `memmove` is at ins 5456, 5083 from current instruction 372
2026-10-10T19:52:44.818696+00:00 DEBUG aya_obj::relocation: relocating call to callee address 0x13f0 in section 2 (relocation) at instruction 409
2026-10-10T19:52:44.818697+00:00 DEBUG aya_obj::relocation: callee is `memmove`
2026-10-10T19:52:44.818698+00:00 DEBUG aya_obj::relocation: callee `memmove` is at ins 5456, 5046 from current instruction 409
2026-10-10T19:52:44.818700+00:00 DEBUG aya_obj::relocation: relocating call to callee address 0x13f0 in section 2 (relocation) at instruction 437
2026-10-10T19:52:44.818701+00:00 DEBUG aya_obj::relocation: callee is `memmove`
2026-10-10T19:52:44.818701+00:00 DEBUG aya_obj::relocation: callee `memmove` is at ins 5456, 5018 from current instruction 437
2026-10-10T19:52:44.818704+00:00 DEBUG aya_obj::relocation: relocating call to callee address 0x13f0 in section 2 (relocation) at instruction 535
2026-10-10T19:52:44.818705+00:00 DEBUG aya_obj::relocation: callee is `memmove`
2026-10-10T19:52:44.818706+00:00 DEBUG aya_obj::relocation: callee `memmove` is at ins 5456, 4920 from current instruction 535
2026-10-10T19:52:44.818707+00:00 DEBUG aya_obj::relocation: relocating call to callee address 0x13f0 in section 2 (relocation) at instruction 542
2026-10-10T19:52:44.818708+00:00 DEBUG aya_obj::relocation: callee is `memmove`
2026-10-10T19:52:44.818709+00:00 DEBUG aya_obj::relocation: callee `memmove` is at ins 5456, 4913 from current instruction 542
2026-10-10T19:52:44.818710+00:00 DEBUG aya_obj::relocation: relocating call to callee address 0x14b8 in section 2 (relocation) at instruction 567
2026-10-10T19:52:44.818711+00:00 DEBUG aya_obj::relocation: callee is `memset`
2026-10-10T19:52:44.818712+00:00 DEBUG aya_obj::relocation: callee `memset` is at ins 5448, 4880 from current instruction 567
2026-10-10T19:52:44.818714+00:00 DEBUG aya_obj::relocation: relocating call to callee address 0x13f0 in section 2 (relocation) at instruction 602
2026-10-10T19:52:44.818715+00:00 DEBUG aya_obj::relocation: callee is `memmove`
2026-10-10T19:52:44.818716+00:00 DEBUG aya_obj::relocation: callee `memmove` is at ins 5456, 4853 from current instruction 602
2026-10-10T19:52:44.818717+00:00 DEBUG aya_obj::relocation: relocating call to callee address 0x13f0 in section 2 (relocation) at instruction 607
2026-10-10T19:52:44.818718+00:00 DEBUG aya_obj::relocation: callee is `memmove`
2026-10-10T19:52:44.818719+00:00 DEBUG aya_obj::relocation: callee `memmove` is at ins 5456, 4848 from current instruction 607
2026-10-10T19:52:44.818721+00:00 DEBUG aya_obj::relocation: relocating call to callee address 0x14b8 in section 2 (relocation) at instruction 719
2026-10-10T19:52:44.818722+00:00 DEBUG aya_obj::relocation: callee is `memset`
2026-10-10T19:52:44.818723+00:00 DEBUG aya_obj::relocation: callee `memset` is at ins 5448, 4728 from current instruction 719
2026-10-10T19:52:44.818725+00:00 DEBUG aya_obj::relocation: relocating call to callee address 0xdc58 in section 2 (pc-relative) at instruction 733
2026-10-10T19:52:44.818726+00:00 DEBUG aya_obj::relocation: callee is `_RNvNtCs2GI6VrNTxWR_9honk_ebpf8contrack15___mark_tcp_seen`
2026-10-10T19:52:44.818727+00:00 DEBUG aya_obj::relocation: linked function `_RNvNtCs2GI6VrNTxWR_9honk_ebpf8contrack15___mark_tcp_seen` at instruction 5481
2026-10-10T19:52:44.818728+00:00 DEBUG aya_obj::relocation: relocating program `lan_ingress_l3` function `_RNvNtCs2GI6VrNTxWR_9honk_ebpf8contrack15___mark_tcp_seen` size 460
2026-10-10T19:52:44.818730+00:00 DEBUG aya_obj::relocation: relocating call to callee address 0x14b8 in section 2 (relocation) at instruction 5504
2026-10-10T19:52:44.818731+00:00 DEBUG aya_obj::relocation: callee is `memset`
2026-10-10T19:52:44.818732+00:00 DEBUG aya_obj::relocation: callee `memset` is at ins 5448, -57 from current instruction 5504
2026-10-10T19:52:44.818733+00:00 DEBUG aya_obj::relocation: relocating call to callee address 0x14b8 in section 2 (relocation) at instruction 5509
2026-10-10T19:52:44.818734+00:00 DEBUG aya_obj::relocation: callee is `memset`
2026-10-10T19:52:44.818735+00:00 DEBUG aya_obj::relocation: callee `memset` is at ins 5448, -62 from current instruction 5509
2026-10-10T19:52:44.818736+00:00 DEBUG aya_obj::relocation: relocating call to callee address 0x14b8 in section 2 (relocation) at instruction 5514
2026-10-10T19:52:44.818737+00:00 DEBUG aya_obj::relocation: callee is `memset`
2026-10-10T19:52:44.818738+00:00 DEBUG aya_obj::relocation: callee `memset` is at ins 5448, -67 from current instruction 5514
2026-10-10T19:52:44.818740+00:00 DEBUG aya_obj::relocation: relocating call to callee address 0x14b8 in section 2 (relocation) at instruction 5625
2026-10-10T19:52:44.818741+00:00 DEBUG aya_obj::relocation: callee is `memset`
2026-10-10T19:52:44.818742+00:00 DEBUG aya_obj::relocation: callee `memset` is at ins 5448, -178 from current instruction 5625
2026-10-10T19:52:44.818743+00:00 DEBUG aya_obj::relocation: relocating call to callee address 0x14b8 in section 2 (relocation) at instruction 5630
2026-10-10T19:52:44.818745+00:00 DEBUG aya_obj::relocation: callee is `memset`
2026-10-10T19:52:44.818745+00:00 DEBUG aya_obj::relocation: callee `memset` is at ins 5448, -183 from current instruction 5630
2026-10-10T19:52:44.818747+00:00 DEBUG aya_obj::relocation: relocating call to callee address 0x14b8 in section 2 (relocation) at instruction 5635
2026-10-10T19:52:44.818748+00:00 DEBUG aya_obj::relocation: callee is `memset`
2026-10-10T19:52:44.818749+00:00 DEBUG aya_obj::relocation: callee `memset` is at ins 5448, -188 from current instruction 5635
2026-10-10T19:52:44.818751+00:00 DEBUG aya_obj::relocation: relocating call to callee address 0x14b8 in section 2 (relocation) at instruction 5795
2026-10-10T19:52:44.818752+00:00 DEBUG aya_obj::relocation: callee is `memset`
2026-10-10T19:52:44.818753+00:00 DEBUG aya_obj::relocation: callee `memset` is at ins 5448, -348 from current instruction 5795
2026-10-10T19:52:44.818757+00:00 DEBUG aya_obj::relocation: finished relocating program `lan_ingress_l3` function `_RNvNtCs2GI6VrNTxWR_9honk_ebpf8contrack15___mark_tcp_seen`
2026-10-10T19:52:44.818758+00:00 DEBUG aya_obj::relocation: callee `_RNvNtCs2GI6VrNTxWR_9honk_ebpf8contrack15___mark_tcp_seen` is at ins 5481, 4747 from current instruction 733
2026-10-10T19:52:44.818760+00:00 DEBUG aya_obj::relocation: relocating call to callee address 0x14b8 in section 2 (relocation) at instruction 785
2026-10-10T19:52:44.818761+00:00 DEBUG aya_obj::relocation: callee is `memset`
2026-10-10T19:52:44.818762+00:00 DEBUG aya_obj::relocation: callee `memset` is at ins 5448, 4662 from current instruction 785
2026-10-10T19:52:44.818764+00:00 DEBUG aya_obj::relocation: relocating call to callee address 0x14b8 in section 2 (relocation) at instruction 862
2026-10-10T19:52:44.818765+00:00 DEBUG aya_obj::relocation: callee is `memset`
2026-10-10T19:52:44.818766+00:00 DEBUG aya_obj::relocation: callee `memset` is at ins 5448, 4585 from current instruction 862
2026-10-10T19:52:44.818767+00:00 DEBUG aya_obj::relocation: relocating call to callee address 0xdc58 in section 2 (pc-relative) at instruction 878
2026-10-10T19:52:44.818768+00:00 DEBUG aya_obj::relocation: callee is `_RNvNtCs2GI6VrNTxWR_9honk_ebpf8contrack15___mark_tcp_seen`
2026-10-10T19:52:44.818769+00:00 DEBUG aya_obj::relocation: callee `_RNvNtCs2GI6VrNTxWR_9honk_ebpf8contrack15___mark_tcp_seen` is at ins 5481, 4602 from current instruction 878
2026-10-10T19:52:44.818771+00:00 DEBUG aya_obj::relocation: relocating call to callee address 0xeab8 in section 2 (pc-relative) at instruction 955
2026-10-10T19:52:44.818772+00:00 DEBUG aya_obj::relocation: callee is `_RNvNtCs2GI6VrNTxWR_9honk_ebpf2sk21socket_is_v4_wildcard`
2026-10-10T19:52:44.818773+00:00 DEBUG aya_obj::relocation: linked function `_RNvNtCs2GI6VrNTxWR_9honk_ebpf2sk21socket_is_v4_wildcard` at instruction 5941
2026-10-10T19:52:44.818774+00:00 DEBUG aya_obj::relocation: relocating program `lan_ingress_l3` function `_RNvNtCs2GI6VrNTxWR_9honk_ebpf2sk21socket_is_v4_wildcard` size 6
2026-10-10T19:52:44.818776+00:00 DEBUG aya_obj::relocation: finished relocating program `lan_ingress_l3` function `_RNvNtCs2GI6VrNTxWR_9honk_ebpf2sk21socket_is_v4_wildcard`
2026-10-10T19:52:44.818777+00:00 DEBUG aya_obj::relocation: callee `_RNvNtCs2GI6VrNTxWR_9honk_ebpf2sk21socket_is_v4_wildcard` is at ins 5941, 4985 from current instruction 955
2026-10-10T19:52:44.818779+00:00 DEBUG aya_obj::relocation: relocating call to callee address 0xeae8 in section 2 (pc-relative) at instruction 1030
2026-10-10T19:52:44.818780+00:00 DEBUG aya_obj::relocation: callee is `_RNvNtCs2GI6VrNTxWR_9honk_ebpf2sk21socket_is_v6_wildcard`
2026-10-10T19:52:44.818781+00:00 DEBUG aya_obj::relocation: linked function `_RNvNtCs2GI6VrNTxWR_9honk_ebpf2sk21socket_is_v6_wildcard` at instruction 5947
2026-10-10T19:52:44.818782+00:00 DEBUG aya_obj::relocation: relocating program `lan_ingress_l3` function `_RNvNtCs2GI6VrNTxWR_9honk_ebpf2sk21socket_is_v6_wildcard` size 13
2026-10-10T19:52:44.818783+00:00 DEBUG aya_obj::relocation: finished relocating program `lan_ingress_l3` function `_RNvNtCs2GI6VrNTxWR_9honk_ebpf2sk21socket_is_v6_wildcard`
2026-10-10T19:52:44.818785+00:00 DEBUG aya_obj::relocation: callee `_RNvNtCs2GI6VrNTxWR_9honk_ebpf2sk21socket_is_v6_wildcard` is at ins 5947, 4916 from current instruction 1030
2026-10-10T19:52:44.818786+00:00 DEBUG aya_obj::relocation: relocating call to callee address 0x14b8 in section 2 (relocation) at instruction 1066
2026-10-10T19:52:44.818787+00:00 DEBUG aya_obj::relocation: callee is `memset`
2026-10-10T19:52:44.818788+00:00 DEBUG aya_obj::relocation: callee `memset` is at ins 5448, 4381 from current instruction 1066
2026-10-10T19:52:44.818790+00:00 DEBUG aya_obj::relocation: relocating call to callee address 0x13f0 in section 2 (relocation) at instruction 1127
2026-10-10T19:52:44.818791+00:00 DEBUG aya_obj::relocation: callee is `memmove`
2026-10-10T19:52:44.818792+00:00 DEBUG aya_obj::relocation: callee `memmove` is at ins 5456, 4328 from current instruction 1127
2026-10-10T19:52:44.818794+00:00 DEBUG aya_obj::relocation: relocating call to callee address 0x13f0 in section 2 (relocation) at instruction 1132
2026-10-10T19:52:44.818795+00:00 DEBUG aya_obj::relocation: callee is `memmove`
2026-10-10T19:52:44.818796+00:00 DEBUG aya_obj::relocation: callee `memmove` is at ins 5456, 4323 from current instruction 1132
2026-10-10T19:52:44.818798+00:00 DEBUG aya_obj::relocation: relocating call to callee address 0x14b8 in section 2 (relocation) at instruction 1219
2026-10-10T19:52:44.818799+00:00 DEBUG aya_obj::relocation: callee is `memset`
2026-10-10T19:52:44.818800+00:00 DEBUG aya_obj::relocation: callee `memset` is at ins 5448, 4228 from current instruction 1219
2026-10-10T19:52:44.818801+00:00 DEBUG aya_obj::relocation: relocating call to callee address 0x14b8 in section 2 (relocation) at instruction 1232
2026-10-10T19:52:44.818802+00:00 DEBUG aya_obj::relocation: callee is `memset`
2026-10-10T19:52:44.818803+00:00 DEBUG aya_obj::relocation: callee `memset` is at ins 5448, 4215 from current instruction 1232
2026-10-10T19:52:44.818805+00:00 DEBUG aya_obj::relocation: relocating call to callee address 0x14b8 in section 2 (relocation) at instruction 1288
2026-10-10T19:52:44.818806+00:00 DEBUG aya_obj::relocation: callee is `memset`
2026-10-10T19:52:44.818807+00:00 DEBUG aya_obj::relocation: callee `memset` is at ins 5448, 4159 from current instruction 1288
2026-10-10T19:52:44.818809+00:00 DEBUG aya_obj::relocation: relocating call to callee address 0x14b8 in section 2 (relocation) at instruction 1386
2026-10-10T19:52:44.818810+00:00 DEBUG aya_obj::relocation: callee is `memset`
2026-10-10T19:52:44.818811+00:00 DEBUG aya_obj::relocation: callee `memset` is at ins 5448, 4061 from current instruction 1386
2026-10-10T19:52:44.818812+00:00 DEBUG aya_obj::relocation: relocating call to callee address 0x1070 in section 2 (relocation) at instruction 1422
2026-10-10T19:52:44.818813+00:00 DEBUG aya_obj::relocation: callee is `honk_route_slot1`
2026-10-10T19:52:44.818814+00:00 DEBUG aya_obj::relocation: linked function `honk_route_slot1` at instruction 5960
2026-10-10T19:52:44.818815+00:00 DEBUG aya_obj::relocation: relocating program `lan_ingress_l3` function `honk_route_slot1` size 64
2026-10-10T19:52:44.818817+00:00 DEBUG aya_obj::relocation: finished relocating program `lan_ingress_l3` function `honk_route_slot1`
2026-10-10T19:52:44.818818+00:00 DEBUG aya_obj::relocation: callee `honk_route_slot1` is at ins 5960, 4537 from current instruction 1422
2026-10-10T19:52:44.818819+00:00 DEBUG aya_obj::relocation: relocating call to callee address 0xe70 in section 2 (relocation) at instruction 1426
2026-10-10T19:52:44.818820+00:00 DEBUG aya_obj::relocation: callee is `honk_route_slot0`
2026-10-10T19:52:44.818821+00:00 DEBUG aya_obj::relocation: linked function `honk_route_slot0` at instruction 6024
2026-10-10T19:52:44.818823+00:00 DEBUG aya_obj::relocation: relocating program `lan_ingress_l3` function `honk_route_slot0` size 64
2026-10-10T19:52:44.818824+00:00 DEBUG aya_obj::relocation: finished relocating program `lan_ingress_l3` function `honk_route_slot0`
2026-10-10T19:52:44.818826+00:00 DEBUG aya_obj::relocation: callee `honk_route_slot0` is at ins 6024, 4597 from current instruction 1426
2026-10-10T19:52:44.818830+00:00 DEBUG aya_obj::relocation: relocating call to callee address 0x14b8 in section 2 (relocation) at instruction 1720
2026-10-10T19:52:44.818831+00:00 DEBUG aya_obj::relocation: callee is `memset`
2026-10-10T19:52:44.818832+00:00 DEBUG aya_obj::relocation: callee `memset` is at ins 5448, 3727 from current instruction 1720
2026-10-10T19:52:44.818844+00:00 DEBUG aya_obj::relocation: relocating call to callee address 0xeb50 in section 2 (pc-relative) at instruction 2655
2026-10-10T19:52:44.818845+00:00 DEBUG aya_obj::relocation: callee is `_RNvNtCs2GI6VrNTxWR_9honk_ebpf7ingress18stage_udp_decision`
2026-10-10T19:52:44.818846+00:00 DEBUG aya_obj::relocation: linked function `_RNvNtCs2GI6VrNTxWR_9honk_ebpf7ingress18stage_udp_decision` at instruction 6088
2026-10-10T19:52:44.818849+00:00 DEBUG aya_obj::relocation: relocating program `lan_ingress_l3` function `_RNvNtCs2GI6VrNTxWR_9honk_ebpf7ingress18stage_udp_decision` size 743
2026-10-10T19:52:44.818851+00:00 DEBUG aya_obj::relocation: relocating call to callee address 0x14b8 in section 2 (relocation) at instruction 6138
2026-10-10T19:52:44.818852+00:00 DEBUG aya_obj::relocation: callee is `memset`
2026-10-10T19:52:44.818853+00:00 DEBUG aya_obj::relocation: callee `memset` is at ins 5448, -691 from current instruction 6138
2026-10-10T19:52:44.818855+00:00 DEBUG aya_obj::relocation: relocating call to callee address 0x14b8 in section 2 (relocation) at instruction 6206
2026-10-10T19:52:44.818856+00:00 DEBUG aya_obj::relocation: callee is `memset`
2026-10-10T19:52:44.818857+00:00 DEBUG aya_obj::relocation: callee `memset` is at ins 5448, -759 from current instruction 6206
2026-10-10T19:52:44.818860+00:00 DEBUG aya_obj::relocation: relocating call to callee address 0x14b8 in section 2 (relocation) at instruction 6355
2026-10-10T19:52:44.818861+00:00 DEBUG aya_obj::relocation: callee is `memset`
2026-10-10T19:52:44.818861+00:00 DEBUG aya_obj::relocation: callee `memset` is at ins 5448, -908 from current instruction 6355
2026-10-10T19:52:44.818864+00:00 DEBUG aya_obj::relocation: relocating call to callee address 0x14b8 in section 2 (relocation) at instruction 6474
2026-10-10T19:52:44.818865+00:00 DEBUG aya_obj::relocation: callee is `memset`
2026-10-10T19:52:44.818866+00:00 DEBUG aya_obj::relocation: callee `memset` is at ins 5448, -1027 from current instruction 6474
2026-10-10T19:52:44.818869+00:00 DEBUG aya_obj::relocation: relocating call to callee address 0x14b8 in section 2 (relocation) at instruction 6609
2026-10-10T19:52:44.818870+00:00 DEBUG aya_obj::relocation: callee is `memset`
2026-10-10T19:52:44.818871+00:00 DEBUG aya_obj::relocation: callee `memset` is at ins 5448, -1162 from current instruction 6609
2026-10-10T19:52:44.818872+00:00 DEBUG aya_obj::relocation: relocating call to callee address 0x14b8 in section 2 (relocation) at instruction 6640
2026-10-10T19:52:44.818873+00:00 DEBUG aya_obj::relocation: callee is `memset`
2026-10-10T19:52:44.818874+00:00 DEBUG aya_obj::relocation: callee `memset` is at ins 5448, -1193 from current instruction 6640
2026-10-10T19:52:44.818876+00:00 DEBUG aya_obj::relocation: relocating call to callee address 0x14b8 in section 2 (relocation) at instruction 6674
2026-10-10T19:52:44.818877+00:00 DEBUG aya_obj::relocation: callee is `memset`
2026-10-10T19:52:44.818878+00:00 DEBUG aya_obj::relocation: callee `memset` is at ins 5448, -1227 from current instruction 6674
2026-10-10T19:52:44.818880+00:00 DEBUG aya_obj::relocation: relocating call to callee address 0x14b8 in section 2 (relocation) at instruction 6763
2026-10-10T19:52:44.818881+00:00 DEBUG aya_obj::relocation: callee is `memset`
2026-10-10T19:52:44.818882+00:00 DEBUG aya_obj::relocation: callee `memset` is at ins 5448, -1316 from current instruction 6763
2026-10-10T19:52:44.818883+00:00 DEBUG aya_obj::relocation: relocating call to callee address 0x14b8 in section 2 (relocation) at instruction 6794
2026-10-10T19:52:44.818884+00:00 DEBUG aya_obj::relocation: callee is `memset`
2026-10-10T19:52:44.818885+00:00 DEBUG aya_obj::relocation: callee `memset` is at ins 5448, -1347 from current instruction 6794
2026-10-10T19:52:44.818887+00:00 DEBUG aya_obj::relocation: finished relocating program `lan_ingress_l3` function `_RNvNtCs2GI6VrNTxWR_9honk_ebpf7ingress18stage_udp_decision`
2026-10-10T19:52:44.818888+00:00 DEBUG aya_obj::relocation: callee `_RNvNtCs2GI6VrNTxWR_9honk_ebpf7ingress18stage_udp_decision` is at ins 6088, 3432 from current instruction 2655
2026-10-10T19:52:44.818890+00:00 DEBUG aya_obj::relocation: relocating call to callee address 0x14b8 in section 2 (relocation) at instruction 2744
2026-10-10T19:52:44.818891+00:00 DEBUG aya_obj::relocation: callee is `memset`
2026-10-10T19:52:44.818892+00:00 DEBUG aya_obj::relocation: callee `memset` is at ins 5448, 2703 from current instruction 2744
2026-10-10T19:52:44.818894+00:00 DEBUG aya_obj::relocation: relocating call to callee address 0x10288 in section 2 (pc-relative) at instruction 2776
2026-10-10T19:52:44.818895+00:00 DEBUG aya_obj::relocation: callee is `_RNvNtCs2GI6VrNTxWR_9honk_ebpf8contrack15___mark_udp_seen`
2026-10-10T19:52:44.818896+00:00 DEBUG aya_obj::relocation: linked function `_RNvNtCs2GI6VrNTxWR_9honk_ebpf8contrack15___mark_udp_seen` at instruction 6831
2026-10-10T19:52:44.818897+00:00 DEBUG aya_obj::relocation: relocating program `lan_ingress_l3` function `_RNvNtCs2GI6VrNTxWR_9honk_ebpf8contrack15___mark_udp_seen` size 401
2026-10-10T19:52:44.818900+00:00 DEBUG aya_obj::relocation: relocating call to callee address 0x14b8 in section 2 (relocation) at instruction 6962
2026-10-10T19:52:44.818901+00:00 DEBUG aya_obj::relocation: callee is `memset`
2026-10-10T19:52:44.818902+00:00 DEBUG aya_obj::relocation: callee `memset` is at ins 5448, -1515 from current instruction 6962
2026-10-10T19:52:44.818903+00:00 DEBUG aya_obj::relocation: relocating call to callee address 0x14b8 in section 2 (relocation) at instruction 6967
2026-10-10T19:52:44.818904+00:00 DEBUG aya_obj::relocation: callee is `memset`
2026-10-10T19:52:44.818905+00:00 DEBUG aya_obj::relocation: callee `memset` is at ins 5448, -1520 from current instruction 6967
2026-10-10T19:52:44.818907+00:00 DEBUG aya_obj::relocation: relocating call to callee address 0x14b8 in section 2 (relocation) at instruction 7054
2026-10-10T19:52:44.818908+00:00 DEBUG aya_obj::relocation: callee is `memset`
2026-10-10T19:52:44.818908+00:00 DEBUG aya_obj::relocation: callee `memset` is at ins 5448, -1607 from current instruction 7054
2026-10-10T19:52:44.818910+00:00 DEBUG aya_obj::relocation: relocating call to callee address 0x14b8 in section 2 (relocation) at instruction 7124
2026-10-10T19:52:44.818911+00:00 DEBUG aya_obj::relocation: callee is `memset`
2026-10-10T19:52:44.818912+00:00 DEBUG aya_obj::relocation: callee `memset` is at ins 5448, -1677 from current instruction 7124
2026-10-10T19:52:44.818914+00:00 DEBUG aya_obj::relocation: finished relocating program `lan_ingress_l3` function `_RNvNtCs2GI6VrNTxWR_9honk_ebpf8contrack15___mark_udp_seen`
2026-10-10T19:52:44.818915+00:00 DEBUG aya_obj::relocation: callee `_RNvNtCs2GI6VrNTxWR_9honk_ebpf8contrack15___mark_udp_seen` is at ins 6831, 4054 from current instruction 2776
2026-10-10T19:52:44.818917+00:00 DEBUG aya_obj::relocation: relocating call to callee address 0x14b8 in section 2 (relocation) at instruction 2802
2026-10-10T19:52:44.818918+00:00 DEBUG aya_obj::relocation: callee is `memset`
2026-10-10T19:52:44.818919+00:00 DEBUG aya_obj::relocation: callee `memset` is at ins 5448, 2645 from current instruction 2802
2026-10-10T19:52:44.818927+00:00 DEBUG aya_obj::relocation: relocating call to callee address 0x14b8 in section 2 (relocation) at instruction 3406
2026-10-10T19:52:44.818928+00:00 DEBUG aya_obj::relocation: callee is `memset`
2026-10-10T19:52:44.818929+00:00 DEBUG aya_obj::relocation: callee `memset` is at ins 5448, 2041 from current instruction 3406
2026-10-10T19:52:44.818931+00:00 DEBUG aya_obj::relocation: relocating call to callee address 0x14b8 in section 2 (relocation) at instruction 3461
2026-10-10T19:52:44.818932+00:00 DEBUG aya_obj::relocation: callee is `memset`
2026-10-10T19:52:44.818933+00:00 DEBUG aya_obj::relocation: callee `memset` is at ins 5448, 1986 from current instruction 3461
2026-10-10T19:52:44.818934+00:00 DEBUG aya_obj::relocation: relocating call to callee address 0x14b8 in section 2 (relocation) at instruction 3524
2026-10-10T19:52:44.818935+00:00 DEBUG aya_obj::relocation: callee is `memset`
2026-10-10T19:52:44.818936+00:00 DEBUG aya_obj::relocation: callee `memset` is at ins 5448, 1923 from current instruction 3524
2026-10-10T19:52:44.818939+00:00 DEBUG aya_obj::relocation: relocating call to callee address 0x14b8 in section 2 (relocation) at instruction 3691
2026-10-10T19:52:44.818940+00:00 DEBUG aya_obj::relocation: callee is `memset`
2026-10-10T19:52:44.818941+00:00 DEBUG aya_obj::relocation: callee `memset` is at ins 5448, 1756 from current instruction 3691
2026-10-10T19:52:44.818944+00:00 DEBUG aya_obj::relocation: relocating call to callee address 0x14b8 in section 2 (relocation) at instruction 3781
2026-10-10T19:52:44.818945+00:00 DEBUG aya_obj::relocation: callee is `memset`
2026-10-10T19:52:44.818946+00:00 DEBUG aya_obj::relocation: callee `memset` is at ins 5448, 1666 from current instruction 3781
2026-10-10T19:52:44.818947+00:00 DEBUG aya_obj::relocation: relocating call to callee address 0x14b8 in section 2 (relocation) at instruction 3844
2026-10-10T19:52:44.818948+00:00 DEBUG aya_obj::relocation: callee is `memset`
2026-10-10T19:52:44.818949+00:00 DEBUG aya_obj::relocation: callee `memset` is at ins 5448, 1603 from current instruction 3844
2026-10-10T19:52:44.818953+00:00 DEBUG aya_obj::relocation: relocating call to callee address 0x14b8 in section 2 (relocation) at instruction 4099
2026-10-10T19:52:44.818954+00:00 DEBUG aya_obj::relocation: callee is `memset`
2026-10-10T19:52:44.818955+00:00 DEBUG aya_obj::relocation: callee `memset` is at ins 5448, 1348 from current instruction 4099
2026-10-10T19:52:44.818957+00:00 DEBUG aya_obj::relocation: relocating call to callee address 0x14b8 in section 2 (relocation) at instruction 4166
2026-10-10T19:52:44.818958+00:00 DEBUG aya_obj::relocation: callee is `memset`
2026-10-10T19:52:44.818959+00:00 DEBUG aya_obj::relocation: callee `memset` is at ins 5448, 1281 from current instruction 4166
2026-10-10T19:52:44.818961+00:00 DEBUG aya_obj::relocation: relocating call to callee address 0x14b8 in section 2 (relocation) at instruction 4229
2026-10-10T19:52:44.818962+00:00 DEBUG aya_obj::relocation: callee is `memset`
2026-10-10T19:52:44.818963+00:00 DEBUG aya_obj::relocation: callee `memset` is at ins 5448, 1218 from current instruction 4229
2026-10-10T19:52:44.818964+00:00 DEBUG aya_obj::relocation: relocating call to callee address 0x14b8 in section 2 (relocation) at instruction 4297
2026-10-10T19:52:44.818966+00:00 DEBUG aya_obj::relocation: callee is `memset`
2026-10-10T19:52:44.818966+00:00 DEBUG aya_obj::relocation: callee `memset` is at ins 5448, 1150 from current instruction 4297
2026-10-10T19:52:44.818967+00:00 DEBUG aya_obj::relocation: relocating call to callee address 0x14b8 in section 2 (relocation) at instruction 4303
2026-10-10T19:52:44.818969+00:00 DEBUG aya_obj::relocation: callee is `memset`
2026-10-10T19:52:44.818969+00:00 DEBUG aya_obj::relocation: callee `memset` is at ins 5448, 1144 from current instruction 4303
2026-10-10T19:52:44.818972+00:00 DEBUG aya_obj::relocation: relocating call to callee address 0x14b8 in section 2 (relocation) at instruction 4479
2026-10-10T19:52:44.818973+00:00 DEBUG aya_obj::relocation: callee is `memset`
2026-10-10T19:52:44.818974+00:00 DEBUG aya_obj::relocation: callee `memset` is at ins 5448, 968 from current instruction 4479
2026-10-10T19:52:44.818976+00:00 DEBUG aya_obj::relocation: relocating call to callee address 0x14b8 in section 2 (relocation) at instruction 4536
2026-10-10T19:52:44.818977+00:00 DEBUG aya_obj::relocation: callee is `memset`
2026-10-10T19:52:44.818978+00:00 DEBUG aya_obj::relocation: callee `memset` is at ins 5448, 911 from current instruction 4536
2026-10-10T19:52:44.818980+00:00 DEBUG aya_obj::relocation: relocating call to callee address 0x14b8 in section 2 (relocation) at instruction 4600
2026-10-10T19:52:44.818981+00:00 DEBUG aya_obj::relocation: callee is `memset`
2026-10-10T19:52:44.818982+00:00 DEBUG aya_obj::relocation: callee `memset` is at ins 5448, 847 from current instruction 4600
2026-10-10T19:52:44.818985+00:00 DEBUG aya_obj::relocation: relocating call to callee address 0x14b8 in section 2 (relocation) at instruction 4793
2026-10-10T19:52:44.818986+00:00 DEBUG aya_obj::relocation: callee is `memset`
2026-10-10T19:52:44.818987+00:00 DEBUG aya_obj::relocation: callee `memset` is at ins 5448, 654 from current instruction 4793
2026-10-10T19:52:44.818989+00:00 DEBUG aya_obj::relocation: relocating call to callee address 0x14b8 in section 2 (relocation) at instruction 4863
2026-10-10T19:52:44.818990+00:00 DEBUG aya_obj::relocation: callee is `memset`
2026-10-10T19:52:44.818991+00:00 DEBUG aya_obj::relocation: callee `memset` is at ins 5448, 584 from current instruction 4863
2026-10-10T19:52:44.818993+00:00 DEBUG aya_obj::relocation: relocating call to callee address 0x14b8 in section 2 (relocation) at instruction 4925
2026-10-10T19:52:44.818994+00:00 DEBUG aya_obj::relocation: callee is `memset`
2026-10-10T19:52:44.818995+00:00 DEBUG aya_obj::relocation: callee `memset` is at ins 5448, 522 from current instruction 4925
2026-10-10T19:52:44.818997+00:00 DEBUG aya_obj::relocation: relocating call to callee address 0x14b8 in section 2 (relocation) at instruction 4992
2026-10-10T19:52:44.818998+00:00 DEBUG aya_obj::relocation: callee is `memset`
2026-10-10T19:52:44.818999+00:00 DEBUG aya_obj::relocation: callee `memset` is at ins 5448, 455 from current instruction 4992
2026-10-10T19:52:44.819000+00:00 DEBUG aya_obj::relocation: relocating call to callee address 0x14b8 in section 2 (relocation) at instruction 4998
2026-10-10T19:52:44.819001+00:00 DEBUG aya_obj::relocation: callee is `memset`
2026-10-10T19:52:44.819002+00:00 DEBUG aya_obj::relocation: callee `memset` is at ins 5448, 449 from current instruction 4998
2026-10-10T19:52:44.819005+00:00 DEBUG aya_obj::relocation: relocating call to callee address 0x14b8 in section 2 (relocation) at instruction 5173
2026-10-10T19:52:44.819006+00:00 DEBUG aya_obj::relocation: callee is `memset`
2026-10-10T19:52:44.819007+00:00 DEBUG aya_obj::relocation: callee `memset` is at ins 5448, 274 from current instruction 5173
2026-10-10T19:52:44.819008+00:00 DEBUG aya_obj::relocation: relocating call to callee address 0x14b8 in section 2 (relocation) at instruction 5179
2026-10-10T19:52:44.819009+00:00 DEBUG aya_obj::relocation: callee is `memset`
2026-10-10T19:52:44.819010+00:00 DEBUG aya_obj::relocation: callee `memset` is at ins 5448, 268 from current instruction 5179
2026-10-10T19:52:44.819012+00:00 DEBUG aya_obj::relocation: relocating call to callee address 0x14b8 in section 2 (relocation) at instruction 5266
2026-10-10T19:52:44.819013+00:00 DEBUG aya_obj::relocation: callee is `memset`
2026-10-10T19:52:44.819014+00:00 DEBUG aya_obj::relocation: callee `memset` is at ins 5448, 181 from current instruction 5266
2026-10-10T19:52:44.819016+00:00 DEBUG aya_obj::relocation: relocating call to callee address 0x14b8 in section 2 (relocation) at instruction 5329
2026-10-10T19:52:44.819017+00:00 DEBUG aya_obj::relocation: callee is `memset`
2026-10-10T19:52:44.819017+00:00 DEBUG aya_obj::relocation: callee `memset` is at ins 5448, 118 from current instruction 5329
2026-10-10T19:52:44.819019+00:00 DEBUG aya_obj::relocation: relocating call to callee address 0x14b8 in section 2 (relocation) at instruction 5357
2026-10-10T19:52:44.819020+00:00 DEBUG aya_obj::relocation: callee is `memset`
2026-10-10T19:52:44.819021+00:00 DEBUG aya_obj::relocation: callee `memset` is at ins 5448, 90 from current instruction 5357
2026-10-10T19:52:44.819023+00:00 DEBUG aya_obj::relocation: finished relocating program `lan_ingress_l3` function `_RNvNtCs2GI6VrNTxWR_9honk_ebpf7ingress21do_tproxy_lan_ingress`
2026-10-10T19:52:44.819024+00:00 DEBUG aya_obj::relocation: callee `_RNvNtCs2GI6VrNTxWR_9honk_ebpf7ingress21do_tproxy_lan_ingress` is at ins 7, 2 from current instruction 4
2026-10-10T19:52:44.819025+00:00 DEBUG aya_obj::relocation: finished relocating program `lan_ingress_l3` function `lan_ingress_l3`
2026-10-10T19:52:44.819027+00:00 DEBUG aya_obj::relocation: relocating program `tproxy_wan_cg_sendmsg6_comm` function `tproxy_wan_cg_sendmsg6_comm` size 108
2026-10-10T19:52:44.819028+00:00 DEBUG aya_obj::relocation: relocating call to callee address 0x14b8 in section 2 (relocation) at instruction 24
2026-10-10T19:52:44.819029+00:00 DEBUG aya_obj::relocation: callee is `memset`
2026-10-10T19:52:44.819030+00:00 DEBUG aya_obj::relocation: linked function `memset` at instruction 108
2026-10-10T19:52:44.819031+00:00 DEBUG aya_obj::relocation: relocating program `tproxy_wan_cg_sendmsg6_comm` function `memset` size 8
2026-10-10T19:52:44.819033+00:00 DEBUG aya_obj::relocation: finished relocating program `tproxy_wan_cg_sendmsg6_comm` function `memset`
2026-10-10T19:52:44.819034+00:00 DEBUG aya_obj::relocation: callee `memset` is at ins 108, 83 from current instruction 24
2026-10-10T19:52:44.819036+00:00 DEBUG aya_obj::relocation: relocating call to callee address 0x14b8 in section 2 (relocation) at instruction 61
2026-10-10T19:52:44.819037+00:00 DEBUG aya_obj::relocation: callee is `memset`
2026-10-10T19:52:44.819038+00:00 DEBUG aya_obj::relocation: callee `memset` is at ins 108, 46 from current instruction 61
2026-10-10T19:52:44.819039+00:00 DEBUG aya_obj::relocation: finished relocating program `tproxy_wan_cg_sendmsg6_comm` function `tproxy_wan_cg_sendmsg6_comm`
2026-10-10T19:52:44.819041+00:00 DEBUG aya_obj::relocation: relocating program `honk_udp_receive_candidate` function `honk_udp_receive_candidate` size 88
2026-10-10T19:52:44.819043+00:00 DEBUG aya_obj::relocation: finished relocating program `honk_udp_receive_candidate` function `honk_udp_receive_candidate`
2026-10-10T19:52:44.819044+00:00 DEBUG aya_obj::relocation: relocating program `honk_udp_receive_enter` function `honk_udp_receive_enter` size 55
2026-10-10T19:52:44.819046+00:00 DEBUG aya_obj::relocation: finished relocating program `honk_udp_receive_enter` function `honk_udp_receive_enter`
2026-10-10T19:52:44.819048+00:00 DEBUG aya_obj::relocation: relocating program `tproxy_wan_cg_sendmsg4` function `tproxy_wan_cg_sendmsg4` size 185
2026-10-10T19:52:44.819049+00:00 DEBUG aya_obj::relocation: relocating call to callee address 0x14b8 in section 2 (relocation) at instruction 23
2026-10-10T19:52:44.819050+00:00 DEBUG aya_obj::relocation: callee is `memset`
2026-10-10T19:52:44.819051+00:00 DEBUG aya_obj::relocation: linked function `memset` at instruction 185
2026-10-10T19:52:44.819053+00:00 DEBUG aya_obj::relocation: relocating program `tproxy_wan_cg_sendmsg4` function `memset` size 8
2026-10-10T19:52:44.819054+00:00 DEBUG aya_obj::relocation: finished relocating program `tproxy_wan_cg_sendmsg4` function `memset`
2026-10-10T19:52:44.819055+00:00 DEBUG aya_obj::relocation: callee `memset` is at ins 185, 161 from current instruction 23
2026-10-10T19:52:44.819056+00:00 DEBUG aya_obj::relocation: relocating call to callee address 0x14b8 in section 2 (relocation) at instruction 80
2026-10-10T19:52:44.819058+00:00 DEBUG aya_obj::relocation: callee is `memset`
2026-10-10T19:52:44.819058+00:00 DEBUG aya_obj::relocation: callee `memset` is at ins 185, 104 from current instruction 80
2026-10-10T19:52:44.819060+00:00 DEBUG aya_obj::relocation: relocating reference to callee address 0x1320 in section 2 (relocation) at instruction 93
2026-10-10T19:52:44.819061+00:00 DEBUG aya_obj::relocation: callee is `_RNvNtCs2GI6VrNTxWR_9honk_ebpf12process_name13find_basename`
2026-10-10T19:52:44.819062+00:00 DEBUG aya_obj::relocation: linked function `_RNvNtCs2GI6VrNTxWR_9honk_ebpf12process_name13find_basename` at instruction 193
2026-10-10T19:52:44.819067+00:00 DEBUG aya_obj::relocation: relocating program `tproxy_wan_cg_sendmsg4` function `_RNvNtCs2GI6VrNTxWR_9honk_ebpf12process_name13find_basename` size 15
2026-10-10T19:52:44.819069+00:00 DEBUG aya_obj::relocation: finished relocating program `tproxy_wan_cg_sendmsg4` function `_RNvNtCs2GI6VrNTxWR_9honk_ebpf12process_name13find_basename`
2026-10-10T19:52:44.819070+00:00 DEBUG aya_obj::relocation: callee `_RNvNtCs2GI6VrNTxWR_9honk_ebpf12process_name13find_basename` is at ins 193, 99 from current instruction 93
2026-10-10T19:52:44.819072+00:00 DEBUG aya_obj::relocation: relocating call to callee address 0x14b8 in section 2 (relocation) at instruction 131
2026-10-10T19:52:44.819073+00:00 DEBUG aya_obj::relocation: callee is `memset`
2026-10-10T19:52:44.819073+00:00 DEBUG aya_obj::relocation: callee `memset` is at ins 185, 53 from current instruction 131
2026-10-10T19:52:44.819075+00:00 DEBUG aya_obj::relocation: finished relocating program `tproxy_wan_cg_sendmsg4` function `tproxy_wan_cg_sendmsg4`
2026-10-10T19:52:44.819077+00:00 DEBUG aya_obj::relocation: relocating program `tproxy_wan_cg_connect4_comm` function `tproxy_wan_cg_connect4_comm` size 108
2026-10-10T19:52:44.819079+00:00 DEBUG aya_obj::relocation: relocating call to callee address 0x14b8 in section 2 (relocation) at instruction 24
2026-10-10T19:52:44.819080+00:00 DEBUG aya_obj::relocation: callee is `memset`
2026-10-10T19:52:44.819081+00:00 DEBUG aya_obj::relocation: linked function `memset` at instruction 108
2026-10-10T19:52:44.819082+00:00 DEBUG aya_obj::relocation: relocating program `tproxy_wan_cg_connect4_comm` function `memset` size 8
2026-10-10T19:52:44.819083+00:00 DEBUG aya_obj::relocation: finished relocating program `tproxy_wan_cg_connect4_comm` function `memset`
2026-10-10T19:52:44.819084+00:00 DEBUG aya_obj::relocation: callee `memset` is at ins 108, 83 from current instruction 24
2026-10-10T19:52:44.819086+00:00 DEBUG aya_obj::relocation: relocating call to callee address 0x14b8 in section 2 (relocation) at instruction 61
2026-10-10T19:52:44.819087+00:00 DEBUG aya_obj::relocation: callee is `memset`
2026-10-10T19:52:44.819087+00:00 DEBUG aya_obj::relocation: callee `memset` is at ins 108, 46 from current instruction 61
2026-10-10T19:52:44.819089+00:00 DEBUG aya_obj::relocation: finished relocating program `tproxy_wan_cg_connect4_comm` function `tproxy_wan_cg_connect4_comm`
2026-10-10T19:52:44.819090+00:00 DEBUG aya_obj::relocation: relocating program `tproxy_wan_cg_sock_create` function `tproxy_wan_cg_sock_create` size 185
2026-10-10T19:52:44.819092+00:00 DEBUG aya_obj::relocation: relocating call to callee address 0x14b8 in section 2 (relocation) at instruction 23
2026-10-10T19:52:44.819093+00:00 DEBUG aya_obj::relocation: callee is `memset`
2026-10-10T19:52:44.819094+00:00 DEBUG aya_obj::relocation: linked function `memset` at instruction 185
2026-10-10T19:52:44.819096+00:00 DEBUG aya_obj::relocation: relocating program `tproxy_wan_cg_sock_create` function `memset` size 8
2026-10-10T19:52:44.819097+00:00 DEBUG aya_obj::relocation: finished relocating program `tproxy_wan_cg_sock_create` function `memset`
2026-10-10T19:52:44.819098+00:00 DEBUG aya_obj::relocation: callee `memset` is at ins 185, 161 from current instruction 23
2026-10-10T19:52:44.819099+00:00 DEBUG aya_obj::relocation: relocating call to callee address 0x14b8 in section 2 (relocation) at instruction 80
2026-10-10T19:52:44.819100+00:00 DEBUG aya_obj::relocation: callee is `memset`
2026-10-10T19:52:44.819101+00:00 DEBUG aya_obj::relocation: callee `memset` is at ins 185, 104 from current instruction 80
2026-10-10T19:52:44.819103+00:00 DEBUG aya_obj::relocation: relocating reference to callee address 0x1320 in section 2 (relocation) at instruction 93
2026-10-10T19:52:44.819104+00:00 DEBUG aya_obj::relocation: callee is `_RNvNtCs2GI6VrNTxWR_9honk_ebpf12process_name13find_basename`
2026-10-10T19:52:44.819105+00:00 DEBUG aya_obj::relocation: linked function `_RNvNtCs2GI6VrNTxWR_9honk_ebpf12process_name13find_basename` at instruction 193
2026-10-10T19:52:44.819106+00:00 DEBUG aya_obj::relocation: relocating program `tproxy_wan_cg_sock_create` function `_RNvNtCs2GI6VrNTxWR_9honk_ebpf12process_name13find_basename` size 15
2026-10-10T19:52:44.819107+00:00 DEBUG aya_obj::relocation: finished relocating program `tproxy_wan_cg_sock_create` function `_RNvNtCs2GI6VrNTxWR_9honk_ebpf12process_name13find_basename`
2026-10-10T19:52:44.819108+00:00 DEBUG aya_obj::relocation: callee `_RNvNtCs2GI6VrNTxWR_9honk_ebpf12process_name13find_basename` is at ins 193, 99 from current instruction 93
2026-10-10T19:52:44.819110+00:00 DEBUG aya_obj::relocation: relocating call to callee address 0x14b8 in section 2 (relocation) at instruction 131
2026-10-10T19:52:44.819111+00:00 DEBUG aya_obj::relocation: callee is `memset`
2026-10-10T19:52:44.819112+00:00 DEBUG aya_obj::relocation: callee `memset` is at ins 185, 53 from current instruction 131
2026-10-10T19:52:44.819113+00:00 DEBUG aya_obj::relocation: finished relocating program `tproxy_wan_cg_sock_create` function `tproxy_wan_cg_sock_create`
2026-10-10T19:52:44.819115+00:00 DEBUG aya_obj::relocation: relocating program `honk_udp6_receive_enter` function `honk_udp6_receive_enter` size 55
2026-10-10T19:52:44.819117+00:00 DEBUG aya_obj::relocation: finished relocating program `honk_udp6_receive_enter` function `honk_udp6_receive_enter`
2026-10-10T19:52:44.819120+00:00 DEBUG aya_obj::relocation: relocating program `wan_egress_l2` function `wan_egress_l2` size 3360
2026-10-10T19:52:44.819122+00:00 DEBUG aya_obj::relocation: relocating call to callee address 0x14b8 in section 2 (relocation) at instruction 30
2026-10-10T19:52:44.819123+00:00 DEBUG aya_obj::relocation: callee is `memset`
2026-10-10T19:52:44.819125+00:00 DEBUG aya_obj::relocation: linked function `memset` at instruction 3360
2026-10-10T19:52:44.819126+00:00 DEBUG aya_obj::relocation: relocating program `wan_egress_l2` function `memset` size 8
2026-10-10T19:52:44.819128+00:00 DEBUG aya_obj::relocation: finished relocating program `wan_egress_l2` function `memset`
2026-10-10T19:52:44.819129+00:00 DEBUG aya_obj::relocation: callee `memset` is at ins 3360, 3329 from current instruction 30
2026-10-10T19:52:44.819130+00:00 DEBUG aya_obj::relocation: relocating call to callee address 0x14b8 in section 2 (relocation) at instruction 85
2026-10-10T19:52:44.819131+00:00 DEBUG aya_obj::relocation: callee is `memset`
2026-10-10T19:52:44.819132+00:00 DEBUG aya_obj::relocation: callee `memset` is at ins 3360, 3274 from current instruction 85
2026-10-10T19:52:44.819135+00:00 DEBUG aya_obj::relocation: relocating call to callee address 0x13f0 in section 2 (relocation) at instruction 246
2026-10-10T19:52:44.819136+00:00 DEBUG aya_obj::relocation: callee is `memmove`
2026-10-10T19:52:44.819137+00:00 DEBUG aya_obj::relocation: linked function `memmove` at instruction 3368
2026-10-10T19:52:44.819138+00:00 DEBUG aya_obj::relocation: relocating program `wan_egress_l2` function `memmove` size 25
2026-10-10T19:52:44.819139+00:00 DEBUG aya_obj::relocation: finished relocating program `wan_egress_l2` function `memmove`
2026-10-10T19:52:44.819140+00:00 DEBUG aya_obj::relocation: callee `memmove` is at ins 3368, 3121 from current instruction 246
2026-10-10T19:52:44.819142+00:00 DEBUG aya_obj::relocation: relocating call to callee address 0x13f0 in section 2 (relocation) at instruction 314
2026-10-10T19:52:44.819143+00:00 DEBUG aya_obj::relocation: callee is `memmove`
2026-10-10T19:52:44.819144+00:00 DEBUG aya_obj::relocation: callee `memmove` is at ins 3368, 3053 from current instruction 314
2026-10-10T19:52:44.819146+00:00 DEBUG aya_obj::relocation: relocating call to callee address 0x13f0 in section 2 (relocation) at instruction 347
2026-10-10T19:52:44.819147+00:00 DEBUG aya_obj::relocation: callee is `memmove`
2026-10-10T19:52:44.819148+00:00 DEBUG aya_obj::relocation: callee `memmove` is at ins 3368, 3020 from current instruction 347
2026-10-10T19:52:44.819149+00:00 DEBUG aya_obj::relocation: relocating call to callee address 0x13f0 in section 2 (relocation) at instruction 376
2026-10-10T19:52:44.819150+00:00 DEBUG aya_obj::relocation: callee is `memmove`
2026-10-10T19:52:44.819151+00:00 DEBUG aya_obj::relocation: callee `memmove` is at ins 3368, 2991 from current instruction 376
2026-10-10T19:52:44.819153+00:00 DEBUG aya_obj::relocation: relocating call to callee address 0x13f0 in section 2 (relocation) at instruction 478
2026-10-10T19:52:44.819154+00:00 DEBUG aya_obj::relocation: callee is `memmove`
2026-10-10T19:52:44.819155+00:00 DEBUG aya_obj::relocation: callee `memmove` is at ins 3368, 2889 from current instruction 478
2026-10-10T19:52:44.819156+00:00 DEBUG aya_obj::relocation: relocating call to callee address 0x13f0 in section 2 (relocation) at instruction 485
2026-10-10T19:52:44.819157+00:00 DEBUG aya_obj::relocation: callee is `memmove`
2026-10-10T19:52:44.819158+00:00 DEBUG aya_obj::relocation: callee `memmove` is at ins 3368, 2882 from current instruction 485
2026-10-10T19:52:44.819160+00:00 DEBUG aya_obj::relocation: relocating call to callee address 0x14b8 in section 2 (relocation) at instruction 510
2026-10-10T19:52:44.819161+00:00 DEBUG aya_obj::relocation: callee is `memset`
2026-10-10T19:52:44.819162+00:00 DEBUG aya_obj::relocation: callee `memset` is at ins 3360, 2849 from current instruction 510
2026-10-10T19:52:44.819164+00:00 DEBUG aya_obj::relocation: relocating call to callee address 0x13f0 in section 2 (relocation) at instruction 544
2026-10-10T19:52:44.819165+00:00 DEBUG aya_obj::relocation: callee is `memmove`
2026-10-10T19:52:44.819166+00:00 DEBUG aya_obj::relocation: callee `memmove` is at ins 3368, 2823 from current instruction 544
2026-10-10T19:52:44.819167+00:00 DEBUG aya_obj::relocation: relocating call to callee address 0x13f0 in section 2 (relocation) at instruction 549
2026-10-10T19:52:44.819168+00:00 DEBUG aya_obj::relocation: callee is `memmove`
2026-10-10T19:52:44.819169+00:00 DEBUG aya_obj::relocation: callee `memmove` is at ins 3368, 2818 from current instruction 549
2026-10-10T19:52:44.819172+00:00 DEBUG aya_obj::relocation: relocating call to callee address 0x14b8 in section 2 (relocation) at instruction 723
2026-10-10T19:52:44.819173+00:00 DEBUG aya_obj::relocation: callee is `memset`
2026-10-10T19:52:44.819174+00:00 DEBUG aya_obj::relocation: callee `memset` is at ins 3360, 2636 from current instruction 723
2026-10-10T19:52:44.819175+00:00 DEBUG aya_obj::relocation: relocating call to callee address 0xdc58 in section 2 (relocation) at instruction 737
2026-10-10T19:52:44.819176+00:00 DEBUG aya_obj::relocation: callee is `_RNvNtCs2GI6VrNTxWR_9honk_ebpf8contrack15___mark_tcp_seen`
2026-10-10T19:52:44.819178+00:00 DEBUG aya_obj::relocation: linked function `_RNvNtCs2GI6VrNTxWR_9honk_ebpf8contrack15___mark_tcp_seen` at instruction 3393
2026-10-10T19:52:44.819179+00:00 DEBUG aya_obj::relocation: relocating program `wan_egress_l2` function `_RNvNtCs2GI6VrNTxWR_9honk_ebpf8contrack15___mark_tcp_seen` size 460
2026-10-10T19:52:44.819180+00:00 DEBUG aya_obj::relocation: relocating call to callee address 0x14b8 in section 2 (relocation) at instruction 3416
2026-10-10T19:52:44.819181+00:00 DEBUG aya_obj::relocation: callee is `memset`
2026-10-10T19:52:44.819182+00:00 DEBUG aya_obj::relocation: callee `memset` is at ins 3360, -57 from current instruction 3416
2026-10-10T19:52:44.819183+00:00 DEBUG aya_obj::relocation: relocating call to callee address 0x14b8 in section 2 (relocation) at instruction 3421
2026-10-10T19:52:44.819184+00:00 DEBUG aya_obj::relocation: callee is `memset`
2026-10-10T19:52:44.819185+00:00 DEBUG aya_obj::relocation: callee `memset` is at ins 3360, -62 from current instruction 3421
2026-10-10T19:52:44.819186+00:00 DEBUG aya_obj::relocation: relocating call to callee address 0x14b8 in section 2 (relocation) at instruction 3426
2026-10-10T19:52:44.819187+00:00 DEBUG aya_obj::relocation: callee is `memset`
2026-10-10T19:52:44.819188+00:00 DEBUG aya_obj::relocation: callee `memset` is at ins 3360, -67 from current instruction 3426
2026-10-10T19:52:44.819190+00:00 DEBUG aya_obj::relocation: relocating call to callee address 0x14b8 in section 2 (relocation) at instruction 3537
2026-10-10T19:52:44.819191+00:00 DEBUG aya_obj::relocation: callee is `memset`
2026-10-10T19:52:44.819192+00:00 DEBUG aya_obj::relocation: callee `memset` is at ins 3360, -178 from current instruction 3537
2026-10-10T19:52:44.819193+00:00 DEBUG aya_obj::relocation: relocating call to callee address 0x14b8 in section 2 (relocation) at instruction 3542
2026-10-10T19:52:44.819194+00:00 DEBUG aya_obj::relocation: callee is `memset`
2026-10-10T19:52:44.819195+00:00 DEBUG aya_obj::relocation: callee `memset` is at ins 3360, -183 from current instruction 3542
2026-10-10T19:52:44.819196+00:00 DEBUG aya_obj::relocation: relocating call to callee address 0x14b8 in section 2 (relocation) at instruction 3547
2026-10-10T19:52:44.819197+00:00 DEBUG aya_obj::relocation: callee is `memset`
2026-10-10T19:52:44.819198+00:00 DEBUG aya_obj::relocation: callee `memset` is at ins 3360, -188 from current instruction 3547
2026-10-10T19:52:44.819201+00:00 DEBUG aya_obj::relocation: relocating call to callee address 0x14b8 in section 2 (relocation) at instruction 3707
2026-10-10T19:52:44.819202+00:00 DEBUG aya_obj::relocation: callee is `memset`
2026-10-10T19:52:44.819203+00:00 DEBUG aya_obj::relocation: callee `memset` is at ins 3360, -348 from current instruction 3707
2026-10-10T19:52:44.819206+00:00 DEBUG aya_obj::relocation: finished relocating program `wan_egress_l2` function `_RNvNtCs2GI6VrNTxWR_9honk_ebpf8contrack15___mark_tcp_seen`
2026-10-10T19:52:44.819207+00:00 DEBUG aya_obj::relocation: callee `_RNvNtCs2GI6VrNTxWR_9honk_ebpf8contrack15___mark_tcp_seen` is at ins 3393, 2655 from current instruction 737
2026-10-10T19:52:44.819212+00:00 DEBUG aya_obj::relocation: relocating call to callee address 0x14b8 in section 2 (relocation) at instruction 947
2026-10-10T19:52:44.819213+00:00 DEBUG aya_obj::relocation: callee is `memset`
2026-10-10T19:52:44.819213+00:00 DEBUG aya_obj::relocation: callee `memset` is at ins 3360, 2412 from current instruction 947
2026-10-10T19:52:44.819218+00:00 DEBUG aya_obj::relocation: relocating call to callee address 0x14b8 in section 2 (relocation) at instruction 1175
2026-10-10T19:52:44.819219+00:00 DEBUG aya_obj::relocation: callee is `memset`
2026-10-10T19:52:44.819220+00:00 DEBUG aya_obj::relocation: callee `memset` is at ins 3360, 2184 from current instruction 1175
2026-10-10T19:52:44.819222+00:00 DEBUG aya_obj::relocation: relocating call to callee address 0x14b8 in section 2 (relocation) at instruction 1248
2026-10-10T19:52:44.819223+00:00 DEBUG aya_obj::relocation: callee is `memset`
2026-10-10T19:52:44.819224+00:00 DEBUG aya_obj::relocation: callee `memset` is at ins 3360, 2111 from current instruction 1248
2026-10-10T19:52:44.819226+00:00 DEBUG aya_obj::relocation: relocating call to callee address 0x0 in section 2 (relocation) at instruction 1336
2026-10-10T19:52:44.819227+00:00 DEBUG aya_obj::relocation: callee is `honk_normalize_process_name`
2026-10-10T19:52:44.819228+00:00 DEBUG aya_obj::relocation: linked function `honk_normalize_process_name` at instruction 3853
2026-10-10T19:52:44.819229+00:00 DEBUG aya_obj::relocation: relocating program `wan_egress_l2` function `honk_normalize_process_name` size 145
2026-10-10T19:52:44.819230+00:00 DEBUG aya_obj::relocation: relocating call to callee address 0x14b8 in section 2 (relocation) at instruction 3862
2026-10-10T19:52:44.819231+00:00 DEBUG aya_obj::relocation: callee is `memset`
2026-10-10T19:52:44.819232+00:00 DEBUG aya_obj::relocation: callee `memset` is at ins 3360, -503 from current instruction 3862
2026-10-10T19:52:44.819233+00:00 DEBUG aya_obj::relocation: relocating call to callee address 0x14b8 in section 2 (relocation) at instruction 3868
2026-10-10T19:52:44.819234+00:00 DEBUG aya_obj::relocation: callee is `memset`
2026-10-10T19:52:44.819235+00:00 DEBUG aya_obj::relocation: callee `memset` is at ins 3360, -509 from current instruction 3868
2026-10-10T19:52:44.819236+00:00 DEBUG aya_obj::relocation: relocating call to callee address 0x488 in section 2 (relocation) at instruction 3872
2026-10-10T19:52:44.819237+00:00 DEBUG aya_obj::relocation: callee is `honk_normalize_process_step`
2026-10-10T19:52:44.819238+00:00 DEBUG aya_obj::relocation: linked function `honk_normalize_process_step` at instruction 3998
2026-10-10T19:52:44.819240+00:00 DEBUG aya_obj::relocation: relocating program `wan_egress_l2` function `honk_normalize_process_step` size 317
2026-10-10T19:52:44.819244+00:00 DEBUG aya_obj::relocation: finished relocating program `wan_egress_l2` function `honk_normalize_process_step`
2026-10-10T19:52:44.819245+00:00 DEBUG aya_obj::relocation: callee `honk_normalize_process_step` is at ins 3998, 125 from current instruction 3872
2026-10-10T19:52:44.819246+00:00 DEBUG aya_obj::relocation: relocating call to callee address 0x488 in section 2 (relocation) at instruction 3884
2026-10-10T19:52:44.819247+00:00 DEBUG aya_obj::relocation: callee is `honk_normalize_process_step`
2026-10-10T19:52:44.819248+00:00 DEBUG aya_obj::relocation: callee `honk_normalize_process_step` is at ins 3998, 113 from current instruction 3884
2026-10-10T19:52:44.819249+00:00 DEBUG aya_obj::relocation: relocating call to callee address 0x488 in section 2 (relocation) at instruction 3892
2026-10-10T19:52:44.819251+00:00 DEBUG aya_obj::relocation: callee is `honk_normalize_process_step`
2026-10-10T19:52:44.819252+00:00 DEBUG aya_obj::relocation: callee `honk_normalize_process_step` is at ins 3998, 105 from current instruction 3892
2026-10-10T19:52:44.819253+00:00 DEBUG aya_obj::relocation: relocating call to callee address 0x488 in section 2 (relocation) at instruction 3900
2026-10-10T19:52:44.819254+00:00 DEBUG aya_obj::relocation: callee is `honk_normalize_process_step`
2026-10-10T19:52:44.819255+00:00 DEBUG aya_obj::relocation: callee `honk_normalize_process_step` is at ins 3998, 97 from current instruction 3900
2026-10-10T19:52:44.819257+00:00 DEBUG aya_obj::relocation: relocating call to callee address 0x488 in section 2 (relocation) at instruction 3908
2026-10-10T19:52:44.819258+00:00 DEBUG aya_obj::relocation: callee is `honk_normalize_process_step`
2026-10-10T19:52:44.819259+00:00 DEBUG aya_obj::relocation: callee `honk_normalize_process_step` is at ins 3998, 89 from current instruction 3908
2026-10-10T19:52:44.819260+00:00 DEBUG aya_obj::relocation: relocating call to callee address 0x488 in section 2 (relocation) at instruction 3916
2026-10-10T19:52:44.819261+00:00 DEBUG aya_obj::relocation: callee is `honk_normalize_process_step`
2026-10-10T19:52:44.819262+00:00 DEBUG aya_obj::relocation: callee `honk_normalize_process_step` is at ins 3998, 81 from current instruction 3916
2026-10-10T19:52:44.819263+00:00 DEBUG aya_obj::relocation: relocating call to callee address 0x488 in section 2 (relocation) at instruction 3924
2026-10-10T19:52:44.819264+00:00 DEBUG aya_obj::relocation: callee is `honk_normalize_process_step`
2026-10-10T19:52:44.819265+00:00 DEBUG aya_obj::relocation: callee `honk_normalize_process_step` is at ins 3998, 73 from current instruction 3924
2026-10-10T19:52:44.819266+00:00 DEBUG aya_obj::relocation: relocating call to callee address 0x488 in section 2 (relocation) at instruction 3932
2026-10-10T19:52:44.819267+00:00 DEBUG aya_obj::relocation: callee is `honk_normalize_process_step`
2026-10-10T19:52:44.819268+00:00 DEBUG aya_obj::relocation: callee `honk_normalize_process_step` is at ins 3998, 65 from current instruction 3932
2026-10-10T19:52:44.819269+00:00 DEBUG aya_obj::relocation: relocating call to callee address 0x488 in section 2 (relocation) at instruction 3940
2026-10-10T19:52:44.819270+00:00 DEBUG aya_obj::relocation: callee is `honk_normalize_process_step`
2026-10-10T19:52:44.819271+00:00 DEBUG aya_obj::relocation: callee `honk_normalize_process_step` is at ins 3998, 57 from current instruction 3940
2026-10-10T19:52:44.819272+00:00 DEBUG aya_obj::relocation: relocating call to callee address 0x488 in section 2 (relocation) at instruction 3948
2026-10-10T19:52:44.819273+00:00 DEBUG aya_obj::relocation: callee is `honk_normalize_process_step`
2026-10-10T19:52:44.819274+00:00 DEBUG aya_obj::relocation: callee `honk_normalize_process_step` is at ins 3998, 49 from current instruction 3948
2026-10-10T19:52:44.819275+00:00 DEBUG aya_obj::relocation: relocating call to callee address 0x488 in section 2 (relocation) at instruction 3956
2026-10-10T19:52:44.819276+00:00 DEBUG aya_obj::relocation: callee is `honk_normalize_process_step`
2026-10-10T19:52:44.819277+00:00 DEBUG aya_obj::relocation: callee `honk_normalize_process_step` is at ins 3998, 41 from current instruction 3956
2026-10-10T19:52:44.819278+00:00 DEBUG aya_obj::relocation: relocating call to callee address 0x488 in section 2 (relocation) at instruction 3964
2026-10-10T19:52:44.819279+00:00 DEBUG aya_obj::relocation: callee is `honk_normalize_process_step`
2026-10-10T19:52:44.819280+00:00 DEBUG aya_obj::relocation: callee `honk_normalize_process_step` is at ins 3998, 33 from current instruction 3964
2026-10-10T19:52:44.819281+00:00 DEBUG aya_obj::relocation: relocating call to callee address 0x488 in section 2 (relocation) at instruction 3972
2026-10-10T19:52:44.819282+00:00 DEBUG aya_obj::relocation: callee is `honk_normalize_process_step`
2026-10-10T19:52:44.819283+00:00 DEBUG aya_obj::relocation: callee `honk_normalize_process_step` is at ins 3998, 25 from current instruction 3972
2026-10-10T19:52:44.819285+00:00 DEBUG aya_obj::relocation: relocating call to callee address 0x488 in section 2 (relocation) at instruction 3980
2026-10-10T19:52:44.819286+00:00 DEBUG aya_obj::relocation: callee is `honk_normalize_process_step`
2026-10-10T19:52:44.819287+00:00 DEBUG aya_obj::relocation: callee `honk_normalize_process_step` is at ins 3998, 17 from current instruction 3980
2026-10-10T19:52:44.819288+00:00 DEBUG aya_obj::relocation: relocating call to callee address 0x488 in section 2 (relocation) at instruction 3988
2026-10-10T19:52:44.819289+00:00 DEBUG aya_obj::relocation: callee is `honk_normalize_process_step`
2026-10-10T19:52:44.819290+00:00 DEBUG aya_obj::relocation: callee `honk_normalize_process_step` is at ins 3998, 9 from current instruction 3988
2026-10-10T19:52:44.819292+00:00 DEBUG aya_obj::relocation: relocating call to callee address 0x488 in section 2 (relocation) at instruction 3996
2026-10-10T19:52:44.819293+00:00 DEBUG aya_obj::relocation: callee is `honk_normalize_process_step`
2026-10-10T19:52:44.819293+00:00 DEBUG aya_obj::relocation: callee `honk_normalize_process_step` is at ins 3998, 1 from current instruction 3996
2026-10-10T19:52:44.819295+00:00 DEBUG aya_obj::relocation: finished relocating program `wan_egress_l2` function `honk_normalize_process_name`
2026-10-10T19:52:44.819296+00:00 DEBUG aya_obj::relocation: callee `honk_normalize_process_name` is at ins 3853, 2516 from current instruction 1336
2026-10-10T19:52:44.819297+00:00 DEBUG aya_obj::relocation: relocating call to callee address 0x1070 in section 2 (relocation) at instruction 1367
2026-10-10T19:52:44.819298+00:00 DEBUG aya_obj::relocation: callee is `honk_route_slot1`
2026-10-10T19:52:44.819299+00:00 DEBUG aya_obj::relocation: linked function `honk_route_slot1` at instruction 4315
2026-10-10T19:52:44.819300+00:00 DEBUG aya_obj::relocation: relocating program `wan_egress_l2` function `honk_route_slot1` size 64
2026-10-10T19:52:44.819302+00:00 DEBUG aya_obj::relocation: finished relocating program `wan_egress_l2` function `honk_route_slot1`
2026-10-10T19:52:44.819303+00:00 DEBUG aya_obj::relocation: callee `honk_route_slot1` is at ins 4315, 2947 from current instruction 1367
2026-10-10T19:52:44.819304+00:00 DEBUG aya_obj::relocation: relocating call to callee address 0xe70 in section 2 (relocation) at instruction 1371
2026-10-10T19:52:44.819305+00:00 DEBUG aya_obj::relocation: callee is `honk_route_slot0`
2026-10-10T19:52:44.819306+00:00 DEBUG aya_obj::relocation: linked function `honk_route_slot0` at instruction 4379
2026-10-10T19:52:44.819307+00:00 DEBUG aya_obj::relocation: relocating program `wan_egress_l2` function `honk_route_slot0` size 64
2026-10-10T19:52:44.819309+00:00 DEBUG aya_obj::relocation: finished relocating program `wan_egress_l2` function `honk_route_slot0`
2026-10-10T19:52:44.819310+00:00 DEBUG aya_obj::relocation: callee `honk_route_slot0` is at ins 4379, 3007 from current instruction 1371
2026-10-10T19:52:44.819313+00:00 DEBUG aya_obj::relocation: relocating call to callee address 0x14b8 in section 2 (relocation) at instruction 1517
2026-10-10T19:52:44.819314+00:00 DEBUG aya_obj::relocation: callee is `memset`
2026-10-10T19:52:44.819314+00:00 DEBUG aya_obj::relocation: callee `memset` is at ins 3360, 1842 from current instruction 1517
2026-10-10T19:52:44.819317+00:00 DEBUG aya_obj::relocation: relocating call to callee address 0xdc58 in section 2 (relocation) at instruction 1601
2026-10-10T19:52:44.819318+00:00 DEBUG aya_obj::relocation: callee is `_RNvNtCs2GI6VrNTxWR_9honk_ebpf8contrack15___mark_tcp_seen`
2026-10-10T19:52:44.819319+00:00 DEBUG aya_obj::relocation: callee `_RNvNtCs2GI6VrNTxWR_9honk_ebpf8contrack15___mark_tcp_seen` is at ins 3393, 1791 from current instruction 1601
2026-10-10T19:52:44.819322+00:00 DEBUG aya_obj::relocation: relocating call to callee address 0x14b8 in section 2 (relocation) at instruction 1728
2026-10-10T19:52:44.819323+00:00 DEBUG aya_obj::relocation: callee is `memset`
2026-10-10T19:52:44.819325+00:00 DEBUG aya_obj::relocation: callee `memset` is at ins 3360, 1631 from current instruction 1728
2026-10-10T19:52:44.819327+00:00 DEBUG aya_obj::relocation: relocating call to callee address 0x14b8 in section 2 (relocation) at instruction 1823
2026-10-10T19:52:44.819328+00:00 DEBUG aya_obj::relocation: callee is `memset`
2026-10-10T19:52:44.819329+00:00 DEBUG aya_obj::relocation: callee `memset` is at ins 3360, 1536 from current instruction 1823
2026-10-10T19:52:44.819330+00:00 DEBUG aya_obj::relocation: relocating call to callee address 0x0 in section 2 (relocation) at instruction 1861
2026-10-10T19:52:44.819332+00:00 DEBUG aya_obj::relocation: callee is `honk_normalize_process_name`
2026-10-10T19:52:44.819333+00:00 DEBUG aya_obj::relocation: callee `honk_normalize_process_name` is at ins 3853, 1991 from current instruction 1861
2026-10-10T19:52:44.819334+00:00 DEBUG aya_obj::relocation: relocating call to callee address 0x1070 in section 2 (relocation) at instruction 1892
2026-10-10T19:52:44.819335+00:00 DEBUG aya_obj::relocation: callee is `honk_route_slot1`
2026-10-10T19:52:44.819336+00:00 DEBUG aya_obj::relocation: callee `honk_route_slot1` is at ins 4315, 2422 from current instruction 1892
2026-10-10T19:52:44.819337+00:00 DEBUG aya_obj::relocation: relocating call to callee address 0xe70 in section 2 (relocation) at instruction 1896
2026-10-10T19:52:44.819338+00:00 DEBUG aya_obj::relocation: callee is `honk_route_slot0`
2026-10-10T19:52:44.819339+00:00 DEBUG aya_obj::relocation: callee `honk_route_slot0` is at ins 4379, 2482 from current instruction 1896
2026-10-10T19:52:44.819343+00:00 DEBUG aya_obj::relocation: relocating call to callee address 0x14b8 in section 2 (relocation) at instruction 2138
2026-10-10T19:52:44.819344+00:00 DEBUG aya_obj::relocation: callee is `memset`
2026-10-10T19:52:44.819345+00:00 DEBUG aya_obj::relocation: callee `memset` is at ins 3360, 1221 from current instruction 2138
2026-10-10T19:52:44.819347+00:00 DEBUG aya_obj::relocation: relocating call to callee address 0x14b8 in section 2 (relocation) at instruction 2235
2026-10-10T19:52:44.819349+00:00 DEBUG aya_obj::relocation: callee is `memset`
2026-10-10T19:52:44.819349+00:00 DEBUG aya_obj::relocation: callee `memset` is at ins 3360, 1124 from current instruction 2235
2026-10-10T19:52:44.819352+00:00 DEBUG aya_obj::relocation: relocating call to callee address 0x14b8 in section 2 (relocation) at instruction 2375
2026-10-10T19:52:44.819354+00:00 DEBUG aya_obj::relocation: callee is `memset`
2026-10-10T19:52:44.819354+00:00 DEBUG aya_obj::relocation: callee `memset` is at ins 3360, 984 from current instruction 2375
2026-10-10T19:52:44.819356+00:00 DEBUG aya_obj::relocation: relocating call to callee address 0x10288 in section 2 (relocation) at instruction 2437
2026-10-10T19:52:44.819357+00:00 DEBUG aya_obj::relocation: callee is `_RNvNtCs2GI6VrNTxWR_9honk_ebpf8contrack15___mark_udp_seen`
2026-10-10T19:52:44.819358+00:00 DEBUG aya_obj::relocation: linked function `_RNvNtCs2GI6VrNTxWR_9honk_ebpf8contrack15___mark_udp_seen` at instruction 4443
2026-10-10T19:52:44.819360+00:00 DEBUG aya_obj::relocation: relocating program `wan_egress_l2` function `_RNvNtCs2GI6VrNTxWR_9honk_ebpf8contrack15___mark_udp_seen` size 401
2026-10-10T19:52:44.819362+00:00 DEBUG aya_obj::relocation: relocating call to callee address 0x14b8 in section 2 (relocation) at instruction 4574
2026-10-10T19:52:44.819363+00:00 DEBUG aya_obj::relocation: callee is `memset`
2026-10-10T19:52:44.819364+00:00 DEBUG aya_obj::relocation: callee `memset` is at ins 3360, -1215 from current instruction 4574
2026-10-10T19:52:44.819365+00:00 DEBUG aya_obj::relocation: relocating call to callee address 0x14b8 in section 2 (relocation) at instruction 4579
2026-10-10T19:52:44.819366+00:00 DEBUG aya_obj::relocation: callee is `memset`
2026-10-10T19:52:44.819367+00:00 DEBUG aya_obj::relocation: callee `memset` is at ins 3360, -1220 from current instruction 4579
2026-10-10T19:52:44.819369+00:00 DEBUG aya_obj::relocation: relocating call to callee address 0x14b8 in section 2 (relocation) at instruction 4666
2026-10-10T19:52:44.819371+00:00 DEBUG aya_obj::relocation: callee is `memset`
2026-10-10T19:52:44.819372+00:00 DEBUG aya_obj::relocation: callee `memset` is at ins 3360, -1307 from current instruction 4666
2026-10-10T19:52:44.819374+00:00 DEBUG aya_obj::relocation: relocating call to callee address 0x14b8 in section 2 (relocation) at instruction 4736
2026-10-10T19:52:44.819375+00:00 DEBUG aya_obj::relocation: callee is `memset`
2026-10-10T19:52:44.819376+00:00 DEBUG aya_obj::relocation: callee `memset` is at ins 3360, -1377 from current instruction 4736
2026-10-10T19:52:44.819378+00:00 DEBUG aya_obj::relocation: finished relocating program `wan_egress_l2` function `_RNvNtCs2GI6VrNTxWR_9honk_ebpf8contrack15___mark_udp_seen`
2026-10-10T19:52:44.819379+00:00 DEBUG aya_obj::relocation: callee `_RNvNtCs2GI6VrNTxWR_9honk_ebpf8contrack15___mark_udp_seen` is at ins 4443, 2005 from current instruction 2437
2026-10-10T19:52:44.819382+00:00 DEBUG aya_obj::relocation: relocating call to callee address 0x14b8 in section 2 (relocation) at instruction 2593
2026-10-10T19:52:44.819383+00:00 DEBUG aya_obj::relocation: callee is `memset`
2026-10-10T19:52:44.819384+00:00 DEBUG aya_obj::relocation: callee `memset` is at ins 3360, 766 from current instruction 2593
2026-10-10T19:52:44.819388+00:00 DEBUG aya_obj::relocation: relocating call to callee address 0x14b8 in section 2 (relocation) at instruction 2791
2026-10-10T19:52:44.819389+00:00 DEBUG aya_obj::relocation: callee is `memset`
2026-10-10T19:52:44.819390+00:00 DEBUG aya_obj::relocation: callee `memset` is at ins 3360, 568 from current instruction 2791
2026-10-10T19:52:44.819393+00:00 DEBUG aya_obj::relocation: relocating call to callee address 0x14b8 in section 2 (relocation) at instruction 2958
2026-10-10T19:52:44.819394+00:00 DEBUG aya_obj::relocation: callee is `memset`
2026-10-10T19:52:44.819395+00:00 DEBUG aya_obj::relocation: callee `memset` is at ins 3360, 401 from current instruction 2958
2026-10-10T19:52:44.819397+00:00 DEBUG aya_obj::relocation: relocating call to callee address 0x14b8 in section 2 (relocation) at instruction 3062
2026-10-10T19:52:44.819398+00:00 DEBUG aya_obj::relocation: callee is `memset`
2026-10-10T19:52:44.819399+00:00 DEBUG aya_obj::relocation: callee `memset` is at ins 3360, 297 from current instruction 3062
2026-10-10T19:52:44.819403+00:00 DEBUG aya_obj::relocation: relocating call to callee address 0x14b8 in section 2 (relocation) at instruction 3276
2026-10-10T19:52:44.819404+00:00 DEBUG aya_obj::relocation: callee is `memset`
2026-10-10T19:52:44.819405+00:00 DEBUG aya_obj::relocation: callee `memset` is at ins 3360, 83 from current instruction 3276
2026-10-10T19:52:44.819407+00:00 DEBUG aya_obj::relocation: finished relocating program `wan_egress_l2` function `wan_egress_l2`
2026-10-10T19:52:44.819409+00:00 DEBUG aya_obj::relocation: relocating program `dae0_ingress` function `dae0_ingress` size 6
2026-10-10T19:52:44.819410+00:00 DEBUG aya_obj::relocation: relocating call to callee address 0x14f8 in section 2 (relocation) at instruction 3
2026-10-10T19:52:44.819411+00:00 DEBUG aya_obj::relocation: callee is `_RNvNtCs2GI6VrNTxWR_9honk_ebpf7ingress22do_tproxy_dae0_ingress`
2026-10-10T19:52:44.819412+00:00 DEBUG aya_obj::relocation: linked function `_RNvNtCs2GI6VrNTxWR_9honk_ebpf7ingress22do_tproxy_dae0_ingress` at instruction 6
2026-10-10T19:52:44.819414+00:00 DEBUG aya_obj::relocation: relocating program `dae0_ingress` function `_RNvNtCs2GI6VrNTxWR_9honk_ebpf7ingress22do_tproxy_dae0_ingress` size 739
2026-10-10T19:52:44.819416+00:00 DEBUG aya_obj::relocation: relocating call to callee address 0x14b8 in section 2 (relocation) at instruction 38
2026-10-10T19:52:44.819417+00:00 DEBUG aya_obj::relocation: callee is `memset`
2026-10-10T19:52:44.819418+00:00 DEBUG aya_obj::relocation: linked function `memset` at instruction 745
2026-10-10T19:52:44.819419+00:00 DEBUG aya_obj::relocation: relocating program `dae0_ingress` function `memset` size 8
2026-10-10T19:52:44.819420+00:00 DEBUG aya_obj::relocation: finished relocating program `dae0_ingress` function `memset`
2026-10-10T19:52:44.819422+00:00 DEBUG aya_obj::relocation: callee `memset` is at ins 745, 706 from current instruction 38
2026-10-10T19:52:44.819424+00:00 DEBUG aya_obj::relocation: relocating call to callee address 0x14b8 in section 2 (relocation) at instruction 92
2026-10-10T19:52:44.819425+00:00 DEBUG aya_obj::relocation: callee is `memset`
2026-10-10T19:52:44.819426+00:00 DEBUG aya_obj::relocation: callee `memset` is at ins 745, 652 from current instruction 92
2026-10-10T19:52:44.819429+00:00 DEBUG aya_obj::relocation: relocating call to callee address 0x13f0 in section 2 (relocation) at instruction 253
2026-10-10T19:52:44.819430+00:00 DEBUG aya_obj::relocation: callee is `memmove`
2026-10-10T19:52:44.819431+00:00 DEBUG aya_obj::relocation: linked function `memmove` at instruction 753
2026-10-10T19:52:44.819432+00:00 DEBUG aya_obj::relocation: relocating program `dae0_ingress` function `memmove` size 25
2026-10-10T19:52:44.819433+00:00 DEBUG aya_obj::relocation: finished relocating program `dae0_ingress` function `memmove`
2026-10-10T19:52:44.819434+00:00 DEBUG aya_obj::relocation: callee `memmove` is at ins 753, 499 from current instruction 253
2026-10-10T19:52:44.819436+00:00 DEBUG aya_obj::relocation: relocating call to callee address 0x13f0 in section 2 (relocation) at instruction 321
2026-10-10T19:52:44.819437+00:00 DEBUG aya_obj::relocation: callee is `memmove`
2026-10-10T19:52:44.819438+00:00 DEBUG aya_obj::relocation: callee `memmove` is at ins 753, 431 from current instruction 321
2026-10-10T19:52:44.819439+00:00 DEBUG aya_obj::relocation: relocating call to callee address 0x13f0 in section 2 (relocation) at instruction 354
2026-10-10T19:52:44.819440+00:00 DEBUG aya_obj::relocation: callee is `memmove`
2026-10-10T19:52:44.819441+00:00 DEBUG aya_obj::relocation: callee `memmove` is at ins 753, 398 from current instruction 354
2026-10-10T19:52:44.819442+00:00 DEBUG aya_obj::relocation: relocating call to callee address 0x13f0 in section 2 (relocation) at instruction 391
2026-10-10T19:52:44.819443+00:00 DEBUG aya_obj::relocation: callee is `memmove`
2026-10-10T19:52:44.819444+00:00 DEBUG aya_obj::relocation: callee `memmove` is at ins 753, 361 from current instruction 391
2026-10-10T19:52:44.819446+00:00 DEBUG aya_obj::relocation: relocating call to callee address 0x13f0 in section 2 (relocation) at instruction 489
2026-10-10T19:52:44.819447+00:00 DEBUG aya_obj::relocation: callee is `memmove`
2026-10-10T19:52:44.819448+00:00 DEBUG aya_obj::relocation: callee `memmove` is at ins 753, 263 from current instruction 489
2026-10-10T19:52:44.819449+00:00 DEBUG aya_obj::relocation: relocating call to callee address 0x13f0 in section 2 (relocation) at instruction 496
2026-10-10T19:52:44.819450+00:00 DEBUG aya_obj::relocation: callee is `memmove`
2026-10-10T19:52:44.819451+00:00 DEBUG aya_obj::relocation: callee `memmove` is at ins 753, 256 from current instruction 496
2026-10-10T19:52:44.819453+00:00 DEBUG aya_obj::relocation: relocating call to callee address 0x14b8 in section 2 (relocation) at instruction 520
2026-10-10T19:52:44.819454+00:00 DEBUG aya_obj::relocation: callee is `memset`
2026-10-10T19:52:44.819454+00:00 DEBUG aya_obj::relocation: callee `memset` is at ins 745, 224 from current instruction 520
2026-10-10T19:52:44.819456+00:00 DEBUG aya_obj::relocation: relocating call to callee address 0x13f0 in section 2 (relocation) at instruction 555
2026-10-10T19:52:44.819457+00:00 DEBUG aya_obj::relocation: callee is `memmove`
2026-10-10T19:52:44.819458+00:00 DEBUG aya_obj::relocation: callee `memmove` is at ins 753, 197 from current instruction 555
2026-10-10T19:52:44.819459+00:00 DEBUG aya_obj::relocation: relocating call to callee address 0x13f0 in section 2 (relocation) at instruction 560
2026-10-10T19:52:44.819460+00:00 DEBUG aya_obj::relocation: callee is `memmove`
2026-10-10T19:52:44.819461+00:00 DEBUG aya_obj::relocation: callee `memmove` is at ins 753, 192 from current instruction 560
2026-10-10T19:52:44.819462+00:00 DEBUG aya_obj::relocation: relocating call to callee address 0x14b8 in section 2 (relocation) at instruction 606
2026-10-10T19:52:44.819466+00:00 DEBUG aya_obj::relocation: callee is `memset`
2026-10-10T19:52:44.819467+00:00 DEBUG aya_obj::relocation: callee `memset` is at ins 745, 138 from current instruction 606
2026-10-10T19:52:44.819469+00:00 DEBUG aya_obj::relocation: relocating call to callee address 0x14b8 in section 2 (relocation) at instruction 736
2026-10-10T19:52:44.819470+00:00 DEBUG aya_obj::relocation: callee is `memset`
2026-10-10T19:52:44.819471+00:00 DEBUG aya_obj::relocation: callee `memset` is at ins 745, 8 from current instruction 736
2026-10-10T19:52:44.819472+00:00 DEBUG aya_obj::relocation: finished relocating program `dae0_ingress` function `_RNvNtCs2GI6VrNTxWR_9honk_ebpf7ingress22do_tproxy_dae0_ingress`
2026-10-10T19:52:44.819474+00:00 DEBUG aya_obj::relocation: callee `_RNvNtCs2GI6VrNTxWR_9honk_ebpf7ingress22do_tproxy_dae0_ingress` is at ins 6, 2 from current instruction 3
2026-10-10T19:52:44.819475+00:00 DEBUG aya_obj::relocation: finished relocating program `dae0_ingress` function `dae0_ingress`
2026-10-10T19:52:44.819476+00:00 DEBUG aya_obj::relocation: relocating program `tproxy_wan_cg_sendmsg6` function `tproxy_wan_cg_sendmsg6` size 185
2026-10-10T19:52:44.819478+00:00 DEBUG aya_obj::relocation: relocating call to callee address 0x14b8 in section 2 (relocation) at instruction 23
2026-10-10T19:52:44.819479+00:00 DEBUG aya_obj::relocation: callee is `memset`
2026-10-10T19:52:44.819480+00:00 DEBUG aya_obj::relocation: linked function `memset` at instruction 185
2026-10-10T19:52:44.819481+00:00 DEBUG aya_obj::relocation: relocating program `tproxy_wan_cg_sendmsg6` function `memset` size 8
2026-10-10T19:52:44.819482+00:00 DEBUG aya_obj::relocation: finished relocating program `tproxy_wan_cg_sendmsg6` function `memset`
2026-10-10T19:52:44.819483+00:00 DEBUG aya_obj::relocation: callee `memset` is at ins 185, 161 from current instruction 23
2026-10-10T19:52:44.819485+00:00 DEBUG aya_obj::relocation: relocating call to callee address 0x14b8 in section 2 (relocation) at instruction 80
2026-10-10T19:52:44.819486+00:00 DEBUG aya_obj::relocation: callee is `memset`
2026-10-10T19:52:44.819486+00:00 DEBUG aya_obj::relocation: callee `memset` is at ins 185, 104 from current instruction 80
2026-10-10T19:52:44.819488+00:00 DEBUG aya_obj::relocation: relocating reference to callee address 0x1320 in section 2 (relocation) at instruction 93
2026-10-10T19:52:44.819489+00:00 DEBUG aya_obj::relocation: callee is `_RNvNtCs2GI6VrNTxWR_9honk_ebpf12process_name13find_basename`
2026-10-10T19:52:44.819490+00:00 DEBUG aya_obj::relocation: linked function `_RNvNtCs2GI6VrNTxWR_9honk_ebpf12process_name13find_basename` at instruction 193
2026-10-10T19:52:44.819491+00:00 DEBUG aya_obj::relocation: relocating program `tproxy_wan_cg_sendmsg6` function `_RNvNtCs2GI6VrNTxWR_9honk_ebpf12process_name13find_basename` size 15
2026-10-10T19:52:44.819492+00:00 DEBUG aya_obj::relocation: finished relocating program `tproxy_wan_cg_sendmsg6` function `_RNvNtCs2GI6VrNTxWR_9honk_ebpf12process_name13find_basename`
2026-10-10T19:52:44.819493+00:00 DEBUG aya_obj::relocation: callee `_RNvNtCs2GI6VrNTxWR_9honk_ebpf12process_name13find_basename` is at ins 193, 99 from current instruction 93
2026-10-10T19:52:44.819495+00:00 DEBUG aya_obj::relocation: relocating call to callee address 0x14b8 in section 2 (relocation) at instruction 131
2026-10-10T19:52:44.819496+00:00 DEBUG aya_obj::relocation: callee is `memset`
2026-10-10T19:52:44.819497+00:00 DEBUG aya_obj::relocation: callee `memset` is at ins 185, 53 from current instruction 131
2026-10-10T19:52:44.819498+00:00 DEBUG aya_obj::relocation: finished relocating program `tproxy_wan_cg_sendmsg6` function `tproxy_wan_cg_sendmsg6`
2026-10-10T19:52:44.819500+00:00 DEBUG aya_obj::relocation: relocating program `dae0peer_ingress` function `dae0peer_ingress` size 6
2026-10-10T19:52:44.819501+00:00 DEBUG aya_obj::relocation: relocating call to callee address 0x2c10 in section 2 (relocation) at instruction 3
2026-10-10T19:52:44.819502+00:00 DEBUG aya_obj::relocation: callee is `_RNvNtCs2GI6VrNTxWR_9honk_ebpf7ingress26do_tproxy_dae0peer_ingress`
2026-10-10T19:52:44.819504+00:00 DEBUG aya_obj::relocation: linked function `_RNvNtCs2GI6VrNTxWR_9honk_ebpf7ingress26do_tproxy_dae0peer_ingress` at instruction 6
2026-10-10T19:52:44.819505+00:00 DEBUG aya_obj::relocation: relocating program `dae0peer_ingress` function `_RNvNtCs2GI6VrNTxWR_9honk_ebpf7ingress26do_tproxy_dae0peer_ingress` size 200
2026-10-10T19:52:44.819508+00:00 DEBUG aya_obj::relocation: finished relocating program `dae0peer_ingress` function `_RNvNtCs2GI6VrNTxWR_9honk_ebpf7ingress26do_tproxy_dae0peer_ingress`
2026-10-10T19:52:44.819509+00:00 DEBUG aya_obj::relocation: callee `_RNvNtCs2GI6VrNTxWR_9honk_ebpf7ingress26do_tproxy_dae0peer_ingress` is at ins 6, 2 from current instruction 3
2026-10-10T19:52:44.819511+00:00 DEBUG aya_obj::relocation: finished relocating program `dae0peer_ingress` function `dae0peer_ingress`
2026-10-10T19:52:44.819512+00:00 DEBUG aya_obj::relocation: relocating program `honk_udp6_receive_exit` function `honk_udp6_receive_exit` size 88
2026-10-10T19:52:44.819514+00:00 DEBUG aya_obj::relocation: finished relocating program `honk_udp6_receive_exit` function `honk_udp6_receive_exit`
2026-10-10T19:52:44.819515+00:00 DEBUG aya_obj::relocation: relocating program `tproxy_wan_cg_sock_release` function `tproxy_wan_cg_sock_release` size 10
2026-10-10T19:52:44.819516+00:00 DEBUG aya_obj::relocation: finished relocating program `tproxy_wan_cg_sock_release` function `tproxy_wan_cg_sock_release`
2026-10-10T19:52:44.819518+00:00 DEBUG aya_obj::relocation: relocating program `lan_ingress_l2` function `lan_ingress_l2` size 7
2026-10-10T19:52:44.819519+00:00 DEBUG aya_obj::relocation: relocating call to callee address 0x3250 in section 2 (relocation) at instruction 4
2026-10-10T19:52:44.819520+00:00 DEBUG aya_obj::relocation: callee is `_RNvNtCs2GI6VrNTxWR_9honk_ebpf7ingress21do_tproxy_lan_ingress`
2026-10-10T19:52:44.819522+00:00 DEBUG aya_obj::relocation: linked function `_RNvNtCs2GI6VrNTxWR_9honk_ebpf7ingress21do_tproxy_lan_ingress` at instruction 7
2026-10-10T19:52:44.819524+00:00 DEBUG aya_obj::relocation: relocating program `lan_ingress_l2` function `_RNvNtCs2GI6VrNTxWR_9honk_ebpf7ingress21do_tproxy_lan_ingress` size 5441
2026-10-10T19:52:44.819526+00:00 DEBUG aya_obj::relocation: relocating call to callee address 0x14b8 in section 2 (relocation) at instruction 56
2026-10-10T19:52:44.819527+00:00 DEBUG aya_obj::relocation: callee is `memset`
2026-10-10T19:52:44.819531+00:00 DEBUG aya_obj::relocation: linked function `memset` at instruction 5448
2026-10-10T19:52:44.819533+00:00 DEBUG aya_obj::relocation: relocating program `lan_ingress_l2` function `memset` size 8
2026-10-10T19:52:44.819534+00:00 DEBUG aya_obj::relocation: finished relocating program `lan_ingress_l2` function `memset`
2026-10-10T19:52:44.819536+00:00 DEBUG aya_obj::relocation: callee `memset` is at ins 5448, 5391 from current instruction 56
2026-10-10T19:52:44.819537+00:00 DEBUG aya_obj::relocation: relocating call to callee address 0x14b8 in section 2 (relocation) at instruction 135
2026-10-10T19:52:44.819538+00:00 DEBUG aya_obj::relocation: callee is `memset`
2026-10-10T19:52:44.819539+00:00 DEBUG aya_obj::relocation: callee `memset` is at ins 5448, 5312 from current instruction 135
2026-10-10T19:52:44.819540+00:00 DEBUG aya_obj::relocation: relocating call to callee address 0x14b8 in section 2 (relocation) at instruction 144
2026-10-10T19:52:44.819542+00:00 DEBUG aya_obj::relocation: callee is `memset`
2026-10-10T19:52:44.819542+00:00 DEBUG aya_obj::relocation: callee `memset` is at ins 5448, 5303 from current instruction 144
2026-10-10T19:52:44.819545+00:00 DEBUG aya_obj::relocation: relocating call to callee address 0x13f0 in section 2 (relocation) at instruction 305
2026-10-10T19:52:44.819546+00:00 DEBUG aya_obj::relocation: callee is `memmove`
2026-10-10T19:52:44.819547+00:00 DEBUG aya_obj::relocation: linked function `memmove` at instruction 5456
2026-10-10T19:52:44.819548+00:00 DEBUG aya_obj::relocation: relocating program `lan_ingress_l2` function `memmove` size 25
2026-10-10T19:52:44.819550+00:00 DEBUG aya_obj::relocation: finished relocating program `lan_ingress_l2` function `memmove`
2026-10-10T19:52:44.819551+00:00 DEBUG aya_obj::relocation: callee `memmove` is at ins 5456, 5150 from current instruction 305
2026-10-10T19:52:44.819553+00:00 DEBUG aya_obj::relocation: relocating call to callee address 0x13f0 in section 2 (relocation) at instruction 372
2026-10-10T19:52:44.819554+00:00 DEBUG aya_obj::relocation: callee is `memmove`
2026-10-10T19:52:44.819555+00:00 DEBUG aya_obj::relocation: callee `memmove` is at ins 5456, 5083 from current instruction 372
2026-10-10T19:52:44.819556+00:00 DEBUG aya_obj::relocation: relocating call to callee address 0x13f0 in section 2 (relocation) at instruction 409
2026-10-10T19:52:44.819557+00:00 DEBUG aya_obj::relocation: callee is `memmove`
2026-10-10T19:52:44.819558+00:00 DEBUG aya_obj::relocation: callee `memmove` is at ins 5456, 5046 from current instruction 409
2026-10-10T19:52:44.819559+00:00 DEBUG aya_obj::relocation: relocating call to callee address 0x13f0 in section 2 (relocation) at instruction 437
2026-10-10T19:52:44.819560+00:00 DEBUG aya_obj::relocation: callee is `memmove`
2026-10-10T19:52:44.819561+00:00 DEBUG aya_obj::relocation: callee `memmove` is at ins 5456, 5018 from current instruction 437
2026-10-10T19:52:44.819563+00:00 DEBUG aya_obj::relocation: relocating call to callee address 0x13f0 in section 2 (relocation) at instruction 535
2026-10-10T19:52:44.819564+00:00 DEBUG aya_obj::relocation: callee is `memmove`
2026-10-10T19:52:44.819565+00:00 DEBUG aya_obj::relocation: callee `memmove` is at ins 5456, 4920 from current instruction 535
2026-10-10T19:52:44.819566+00:00 DEBUG aya_obj::relocation: relocating call to callee address 0x13f0 in section 2 (relocation) at instruction 542
2026-10-10T19:52:44.819568+00:00 DEBUG aya_obj::relocation: callee is `memmove`
2026-10-10T19:52:44.819568+00:00 DEBUG aya_obj::relocation: callee `memmove` is at ins 5456, 4913 from current instruction 542
2026-10-10T19:52:44.819570+00:00 DEBUG aya_obj::relocation: relocating call to callee address 0x14b8 in section 2 (relocation) at instruction 567
2026-10-10T19:52:44.819571+00:00 DEBUG aya_obj::relocation: callee is `memset`
2026-10-10T19:52:44.819572+00:00 DEBUG aya_obj::relocation: callee `memset` is at ins 5448, 4880 from current instruction 567
2026-10-10T19:52:44.819573+00:00 DEBUG aya_obj::relocation: relocating call to callee address 0x13f0 in section 2 (relocation) at instruction 602
2026-10-10T19:52:44.819574+00:00 DEBUG aya_obj::relocation: callee is `memmove`
2026-10-10T19:52:44.819575+00:00 DEBUG aya_obj::relocation: callee `memmove` is at ins 5456, 4853 from current instruction 602
2026-10-10T19:52:44.819576+00:00 DEBUG aya_obj::relocation: relocating call to callee address 0x13f0 in section 2 (relocation) at instruction 607
2026-10-10T19:52:44.819577+00:00 DEBUG aya_obj::relocation: callee is `memmove`
2026-10-10T19:52:44.819578+00:00 DEBUG aya_obj::relocation: callee `memmove` is at ins 5456, 4848 from current instruction 607
2026-10-10T19:52:44.819580+00:00 DEBUG aya_obj::relocation: relocating call to callee address 0x14b8 in section 2 (relocation) at instruction 719
2026-10-10T19:52:44.819581+00:00 DEBUG aya_obj::relocation: callee is `memset`
2026-10-10T19:52:44.819582+00:00 DEBUG aya_obj::relocation: callee `memset` is at ins 5448, 4728 from current instruction 719
2026-10-10T19:52:44.819583+00:00 DEBUG aya_obj::relocation: relocating call to callee address 0xdc58 in section 2 (pc-relative) at instruction 733
2026-10-10T19:52:44.819585+00:00 DEBUG aya_obj::relocation: callee is `_RNvNtCs2GI6VrNTxWR_9honk_ebpf8contrack15___mark_tcp_seen`
2026-10-10T19:52:44.819586+00:00 DEBUG aya_obj::relocation: linked function `_RNvNtCs2GI6VrNTxWR_9honk_ebpf8contrack15___mark_tcp_seen` at instruction 5481
2026-10-10T19:52:44.819587+00:00 DEBUG aya_obj::relocation: relocating program `lan_ingress_l2` function `_RNvNtCs2GI6VrNTxWR_9honk_ebpf8contrack15___mark_tcp_seen` size 460
2026-10-10T19:52:44.819589+00:00 DEBUG aya_obj::relocation: relocating call to callee address 0x14b8 in section 2 (relocation) at instruction 5504
2026-10-10T19:52:44.819590+00:00 DEBUG aya_obj::relocation: callee is `memset`
2026-10-10T19:52:44.819591+00:00 DEBUG aya_obj::relocation: callee `memset` is at ins 5448, -57 from current instruction 5504
2026-10-10T19:52:44.819592+00:00 DEBUG aya_obj::relocation: relocating call to callee address 0x14b8 in section 2 (relocation) at instruction 5509
2026-10-10T19:52:44.819593+00:00 DEBUG aya_obj::relocation: callee is `memset`
2026-10-10T19:52:44.819594+00:00 DEBUG aya_obj::relocation: callee `memset` is at ins 5448, -62 from current instruction 5509
2026-10-10T19:52:44.819595+00:00 DEBUG aya_obj::relocation: relocating call to callee address 0x14b8 in section 2 (relocation) at instruction 5514
2026-10-10T19:52:44.819596+00:00 DEBUG aya_obj::relocation: callee is `memset`
2026-10-10T19:52:44.819597+00:00 DEBUG aya_obj::relocation: callee `memset` is at ins 5448, -67 from current instruction 5514
2026-10-10T19:52:44.819599+00:00 DEBUG aya_obj::relocation: relocating call to callee address 0x14b8 in section 2 (relocation) at instruction 5625
2026-10-10T19:52:44.819600+00:00 DEBUG aya_obj::relocation: callee is `memset`
2026-10-10T19:52:44.819601+00:00 DEBUG aya_obj::relocation: callee `memset` is at ins 5448, -178 from current instruction 5625
2026-10-10T19:52:44.819602+00:00 DEBUG aya_obj::relocation: relocating call to callee address 0x14b8 in section 2 (relocation) at instruction 5630
2026-10-10T19:52:44.819603+00:00 DEBUG aya_obj::relocation: callee is `memset`
2026-10-10T19:52:44.819604+00:00 DEBUG aya_obj::relocation: callee `memset` is at ins 5448, -183 from current instruction 5630
2026-10-10T19:52:44.819605+00:00 DEBUG aya_obj::relocation: relocating call to callee address 0x14b8 in section 2 (relocation) at instruction 5635
2026-10-10T19:52:44.819606+00:00 DEBUG aya_obj::relocation: callee is `memset`
2026-10-10T19:52:44.819607+00:00 DEBUG aya_obj::relocation: callee `memset` is at ins 5448, -188 from current instruction 5635
2026-10-10T19:52:44.819610+00:00 DEBUG aya_obj::relocation: relocating call to callee address 0x14b8 in section 2 (relocation) at instruction 5795
2026-10-10T19:52:44.819611+00:00 DEBUG aya_obj::relocation: callee is `memset`
2026-10-10T19:52:44.819612+00:00 DEBUG aya_obj::relocation: callee `memset` is at ins 5448, -348 from current instruction 5795
2026-10-10T19:52:44.819614+00:00 DEBUG aya_obj::relocation: finished relocating program `lan_ingress_l2` function `_RNvNtCs2GI6VrNTxWR_9honk_ebpf8contrack15___mark_tcp_seen`
2026-10-10T19:52:44.819615+00:00 DEBUG aya_obj::relocation: callee `_RNvNtCs2GI6VrNTxWR_9honk_ebpf8contrack15___mark_tcp_seen` is at ins 5481, 4747 from current instruction 733
2026-10-10T19:52:44.819617+00:00 DEBUG aya_obj::relocation: relocating call to callee address 0x14b8 in section 2 (relocation) at instruction 785
2026-10-10T19:52:44.819618+00:00 DEBUG aya_obj::relocation: callee is `memset`
2026-10-10T19:52:44.819619+00:00 DEBUG aya_obj::relocation: callee `memset` is at ins 5448, 4662 from current instruction 785
2026-10-10T19:52:44.819621+00:00 DEBUG aya_obj::relocation: relocating call to callee address 0x14b8 in section 2 (relocation) at instruction 862
2026-10-10T19:52:44.819622+00:00 DEBUG aya_obj::relocation: callee is `memset`
2026-10-10T19:52:44.819623+00:00 DEBUG aya_obj::relocation: callee `memset` is at ins 5448, 4585 from current instruction 862
2026-10-10T19:52:44.819624+00:00 DEBUG aya_obj::relocation: relocating call to callee address 0xdc58 in section 2 (pc-relative) at instruction 878
2026-10-10T19:52:44.819625+00:00 DEBUG aya_obj::relocation: callee is `_RNvNtCs2GI6VrNTxWR_9honk_ebpf8contrack15___mark_tcp_seen`
2026-10-10T19:52:44.819626+00:00 DEBUG aya_obj::relocation: callee `_RNvNtCs2GI6VrNTxWR_9honk_ebpf8contrack15___mark_tcp_seen` is at ins 5481, 4602 from current instruction 878
2026-10-10T19:52:44.819628+00:00 DEBUG aya_obj::relocation: relocating call to callee address 0xeab8 in section 2 (pc-relative) at instruction 955
2026-10-10T19:52:44.819630+00:00 DEBUG aya_obj::relocation: callee is `_RNvNtCs2GI6VrNTxWR_9honk_ebpf2sk21socket_is_v4_wildcard`
2026-10-10T19:52:44.819631+00:00 DEBUG aya_obj::relocation: linked function `_RNvNtCs2GI6VrNTxWR_9honk_ebpf2sk21socket_is_v4_wildcard` at instruction 5941
2026-10-10T19:52:44.819632+00:00 DEBUG aya_obj::relocation: relocating program `lan_ingress_l2` function `_RNvNtCs2GI6VrNTxWR_9honk_ebpf2sk21socket_is_v4_wildcard` size 6
2026-10-10T19:52:44.819633+00:00 DEBUG aya_obj::relocation: finished relocating program `lan_ingress_l2` function `_RNvNtCs2GI6VrNTxWR_9honk_ebpf2sk21socket_is_v4_wildcard`
2026-10-10T19:52:44.819635+00:00 DEBUG aya_obj::relocation: callee `_RNvNtCs2GI6VrNTxWR_9honk_ebpf2sk21socket_is_v4_wildcard` is at ins 5941, 4985 from current instruction 955
2026-10-10T19:52:44.819637+00:00 DEBUG aya_obj::relocation: relocating call to callee address 0xeae8 in section 2 (pc-relative) at instruction 1030
2026-10-10T19:52:44.819638+00:00 DEBUG aya_obj::relocation: callee is `_RNvNtCs2GI6VrNTxWR_9honk_ebpf2sk21socket_is_v6_wildcard`
2026-10-10T19:52:44.819639+00:00 DEBUG aya_obj::relocation: linked function `_RNvNtCs2GI6VrNTxWR_9honk_ebpf2sk21socket_is_v6_wildcard` at instruction 5947
2026-10-10T19:52:44.819640+00:00 DEBUG aya_obj::relocation: relocating program `lan_ingress_l2` function `_RNvNtCs2GI6VrNTxWR_9honk_ebpf2sk21socket_is_v6_wildcard` size 13
2026-10-10T19:52:44.819641+00:00 DEBUG aya_obj::relocation: finished relocating program `lan_ingress_l2` function `_RNvNtCs2GI6VrNTxWR_9honk_ebpf2sk21socket_is_v6_wildcard`
2026-10-10T19:52:44.819642+00:00 DEBUG aya_obj::relocation: callee `_RNvNtCs2GI6VrNTxWR_9honk_ebpf2sk21socket_is_v6_wildcard` is at ins 5947, 4916 from current instruction 1030
2026-10-10T19:52:44.819644+00:00 DEBUG aya_obj::relocation: relocating call to callee address 0x14b8 in section 2 (relocation) at instruction 1066
2026-10-10T19:52:44.819645+00:00 DEBUG aya_obj::relocation: callee is `memset`
2026-10-10T19:52:44.819646+00:00 DEBUG aya_obj::relocation: callee `memset` is at ins 5448, 4381 from current instruction 1066
2026-10-10T19:52:44.819648+00:00 DEBUG aya_obj::relocation: relocating call to callee address 0x13f0 in section 2 (relocation) at instruction 1127
2026-10-10T19:52:44.819649+00:00 DEBUG aya_obj::relocation: callee is `memmove`
2026-10-10T19:52:44.819650+00:00 DEBUG aya_obj::relocation: callee `memmove` is at ins 5456, 4328 from current instruction 1127
2026-10-10T19:52:44.819651+00:00 DEBUG aya_obj::relocation: relocating call to callee address 0x13f0 in section 2 (relocation) at instruction 1132
2026-10-10T19:52:44.819652+00:00 DEBUG aya_obj::relocation: callee is `memmove`
2026-10-10T19:52:44.819653+00:00 DEBUG aya_obj::relocation: callee `memmove` is at ins 5456, 4323 from current instruction 1132
2026-10-10T19:52:44.819655+00:00 DEBUG aya_obj::relocation: relocating call to callee address 0x14b8 in section 2 (relocation) at instruction 1219
2026-10-10T19:52:44.819656+00:00 DEBUG aya_obj::relocation: callee is `memset`
2026-10-10T19:52:44.819657+00:00 DEBUG aya_obj::relocation: callee `memset` is at ins 5448, 4228 from current instruction 1219
2026-10-10T19:52:44.819658+00:00 DEBUG aya_obj::relocation: relocating call to callee address 0x14b8 in section 2 (relocation) at instruction 1232
2026-10-10T19:52:44.819659+00:00 DEBUG aya_obj::relocation: callee is `memset`
2026-10-10T19:52:44.819660+00:00 DEBUG aya_obj::relocation: callee `memset` is at ins 5448, 4215 from current instruction 1232
2026-10-10T19:52:44.819661+00:00 DEBUG aya_obj::relocation: relocating call to callee address 0x14b8 in section 2 (relocation) at instruction 1288
2026-10-10T19:52:44.819662+00:00 DEBUG aya_obj::relocation: callee is `memset`
2026-10-10T19:52:44.819663+00:00 DEBUG aya_obj::relocation: callee `memset` is at ins 5448, 4159 from current instruction 1288
2026-10-10T19:52:44.819665+00:00 DEBUG aya_obj::relocation: relocating call to callee address 0x14b8 in section 2 (relocation) at instruction 1386
2026-10-10T19:52:44.819667+00:00 DEBUG aya_obj::relocation: callee is `memset`
2026-10-10T19:52:44.819668+00:00 DEBUG aya_obj::relocation: callee `memset` is at ins 5448, 4061 from current instruction 1386
2026-10-10T19:52:44.819670+00:00 DEBUG aya_obj::relocation: relocating call to callee address 0x1070 in section 2 (relocation) at instruction 1422
2026-10-10T19:52:44.819671+00:00 DEBUG aya_obj::relocation: callee is `honk_route_slot1`
2026-10-10T19:52:44.819672+00:00 DEBUG aya_obj::relocation: linked function `honk_route_slot1` at instruction 5960
2026-10-10T19:52:44.819673+00:00 DEBUG aya_obj::relocation: relocating program `lan_ingress_l2` function `honk_route_slot1` size 64
2026-10-10T19:52:44.819674+00:00 DEBUG aya_obj::relocation: finished relocating program `lan_ingress_l2` function `honk_route_slot1`
2026-10-10T19:52:44.819675+00:00 DEBUG aya_obj::relocation: callee `honk_route_slot1` is at ins 5960, 4537 from current instruction 1422
2026-10-10T19:52:44.819677+00:00 DEBUG aya_obj::relocation: relocating call to callee address 0xe70 in section 2 (relocation) at instruction 1426
2026-10-10T19:52:44.819678+00:00 DEBUG aya_obj::relocation: callee is `honk_route_slot0`
2026-10-10T19:52:44.819679+00:00 DEBUG aya_obj::relocation: linked function `honk_route_slot0` at instruction 6024
2026-10-10T19:52:44.819680+00:00 DEBUG aya_obj::relocation: relocating program `lan_ingress_l2` function `honk_route_slot0` size 64
2026-10-10T19:52:44.819681+00:00 DEBUG aya_obj::relocation: finished relocating program `lan_ingress_l2` function `honk_route_slot0`
2026-10-10T19:52:44.819682+00:00 DEBUG aya_obj::relocation: callee `honk_route_slot0` is at ins 6024, 4597 from current instruction 1426
2026-10-10T19:52:44.819687+00:00 DEBUG aya_obj::relocation: relocating call to callee address 0x14b8 in section 2 (relocation) at instruction 1720
2026-10-10T19:52:44.819688+00:00 DEBUG aya_obj::relocation: callee is `memset`
2026-10-10T19:52:44.819689+00:00 DEBUG aya_obj::relocation: callee `memset` is at ins 5448, 3727 from current instruction 1720
2026-10-10T19:52:44.819701+00:00 DEBUG aya_obj::relocation: relocating call to callee address 0xeb50 in section 2 (pc-relative) at instruction 2655
2026-10-10T19:52:44.819702+00:00 DEBUG aya_obj::relocation: callee is `_RNvNtCs2GI6VrNTxWR_9honk_ebpf7ingress18stage_udp_decision`
2026-10-10T19:52:44.819703+00:00 DEBUG aya_obj::relocation: linked function `_RNvNtCs2GI6VrNTxWR_9honk_ebpf7ingress18stage_udp_decision` at instruction 6088
2026-10-10T19:52:44.819705+00:00 DEBUG aya_obj::relocation: relocating program `lan_ingress_l2` function `_RNvNtCs2GI6VrNTxWR_9honk_ebpf7ingress18stage_udp_decision` size 743
2026-10-10T19:52:44.819707+00:00 DEBUG aya_obj::relocation: relocating call to callee address 0x14b8 in section 2 (relocation) at instruction 6138
2026-10-10T19:52:44.819708+00:00 DEBUG aya_obj::relocation: callee is `memset`
2026-10-10T19:52:44.819708+00:00 DEBUG aya_obj::relocation: callee `memset` is at ins 5448, -691 from current instruction 6138
2026-10-10T19:52:44.819710+00:00 DEBUG aya_obj::relocation: relocating call to callee address 0x14b8 in section 2 (relocation) at instruction 6206
2026-10-10T19:52:44.819711+00:00 DEBUG aya_obj::relocation: callee is `memset`
2026-10-10T19:52:44.819712+00:00 DEBUG aya_obj::relocation: callee `memset` is at ins 5448, -759 from current instruction 6206
2026-10-10T19:52:44.819715+00:00 DEBUG aya_obj::relocation: relocating call to callee address 0x14b8 in section 2 (relocation) at instruction 6355
2026-10-10T19:52:44.819716+00:00 DEBUG aya_obj::relocation: callee is `memset`
2026-10-10T19:52:44.819717+00:00 DEBUG aya_obj::relocation: callee `memset` is at ins 5448, -908 from current instruction 6355
2026-10-10T19:52:44.819719+00:00 DEBUG aya_obj::relocation: relocating call to callee address 0x14b8 in section 2 (relocation) at instruction 6474
2026-10-10T19:52:44.819720+00:00 DEBUG aya_obj::relocation: callee is `memset`
2026-10-10T19:52:44.819721+00:00 DEBUG aya_obj::relocation: callee `memset` is at ins 5448, -1027 from current instruction 6474
2026-10-10T19:52:44.819724+00:00 DEBUG aya_obj::relocation: relocating call to callee address 0x14b8 in section 2 (relocation) at instruction 6609
2026-10-10T19:52:44.819726+00:00 DEBUG aya_obj::relocation: callee is `memset`
2026-10-10T19:52:44.819727+00:00 DEBUG aya_obj::relocation: callee `memset` is at ins 5448, -1162 from current instruction 6609
2026-10-10T19:52:44.819728+00:00 DEBUG aya_obj::relocation: relocating call to callee address 0x14b8 in section 2 (relocation) at instruction 6640
2026-10-10T19:52:44.819729+00:00 DEBUG aya_obj::relocation: callee is `memset`
2026-10-10T19:52:44.819730+00:00 DEBUG aya_obj::relocation: callee `memset` is at ins 5448, -1193 from current instruction 6640
2026-10-10T19:52:44.819732+00:00 DEBUG aya_obj::relocation: relocating call to callee address 0x14b8 in section 2 (relocation) at instruction 6674
2026-10-10T19:52:44.819733+00:00 DEBUG aya_obj::relocation: callee is `memset`
2026-10-10T19:52:44.819733+00:00 DEBUG aya_obj::relocation: callee `memset` is at ins 5448, -1227 from current instruction 6674
2026-10-10T19:52:44.819736+00:00 DEBUG aya_obj::relocation: relocating call to callee address 0x14b8 in section 2 (relocation) at instruction 6763
2026-10-10T19:52:44.819737+00:00 DEBUG aya_obj::relocation: callee is `memset`
2026-10-10T19:52:44.819738+00:00 DEBUG aya_obj::relocation: callee `memset` is at ins 5448, -1316 from current instruction 6763
2026-10-10T19:52:44.819739+00:00 DEBUG aya_obj::relocation: relocating call to callee address 0x14b8 in section 2 (relocation) at instruction 6794
2026-10-10T19:52:44.819740+00:00 DEBUG aya_obj::relocation: callee is `memset`
2026-10-10T19:52:44.819741+00:00 DEBUG aya_obj::relocation: callee `memset` is at ins 5448, -1347 from current instruction 6794
2026-10-10T19:52:44.819742+00:00 DEBUG aya_obj::relocation: finished relocating program `lan_ingress_l2` function `_RNvNtCs2GI6VrNTxWR_9honk_ebpf7ingress18stage_udp_decision`
2026-10-10T19:52:44.819744+00:00 DEBUG aya_obj::relocation: callee `_RNvNtCs2GI6VrNTxWR_9honk_ebpf7ingress18stage_udp_decision` is at ins 6088, 3432 from current instruction 2655
2026-10-10T19:52:44.819746+00:00 DEBUG aya_obj::relocation: relocating call to callee address 0x14b8 in section 2 (relocation) at instruction 2744
2026-10-10T19:52:44.819747+00:00 DEBUG aya_obj::relocation: callee is `memset`
2026-10-10T19:52:44.819748+00:00 DEBUG aya_obj::relocation: callee `memset` is at ins 5448, 2703 from current instruction 2744
2026-10-10T19:52:44.819749+00:00 DEBUG aya_obj::relocation: relocating call to callee address 0x10288 in section 2 (pc-relative) at instruction 2776
2026-10-10T19:52:44.819750+00:00 DEBUG aya_obj::relocation: callee is `_RNvNtCs2GI6VrNTxWR_9honk_ebpf8contrack15___mark_udp_seen`
2026-10-10T19:52:44.819751+00:00 DEBUG aya_obj::relocation: linked function `_RNvNtCs2GI6VrNTxWR_9honk_ebpf8contrack15___mark_udp_seen` at instruction 6831
2026-10-10T19:52:44.819752+00:00 DEBUG aya_obj::relocation: relocating program `lan_ingress_l2` function `_RNvNtCs2GI6VrNTxWR_9honk_ebpf8contrack15___mark_udp_seen` size 401
2026-10-10T19:52:44.819755+00:00 DEBUG aya_obj::relocation: relocating call to callee address 0x14b8 in section 2 (relocation) at instruction 6962
2026-10-10T19:52:44.819756+00:00 DEBUG aya_obj::relocation: callee is `memset`
2026-10-10T19:52:44.819757+00:00 DEBUG aya_obj::relocation: callee `memset` is at ins 5448, -1515 from current instruction 6962
2026-10-10T19:52:44.819758+00:00 DEBUG aya_obj::relocation: relocating call to callee address 0x14b8 in section 2 (relocation) at instruction 6967
2026-10-10T19:52:44.819759+00:00 DEBUG aya_obj::relocation: callee is `memset`
2026-10-10T19:52:44.819760+00:00 DEBUG aya_obj::relocation: callee `memset` is at ins 5448, -1520 from current instruction 6967
2026-10-10T19:52:44.819762+00:00 DEBUG aya_obj::relocation: relocating call to callee address 0x14b8 in section 2 (relocation) at instruction 7054
2026-10-10T19:52:44.819763+00:00 DEBUG aya_obj::relocation: callee is `memset`
2026-10-10T19:52:44.819763+00:00 DEBUG aya_obj::relocation: callee `memset` is at ins 5448, -1607 from current instruction 7054
2026-10-10T19:52:44.819766+00:00 DEBUG aya_obj::relocation: relocating call to callee address 0x14b8 in section 2 (relocation) at instruction 7124
2026-10-10T19:52:44.819767+00:00 DEBUG aya_obj::relocation: callee is `memset`
2026-10-10T19:52:44.819768+00:00 DEBUG aya_obj::relocation: callee `memset` is at ins 5448, -1677 from current instruction 7124
2026-10-10T19:52:44.819771+00:00 DEBUG aya_obj::relocation: finished relocating program `lan_ingress_l2` function `_RNvNtCs2GI6VrNTxWR_9honk_ebpf8contrack15___mark_udp_seen`
2026-10-10T19:52:44.819772+00:00 DEBUG aya_obj::relocation: callee `_RNvNtCs2GI6VrNTxWR_9honk_ebpf8contrack15___mark_udp_seen` is at ins 6831, 4054 from current instruction 2776
2026-10-10T19:52:44.819773+00:00 DEBUG aya_obj::relocation: relocating call to callee address 0x14b8 in section 2 (relocation) at instruction 2802
2026-10-10T19:52:44.819774+00:00 DEBUG aya_obj::relocation: callee is `memset`
2026-10-10T19:52:44.819775+00:00 DEBUG aya_obj::relocation: callee `memset` is at ins 5448, 2645 from current instruction 2802
2026-10-10T19:52:44.819783+00:00 DEBUG aya_obj::relocation: relocating call to callee address 0x14b8 in section 2 (relocation) at instruction 3406
2026-10-10T19:52:44.819784+00:00 DEBUG aya_obj::relocation: callee is `memset`
2026-10-10T19:52:44.819785+00:00 DEBUG aya_obj::relocation: callee `memset` is at ins 5448, 2041 from current instruction 3406
2026-10-10T19:52:44.819787+00:00 DEBUG aya_obj::relocation: relocating call to callee address 0x14b8 in section 2 (relocation) at instruction 3461
2026-10-10T19:52:44.819788+00:00 DEBUG aya_obj::relocation: callee is `memset`
2026-10-10T19:52:44.819789+00:00 DEBUG aya_obj::relocation: callee `memset` is at ins 5448, 1986 from current instruction 3461
2026-10-10T19:52:44.819791+00:00 DEBUG aya_obj::relocation: relocating call to callee address 0x14b8 in section 2 (relocation) at instruction 3524
2026-10-10T19:52:44.819792+00:00 DEBUG aya_obj::relocation: callee is `memset`
2026-10-10T19:52:44.819793+00:00 DEBUG aya_obj::relocation: callee `memset` is at ins 5448, 1923 from current instruction 3524
2026-10-10T19:52:44.819796+00:00 DEBUG aya_obj::relocation: relocating call to callee address 0x14b8 in section 2 (relocation) at instruction 3691
2026-10-10T19:52:44.819798+00:00 DEBUG aya_obj::relocation: callee is `memset`
2026-10-10T19:52:44.819799+00:00 DEBUG aya_obj::relocation: callee `memset` is at ins 5448, 1756 from current instruction 3691
2026-10-10T19:52:44.819802+00:00 DEBUG aya_obj::relocation: relocating call to callee address 0x14b8 in section 2 (relocation) at instruction 3781
2026-10-10T19:52:44.819803+00:00 DEBUG aya_obj::relocation: callee is `memset`
2026-10-10T19:52:44.819804+00:00 DEBUG aya_obj::relocation: callee `memset` is at ins 5448, 1666 from current instruction 3781
2026-10-10T19:52:44.819807+00:00 DEBUG aya_obj::relocation: relocating call to callee address 0x14b8 in section 2 (relocation) at instruction 3844
2026-10-10T19:52:44.819808+00:00 DEBUG aya_obj::relocation: callee is `memset`
2026-10-10T19:52:44.819809+00:00 DEBUG aya_obj::relocation: callee `memset` is at ins 5448, 1603 from current instruction 3844
2026-10-10T19:52:44.819815+00:00 DEBUG aya_obj::relocation: relocating call to callee address 0x14b8 in section 2 (relocation) at instruction 4099
2026-10-10T19:52:44.819816+00:00 DEBUG aya_obj::relocation: callee is `memset`
2026-10-10T19:52:44.819817+00:00 DEBUG aya_obj::relocation: callee `memset` is at ins 5448, 1348 from current instruction 4099
2026-10-10T19:52:44.819820+00:00 DEBUG aya_obj::relocation: relocating call to callee address 0x14b8 in section 2 (relocation) at instruction 4166
2026-10-10T19:52:44.819821+00:00 DEBUG aya_obj::relocation: callee is `memset`
2026-10-10T19:52:44.819822+00:00 DEBUG aya_obj::relocation: callee `memset` is at ins 5448, 1281 from current instruction 4166
2026-10-10T19:52:44.819825+00:00 DEBUG aya_obj::relocation: relocating call to callee address 0x14b8 in section 2 (relocation) at instruction 4229
2026-10-10T19:52:44.819827+00:00 DEBUG aya_obj::relocation: callee is `memset`
2026-10-10T19:52:44.819829+00:00 DEBUG aya_obj::relocation: callee `memset` is at ins 5448, 1218 from current instruction 4229
2026-10-10T19:52:44.819832+00:00 DEBUG aya_obj::relocation: relocating call to callee address 0x14b8 in section 2 (relocation) at instruction 4297
2026-10-10T19:52:44.819834+00:00 DEBUG aya_obj::relocation: callee is `memset`
2026-10-10T19:52:44.819835+00:00 DEBUG aya_obj::relocation: callee `memset` is at ins 5448, 1150 from current instruction 4297
2026-10-10T19:52:44.819837+00:00 DEBUG aya_obj::relocation: relocating call to callee address 0x14b8 in section 2 (relocation) at instruction 4303
2026-10-10T19:52:44.819839+00:00 DEBUG aya_obj::relocation: callee is `memset`
2026-10-10T19:52:44.819839+00:00 DEBUG aya_obj::relocation: callee `memset` is at ins 5448, 1144 from current instruction 4303
2026-10-10T19:52:44.819842+00:00 DEBUG aya_obj::relocation: relocating call to callee address 0x14b8 in section 2 (relocation) at instruction 4479
2026-10-10T19:52:44.819844+00:00 DEBUG aya_obj::relocation: callee is `memset`
2026-10-10T19:52:44.819844+00:00 DEBUG aya_obj::relocation: callee `memset` is at ins 5448, 968 from current instruction 4479
2026-10-10T19:52:44.819846+00:00 DEBUG aya_obj::relocation: relocating call to callee address 0x14b8 in section 2 (relocation) at instruction 4536
2026-10-10T19:52:44.819847+00:00 DEBUG aya_obj::relocation: callee is `memset`
2026-10-10T19:52:44.819848+00:00 DEBUG aya_obj::relocation: callee `memset` is at ins 5448, 911 from current instruction 4536
2026-10-10T19:52:44.819850+00:00 DEBUG aya_obj::relocation: relocating call to callee address 0x14b8 in section 2 (relocation) at instruction 4600
2026-10-10T19:52:44.819851+00:00 DEBUG aya_obj::relocation: callee is `memset`
2026-10-10T19:52:44.819852+00:00 DEBUG aya_obj::relocation: callee `memset` is at ins 5448, 847 from current instruction 4600
2026-10-10T19:52:44.819855+00:00 DEBUG aya_obj::relocation: relocating call to callee address 0x14b8 in section 2 (relocation) at instruction 4793
2026-10-10T19:52:44.819856+00:00 DEBUG aya_obj::relocation: callee is `memset`
2026-10-10T19:52:44.819857+00:00 DEBUG aya_obj::relocation: callee `memset` is at ins 5448, 654 from current instruction 4793
2026-10-10T19:52:44.819859+00:00 DEBUG aya_obj::relocation: relocating call to callee address 0x14b8 in section 2 (relocation) at instruction 4863
2026-10-10T19:52:44.819860+00:00 DEBUG aya_obj::relocation: callee is `memset`
2026-10-10T19:52:44.819861+00:00 DEBUG aya_obj::relocation: callee `memset` is at ins 5448, 584 from current instruction 4863
2026-10-10T19:52:44.819863+00:00 DEBUG aya_obj::relocation: relocating call to callee address 0x14b8 in section 2 (relocation) at instruction 4925
2026-10-10T19:52:44.819864+00:00 DEBUG aya_obj::relocation: callee is `memset`
2026-10-10T19:52:44.819865+00:00 DEBUG aya_obj::relocation: callee `memset` is at ins 5448, 522 from current instruction 4925
2026-10-10T19:52:44.819866+00:00 DEBUG aya_obj::relocation: relocating call to callee address 0x14b8 in section 2 (relocation) at instruction 4992
2026-10-10T19:52:44.819867+00:00 DEBUG aya_obj::relocation: callee is `memset`
2026-10-10T19:52:44.819868+00:00 DEBUG aya_obj::relocation: callee `memset` is at ins 5448, 455 from current instruction 4992
2026-10-10T19:52:44.819869+00:00 DEBUG aya_obj::relocation: relocating call to callee address 0x14b8 in section 2 (relocation) at instruction 4998
2026-10-10T19:52:44.819870+00:00 DEBUG aya_obj::relocation: callee is `memset`
2026-10-10T19:52:44.819871+00:00 DEBUG aya_obj::relocation: callee `memset` is at ins 5448, 449 from current instruction 4998
2026-10-10T19:52:44.819874+00:00 DEBUG aya_obj::relocation: relocating call to callee address 0x14b8 in section 2 (relocation) at instruction 5173
2026-10-10T19:52:44.819875+00:00 DEBUG aya_obj::relocation: callee is `memset`
2026-10-10T19:52:44.819876+00:00 DEBUG aya_obj::relocation: callee `memset` is at ins 5448, 274 from current instruction 5173
2026-10-10T19:52:44.819877+00:00 DEBUG aya_obj::relocation: relocating call to callee address 0x14b8 in section 2 (relocation) at instruction 5179
2026-10-10T19:52:44.819879+00:00 DEBUG aya_obj::relocation: callee is `memset`
2026-10-10T19:52:44.819880+00:00 DEBUG aya_obj::relocation: callee `memset` is at ins 5448, 268 from current instruction 5179
2026-10-10T19:52:44.819886+00:00 DEBUG aya_obj::relocation: relocating call to callee address 0x14b8 in section 2 (relocation) at instruction 5266
2026-10-10T19:52:44.819887+00:00 DEBUG aya_obj::relocation: callee is `memset`
2026-10-10T19:52:44.819888+00:00 DEBUG aya_obj::relocation: callee `memset` is at ins 5448, 181 from current instruction 5266
2026-10-10T19:52:44.819890+00:00 DEBUG aya_obj::relocation: relocating call to callee address 0x14b8 in section 2 (relocation) at instruction 5329
2026-10-10T19:52:44.819891+00:00 DEBUG aya_obj::relocation: callee is `memset`
2026-10-10T19:52:44.819892+00:00 DEBUG aya_obj::relocation: callee `memset` is at ins 5448, 118 from current instruction 5329
2026-10-10T19:52:44.819893+00:00 DEBUG aya_obj::relocation: relocating call to callee address 0x14b8 in section 2 (relocation) at instruction 5357
2026-10-10T19:52:44.819894+00:00 DEBUG aya_obj::relocation: callee is `memset`
2026-10-10T19:52:44.819895+00:00 DEBUG aya_obj::relocation: callee `memset` is at ins 5448, 90 from current instruction 5357
2026-10-10T19:52:44.819897+00:00 DEBUG aya_obj::relocation: finished relocating program `lan_ingress_l2` function `_RNvNtCs2GI6VrNTxWR_9honk_ebpf7ingress21do_tproxy_lan_ingress`
2026-10-10T19:52:44.819898+00:00 DEBUG aya_obj::relocation: callee `_RNvNtCs2GI6VrNTxWR_9honk_ebpf7ingress21do_tproxy_lan_ingress` is at ins 7, 2 from current instruction 4
2026-10-10T19:52:44.819899+00:00 DEBUG aya_obj::relocation: finished relocating program `lan_ingress_l2` function `lan_ingress_l2`
2026-10-10T19:52:44.819900+00:00 DEBUG aya_obj::relocation: relocating program `lan_egress_l3` function `lan_egress_l3` size 7
2026-10-10T19:52:44.819902+00:00 DEBUG aya_obj::relocation: relocating call to callee address 0x12858 in section 2 (relocation) at instruction 4
2026-10-10T19:52:44.819903+00:00 DEBUG aya_obj::relocation: callee is `_RNvNtCs2GI6VrNTxWR_9honk_ebpf6egress20do_tproxy_lan_egress`
2026-10-10T19:52:44.819904+00:00 DEBUG aya_obj::relocation: linked function `_RNvNtCs2GI6VrNTxWR_9honk_ebpf6egress20do_tproxy_lan_egress` at instruction 7
2026-10-10T19:52:44.819906+00:00 DEBUG aya_obj::relocation: relocating program `lan_egress_l3` function `_RNvNtCs2GI6VrNTxWR_9honk_ebpf6egress20do_tproxy_lan_egress` size 887
2026-10-10T19:52:44.819907+00:00 DEBUG aya_obj::relocation: relocating call to callee address 0x14b8 in section 2 (relocation) at instruction 43
2026-10-10T19:52:44.819909+00:00 DEBUG aya_obj::relocation: callee is `memset`
2026-10-10T19:52:44.819910+00:00 DEBUG aya_obj::relocation: linked function `memset` at instruction 894
2026-10-10T19:52:44.819911+00:00 DEBUG aya_obj::relocation: relocating program `lan_egress_l3` function `memset` size 8
2026-10-10T19:52:44.819912+00:00 DEBUG aya_obj::relocation: finished relocating program `lan_egress_l3` function `memset`
2026-10-10T19:52:44.819913+00:00 DEBUG aya_obj::relocation: callee `memset` is at ins 894, 850 from current instruction 43
2026-10-10T19:52:44.819915+00:00 DEBUG aya_obj::relocation: relocating call to callee address 0x14b8 in section 2 (relocation) at instruction 118
2026-10-10T19:52:44.819916+00:00 DEBUG aya_obj::relocation: callee is `memset`
2026-10-10T19:52:44.819917+00:00 DEBUG aya_obj::relocation: callee `memset` is at ins 894, 775 from current instruction 118
2026-10-10T19:52:44.819918+00:00 DEBUG aya_obj::relocation: relocating call to callee address 0x14b8 in section 2 (relocation) at instruction 126
2026-10-10T19:52:44.819919+00:00 DEBUG aya_obj::relocation: callee is `memset`
2026-10-10T19:52:44.819920+00:00 DEBUG aya_obj::relocation: callee `memset` is at ins 894, 767 from current instruction 126
2026-10-10T19:52:44.819922+00:00 DEBUG aya_obj::relocation: relocating call to callee address 0x13f0 in section 2 (relocation) at instruction 182
2026-10-10T19:52:44.819924+00:00 DEBUG aya_obj::relocation: callee is `memmove`
2026-10-10T19:52:44.819924+00:00 DEBUG aya_obj::relocation: linked function `memmove` at instruction 902
2026-10-10T19:52:44.819925+00:00 DEBUG aya_obj::relocation: relocating program `lan_egress_l3` function `memmove` size 25
2026-10-10T19:52:44.819927+00:00 DEBUG aya_obj::relocation: finished relocating program `lan_egress_l3` function `memmove`
2026-10-10T19:52:44.819928+00:00 DEBUG aya_obj::relocation: callee `memmove` is at ins 902, 719 from current instruction 182
2026-10-10T19:52:44.819930+00:00 DEBUG aya_obj::relocation: relocating call to callee address 0x13f0 in section 2 (relocation) at instruction 290
2026-10-10T19:52:44.819931+00:00 DEBUG aya_obj::relocation: callee is `memmove`
2026-10-10T19:52:44.819932+00:00 DEBUG aya_obj::relocation: callee `memmove` is at ins 902, 611 from current instruction 290
2026-10-10T19:52:44.819933+00:00 DEBUG aya_obj::relocation: relocating call to callee address 0x13f0 in section 2 (relocation) at instruction 327
2026-10-10T19:52:44.819934+00:00 DEBUG aya_obj::relocation: callee is `memmove`
2026-10-10T19:52:44.819935+00:00 DEBUG aya_obj::relocation: callee `memmove` is at ins 902, 574 from current instruction 327
2026-10-10T19:52:44.819938+00:00 DEBUG aya_obj::relocation: relocating call to callee address 0x13f0 in section 2 (relocation) at instruction 370
2026-10-10T19:52:44.819940+00:00 DEBUG aya_obj::relocation: callee is `memmove`
2026-10-10T19:52:44.819941+00:00 DEBUG aya_obj::relocation: callee `memmove` is at ins 902, 531 from current instruction 370
2026-10-10T19:52:44.819944+00:00 DEBUG aya_obj::relocation: relocating call to callee address 0x13f0 in section 2 (relocation) at instruction 533
2026-10-10T19:52:44.819945+00:00 DEBUG aya_obj::relocation: callee is `memmove`
2026-10-10T19:52:44.819946+00:00 DEBUG aya_obj::relocation: callee `memmove` is at ins 902, 368 from current instruction 533
2026-10-10T19:52:44.819947+00:00 DEBUG aya_obj::relocation: relocating call to callee address 0x13f0 in section 2 (relocation) at instruction 540
2026-10-10T19:52:44.819948+00:00 DEBUG aya_obj::relocation: callee is `memmove`
2026-10-10T19:52:44.819949+00:00 DEBUG aya_obj::relocation: callee `memmove` is at ins 902, 361 from current instruction 540
2026-10-10T19:52:44.819950+00:00 DEBUG aya_obj::relocation: relocating call to callee address 0x14b8 in section 2 (relocation) at instruction 568
2026-10-10T19:52:44.819951+00:00 DEBUG aya_obj::relocation: callee is `memset`
2026-10-10T19:52:44.819952+00:00 DEBUG aya_obj::relocation: callee `memset` is at ins 894, 325 from current instruction 568
2026-10-10T19:52:44.819953+00:00 DEBUG aya_obj::relocation: relocating call to callee address 0x13f0 in section 2 (relocation) at instruction 612
2026-10-10T19:52:44.819954+00:00 DEBUG aya_obj::relocation: callee is `memmove`
2026-10-10T19:52:44.819955+00:00 DEBUG aya_obj::relocation: callee `memmove` is at ins 902, 289 from current instruction 612
2026-10-10T19:52:44.819956+00:00 DEBUG aya_obj::relocation: relocating call to callee address 0x13f0 in section 2 (relocation) at instruction 617
2026-10-10T19:52:44.819957+00:00 DEBUG aya_obj::relocation: callee is `memmove`
2026-10-10T19:52:44.819958+00:00 DEBUG aya_obj::relocation: callee `memmove` is at ins 902, 284 from current instruction 617
2026-10-10T19:52:44.819960+00:00 DEBUG aya_obj::relocation: relocating call to callee address 0x14b8 in section 2 (relocation) at instruction 729
2026-10-10T19:52:44.819961+00:00 DEBUG aya_obj::relocation: callee is `memset`
2026-10-10T19:52:44.819962+00:00 DEBUG aya_obj::relocation: callee `memset` is at ins 894, 164 from current instruction 729
2026-10-10T19:52:44.819964+00:00 DEBUG aya_obj::relocation: relocating call to callee address 0xdc58 in section 2 (pc-relative) at instruction 744
2026-10-10T19:52:44.819965+00:00 DEBUG aya_obj::relocation: callee is `_RNvNtCs2GI6VrNTxWR_9honk_ebpf8contrack15___mark_tcp_seen`
2026-10-10T19:52:44.819966+00:00 DEBUG aya_obj::relocation: linked function `_RNvNtCs2GI6VrNTxWR_9honk_ebpf8contrack15___mark_tcp_seen` at instruction 927
2026-10-10T19:52:44.819968+00:00 DEBUG aya_obj::relocation: relocating program `lan_egress_l3` function `_RNvNtCs2GI6VrNTxWR_9honk_ebpf8contrack15___mark_tcp_seen` size 460
2026-10-10T19:52:44.819969+00:00 DEBUG aya_obj::relocation: relocating call to callee address 0x14b8 in section 2 (relocation) at instruction 950
2026-10-10T19:52:44.819970+00:00 DEBUG aya_obj::relocation: callee is `memset`
2026-10-10T19:52:44.819971+00:00 DEBUG aya_obj::relocation: callee `memset` is at ins 894, -57 from current instruction 950
2026-10-10T19:52:44.819972+00:00 DEBUG aya_obj::relocation: relocating call to callee address 0x14b8 in section 2 (relocation) at instruction 955
2026-10-10T19:52:44.819973+00:00 DEBUG aya_obj::relocation: callee is `memset`
2026-10-10T19:52:44.819974+00:00 DEBUG aya_obj::relocation: callee `memset` is at ins 894, -62 from current instruction 955
2026-10-10T19:52:44.819975+00:00 DEBUG aya_obj::relocation: relocating call to callee address 0x14b8 in section 2 (relocation) at instruction 960
2026-10-10T19:52:44.819976+00:00 DEBUG aya_obj::relocation: callee is `memset`
2026-10-10T19:52:44.819977+00:00 DEBUG aya_obj::relocation: callee `memset` is at ins 894, -67 from current instruction 960
2026-10-10T19:52:44.819979+00:00 DEBUG aya_obj::relocation: relocating call to callee address 0x14b8 in section 2 (relocation) at instruction 1071
2026-10-10T19:52:44.819980+00:00 DEBUG aya_obj::relocation: callee is `memset`
2026-10-10T19:52:44.819981+00:00 DEBUG aya_obj::relocation: callee `memset` is at ins 894, -178 from current instruction 1071
2026-10-10T19:52:44.819982+00:00 DEBUG aya_obj::relocation: relocating call to callee address 0x14b8 in section 2 (relocation) at instruction 1076
2026-10-10T19:52:44.819983+00:00 DEBUG aya_obj::relocation: callee is `memset`
2026-10-10T19:52:44.819984+00:00 DEBUG aya_obj::relocation: callee `memset` is at ins 894, -183 from current instruction 1076
2026-10-10T19:52:44.819985+00:00 DEBUG aya_obj::relocation: relocating call to callee address 0x14b8 in section 2 (relocation) at instruction 1081
2026-10-10T19:52:44.819986+00:00 DEBUG aya_obj::relocation: callee is `memset`
2026-10-10T19:52:44.819987+00:00 DEBUG aya_obj::relocation: callee `memset` is at ins 894, -188 from current instruction 1081
2026-10-10T19:52:44.819990+00:00 DEBUG aya_obj::relocation: relocating call to callee address 0x14b8 in section 2 (relocation) at instruction 1241
2026-10-10T19:52:44.819991+00:00 DEBUG aya_obj::relocation: callee is `memset`
2026-10-10T19:52:44.819992+00:00 DEBUG aya_obj::relocation: callee `memset` is at ins 894, -348 from current instruction 1241
2026-10-10T19:52:44.819994+00:00 DEBUG aya_obj::relocation: finished relocating program `lan_egress_l3` function `_RNvNtCs2GI6VrNTxWR_9honk_ebpf8contrack15___mark_tcp_seen`
2026-10-10T19:52:44.819996+00:00 DEBUG aya_obj::relocation: callee `_RNvNtCs2GI6VrNTxWR_9honk_ebpf8contrack15___mark_tcp_seen` is at ins 927, 182 from current instruction 744
2026-10-10T19:52:44.819998+00:00 DEBUG aya_obj::relocation: relocating call to callee address 0x14b8 in section 2 (relocation) at instruction 848
2026-10-10T19:52:44.819999+00:00 DEBUG aya_obj::relocation: callee is `memset`
2026-10-10T19:52:44.820000+00:00 DEBUG aya_obj::relocation: callee `memset` is at ins 894, 45 from current instruction 848
2026-10-10T19:52:44.820001+00:00 DEBUG aya_obj::relocation: relocating call to callee address 0x10288 in section 2 (pc-relative) at instruction 854
2026-10-10T19:52:44.820002+00:00 DEBUG aya_obj::relocation: callee is `_RNvNtCs2GI6VrNTxWR_9honk_ebpf8contrack15___mark_udp_seen`
2026-10-10T19:52:44.820003+00:00 DEBUG aya_obj::relocation: linked function `_RNvNtCs2GI6VrNTxWR_9honk_ebpf8contrack15___mark_udp_seen` at instruction 1387
2026-10-10T19:52:44.820004+00:00 DEBUG aya_obj::relocation: relocating program `lan_egress_l3` function `_RNvNtCs2GI6VrNTxWR_9honk_ebpf8contrack15___mark_udp_seen` size 401
2026-10-10T19:52:44.820007+00:00 DEBUG aya_obj::relocation: relocating call to callee address 0x14b8 in section 2 (relocation) at instruction 1518
2026-10-10T19:52:44.820009+00:00 DEBUG aya_obj::relocation: callee is `memset`
2026-10-10T19:52:44.820010+00:00 DEBUG aya_obj::relocation: callee `memset` is at ins 894, -625 from current instruction 1518
2026-10-10T19:52:44.820011+00:00 DEBUG aya_obj::relocation: relocating call to callee address 0x14b8 in section 2 (relocation) at instruction 1523
2026-10-10T19:52:44.820012+00:00 DEBUG aya_obj::relocation: callee is `memset`
2026-10-10T19:52:44.820013+00:00 DEBUG aya_obj::relocation: callee `memset` is at ins 894, -630 from current instruction 1523
2026-10-10T19:52:44.820015+00:00 DEBUG aya_obj::relocation: relocating call to callee address 0x14b8 in section 2 (relocation) at instruction 1610
2026-10-10T19:52:44.820016+00:00 DEBUG aya_obj::relocation: callee is `memset`
2026-10-10T19:52:44.820017+00:00 DEBUG aya_obj::relocation: callee `memset` is at ins 894, -717 from current instruction 1610
2026-10-10T19:52:44.820018+00:00 DEBUG aya_obj::relocation: relocating call to callee address 0x14b8 in section 2 (relocation) at instruction 1680
2026-10-10T19:52:44.820019+00:00 DEBUG aya_obj::relocation: callee is `memset`
2026-10-10T19:52:44.820020+00:00 DEBUG aya_obj::relocation: callee `memset` is at ins 894, -787 from current instruction 1680
2026-10-10T19:52:44.820023+00:00 DEBUG aya_obj::relocation: finished relocating program `lan_egress_l3` function `_RNvNtCs2GI6VrNTxWR_9honk_ebpf8contrack15___mark_udp_seen`
2026-10-10T19:52:44.820024+00:00 DEBUG aya_obj::relocation: callee `_RNvNtCs2GI6VrNTxWR_9honk_ebpf8contrack15___mark_udp_seen` is at ins 1387, 532 from current instruction 854
2026-10-10T19:52:44.820025+00:00 DEBUG aya_obj::relocation: finished relocating program `lan_egress_l3` function `_RNvNtCs2GI6VrNTxWR_9honk_ebpf6egress20do_tproxy_lan_egress`
2026-10-10T19:52:44.820027+00:00 DEBUG aya_obj::relocation: callee `_RNvNtCs2GI6VrNTxWR_9honk_ebpf6egress20do_tproxy_lan_egress` is at ins 7, 2 from current instruction 4
2026-10-10T19:52:44.820028+00:00 DEBUG aya_obj::relocation: finished relocating program `lan_egress_l3` function `lan_egress_l3`
2026-10-10T19:52:44.820029+00:00 DEBUG aya_obj::relocation: relocating program `tproxy_wan_cg_sendmsg4_comm` function `tproxy_wan_cg_sendmsg4_comm` size 108
2026-10-10T19:52:44.820031+00:00 DEBUG aya_obj::relocation: relocating call to callee address 0x14b8 in section 2 (relocation) at instruction 24
2026-10-10T19:52:44.820032+00:00 DEBUG aya_obj::relocation: callee is `memset`
2026-10-10T19:52:44.820033+00:00 DEBUG aya_obj::relocation: linked function `memset` at instruction 108
2026-10-10T19:52:44.820034+00:00 DEBUG aya_obj::relocation: relocating program `tproxy_wan_cg_sendmsg4_comm` function `memset` size 8
2026-10-10T19:52:44.820035+00:00 DEBUG aya_obj::relocation: finished relocating program `tproxy_wan_cg_sendmsg4_comm` function `memset`
2026-10-10T19:52:44.820036+00:00 DEBUG aya_obj::relocation: callee `memset` is at ins 108, 83 from current instruction 24
2026-10-10T19:52:44.820038+00:00 DEBUG aya_obj::relocation: relocating call to callee address 0x14b8 in section 2 (relocation) at instruction 61
2026-10-10T19:52:44.820039+00:00 DEBUG aya_obj::relocation: callee is `memset`
2026-10-10T19:52:44.820039+00:00 DEBUG aya_obj::relocation: callee `memset` is at ins 108, 46 from current instruction 61
2026-10-10T19:52:44.820041+00:00 DEBUG aya_obj::relocation: finished relocating program `tproxy_wan_cg_sendmsg4_comm` function `tproxy_wan_cg_sendmsg4_comm`
2026-10-10T19:52:44.820043+00:00 DEBUG aya_obj::relocation: relocating program `tproxy_sk_lookup` function `tproxy_sk_lookup` size 45
2026-10-10T19:52:44.820044+00:00 DEBUG aya_obj::relocation: relocating call to callee address 0x12c8 in section 2 (relocation) at instruction 10
2026-10-10T19:52:44.820045+00:00 DEBUG aya_obj::relocation: callee is `_RNvNtCs2GI6VrNTxWR_9honk_ebpf9sk_lookup19udp_listener_key_v6`
2026-10-10T19:52:44.820046+00:00 DEBUG aya_obj::relocation: linked function `_RNvNtCs2GI6VrNTxWR_9honk_ebpf9sk_lookup19udp_listener_key_v6` at instruction 45
2026-10-10T19:52:44.820048+00:00 DEBUG aya_obj::relocation: relocating program `tproxy_sk_lookup` function `_RNvNtCs2GI6VrNTxWR_9honk_ebpf9sk_lookup19udp_listener_key_v6` size 11
2026-10-10T19:52:44.820050+00:00 DEBUG aya_obj::relocation: finished relocating program `tproxy_sk_lookup` function `_RNvNtCs2GI6VrNTxWR_9honk_ebpf9sk_lookup19udp_listener_key_v6`
2026-10-10T19:52:44.820051+00:00 DEBUG aya_obj::relocation: callee `_RNvNtCs2GI6VrNTxWR_9honk_ebpf9sk_lookup19udp_listener_key_v6` is at ins 45, 34 from current instruction 10
2026-10-10T19:52:44.820052+00:00 DEBUG aya_obj::relocation: relocating call to callee address 0x1270 in section 2 (relocation) at instruction 41
2026-10-10T19:52:44.820054+00:00 DEBUG aya_obj::relocation: callee is `_RNvNtCs2GI6VrNTxWR_9honk_ebpf9sk_lookup19udp_listener_key_v4`
2026-10-10T19:52:44.820055+00:00 DEBUG aya_obj::relocation: linked function `_RNvNtCs2GI6VrNTxWR_9honk_ebpf9sk_lookup19udp_listener_key_v4` at instruction 56
2026-10-10T19:52:44.820056+00:00 DEBUG aya_obj::relocation: relocating program `tproxy_sk_lookup` function `_RNvNtCs2GI6VrNTxWR_9honk_ebpf9sk_lookup19udp_listener_key_v4` size 11
2026-10-10T19:52:44.820057+00:00 DEBUG aya_obj::relocation: finished relocating program `tproxy_sk_lookup` function `_RNvNtCs2GI6VrNTxWR_9honk_ebpf9sk_lookup19udp_listener_key_v4`
2026-10-10T19:52:44.820058+00:00 DEBUG aya_obj::relocation: callee `_RNvNtCs2GI6VrNTxWR_9honk_ebpf9sk_lookup19udp_listener_key_v4` is at ins 56, 14 from current instruction 41
2026-10-10T19:52:44.820059+00:00 DEBUG aya_obj::relocation: finished relocating program `tproxy_sk_lookup` function `tproxy_sk_lookup`
2026-10-10T19:52:44.820061+00:00 DEBUG aya_obj::relocation: relocating program `tproxy_wan_cg_connect6` function `tproxy_wan_cg_connect6` size 185
2026-10-10T19:52:44.820066+00:00 DEBUG aya_obj::relocation: relocating call to callee address 0x14b8 in section 2 (relocation) at instruction 23
2026-10-10T19:52:44.820068+00:00 DEBUG aya_obj::relocation: callee is `memset`
2026-10-10T19:52:44.820069+00:00 DEBUG aya_obj::relocation: linked function `memset` at instruction 185
2026-10-10T19:52:44.820070+00:00 DEBUG aya_obj::relocation: relocating program `tproxy_wan_cg_connect6` function `memset` size 8
2026-10-10T19:52:44.820071+00:00 DEBUG aya_obj::relocation: finished relocating program `tproxy_wan_cg_connect6` function `memset`
2026-10-10T19:52:44.820072+00:00 DEBUG aya_obj::relocation: callee `memset` is at ins 185, 161 from current instruction 23
2026-10-10T19:52:44.820074+00:00 DEBUG aya_obj::relocation: relocating call to callee address 0x14b8 in section 2 (relocation) at instruction 80
2026-10-10T19:52:44.820075+00:00 DEBUG aya_obj::relocation: callee is `memset`
2026-10-10T19:52:44.820076+00:00 DEBUG aya_obj::relocation: callee `memset` is at ins 185, 104 from current instruction 80
2026-10-10T19:52:44.820077+00:00 DEBUG aya_obj::relocation: relocating reference to callee address 0x1320 in section 2 (relocation) at instruction 93
2026-10-10T19:52:44.820078+00:00 DEBUG aya_obj::relocation: callee is `_RNvNtCs2GI6VrNTxWR_9honk_ebpf12process_name13find_basename`
2026-10-10T19:52:44.820079+00:00 DEBUG aya_obj::relocation: linked function `_RNvNtCs2GI6VrNTxWR_9honk_ebpf12process_name13find_basename` at instruction 193
2026-10-10T19:52:44.820080+00:00 DEBUG aya_obj::relocation: relocating program `tproxy_wan_cg_connect6` function `_RNvNtCs2GI6VrNTxWR_9honk_ebpf12process_name13find_basename` size 15
2026-10-10T19:52:44.820081+00:00 DEBUG aya_obj::relocation: finished relocating program `tproxy_wan_cg_connect6` function `_RNvNtCs2GI6VrNTxWR_9honk_ebpf12process_name13find_basename`
2026-10-10T19:52:44.820083+00:00 DEBUG aya_obj::relocation: callee `_RNvNtCs2GI6VrNTxWR_9honk_ebpf12process_name13find_basename` is at ins 193, 99 from current instruction 93
2026-10-10T19:52:44.820084+00:00 DEBUG aya_obj::relocation: relocating call to callee address 0x14b8 in section 2 (relocation) at instruction 131
2026-10-10T19:52:44.820085+00:00 DEBUG aya_obj::relocation: callee is `memset`
2026-10-10T19:52:44.820086+00:00 DEBUG aya_obj::relocation: callee `memset` is at ins 185, 53 from current instruction 131
2026-10-10T19:52:44.820088+00:00 DEBUG aya_obj::relocation: finished relocating program `tproxy_wan_cg_connect6` function `tproxy_wan_cg_connect6`
2026-10-10T19:52:44.820090+00:00 DEBUG aya_obj::relocation: relocating program `lan_egress_l2` function `lan_egress_l2` size 7
2026-10-10T19:52:44.820091+00:00 DEBUG aya_obj::relocation: relocating call to callee address 0x12858 in section 2 (relocation) at instruction 4
2026-10-10T19:52:44.820092+00:00 DEBUG aya_obj::relocation: callee is `_RNvNtCs2GI6VrNTxWR_9honk_ebpf6egress20do_tproxy_lan_egress`
2026-10-10T19:52:44.820093+00:00 DEBUG aya_obj::relocation: linked function `_RNvNtCs2GI6VrNTxWR_9honk_ebpf6egress20do_tproxy_lan_egress` at instruction 7
2026-10-10T19:52:44.820095+00:00 DEBUG aya_obj::relocation: relocating program `lan_egress_l2` function `_RNvNtCs2GI6VrNTxWR_9honk_ebpf6egress20do_tproxy_lan_egress` size 887
2026-10-10T19:52:44.820096+00:00 DEBUG aya_obj::relocation: relocating call to callee address 0x14b8 in section 2 (relocation) at instruction 43
2026-10-10T19:52:44.820097+00:00 DEBUG aya_obj::relocation: callee is `memset`
2026-10-10T19:52:44.820099+00:00 DEBUG aya_obj::relocation: linked function `memset` at instruction 894
2026-10-10T19:52:44.820101+00:00 DEBUG aya_obj::relocation: relocating program `lan_egress_l2` function `memset` size 8
2026-10-10T19:52:44.820102+00:00 DEBUG aya_obj::relocation: finished relocating program `lan_egress_l2` function `memset`
2026-10-10T19:52:44.820103+00:00 DEBUG aya_obj::relocation: callee `memset` is at ins 894, 850 from current instruction 43
2026-10-10T19:52:44.820105+00:00 DEBUG aya_obj::relocation: relocating call to callee address 0x14b8 in section 2 (relocation) at instruction 118
2026-10-10T19:52:44.820106+00:00 DEBUG aya_obj::relocation: callee is `memset`
2026-10-10T19:52:44.820107+00:00 DEBUG aya_obj::relocation: callee `memset` is at ins 894, 775 from current instruction 118
2026-10-10T19:52:44.820108+00:00 DEBUG aya_obj::relocation: relocating call to callee address 0x14b8 in section 2 (relocation) at instruction 126
2026-10-10T19:52:44.820109+00:00 DEBUG aya_obj::relocation: callee is `memset`
2026-10-10T19:52:44.820110+00:00 DEBUG aya_obj::relocation: callee `memset` is at ins 894, 767 from current instruction 126
2026-10-10T19:52:44.820112+00:00 DEBUG aya_obj::relocation: relocating call to callee address 0x13f0 in section 2 (relocation) at instruction 182
2026-10-10T19:52:44.820113+00:00 DEBUG aya_obj::relocation: callee is `memmove`
2026-10-10T19:52:44.820114+00:00 DEBUG aya_obj::relocation: linked function `memmove` at instruction 902
2026-10-10T19:52:44.820115+00:00 DEBUG aya_obj::relocation: relocating program `lan_egress_l2` function `memmove` size 25
2026-10-10T19:52:44.820116+00:00 DEBUG aya_obj::relocation: finished relocating program `lan_egress_l2` function `memmove`
2026-10-10T19:52:44.820117+00:00 DEBUG aya_obj::relocation: callee `memmove` is at ins 902, 719 from current instruction 182
2026-10-10T19:52:44.820119+00:00 DEBUG aya_obj::relocation: relocating call to callee address 0x13f0 in section 2 (relocation) at instruction 290
2026-10-10T19:52:44.820120+00:00 DEBUG aya_obj::relocation: callee is `memmove`
2026-10-10T19:52:44.820121+00:00 DEBUG aya_obj::relocation: callee `memmove` is at ins 902, 611 from current instruction 290
2026-10-10T19:52:44.820123+00:00 DEBUG aya_obj::relocation: relocating call to callee address 0x13f0 in section 2 (relocation) at instruction 327
2026-10-10T19:52:44.820124+00:00 DEBUG aya_obj::relocation: callee is `memmove`
2026-10-10T19:52:44.820125+00:00 DEBUG aya_obj::relocation: callee `memmove` is at ins 902, 574 from current instruction 327
2026-10-10T19:52:44.820126+00:00 DEBUG aya_obj::relocation: relocating call to callee address 0x13f0 in section 2 (relocation) at instruction 370
2026-10-10T19:52:44.820127+00:00 DEBUG aya_obj::relocation: callee is `memmove`
2026-10-10T19:52:44.820128+00:00 DEBUG aya_obj::relocation: callee `memmove` is at ins 902, 531 from current instruction 370
2026-10-10T19:52:44.820131+00:00 DEBUG aya_obj::relocation: relocating call to callee address 0x13f0 in section 2 (relocation) at instruction 533
2026-10-10T19:52:44.820133+00:00 DEBUG aya_obj::relocation: callee is `memmove`
2026-10-10T19:52:44.820134+00:00 DEBUG aya_obj::relocation: callee `memmove` is at ins 902, 368 from current instruction 533
2026-10-10T19:52:44.820135+00:00 DEBUG aya_obj::relocation: relocating call to callee address 0x13f0 in section 2 (relocation) at instruction 540
2026-10-10T19:52:44.820136+00:00 DEBUG aya_obj::relocation: callee is `memmove`
2026-10-10T19:52:44.820137+00:00 DEBUG aya_obj::relocation: callee `memmove` is at ins 902, 361 from current instruction 540
2026-10-10T19:52:44.820138+00:00 DEBUG aya_obj::relocation: relocating call to callee address 0x14b8 in section 2 (relocation) at instruction 568
2026-10-10T19:52:44.820139+00:00 DEBUG aya_obj::relocation: callee is `memset`
2026-10-10T19:52:44.820140+00:00 DEBUG aya_obj::relocation: callee `memset` is at ins 894, 325 from current instruction 568
2026-10-10T19:52:44.820142+00:00 DEBUG aya_obj::relocation: relocating call to callee address 0x13f0 in section 2 (relocation) at instruction 612
2026-10-10T19:52:44.820143+00:00 DEBUG aya_obj::relocation: callee is `memmove`
2026-10-10T19:52:44.820144+00:00 DEBUG aya_obj::relocation: callee `memmove` is at ins 902, 289 from current instruction 612
2026-10-10T19:52:44.820145+00:00 DEBUG aya_obj::relocation: relocating call to callee address 0x13f0 in section 2 (relocation) at instruction 617
2026-10-10T19:52:44.820146+00:00 DEBUG aya_obj::relocation: callee is `memmove`
2026-10-10T19:52:44.820147+00:00 DEBUG aya_obj::relocation: callee `memmove` is at ins 902, 284 from current instruction 617
2026-10-10T19:52:44.820149+00:00 DEBUG aya_obj::relocation: relocating call to callee address 0x14b8 in section 2 (relocation) at instruction 729
2026-10-10T19:52:44.820150+00:00 DEBUG aya_obj::relocation: callee is `memset`
2026-10-10T19:52:44.820151+00:00 DEBUG aya_obj::relocation: callee `memset` is at ins 894, 164 from current instruction 729
2026-10-10T19:52:44.820152+00:00 DEBUG aya_obj::relocation: relocating call to callee address 0xdc58 in section 2 (pc-relative) at instruction 744
2026-10-10T19:52:44.820153+00:00 DEBUG aya_obj::relocation: callee is `_RNvNtCs2GI6VrNTxWR_9honk_ebpf8contrack15___mark_tcp_seen`
2026-10-10T19:52:44.820154+00:00 DEBUG aya_obj::relocation: linked function `_RNvNtCs2GI6VrNTxWR_9honk_ebpf8contrack15___mark_tcp_seen` at instruction 927
2026-10-10T19:52:44.820155+00:00 DEBUG aya_obj::relocation: relocating program `lan_egress_l2` function `_RNvNtCs2GI6VrNTxWR_9honk_ebpf8contrack15___mark_tcp_seen` size 460
2026-10-10T19:52:44.820157+00:00 DEBUG aya_obj::relocation: relocating call to callee address 0x14b8 in section 2 (relocation) at instruction 950
2026-10-10T19:52:44.820158+00:00 DEBUG aya_obj::relocation: callee is `memset`
2026-10-10T19:52:44.820159+00:00 DEBUG aya_obj::relocation: callee `memset` is at ins 894, -57 from current instruction 950
2026-10-10T19:52:44.820160+00:00 DEBUG aya_obj::relocation: relocating call to callee address 0x14b8 in section 2 (relocation) at instruction 955
2026-10-10T19:52:44.820161+00:00 DEBUG aya_obj::relocation: callee is `memset`
2026-10-10T19:52:44.820162+00:00 DEBUG aya_obj::relocation: callee `memset` is at ins 894, -62 from current instruction 955
2026-10-10T19:52:44.820163+00:00 DEBUG aya_obj::relocation: relocating call to callee address 0x14b8 in section 2 (relocation) at instruction 960
2026-10-10T19:52:44.820164+00:00 DEBUG aya_obj::relocation: callee is `memset`
2026-10-10T19:52:44.820165+00:00 DEBUG aya_obj::relocation: callee `memset` is at ins 894, -67 from current instruction 960
2026-10-10T19:52:44.820167+00:00 DEBUG aya_obj::relocation: relocating call to callee address 0x14b8 in section 2 (relocation) at instruction 1071
2026-10-10T19:52:44.820168+00:00 DEBUG aya_obj::relocation: callee is `memset`
2026-10-10T19:52:44.820169+00:00 DEBUG aya_obj::relocation: callee `memset` is at ins 894, -178 from current instruction 1071
2026-10-10T19:52:44.820170+00:00 DEBUG aya_obj::relocation: relocating call to callee address 0x14b8 in section 2 (relocation) at instruction 1076
2026-10-10T19:52:44.820172+00:00 DEBUG aya_obj::relocation: callee is `memset`
2026-10-10T19:52:44.820173+00:00 DEBUG aya_obj::relocation: callee `memset` is at ins 894, -183 from current instruction 1076
2026-10-10T19:52:44.820174+00:00 DEBUG aya_obj::relocation: relocating call to callee address 0x14b8 in section 2 (relocation) at instruction 1081
2026-10-10T19:52:44.820175+00:00 DEBUG aya_obj::relocation: callee is `memset`
2026-10-10T19:52:44.820176+00:00 DEBUG aya_obj::relocation: callee `memset` is at ins 894, -188 from current instruction 1081
2026-10-10T19:52:44.820179+00:00 DEBUG aya_obj::relocation: relocating call to callee address 0x14b8 in section 2 (relocation) at instruction 1241
2026-10-10T19:52:44.820180+00:00 DEBUG aya_obj::relocation: callee is `memset`
2026-10-10T19:52:44.820180+00:00 DEBUG aya_obj::relocation: callee `memset` is at ins 894, -348 from current instruction 1241
2026-10-10T19:52:44.820183+00:00 DEBUG aya_obj::relocation: finished relocating program `lan_egress_l2` function `_RNvNtCs2GI6VrNTxWR_9honk_ebpf8contrack15___mark_tcp_seen`
2026-10-10T19:52:44.820184+00:00 DEBUG aya_obj::relocation: callee `_RNvNtCs2GI6VrNTxWR_9honk_ebpf8contrack15___mark_tcp_seen` is at ins 927, 182 from current instruction 744
2026-10-10T19:52:44.820186+00:00 DEBUG aya_obj::relocation: relocating call to callee address 0x14b8 in section 2 (relocation) at instruction 848
2026-10-10T19:52:44.820187+00:00 DEBUG aya_obj::relocation: callee is `memset`
2026-10-10T19:52:44.820188+00:00 DEBUG aya_obj::relocation: callee `memset` is at ins 894, 45 from current instruction 848
2026-10-10T19:52:44.820189+00:00 DEBUG aya_obj::relocation: relocating call to callee address 0x10288 in section 2 (pc-relative) at instruction 854
2026-10-10T19:52:44.820190+00:00 DEBUG aya_obj::relocation: callee is `_RNvNtCs2GI6VrNTxWR_9honk_ebpf8contrack15___mark_udp_seen`
2026-10-10T19:52:44.820192+00:00 DEBUG aya_obj::relocation: linked function `_RNvNtCs2GI6VrNTxWR_9honk_ebpf8contrack15___mark_udp_seen` at instruction 1387
2026-10-10T19:52:44.820193+00:00 DEBUG aya_obj::relocation: relocating program `lan_egress_l2` function `_RNvNtCs2GI6VrNTxWR_9honk_ebpf8contrack15___mark_udp_seen` size 401
2026-10-10T19:52:44.820195+00:00 DEBUG aya_obj::relocation: relocating call to callee address 0x14b8 in section 2 (relocation) at instruction 1518
2026-10-10T19:52:44.820197+00:00 DEBUG aya_obj::relocation: callee is `memset`
2026-10-10T19:52:44.820197+00:00 DEBUG aya_obj::relocation: callee `memset` is at ins 894, -625 from current instruction 1518
2026-10-10T19:52:44.820199+00:00 DEBUG aya_obj::relocation: relocating call to callee address 0x14b8 in section 2 (relocation) at instruction 1523
2026-10-10T19:52:44.820200+00:00 DEBUG aya_obj::relocation: callee is `memset`
2026-10-10T19:52:44.820201+00:00 DEBUG aya_obj::relocation: callee `memset` is at ins 894, -630 from current instruction 1523
2026-10-10T19:52:44.820202+00:00 DEBUG aya_obj::relocation: relocating call to callee address 0x14b8 in section 2 (relocation) at instruction 1610
2026-10-10T19:52:44.820204+00:00 DEBUG aya_obj::relocation: callee is `memset`
2026-10-10T19:52:44.820204+00:00 DEBUG aya_obj::relocation: callee `memset` is at ins 894, -717 from current instruction 1610
2026-10-10T19:52:44.820206+00:00 DEBUG aya_obj::relocation: relocating call to callee address 0x14b8 in section 2 (relocation) at instruction 1680
2026-10-10T19:52:44.820207+00:00 DEBUG aya_obj::relocation: callee is `memset`
2026-10-10T19:52:44.820208+00:00 DEBUG aya_obj::relocation: callee `memset` is at ins 894, -787 from current instruction 1680
2026-10-10T19:52:44.820210+00:00 DEBUG aya_obj::relocation: finished relocating program `lan_egress_l2` function `_RNvNtCs2GI6VrNTxWR_9honk_ebpf8contrack15___mark_udp_seen`
2026-10-10T19:52:44.820212+00:00 DEBUG aya_obj::relocation: callee `_RNvNtCs2GI6VrNTxWR_9honk_ebpf8contrack15___mark_udp_seen` is at ins 1387, 532 from current instruction 854
2026-10-10T19:52:44.820214+00:00 DEBUG aya_obj::relocation: finished relocating program `lan_egress_l2` function `_RNvNtCs2GI6VrNTxWR_9honk_ebpf6egress20do_tproxy_lan_egress`
2026-10-10T19:52:44.820215+00:00 DEBUG aya_obj::relocation: callee `_RNvNtCs2GI6VrNTxWR_9honk_ebpf6egress20do_tproxy_lan_egress` is at ins 7, 2 from current instruction 4
2026-10-10T19:52:44.820217+00:00 DEBUG aya_obj::relocation: finished relocating program `lan_egress_l2` function `lan_egress_l2`
2026-10-10T19:52:44.820219+00:00 DEBUG aya_obj::relocation: relocating program `wan_egress_l3` function `wan_egress_l3` size 3320
2026-10-10T19:52:44.820221+00:00 DEBUG aya_obj::relocation: relocating call to callee address 0x14b8 in section 2 (relocation) at instruction 31
2026-10-10T19:52:44.820222+00:00 DEBUG aya_obj::relocation: callee is `memset`
2026-10-10T19:52:44.820224+00:00 DEBUG aya_obj::relocation: linked function `memset` at instruction 3320
2026-10-10T19:52:44.820226+00:00 DEBUG aya_obj::relocation: relocating program `wan_egress_l3` function `memset` size 8
2026-10-10T19:52:44.820227+00:00 DEBUG aya_obj::relocation: finished relocating program `wan_egress_l3` function `memset`
2026-10-10T19:52:44.820228+00:00 DEBUG aya_obj::relocation: callee `memset` is at ins 3320, 3288 from current instruction 31
2026-10-10T19:52:44.820229+00:00 DEBUG aya_obj::relocation: relocating call to callee address 0x14b8 in section 2 (relocation) at instruction 46
2026-10-10T19:52:44.820230+00:00 DEBUG aya_obj::relocation: callee is `memset`
2026-10-10T19:52:44.820231+00:00 DEBUG aya_obj::relocation: callee `memset` is at ins 3320, 3273 from current instruction 46
2026-10-10T19:52:44.820232+00:00 DEBUG aya_obj::relocation: relocating call to callee address 0x14b8 in section 2 (relocation) at instruction 55
2026-10-10T19:52:44.820233+00:00 DEBUG aya_obj::relocation: callee is `memset`
2026-10-10T19:52:44.820234+00:00 DEBUG aya_obj::relocation: callee `memset` is at ins 3320, 3264 from current instruction 55
2026-10-10T19:52:44.820237+00:00 DEBUG aya_obj::relocation: relocating call to callee address 0x13f0 in section 2 (relocation) at instruction 216
2026-10-10T19:52:44.820238+00:00 DEBUG aya_obj::relocation: callee is `memmove`
2026-10-10T19:52:44.820239+00:00 DEBUG aya_obj::relocation: linked function `memmove` at instruction 3328
2026-10-10T19:52:44.820240+00:00 DEBUG aya_obj::relocation: relocating program `wan_egress_l3` function `memmove` size 25
2026-10-10T19:52:44.820241+00:00 DEBUG aya_obj::relocation: finished relocating program `wan_egress_l3` function `memmove`
2026-10-10T19:52:44.820242+00:00 DEBUG aya_obj::relocation: callee `memmove` is at ins 3328, 3111 from current instruction 216
2026-10-10T19:52:44.820244+00:00 DEBUG aya_obj::relocation: relocating call to callee address 0x13f0 in section 2 (relocation) at instruction 281
2026-10-10T19:52:44.820245+00:00 DEBUG aya_obj::relocation: callee is `memmove`
2026-10-10T19:52:44.820246+00:00 DEBUG aya_obj::relocation: callee `memmove` is at ins 3328, 3046 from current instruction 281
2026-10-10T19:52:44.820247+00:00 DEBUG aya_obj::relocation: relocating call to callee address 0x13f0 in section 2 (relocation) at instruction 315
2026-10-10T19:52:44.820248+00:00 DEBUG aya_obj::relocation: callee is `memmove`
2026-10-10T19:52:44.820249+00:00 DEBUG aya_obj::relocation: callee `memmove` is at ins 3328, 3012 from current instruction 315
2026-10-10T19:52:44.820251+00:00 DEBUG aya_obj::relocation: relocating call to callee address 0x13f0 in section 2 (relocation) at instruction 343
2026-10-10T19:52:44.820252+00:00 DEBUG aya_obj::relocation: callee is `memmove`
2026-10-10T19:52:44.820253+00:00 DEBUG aya_obj::relocation: callee `memmove` is at ins 3328, 2984 from current instruction 343
2026-10-10T19:52:44.820255+00:00 DEBUG aya_obj::relocation: relocating call to callee address 0x13f0 in section 2 (relocation) at instruction 442
2026-10-10T19:52:44.820256+00:00 DEBUG aya_obj::relocation: callee is `memmove`
2026-10-10T19:52:44.820257+00:00 DEBUG aya_obj::relocation: callee `memmove` is at ins 3328, 2885 from current instruction 442
2026-10-10T19:52:44.820259+00:00 DEBUG aya_obj::relocation: relocating call to callee address 0x13f0 in section 2 (relocation) at instruction 449
2026-10-10T19:52:44.820260+00:00 DEBUG aya_obj::relocation: callee is `memmove`
2026-10-10T19:52:44.820261+00:00 DEBUG aya_obj::relocation: callee `memmove` is at ins 3328, 2878 from current instruction 449
2026-10-10T19:52:44.820262+00:00 DEBUG aya_obj::relocation: relocating call to callee address 0x14b8 in section 2 (relocation) at instruction 474
2026-10-10T19:52:44.820263+00:00 DEBUG aya_obj::relocation: callee is `memset`
2026-10-10T19:52:44.820264+00:00 DEBUG aya_obj::relocation: callee `memset` is at ins 3320, 2845 from current instruction 474
2026-10-10T19:52:44.820265+00:00 DEBUG aya_obj::relocation: relocating call to callee address 0x13f0 in section 2 (relocation) at instruction 509
2026-10-10T19:52:44.820266+00:00 DEBUG aya_obj::relocation: callee is `memmove`
2026-10-10T19:52:44.820267+00:00 DEBUG aya_obj::relocation: callee `memmove` is at ins 3328, 2818 from current instruction 509
2026-10-10T19:52:44.820268+00:00 DEBUG aya_obj::relocation: relocating call to callee address 0x13f0 in section 2 (relocation) at instruction 514
2026-10-10T19:52:44.820269+00:00 DEBUG aya_obj::relocation: callee is `memmove`
2026-10-10T19:52:44.820270+00:00 DEBUG aya_obj::relocation: callee `memmove` is at ins 3328, 2813 from current instruction 514
2026-10-10T19:52:44.820274+00:00 DEBUG aya_obj::relocation: relocating call to callee address 0x14b8 in section 2 (relocation) at instruction 678
2026-10-10T19:52:44.820275+00:00 DEBUG aya_obj::relocation: callee is `memset`
2026-10-10T19:52:44.820275+00:00 DEBUG aya_obj::relocation: callee `memset` is at ins 3320, 2641 from current instruction 678
2026-10-10T19:52:44.820277+00:00 DEBUG aya_obj::relocation: relocating call to callee address 0x14b8 in section 2 (relocation) at instruction 693
2026-10-10T19:52:44.820278+00:00 DEBUG aya_obj::relocation: callee is `memset`
2026-10-10T19:52:44.820279+00:00 DEBUG aya_obj::relocation: callee `memset` is at ins 3320, 2626 from current instruction 693
2026-10-10T19:52:44.820280+00:00 DEBUG aya_obj::relocation: relocating call to callee address 0xdc58 in section 2 (relocation) at instruction 707
2026-10-10T19:52:44.820281+00:00 DEBUG aya_obj::relocation: callee is `_RNvNtCs2GI6VrNTxWR_9honk_ebpf8contrack15___mark_tcp_seen`
2026-10-10T19:52:44.820282+00:00 DEBUG aya_obj::relocation: linked function `_RNvNtCs2GI6VrNTxWR_9honk_ebpf8contrack15___mark_tcp_seen` at instruction 3353
2026-10-10T19:52:44.820283+00:00 DEBUG aya_obj::relocation: relocating program `wan_egress_l3` function `_RNvNtCs2GI6VrNTxWR_9honk_ebpf8contrack15___mark_tcp_seen` size 460
2026-10-10T19:52:44.820285+00:00 DEBUG aya_obj::relocation: relocating call to callee address 0x14b8 in section 2 (relocation) at instruction 3376
2026-10-10T19:52:44.820286+00:00 DEBUG aya_obj::relocation: callee is `memset`
2026-10-10T19:52:44.820287+00:00 DEBUG aya_obj::relocation: callee `memset` is at ins 3320, -57 from current instruction 3376
2026-10-10T19:52:44.820288+00:00 DEBUG aya_obj::relocation: relocating call to callee address 0x14b8 in section 2 (relocation) at instruction 3381
2026-10-10T19:52:44.820289+00:00 DEBUG aya_obj::relocation: callee is `memset`
2026-10-10T19:52:44.820290+00:00 DEBUG aya_obj::relocation: callee `memset` is at ins 3320, -62 from current instruction 3381
2026-10-10T19:52:44.820291+00:00 DEBUG aya_obj::relocation: relocating call to callee address 0x14b8 in section 2 (relocation) at instruction 3386
2026-10-10T19:52:44.820292+00:00 DEBUG aya_obj::relocation: callee is `memset`
2026-10-10T19:52:44.820293+00:00 DEBUG aya_obj::relocation: callee `memset` is at ins 3320, -67 from current instruction 3386
2026-10-10T19:52:44.820295+00:00 DEBUG aya_obj::relocation: relocating call to callee address 0x14b8 in section 2 (relocation) at instruction 3497
2026-10-10T19:52:44.820296+00:00 DEBUG aya_obj::relocation: callee is `memset`
2026-10-10T19:52:44.820297+00:00 DEBUG aya_obj::relocation: callee `memset` is at ins 3320, -178 from current instruction 3497
2026-10-10T19:52:44.820299+00:00 DEBUG aya_obj::relocation: relocating call to callee address 0x14b8 in section 2 (relocation) at instruction 3502
2026-10-10T19:52:44.820300+00:00 DEBUG aya_obj::relocation: callee is `memset`
2026-10-10T19:52:44.820300+00:00 DEBUG aya_obj::relocation: callee `memset` is at ins 3320, -183 from current instruction 3502
2026-10-10T19:52:44.820302+00:00 DEBUG aya_obj::relocation: relocating call to callee address 0x14b8 in section 2 (relocation) at instruction 3507
2026-10-10T19:52:44.820303+00:00 DEBUG aya_obj::relocation: callee is `memset`
2026-10-10T19:52:44.820303+00:00 DEBUG aya_obj::relocation: callee `memset` is at ins 3320, -188 from current instruction 3507
2026-10-10T19:52:44.820306+00:00 DEBUG aya_obj::relocation: relocating call to callee address 0x14b8 in section 2 (relocation) at instruction 3667
2026-10-10T19:52:44.820307+00:00 DEBUG aya_obj::relocation: callee is `memset`
2026-10-10T19:52:44.820308+00:00 DEBUG aya_obj::relocation: callee `memset` is at ins 3320, -348 from current instruction 3667
2026-10-10T19:52:44.820310+00:00 DEBUG aya_obj::relocation: finished relocating program `wan_egress_l3` function `_RNvNtCs2GI6VrNTxWR_9honk_ebpf8contrack15___mark_tcp_seen`
2026-10-10T19:52:44.820311+00:00 DEBUG aya_obj::relocation: callee `_RNvNtCs2GI6VrNTxWR_9honk_ebpf8contrack15___mark_tcp_seen` is at ins 3353, 2645 from current instruction 707
2026-10-10T19:52:44.820317+00:00 DEBUG aya_obj::relocation: relocating call to callee address 0x14b8 in section 2 (relocation) at instruction 1033
2026-10-10T19:52:44.820318+00:00 DEBUG aya_obj::relocation: callee is `memset`
2026-10-10T19:52:44.820319+00:00 DEBUG aya_obj::relocation: callee `memset` is at ins 3320, 2286 from current instruction 1033
2026-10-10T19:52:44.820321+00:00 DEBUG aya_obj::relocation: relocating call to callee address 0x14b8 in section 2 (relocation) at instruction 1114
2026-10-10T19:52:44.820322+00:00 DEBUG aya_obj::relocation: callee is `memset`
2026-10-10T19:52:44.820323+00:00 DEBUG aya_obj::relocation: callee `memset` is at ins 3320, 2205 from current instruction 1114
2026-10-10T19:52:44.820325+00:00 DEBUG aya_obj::relocation: relocating call to callee address 0x14b8 in section 2 (relocation) at instruction 1171
2026-10-10T19:52:44.820326+00:00 DEBUG aya_obj::relocation: callee is `memset`
2026-10-10T19:52:44.820327+00:00 DEBUG aya_obj::relocation: callee `memset` is at ins 3320, 2148 from current instruction 1171
2026-10-10T19:52:44.820329+00:00 DEBUG aya_obj::relocation: relocating call to callee address 0x14b8 in section 2 (relocation) at instruction 1215
2026-10-10T19:52:44.820330+00:00 DEBUG aya_obj::relocation: callee is `memset`
2026-10-10T19:52:44.820331+00:00 DEBUG aya_obj::relocation: callee `memset` is at ins 3320, 2104 from current instruction 1215
2026-10-10T19:52:44.820332+00:00 DEBUG aya_obj::relocation: relocating call to callee address 0x14b8 in section 2 (relocation) at instruction 1234
2026-10-10T19:52:44.820333+00:00 DEBUG aya_obj::relocation: callee is `memset`
2026-10-10T19:52:44.820334+00:00 DEBUG aya_obj::relocation: callee `memset` is at ins 3320, 2085 from current instruction 1234
2026-10-10T19:52:44.820336+00:00 DEBUG aya_obj::relocation: relocating call to callee address 0x14b8 in section 2 (relocation) at instruction 1294
2026-10-10T19:52:44.820337+00:00 DEBUG aya_obj::relocation: callee is `memset`
2026-10-10T19:52:44.820338+00:00 DEBUG aya_obj::relocation: callee `memset` is at ins 3320, 2025 from current instruction 1294
2026-10-10T19:52:44.820340+00:00 DEBUG aya_obj::relocation: relocating call to callee address 0x14b8 in section 2 (relocation) at instruction 1389
2026-10-10T19:52:44.820341+00:00 DEBUG aya_obj::relocation: callee is `memset`
2026-10-10T19:52:44.820342+00:00 DEBUG aya_obj::relocation: callee `memset` is at ins 3320, 1930 from current instruction 1389
2026-10-10T19:52:44.820344+00:00 DEBUG aya_obj::relocation: relocating call to callee address 0x14b8 in section 2 (relocation) at instruction 1482
2026-10-10T19:52:44.820345+00:00 DEBUG aya_obj::relocation: callee is `memset`
2026-10-10T19:52:44.820348+00:00 DEBUG aya_obj::relocation: callee `memset` is at ins 3320, 1837 from current instruction 1482
2026-10-10T19:52:44.820350+00:00 DEBUG aya_obj::relocation: relocating call to callee address 0x14b8 in section 2 (relocation) at instruction 1570
2026-10-10T19:52:44.820351+00:00 DEBUG aya_obj::relocation: callee is `memset`
2026-10-10T19:52:44.820352+00:00 DEBUG aya_obj::relocation: callee `memset` is at ins 3320, 1749 from current instruction 1570
2026-10-10T19:52:44.820353+00:00 DEBUG aya_obj::relocation: relocating call to callee address 0x0 in section 2 (relocation) at instruction 1575
2026-10-10T19:52:44.820354+00:00 DEBUG aya_obj::relocation: callee is `honk_normalize_process_name`
2026-10-10T19:52:44.820355+00:00 DEBUG aya_obj::relocation: linked function `honk_normalize_process_name` at instruction 3813
2026-10-10T19:52:44.820356+00:00 DEBUG aya_obj::relocation: relocating program `wan_egress_l3` function `honk_normalize_process_name` size 145
2026-10-10T19:52:44.820357+00:00 DEBUG aya_obj::relocation: relocating call to callee address 0x14b8 in section 2 (relocation) at instruction 3822
2026-10-10T19:52:44.820358+00:00 DEBUG aya_obj::relocation: callee is `memset`
2026-10-10T19:52:44.820359+00:00 DEBUG aya_obj::relocation: callee `memset` is at ins 3320, -503 from current instruction 3822
2026-10-10T19:52:44.820360+00:00 DEBUG aya_obj::relocation: relocating call to callee address 0x14b8 in section 2 (relocation) at instruction 3828
2026-10-10T19:52:44.820361+00:00 DEBUG aya_obj::relocation: callee is `memset`
2026-10-10T19:52:44.820362+00:00 DEBUG aya_obj::relocation: callee `memset` is at ins 3320, -509 from current instruction 3828
2026-10-10T19:52:44.820363+00:00 DEBUG aya_obj::relocation: relocating call to callee address 0x488 in section 2 (relocation) at instruction 3832
2026-10-10T19:52:44.820364+00:00 DEBUG aya_obj::relocation: callee is `honk_normalize_process_step`
2026-10-10T19:52:44.820365+00:00 DEBUG aya_obj::relocation: linked function `honk_normalize_process_step` at instruction 3958
2026-10-10T19:52:44.820367+00:00 DEBUG aya_obj::relocation: relocating program `wan_egress_l3` function `honk_normalize_process_step` size 317
2026-10-10T19:52:44.820371+00:00 DEBUG aya_obj::relocation: finished relocating program `wan_egress_l3` function `honk_normalize_process_step`
2026-10-10T19:52:44.820372+00:00 DEBUG aya_obj::relocation: callee `honk_normalize_process_step` is at ins 3958, 125 from current instruction 3832
2026-10-10T19:52:44.820373+00:00 DEBUG aya_obj::relocation: relocating call to callee address 0x488 in section 2 (relocation) at instruction 3844
2026-10-10T19:52:44.820374+00:00 DEBUG aya_obj::relocation: callee is `honk_normalize_process_step`
2026-10-10T19:52:44.820375+00:00 DEBUG aya_obj::relocation: callee `honk_normalize_process_step` is at ins 3958, 113 from current instruction 3844
2026-10-10T19:52:44.820376+00:00 DEBUG aya_obj::relocation: relocating call to callee address 0x488 in section 2 (relocation) at instruction 3852
2026-10-10T19:52:44.820377+00:00 DEBUG aya_obj::relocation: callee is `honk_normalize_process_step`
2026-10-10T19:52:44.820378+00:00 DEBUG aya_obj::relocation: callee `honk_normalize_process_step` is at ins 3958, 105 from current instruction 3852
2026-10-10T19:52:44.820379+00:00 DEBUG aya_obj::relocation: relocating call to callee address 0x488 in section 2 (relocation) at instruction 3860
2026-10-10T19:52:44.820380+00:00 DEBUG aya_obj::relocation: callee is `honk_normalize_process_step`
2026-10-10T19:52:44.820381+00:00 DEBUG aya_obj::relocation: callee `honk_normalize_process_step` is at ins 3958, 97 from current instruction 3860
2026-10-10T19:52:44.820383+00:00 DEBUG aya_obj::relocation: relocating call to callee address 0x488 in section 2 (relocation) at instruction 3868
2026-10-10T19:52:44.820384+00:00 DEBUG aya_obj::relocation: callee is `honk_normalize_process_step`
2026-10-10T19:52:44.820385+00:00 DEBUG aya_obj::relocation: callee `honk_normalize_process_step` is at ins 3958, 89 from current instruction 3868
2026-10-10T19:52:44.820387+00:00 DEBUG aya_obj::relocation: relocating call to callee address 0x488 in section 2 (relocation) at instruction 3876
2026-10-10T19:52:44.820388+00:00 DEBUG aya_obj::relocation: callee is `honk_normalize_process_step`
2026-10-10T19:52:44.820389+00:00 DEBUG aya_obj::relocation: callee `honk_normalize_process_step` is at ins 3958, 81 from current instruction 3876
2026-10-10T19:52:44.820390+00:00 DEBUG aya_obj::relocation: relocating call to callee address 0x488 in section 2 (relocation) at instruction 3884
2026-10-10T19:52:44.820391+00:00 DEBUG aya_obj::relocation: callee is `honk_normalize_process_step`
2026-10-10T19:52:44.820392+00:00 DEBUG aya_obj::relocation: callee `honk_normalize_process_step` is at ins 3958, 73 from current instruction 3884
2026-10-10T19:52:44.820393+00:00 DEBUG aya_obj::relocation: relocating call to callee address 0x488 in section 2 (relocation) at instruction 3892
2026-10-10T19:52:44.820394+00:00 DEBUG aya_obj::relocation: callee is `honk_normalize_process_step`
2026-10-10T19:52:44.820395+00:00 DEBUG aya_obj::relocation: callee `honk_normalize_process_step` is at ins 3958, 65 from current instruction 3892
2026-10-10T19:52:44.820396+00:00 DEBUG aya_obj::relocation: relocating call to callee address 0x488 in section 2 (relocation) at instruction 3900
2026-10-10T19:52:44.820397+00:00 DEBUG aya_obj::relocation: callee is `honk_normalize_process_step`
2026-10-10T19:52:44.820398+00:00 DEBUG aya_obj::relocation: callee `honk_normalize_process_step` is at ins 3958, 57 from current instruction 3900
2026-10-10T19:52:44.820399+00:00 DEBUG aya_obj::relocation: relocating call to callee address 0x488 in section 2 (relocation) at instruction 3908
2026-10-10T19:52:44.820400+00:00 DEBUG aya_obj::relocation: callee is `honk_normalize_process_step`
2026-10-10T19:52:44.820401+00:00 DEBUG aya_obj::relocation: callee `honk_normalize_process_step` is at ins 3958, 49 from current instruction 3908
2026-10-10T19:52:44.820402+00:00 DEBUG aya_obj::relocation: relocating call to callee address 0x488 in section 2 (relocation) at instruction 3916
2026-10-10T19:52:44.820403+00:00 DEBUG aya_obj::relocation: callee is `honk_normalize_process_step`
2026-10-10T19:52:44.820404+00:00 DEBUG aya_obj::relocation: callee `honk_normalize_process_step` is at ins 3958, 41 from current instruction 3916
2026-10-10T19:52:44.820405+00:00 DEBUG aya_obj::relocation: relocating call to callee address 0x488 in section 2 (relocation) at instruction 3924
2026-10-10T19:52:44.820406+00:00 DEBUG aya_obj::relocation: callee is `honk_normalize_process_step`
2026-10-10T19:52:44.820407+00:00 DEBUG aya_obj::relocation: callee `honk_normalize_process_step` is at ins 3958, 33 from current instruction 3924
2026-10-10T19:52:44.820408+00:00 DEBUG aya_obj::relocation: relocating call to callee address 0x488 in section 2 (relocation) at instruction 3932
2026-10-10T19:52:44.820409+00:00 DEBUG aya_obj::relocation: callee is `honk_normalize_process_step`
2026-10-10T19:52:44.820410+00:00 DEBUG aya_obj::relocation: callee `honk_normalize_process_step` is at ins 3958, 25 from current instruction 3932
2026-10-10T19:52:44.820412+00:00 DEBUG aya_obj::relocation: relocating call to callee address 0x488 in section 2 (relocation) at instruction 3940
2026-10-10T19:52:44.820413+00:00 DEBUG aya_obj::relocation: callee is `honk_normalize_process_step`
2026-10-10T19:52:44.820414+00:00 DEBUG aya_obj::relocation: callee `honk_normalize_process_step` is at ins 3958, 17 from current instruction 3940
2026-10-10T19:52:44.820415+00:00 DEBUG aya_obj::relocation: relocating call to callee address 0x488 in section 2 (relocation) at instruction 3948
2026-10-10T19:52:44.820416+00:00 DEBUG aya_obj::relocation: callee is `honk_normalize_process_step`
2026-10-10T19:52:44.820417+00:00 DEBUG aya_obj::relocation: callee `honk_normalize_process_step` is at ins 3958, 9 from current instruction 3948
2026-10-10T19:52:44.820418+00:00 DEBUG aya_obj::relocation: relocating call to callee address 0x488 in section 2 (relocation) at instruction 3956
2026-10-10T19:52:44.820420+00:00 DEBUG aya_obj::relocation: callee is `honk_normalize_process_step`
2026-10-10T19:52:44.820421+00:00 DEBUG aya_obj::relocation: callee `honk_normalize_process_step` is at ins 3958, 1 from current instruction 3956
2026-10-10T19:52:44.820422+00:00 DEBUG aya_obj::relocation: finished relocating program `wan_egress_l3` function `honk_normalize_process_name`
2026-10-10T19:52:44.820423+00:00 DEBUG aya_obj::relocation: callee `honk_normalize_process_name` is at ins 3813, 2237 from current instruction 1575
2026-10-10T19:52:44.820424+00:00 DEBUG aya_obj::relocation: relocating call to callee address 0x1070 in section 2 (relocation) at instruction 1606
2026-10-10T19:52:44.820425+00:00 DEBUG aya_obj::relocation: callee is `honk_route_slot1`
2026-10-10T19:52:44.820426+00:00 DEBUG aya_obj::relocation: linked function `honk_route_slot1` at instruction 4275
2026-10-10T19:52:44.820427+00:00 DEBUG aya_obj::relocation: relocating program `wan_egress_l3` function `honk_route_slot1` size 64
2026-10-10T19:52:44.820429+00:00 DEBUG aya_obj::relocation: finished relocating program `wan_egress_l3` function `honk_route_slot1`
2026-10-10T19:52:44.820430+00:00 DEBUG aya_obj::relocation: callee `honk_route_slot1` is at ins 4275, 2668 from current instruction 1606
2026-10-10T19:52:44.820431+00:00 DEBUG aya_obj::relocation: relocating call to callee address 0xe70 in section 2 (relocation) at instruction 1610
2026-10-10T19:52:44.820432+00:00 DEBUG aya_obj::relocation: callee is `honk_route_slot0`
2026-10-10T19:52:44.820433+00:00 DEBUG aya_obj::relocation: linked function `honk_route_slot0` at instruction 4339
2026-10-10T19:52:44.820434+00:00 DEBUG aya_obj::relocation: relocating program `wan_egress_l3` function `honk_route_slot0` size 64
2026-10-10T19:52:44.820436+00:00 DEBUG aya_obj::relocation: finished relocating program `wan_egress_l3` function `honk_route_slot0`
2026-10-10T19:52:44.820437+00:00 DEBUG aya_obj::relocation: callee `honk_route_slot0` is at ins 4339, 2728 from current instruction 1610
2026-10-10T19:52:44.820440+00:00 DEBUG aya_obj::relocation: relocating call to callee address 0x14b8 in section 2 (relocation) at instruction 1756
2026-10-10T19:52:44.820441+00:00 DEBUG aya_obj::relocation: callee is `memset`
2026-10-10T19:52:44.820442+00:00 DEBUG aya_obj::relocation: callee `memset` is at ins 3320, 1563 from current instruction 1756
2026-10-10T19:52:44.820444+00:00 DEBUG aya_obj::relocation: relocating call to callee address 0xdc58 in section 2 (relocation) at instruction 1842
2026-10-10T19:52:44.820445+00:00 DEBUG aya_obj::relocation: callee is `_RNvNtCs2GI6VrNTxWR_9honk_ebpf8contrack15___mark_tcp_seen`
2026-10-10T19:52:44.820446+00:00 DEBUG aya_obj::relocation: callee `_RNvNtCs2GI6VrNTxWR_9honk_ebpf8contrack15___mark_tcp_seen` is at ins 3353, 1510 from current instruction 1842
2026-10-10T19:52:44.820448+00:00 DEBUG aya_obj::relocation: relocating call to callee address 0x0 in section 2 (relocation) at instruction 1937
2026-10-10T19:52:44.820449+00:00 DEBUG aya_obj::relocation: callee is `honk_normalize_process_name`
2026-10-10T19:52:44.820450+00:00 DEBUG aya_obj::relocation: callee `honk_normalize_process_name` is at ins 3813, 1875 from current instruction 1937
2026-10-10T19:52:44.820452+00:00 DEBUG aya_obj::relocation: relocating call to callee address 0x1070 in section 2 (relocation) at instruction 1968
2026-10-10T19:52:44.820453+00:00 DEBUG aya_obj::relocation: callee is `honk_route_slot1`
2026-10-10T19:52:44.820454+00:00 DEBUG aya_obj::relocation: callee `honk_route_slot1` is at ins 4275, 2306 from current instruction 1968
2026-10-10T19:52:44.820455+00:00 DEBUG aya_obj::relocation: relocating call to callee address 0xe70 in section 2 (relocation) at instruction 1972
2026-10-10T19:52:44.820456+00:00 DEBUG aya_obj::relocation: callee is `honk_route_slot0`
2026-10-10T19:52:44.820457+00:00 DEBUG aya_obj::relocation: callee `honk_route_slot0` is at ins 4339, 2366 from current instruction 1972
2026-10-10T19:52:44.820462+00:00 DEBUG aya_obj::relocation: relocating call to callee address 0x14b8 in section 2 (relocation) at instruction 2309
2026-10-10T19:52:44.820464+00:00 DEBUG aya_obj::relocation: callee is `memset`
2026-10-10T19:52:44.820465+00:00 DEBUG aya_obj::relocation: callee `memset` is at ins 3320, 1010 from current instruction 2309
2026-10-10T19:52:44.820467+00:00 DEBUG aya_obj::relocation: relocating call to callee address 0x10288 in section 2 (relocation) at instruction 2369
2026-10-10T19:52:44.820468+00:00 DEBUG aya_obj::relocation: callee is `_RNvNtCs2GI6VrNTxWR_9honk_ebpf8contrack15___mark_udp_seen`
2026-10-10T19:52:44.820469+00:00 DEBUG aya_obj::relocation: linked function `_RNvNtCs2GI6VrNTxWR_9honk_ebpf8contrack15___mark_udp_seen` at instruction 4403
2026-10-10T19:52:44.820470+00:00 DEBUG aya_obj::relocation: relocating program `wan_egress_l3` function `_RNvNtCs2GI6VrNTxWR_9honk_ebpf8contrack15___mark_udp_seen` size 401
2026-10-10T19:52:44.820473+00:00 DEBUG aya_obj::relocation: relocating call to callee address 0x14b8 in section 2 (relocation) at instruction 4534
2026-10-10T19:52:44.820474+00:00 DEBUG aya_obj::relocation: callee is `memset`
2026-10-10T19:52:44.820475+00:00 DEBUG aya_obj::relocation: callee `memset` is at ins 3320, -1215 from current instruction 4534
2026-10-10T19:52:44.820476+00:00 DEBUG aya_obj::relocation: relocating call to callee address 0x14b8 in section 2 (relocation) at instruction 4539
2026-10-10T19:52:44.820477+00:00 DEBUG aya_obj::relocation: callee is `memset`
2026-10-10T19:52:44.820478+00:00 DEBUG aya_obj::relocation: callee `memset` is at ins 3320, -1220 from current instruction 4539
2026-10-10T19:52:44.820480+00:00 DEBUG aya_obj::relocation: relocating call to callee address 0x14b8 in section 2 (relocation) at instruction 4626
2026-10-10T19:52:44.820481+00:00 DEBUG aya_obj::relocation: callee is `memset`
2026-10-10T19:52:44.820482+00:00 DEBUG aya_obj::relocation: callee `memset` is at ins 3320, -1307 from current instruction 4626
2026-10-10T19:52:44.820483+00:00 DEBUG aya_obj::relocation: relocating call to callee address 0x14b8 in section 2 (relocation) at instruction 4696
2026-10-10T19:52:44.820485+00:00 DEBUG aya_obj::relocation: callee is `memset`
2026-10-10T19:52:44.820485+00:00 DEBUG aya_obj::relocation: callee `memset` is at ins 3320, -1377 from current instruction 4696
2026-10-10T19:52:44.820488+00:00 DEBUG aya_obj::relocation: finished relocating program `wan_egress_l3` function `_RNvNtCs2GI6VrNTxWR_9honk_ebpf8contrack15___mark_udp_seen`
2026-10-10T19:52:44.820489+00:00 DEBUG aya_obj::relocation: callee `_RNvNtCs2GI6VrNTxWR_9honk_ebpf8contrack15___mark_udp_seen` is at ins 4403, 2033 from current instruction 2369
2026-10-10T19:52:44.820492+00:00 DEBUG aya_obj::relocation: relocating call to callee address 0x14b8 in section 2 (relocation) at instruction 2503
2026-10-10T19:52:44.820493+00:00 DEBUG aya_obj::relocation: callee is `memset`
2026-10-10T19:52:44.820494+00:00 DEBUG aya_obj::relocation: callee `memset` is at ins 3320, 816 from current instruction 2503
2026-10-10T19:52:44.820495+00:00 DEBUG aya_obj::relocation: relocating call to callee address 0x14b8 in section 2 (relocation) at instruction 2549
2026-10-10T19:52:44.820496+00:00 DEBUG aya_obj::relocation: callee is `memset`
2026-10-10T19:52:44.820497+00:00 DEBUG aya_obj::relocation: callee `memset` is at ins 3320, 770 from current instruction 2549
2026-10-10T19:52:44.820499+00:00 DEBUG aya_obj::relocation: relocating call to callee address 0x14b8 in section 2 (relocation) at instruction 2597
2026-10-10T19:52:44.820500+00:00 DEBUG aya_obj::relocation: callee is `memset`
2026-10-10T19:52:44.820501+00:00 DEBUG aya_obj::relocation: callee `memset` is at ins 3320, 722 from current instruction 2597
2026-10-10T19:52:44.820504+00:00 DEBUG aya_obj::relocation: relocating call to callee address 0x14b8 in section 2 (relocation) at instruction 2784
2026-10-10T19:52:44.820505+00:00 DEBUG aya_obj::relocation: callee is `memset`
2026-10-10T19:52:44.820506+00:00 DEBUG aya_obj::relocation: callee `memset` is at ins 3320, 535 from current instruction 2784
2026-10-10T19:52:44.820509+00:00 DEBUG aya_obj::relocation: relocating call to callee address 0x14b8 in section 2 (relocation) at instruction 2893
2026-10-10T19:52:44.820511+00:00 DEBUG aya_obj::relocation: callee is `memset`
2026-10-10T19:52:44.820512+00:00 DEBUG aya_obj::relocation: callee `memset` is at ins 3320, 426 from current instruction 2893
2026-10-10T19:52:44.820514+00:00 DEBUG aya_obj::relocation: relocating call to callee address 0x14b8 in section 2 (relocation) at instruction 2962
2026-10-10T19:52:44.820515+00:00 DEBUG aya_obj::relocation: callee is `memset`
2026-10-10T19:52:44.820516+00:00 DEBUG aya_obj::relocation: callee `memset` is at ins 3320, 357 from current instruction 2962
2026-10-10T19:52:44.820518+00:00 DEBUG aya_obj::relocation: relocating call to callee address 0x14b8 in section 2 (relocation) at instruction 3056
2026-10-10T19:52:44.820519+00:00 DEBUG aya_obj::relocation: callee is `memset`
2026-10-10T19:52:44.820520+00:00 DEBUG aya_obj::relocation: callee `memset` is at ins 3320, 263 from current instruction 3056
2026-10-10T19:52:44.820523+00:00 DEBUG aya_obj::relocation: relocating call to callee address 0x14b8 in section 2 (relocation) at instruction 3171
2026-10-10T19:52:44.820524+00:00 DEBUG aya_obj::relocation: callee is `memset`
2026-10-10T19:52:44.820525+00:00 DEBUG aya_obj::relocation: callee `memset` is at ins 3320, 148 from current instruction 3171
2026-10-10T19:52:44.820526+00:00 DEBUG aya_obj::relocation: relocating call to callee address 0x14b8 in section 2 (relocation) at instruction 3216
2026-10-10T19:52:44.820527+00:00 DEBUG aya_obj::relocation: callee is `memset`
2026-10-10T19:52:44.820536+00:00 DEBUG aya_obj::relocation: callee `memset` is at ins 3320, 103 from current instruction 3216
2026-10-10T19:52:44.820539+00:00 DEBUG aya_obj::relocation: finished relocating program `wan_egress_l3` function `wan_egress_l3`
2026-10-10T19:52:44.820659+00:00 DEBUG honk_core::ebpf::real::attach: pinned 'CONN_STATE_MAP'
2026-10-10T19:52:44.820665+00:00 DEBUG honk_core::ebpf::real::attach: pinned 'UDP_DECISION_EPOCH'
2026-10-10T19:52:44.820668+00:00 DEBUG honk_core::ebpf::real::attach: pinned 'EVENT_RINGBUF'
2026-10-10T19:52:44.820671+00:00 DEBUG honk_core::ebpf::real::attach: pinned 'UDP_DECISION_SCRATCH_MAP'
2026-10-10T19:52:44.820675+00:00 DEBUG honk_core::ebpf::real::attach: pinned 'UDP_DECISION_RETIRE_FENCE'
2026-10-10T19:52:44.820678+00:00 DEBUG honk_core::ebpf::real::attach: pinned 'BPF_STATS_MAP'
2026-10-10T19:52:44.820681+00:00 DEBUG honk_core::ebpf::real::attach: pinned 'DATAPATH_FLAGS_MAP'
2026-10-10T19:52:44.820684+00:00 DEBUG honk_core::ebpf::real::attach: pinned 'ROUTE_TRACE_MAP'
2026-10-10T19:52:44.820685+00:00 DEBUG honk_core::ebpf::real::attach: skipping internal map '.data'
2026-10-10T19:52:44.820688+00:00 DEBUG honk_core::ebpf::real::attach: pinned 'RECEIVE_TRACE'
2026-10-10T19:52:44.820691+00:00 DEBUG honk_core::ebpf::real::attach: pinned 'CONN_STATE_OCCUPANCY'
2026-10-10T19:52:44.820694+00:00 DEBUG honk_core::ebpf::real::attach: pinned 'UDP_DECISION_INFLIGHT'
2026-10-10T19:52:44.820697+00:00 DEBUG honk_core::ebpf::real::attach: pinned 'PKT_SCRATCH_KEY'
2026-10-10T19:52:44.820700+00:00 DEBUG honk_core::ebpf::real::attach: pinned 'COOKIE_PID_MAP'
2026-10-10T19:52:44.820703+00:00 DEBUG honk_core::ebpf::real::attach: pinned 'DATAPATH_STATE_MAP'
2026-10-10T19:52:44.820706+00:00 DEBUG honk_core::ebpf::real::attach: pinned 'CONNTRACK_ARGS_MAP'
2026-10-10T19:52:44.820709+00:00 DEBUG honk_core::ebpf::real::attach: pinned 'ROUTING_HANDOFF_MAP'
2026-10-10T19:52:44.820712+00:00 DEBUG honk_core::ebpf::real::attach: pinned 'LISTEN_SOCKET_MAP'
2026-10-10T19:52:44.820715+00:00 DEBUG honk_core::ebpf::real::attach: pinned 'ROUTING_POLICY_ROOT'
2026-10-10T19:52:44.820718+00:00 DEBUG honk_core::ebpf::real::attach: pinned 'OUTBOUND_CONNECTIVITY_MAP'
2026-10-10T19:52:44.820720+00:00 DEBUG honk_core::ebpf::real::attach: pinned 'ROUTE_TRACE_SEQUENCE'
2026-10-10T19:52:44.820723+00:00 DEBUG honk_core::ebpf::real::attach: pinned 'REDIRECT_TRACK'
2026-10-10T19:52:44.820726+00:00 DEBUG honk_core::ebpf::real::attach: pinned 'PARSE_CTX_MAP'
2026-10-10T19:52:44.820728+00:00 DEBUG honk_core::ebpf::real::attach: pinned 'OUTBOUND_STATS'
2026-10-10T19:52:44.820731+00:00 DEBUG honk_core::ebpf::real::attach: skipping internal map '.rodata'
2026-10-10T19:52:44.820734+00:00 DEBUG honk_core::ebpf::real::attach: pinned 'CLIENT_REPLY_TRACK'
2026-10-10T19:52:44.820735+00:00  INFO honk_core::ebpf::real::attach: process-name routing uses argv[0] basename
2026-10-10T19:52:44.826170+00:00  INFO honk_core::ebpf::real::attach: Attached 6 cgroup programs to /sys/fs/cgroup
2026-10-10T19:52:44.826532+00:00  INFO honk_core::ebpf::real::attach: Attaching eBPF TC programs to LAN interface: veth-lab (configured: veth-lab)
2026-10-10T19:52:44.917089+00:00 DEBUG honk_core::ebpf::real::attach: attached 'lan_ingress_l2' to veth-lab (Ingress) link_id=SchedClassifierLinkId(FdLinkId(FdLinkId(57)))
2026-10-10T19:52:44.929075+00:00 DEBUG honk_core::ebpf::real::attach: attached 'lan_egress_l2' to veth-lab (Egress) link_id=SchedClassifierLinkId(FdLinkId(FdLinkId(59)))
2026-10-10T19:52:45.008130+00:00 DEBUG honk_core::ebpf::real::attach: attached 'wan_egress_l2' to ens3 (Egress) link_id=SchedClassifierLinkId(FdLinkId(FdLinkId(61)))
2026-10-10T19:52:45.021083+00:00 DEBUG honk_core::ebpf::real::attach: attached 'wan_ingress_l2' to ens3 (Ingress) link_id=SchedClassifierLinkId(FdLinkId(FdLinkId(63)))
2026-10-10T19:52:45.029097+00:00  INFO honk_core::ebpf::real::attach: eBPF loaded and attached
2026-10-10T19:52:45.029105+00:00 DEBUG honk_core::ebpf::real::attach: eBPF logger init failed (no log statements or aya-log mismatch): AYA_LOGS not found
2026-10-10T19:52:45.042075+00:00 DEBUG honk_core::ebpf::real::attach: attached 'dae0_ingress' to dae0 (Ingress) link_id=SchedClassifierLinkId(FdLinkId(FdLinkId(65)))
2026-10-10T19:52:45.042098+00:00  INFO honk_core::ebpf::real: dae0_ingress attached and link held
2026-10-10T19:52:45.042102+00:00  INFO honk_core: dae0 programs attached
2026-10-10T19:52:45.048325+00:00 DEBUG honk_core::netlink: set_link_netns_fd ifindex=1106 fd_no=14 ok=true
2026-10-10T19:52:45.048336+00:00  INFO honk_core: Moved dae0peer to daens
2026-10-10T19:52:45.048780+00:00  INFO honk_core: Configured daens namespace (mark=0x8000000)
2026-10-10T19:52:45.048786+00:00  INFO honk_core: dae0peer moved to daens netns
2026-10-10T19:52:45.049545+00:00  INFO honk_core::ebpf::real: tproxy_sk_lookup attached to daens namespace
2026-10-10T19:52:45.049554+00:00  INFO honk_core: tproxy_sk_lookup attached in daens
2026-10-10T19:52:45.055073+00:00 DEBUG honk_core::ebpf::real::attach: attached 'dae0peer_ingress' to dae0peer (Ingress) link_id=SchedClassifierLinkId(FdLinkId(FdLinkId(70)))
2026-10-10T19:52:45.055082+00:00  INFO honk_core::ebpf::real: dae0peer_ingress attached and link held
2026-10-10T19:52:45.055087+00:00  INFO honk_core: dae0peer_ingress attached in daens
2026-10-10T19:52:45.055089+00:00  INFO honk_core: Using eBPF TC redirect datapath (tproxy_mark=0x8000000)
2026-10-10T19:52:45.056998+00:00  INFO honk_core: Router ready with 7 compiled routes
2026-10-10T19:52:45.057317+00:00  INFO honk_core: Proxy registry ready (11 handlers)
2026-10-10T19:52:45.057355+00:00  INFO honk_core: DNS upstream config: name=alidns addr=223.5.5.5:53 proto=Udp outbound=None
2026-10-10T19:52:45.057373+00:00  INFO honk_core: DNS forwarder ready
2026-10-10T19:52:45.057422+00:00  INFO honk_core::control::bootstrap: Registered 6/8 nodes for health check (2 skipped: not in any group)
2026-10-10T19:52:45.057512+00:00  INFO honk_core::control::bootstrap: Control-plane descriptor budget nofile=524288 fixed=256 tcp_flows=16384 tcp_max=32768 tcp_pool=2048 dials=64 dial_ceiling=1024 vless_carriers=8192 udp_endpoints=8192 udp_slow=256 dns_slow=256
2026-10-10T19:52:45.219763+00:00  INFO honk_core: DNS upstream pool attached to SharedGroupManager + traffic Router
2026-10-10T19:52:45.220862+00:00  INFO honk_core: Starting control plane listeners and accept loop
2026-10-10T19:52:45.220892+00:00  INFO honk_core: honk-core is running.
2026-10-10T19:52:45.221150+00:00  WARN honk_core::control::runtime: LAN self-protection coverage could not be confirmed; review explicit direct(must) rules for management access, excluding port 53 if transparent DNS is intended; configured routing is unchanged lan_interfaces=["veth-lab"] local_addresses=["10.10.10.49/32", "192.0.2.55/32", "192.168.222.1/32", "240e:3b6:32b0:24d0:2a0:98ff:fe04:2a4b/128", "240e:3b6:32b0:4500:2a0:98ff:fe04:2a4b/128", "fd00:abab::2a0:98ff:fe04:2a4b/128"]
2026-10-10T19:52:45.221198+00:00  INFO honk_core::control::lifecycle: Control plane listening for TPROXY TCPv4 on 0.0.0.0:12345
2026-10-10T19:52:45.221211+00:00  INFO honk_core::control::lifecycle: Control plane listening for TPROXY TCPv6 on [::]:12345
2026-10-10T19:52:45.221210+00:00  INFO honk_core::clash_api: clash API listening on http://127.0.0.1:9090
2026-10-10T19:52:45.221253+00:00  INFO honk_core::control::lifecycle: Control plane listening for TPROXY UDPv4 x4 on 0.0.0.0:12345
2026-10-10T19:52:45.221286+00:00  INFO honk_core::control::lifecycle: Control plane listening for TPROXY UDPv6 x4 on [::]:12345
2026-10-10T19:52:45.221292+00:00 DEBUG honk_core::ebpf::real: Published listener socket to LISTEN_SOCKET_MAP fd=92 key=0
2026-10-10T19:52:45.221295+00:00 DEBUG honk_core::ebpf::real: Published listener socket to LISTEN_SOCKET_MAP fd=93 key=1
2026-10-10T19:52:45.221297+00:00 DEBUG honk_core::ebpf::real: Published listener socket to LISTEN_SOCKET_MAP fd=95 key=2
2026-10-10T19:52:45.221298+00:00 DEBUG honk_core::ebpf::real: Published listener socket to LISTEN_SOCKET_MAP fd=94 key=3
2026-10-10T19:52:45.221300+00:00 DEBUG honk_core::ebpf::real: Published listener socket to LISTEN_SOCKET_MAP fd=96 key=4
2026-10-10T19:52:45.221303+00:00 DEBUG honk_core::ebpf::real: Published listener socket to LISTEN_SOCKET_MAP fd=97 key=5
2026-10-10T19:52:45.221306+00:00 DEBUG honk_core::ebpf::real: Published listener socket to LISTEN_SOCKET_MAP fd=98 key=6
2026-10-10T19:52:45.221308+00:00 DEBUG honk_core::ebpf::real: Published listener socket to LISTEN_SOCKET_MAP fd=99 key=7
2026-10-10T19:52:45.221311+00:00 DEBUG honk_core::ebpf::real: Published listener socket to LISTEN_SOCKET_MAP fd=100 key=8
2026-10-10T19:52:45.221313+00:00 DEBUG honk_core::ebpf::real: Published listener socket to LISTEN_SOCKET_MAP fd=101 key=9
2026-10-10T19:52:45.222395+00:00  INFO honk_core::control::janitor: BPF janitor: started (tick=2s; conn-state sweep is watermark-driven)
2026-10-10T19:52:45.227307+00:00  INFO honk_outbound::tls: TLS mode: tls (Chrome fingerprint=false)
2026-10-10T19:52:45.227336+00:00 DEBUG honk_outbound::alive: Health check DNS resolved '10.10.10.70' → 1 IPs
2026-10-10T19:52:45.227338+00:00  INFO honk_outbound::alive: HTTP health check enabled (url=http://10.10.10.70:8080, method=HEAD)
2026-10-10T19:52:45.227343+00:00  INFO honk_core::control::lifecycle: UDP health check enabled (dns=10.10.10.70:53539)
2026-10-10T19:52:45.227345+00:00  INFO honk_core::control::lifecycle: Starting health check loop (interval=3600s, timeout=5s)
2026-10-10T19:52:45.227359+00:00  INFO honk_core::control::drain: DrainTracker: accepting new connections again
2026-10-10T19:52:45.227394+00:00  INFO honk_core::control::preconnect: Preconnect warmup started for 2 nodes (max 4 concurrent)
2026-10-10T19:52:45.227460+00:00 DEBUG honk_core::control::runtime: resized TCP flow admission budget previous=16384 limit=24149 active_permits=0 open_fds=104
2026-10-10T19:52:45.227505+00:00  WARN honk_core::control::runtime: LAN self-protection coverage could not be confirmed; review explicit direct(must) rules for management access, excluding port 53 if transparent DNS is intended; configured routing is unchanged lan_interfaces=["veth-lab"] local_addresses=["10.10.10.49/32", "192.0.2.55/32", "192.168.222.1/32", "240e:3b6:32b0:24d0:2a0:98ff:fe04:2a4b/128", "240e:3b6:32b0:4500:2a0:98ff:fe04:2a4b/128", "fd00:abab::2a0:98ff:fe04:2a4b/128"]
2026-10-10T19:52:45.227687+00:00 DEBUG honk_outbound::session: pool dial task spawned id=0
2026-10-10T19:52:45.227788+00:00 DEBUG honk_outbound::session: offer parked on in-flight dial
2026-10-10T19:52:45.228024+00:00 DEBUG honk_outbound::proxy::shadowsocks: Shadowsocks: connecting to 10.10.10.70:2447 for target 10.10.10.70:8080
2026-10-10T19:52:45.228223+00:00 DEBUG honk_outbound::session: pool dial task spawned id=0
2026-10-10T19:52:45.228325+00:00 DEBUG honk_outbound::session: offer parked on in-flight dial
2026-10-10T19:52:45.229425+00:00 DEBUG honk_outbound::session: pool dial task spawned id=0
2026-10-10T19:52:45.229516+00:00 DEBUG honk_outbound::session: offer parked on in-flight dial
2026-10-10T19:52:45.229621+00:00 DEBUG honk_outbound::session: pool dial task spawned id=0
2026-10-10T19:52:45.229807+00:00 DEBUG honk_outbound::session: offer parked on in-flight dial
2026-10-10T19:52:45.233970+00:00 DEBUG honk_core::pool: Pool deposit: 10.10.10.70:2446 (1 total pooled)
2026-10-10T19:52:45.233982+00:00 DEBUG honk_core::pool: Pool deposit: 10.10.10.70:2447 (2 total pooled)
2026-10-10T19:52:45.233988+00:00 DEBUG honk_core::control::preconnect: Preconnect warmup: deposited connection to 10.10.10.70:2447
2026-10-10T19:52:45.234001+00:00 DEBUG honk_core::pool: Pool deposit: 10.10.10.70:2446 (3 total pooled)
2026-10-10T19:52:45.234002+00:00 DEBUG honk_core::control::preconnect: Preconnect warmup: deposited connection to 10.10.10.70:2446
2026-10-10T19:52:45.234024+00:00 DEBUG honk_outbound::urltest: HTTP probe dial established node=ss2022 addr=10.10.10.70:8080
2026-10-10T19:52:45.234040+00:00 DEBUG honk_core::pool: Pruned 0 expired pooled connections (3 remaining)
2026-10-10T19:52:45.234044+00:00 DEBUG honk_core::pool: Pool deposit: 10.10.10.70:2447 (4 total pooled)
2026-10-10T19:52:45.234173+00:00 DEBUG honk_outbound::proxy::anytls: AnyTLS: TCP connected to 10.10.10.70:2443
2026-10-10T19:52:45.234179+00:00 DEBUG honk_outbound::proxy::anytls: AnyTLS: TCP connected to 10.10.10.70:2445
2026-10-10T19:52:45.234185+00:00 DEBUG honk_outbound::proxy::anytls: AnyTLS: TCP connected to 10.10.10.70:2445
2026-10-10T19:52:45.234183+00:00 DEBUG honk_outbound::proxy::anytls: AnyTLS: TCP connected to 10.10.10.70:2443
2026-10-10T19:52:45.235496+00:00 DEBUG honk_outbound::alive::probe: HTTP health check succeeded for node 'ss2022' via 10.10.10.70:8080 (1ms)
2026-10-10T19:52:45.235506+00:00 DEBUG honk_outbound::alive::probe: Node 'ss2022' is alive after HTTP health check
2026-10-10T19:52:45.237199+00:00 DEBUG honk_outbound::proxy::anytls: AnyTLS: TLS handshake completed with 10.10.10.70:2445
2026-10-10T19:52:45.237220+00:00 DEBUG honk_outbound::proxy::anytls: AnyTLS session 1 for 10.10.10.70:2445 established
2026-10-10T19:52:45.237223+00:00 DEBUG honk_outbound::session: pool dial succeeded id=0
2026-10-10T19:52:45.237250+00:00 DEBUG honk_outbound::proxy::anytls: AnyTLS: multiplexing on session 1 (1 open stream(s))
2026-10-10T19:52:45.237254+00:00 DEBUG honk_outbound::proxy::anytls: AnyTLS session 1 opened direct sid=1
2026-10-10T19:52:45.237257+00:00 DEBUG honk_outbound::urltest: HTTP probe dial established node=anytls-sb addr=10.10.10.70:8080
2026-10-10T19:52:45.237302+00:00 DEBUG honk_outbound::proxy::anytls: AnyTLS: TLS handshake completed with 10.10.10.70:2443
2026-10-10T19:52:45.237315+00:00 DEBUG honk_outbound::proxy::anytls: AnyTLS session 2 for 10.10.10.70:2443 established
2026-10-10T19:52:45.237317+00:00 DEBUG honk_outbound::session: pool dial succeeded id=0
2026-10-10T19:52:45.237400+00:00 DEBUG honk_outbound::urltest: HTTP probe dial established node=tuic addr=10.10.10.70:8080
2026-10-10T19:52:45.238289+00:00 DEBUG honk_outbound::urltest: HTTP probe dial established node=trojan addr=10.10.10.70:8080
2026-10-10T19:52:45.238441+00:00 DEBUG honk_outbound::proxy::anytls: AnyTLS: TLS handshake completed with 10.10.10.70:2443
2026-10-10T19:52:45.238457+00:00 DEBUG honk_outbound::proxy::anytls: AnyTLS session 3 for 10.10.10.70:2443 established
2026-10-10T19:52:45.238460+00:00 DEBUG honk_outbound::session: pool dial succeeded id=0
2026-10-10T19:52:45.238477+00:00 DEBUG honk_outbound::proxy::anytls: AnyTLS: multiplexing on session 3 (1 open stream(s))
2026-10-10T19:52:45.238484+00:00 DEBUG honk_outbound::proxy::anytls: AnyTLS session 3 opened direct sid=1
2026-10-10T19:52:45.238486+00:00 DEBUG honk_outbound::urltest: HTTP probe dial established node=anytls-go addr=10.10.10.70:8080
2026-10-10T19:52:45.238562+00:00 DEBUG honk_outbound::proxy::anytls: AnyTLS session 1 sid=1 stream ended
2026-10-10T19:52:45.238567+00:00 DEBUG honk_outbound::proxy::anytls: AnyTLS session 1 sid=1 stream ended
2026-10-10T19:52:45.238580+00:00 DEBUG honk_outbound::proxy::anytls: AnyTLS session 1 for 10.10.10.70:2445 closed
2026-10-10T19:52:45.238603+00:00 DEBUG honk_outbound::alive::probe: HTTP health check succeeded for node 'anytls-sb' via 10.10.10.70:8080 (1ms)
2026-10-10T19:52:45.238607+00:00 DEBUG honk_outbound::alive::probe: Node 'anytls-sb' is alive after HTTP health check
2026-10-10T19:52:45.239042+00:00 DEBUG honk_outbound::alive::probe: HTTP health check succeeded for node 'tuic' via 10.10.10.70:8080 (1ms)
2026-10-10T19:52:45.239047+00:00 DEBUG honk_outbound::alive::probe: Node 'tuic' is alive after HTTP health check
2026-10-10T19:52:45.239639+00:00 DEBUG honk_outbound::proxy::anytls: AnyTLS: TLS handshake completed with 10.10.10.70:2445
2026-10-10T19:52:45.239668+00:00 DEBUG honk_outbound::proxy::anytls: AnyTLS session 4 for 10.10.10.70:2445 established
2026-10-10T19:52:45.239703+00:00 DEBUG honk_outbound::session: pool dial succeeded id=0
2026-10-10T19:52:45.239903+00:00 DEBUG honk_outbound::urltest: HTTP probe dial established node=hy2 addr=10.10.10.70:8080
2026-10-10T19:52:45.240089+00:00 DEBUG honk_outbound::alive::probe: HTTP health check succeeded for node 'trojan' via 10.10.10.70:8080 (1ms)
2026-10-10T19:52:45.240095+00:00 DEBUG honk_outbound::alive::probe: Node 'trojan' is alive after HTTP health check
2026-10-10T19:52:45.240127+00:00 DEBUG honk_outbound::proxy::anytls: AnyTLS session 3 sid=1 stream ended
2026-10-10T19:52:45.240130+00:00 DEBUG honk_outbound::proxy::anytls: AnyTLS session 3 sid=1 stream ended
2026-10-10T19:52:45.240135+00:00 DEBUG honk_outbound::proxy::anytls: AnyTLS session 3 for 10.10.10.70:2443 closed
2026-10-10T19:52:45.240169+00:00 DEBUG honk_outbound::alive::probe: HTTP health check succeeded for node 'anytls-go' via 10.10.10.70:8080 (1ms)
2026-10-10T19:52:45.240174+00:00 DEBUG honk_outbound::alive::probe: Node 'anytls-go' is alive after HTTP health check
2026-10-10T19:52:45.240959+00:00 DEBUG honk_outbound::alive::probe: HTTP health check succeeded for node 'hy2' via 10.10.10.70:8080 (1ms)
2026-10-10T19:52:45.240965+00:00 DEBUG honk_outbound::alive::probe: Node 'hy2' is alive after HTTP health check
2026-10-10T19:52:46.539822+00:00 DEBUG honk_outbound::urltest: HTTP probe dial established node=hy2 addr=10.10.10.70:8080
2026-10-10T19:52:46.540236+00:00 DEBUG honk_outbound::urltest: HTTP probe dial established node=tuic addr=10.10.10.70:8080
2026-10-10T19:52:46.540391+00:00 DEBUG honk_outbound::proxy::anytls: AnyTLS: multiplexing on session 4 (1 open stream(s))
2026-10-10T19:52:46.540409+00:00 DEBUG honk_outbound::proxy::anytls: AnyTLS session 4 opened direct sid=1
2026-10-10T19:52:46.540418+00:00 DEBUG honk_outbound::urltest: HTTP probe dial established node=anytls-sb addr=10.10.10.70:8080
2026-10-10T19:52:46.540631+00:00 DEBUG honk_outbound::proxy::anytls: AnyTLS: multiplexing on session 2 (1 open stream(s))
2026-10-10T19:52:46.540645+00:00 DEBUG honk_outbound::proxy::anytls: AnyTLS session 2 opened direct sid=1
2026-10-10T19:52:46.540651+00:00 DEBUG honk_outbound::urltest: HTTP probe dial established node=anytls-go addr=10.10.10.70:8080
2026-10-10T19:52:46.540719+00:00 DEBUG honk_outbound::proxy::shadowsocks: Shadowsocks: connecting to 10.10.10.70:2447 for target 10.10.10.70:8080
2026-10-10T19:52:46.541273+00:00 DEBUG honk_outbound::urltest: HTTP probe dial established node=ss2022 addr=10.10.10.70:8080
2026-10-10T19:52:46.542601+00:00 DEBUG honk_outbound::alive::probe: HTTP health check succeeded for node 'hy2' via 10.10.10.70:8080 (2ms)
2026-10-10T19:52:46.542637+00:00 DEBUG honk_outbound::alive::probe: Node 'hy2' is alive after HTTP health check
2026-10-10T19:52:46.543300+00:00 DEBUG honk_outbound::alive::probe: HTTP health check succeeded for node 'tuic' via 10.10.10.70:8080 (2ms)
2026-10-10T19:52:46.543314+00:00 DEBUG honk_outbound::alive::probe: Node 'tuic' is alive after HTTP health check
2026-10-10T19:52:46.544258+00:00 DEBUG honk_outbound::proxy::anytls: AnyTLS session 4 sid=1 stream ended
2026-10-10T19:52:46.544271+00:00 DEBUG honk_outbound::proxy::anytls: AnyTLS session 4 sid=1 stream ended
2026-10-10T19:52:46.544279+00:00 DEBUG honk_outbound::alive::probe: HTTP health check succeeded for node 'anytls-sb' via 10.10.10.70:8080 (3ms)
2026-10-10T19:52:46.544284+00:00 DEBUG honk_outbound::alive::probe: Node 'anytls-sb' is alive after HTTP health check
2026-10-10T19:52:46.544342+00:00 DEBUG honk_outbound::proxy::anytls: AnyTLS session 4 opened uot sid=2
2026-10-10T19:52:46.544482+00:00 DEBUG honk_outbound::alive::probe: UDP health check succeeded for node 'hy2' (1ms)
2026-10-10T19:52:46.544818+00:00 DEBUG honk_outbound::proxy::anytls: AnyTLS session 2 sid=1 stream ended
2026-10-10T19:52:46.544847+00:00 DEBUG honk_outbound::proxy::anytls: AnyTLS session 2 sid=1 stream ended
2026-10-10T19:52:46.544857+00:00 DEBUG honk_outbound::alive::probe: HTTP health check succeeded for node 'anytls-go' via 10.10.10.70:8080 (4ms)
2026-10-10T19:52:46.544863+00:00 DEBUG honk_outbound::alive::probe: Node 'anytls-go' is alive after HTTP health check
2026-10-10T19:52:46.544910+00:00 DEBUG honk_outbound::proxy::anytls: AnyTLS session 2 opened uot sid=2
2026-10-10T19:52:46.544981+00:00 DEBUG honk_outbound::urltest: HTTP probe dial established node=trojan addr=10.10.10.70:8080
2026-10-10T19:52:46.545666+00:00 DEBUG honk_outbound::alive::probe: HTTP health check succeeded for node 'ss2022' via 10.10.10.70:8080 (4ms)
2026-10-10T19:52:46.545681+00:00 DEBUG honk_outbound::alive::probe: Node 'ss2022' is alive after HTTP health check
2026-10-10T19:52:46.545787+00:00 DEBUG honk_outbound::proxy::shadowsocks: Shadowsocks UDP: session to 10.10.10.70:2447 for target 10.10.10.70:53539
2026-10-10T19:52:46.546032+00:00 DEBUG honk_outbound::alive::probe: UDP health check succeeded for node 'tuic' (2ms)
2026-10-10T19:52:46.546407+00:00 DEBUG honk_outbound::proxy::anytls: AnyTLS session 4 sid=2 uot stream ended
2026-10-10T19:52:46.546418+00:00 DEBUG honk_outbound::alive::probe: UDP health check succeeded for node 'anytls-sb' (2ms)
2026-10-10T19:52:46.546557+00:00 DEBUG honk_outbound::alive::probe: HTTP health check succeeded for node 'trojan' via 10.10.10.70:8080 (1ms)
2026-10-10T19:52:46.546566+00:00 DEBUG honk_outbound::alive::probe: Node 'trojan' is alive after HTTP health check
2026-10-10T19:52:46.546692+00:00 DEBUG honk_outbound::proxy::anytls: AnyTLS session 2 sid=2 uot stream ended
2026-10-10T19:52:46.546701+00:00 DEBUG honk_outbound::alive::probe: UDP health check succeeded for node 'anytls-go' (1ms)
2026-10-10T19:52:46.547013+00:00 DEBUG honk_outbound::proxy::shadowsocks::aead2022: Shadowsocks 2022 UDP: new server session a25746209ca7c64f
2026-10-10T19:52:46.547035+00:00 DEBUG honk_outbound::alive::probe: UDP health check succeeded for node 'ss2022' (1ms)
2026-10-10T19:52:46.551239+00:00 DEBUG honk_outbound::alive::probe: UDP health check succeeded for node 'trojan' (4ms)
2026-10-10T19:52:48.817371+00:00 DEBUG honk_core::control::connection::tcp: TPROXY TCP connection from 192.168.222.2:33706
2026-10-10T19:52:48.817403+00:00 DEBUG honk_core::control::connection::tcp: Original destination: 10.10.10.70:8001
2026-10-10T19:52:48.817427+00:00 DEBUG honk_core::routing: Connection 10.10.10.70:8001 matched rule 'rule-1' → 'proxy-hy2' (must=false, mark=0)
2026-10-10T19:52:48.817429+00:00 DEBUG honk_core::control::connection::routing: eBPF routing handoff outbound=2 mark=0 must=0 dscp=0 decision_token=0
2026-10-10T19:52:48.817458+00:00 DEBUG honk_core::control::connection::tcp::dial: Fresh TCP connect to 10.10.10.70:8443 for 10.10.10.70:8001
2026-10-10T19:52:48.817485+00:00 DEBUG honk_core::control::connection::tcp: TCP connection: 192.168.222.2:33706 <-> 10.10.10.70:8001 network="tcp" outbound=proxy-hy2 dialer=hy2 sniffed="" ip=10.10.10.70:8001 dscp=0 src=192.168.222.2:33706
2026-10-10T19:52:48.817493+00:00 DEBUG honk_core::relay: TCP relay started: 192.168.222.2:33706 → 10.10.10.70:8001
2026-10-10T19:52:48.820240+00:00 DEBUG honk_core::relay: TCP relay complete: 192.168.222.2:33706 → 10.10.10.70:8001 (1305 bytes in 2ms)
2026-10-10T19:52:48.820266+00:00 DEBUG honk_core::control::connection::handoff: TCP flow conn-state retired removed=1 self.tuples=TuplesKey { src_ip: ::ffff:2.222.168.192, dst_ip: ::ffff:70.10.10.10, src_port: 33706, dst_port: 8001, l4proto: 6 }
2026-10-10T19:52:48.820334+00:00 DEBUG honk_core::control::connection::tcp: TPROXY TCP connection from 192.168.222.2:52846
2026-10-10T19:52:48.820339+00:00 DEBUG honk_core::control::connection::tcp: Original destination: 10.10.10.70:8002
2026-10-10T19:52:48.820346+00:00 DEBUG honk_core::routing: Connection 10.10.10.70:8002 matched rule 'rule-2' → 'proxy-tuic' (must=false, mark=0)
2026-10-10T19:52:48.820348+00:00 DEBUG honk_core::control::connection::routing: eBPF routing handoff outbound=3 mark=0 must=0 dscp=0 decision_token=0
2026-10-10T19:52:48.820365+00:00 DEBUG honk_core::control::connection::tcp::dial: Fresh TCP connect to 10.10.10.70:2444 for 10.10.10.70:8002
2026-10-10T19:52:48.820386+00:00 DEBUG honk_core::control::connection::tcp: TCP connection: 192.168.222.2:52846 <-> 10.10.10.70:8002 network="tcp" outbound=proxy-tuic dialer=tuic sniffed="" ip=10.10.10.70:8002 dscp=0 src=192.168.222.2:52846
2026-10-10T19:52:48.820392+00:00 DEBUG honk_core::relay: TCP relay started: 192.168.222.2:52846 → 10.10.10.70:8002
2026-10-10T19:52:48.822292+00:00 DEBUG honk_core::relay: TCP relay complete: 192.168.222.2:52846 → 10.10.10.70:8002 (1305 bytes in 1ms)
2026-10-10T19:52:48.822315+00:00 DEBUG honk_core::control::connection::handoff: TCP flow conn-state retired removed=1 self.tuples=TuplesKey { src_ip: ::ffff:2.222.168.192, dst_ip: ::ffff:70.10.10.10, src_port: 52846, dst_port: 8002, l4proto: 6 }
2026-10-10T19:52:48.822367+00:00 DEBUG honk_core::control::connection::tcp: TPROXY TCP connection from 192.168.222.2:34664
2026-10-10T19:52:48.822372+00:00 DEBUG honk_core::control::connection::tcp: Original destination: 10.10.10.70:8003
2026-10-10T19:52:48.822379+00:00 DEBUG honk_core::routing: Connection 10.10.10.70:8003 matched rule 'rule-3' → 'proxy-ss2022' (must=false, mark=0)
2026-10-10T19:52:48.822380+00:00 DEBUG honk_core::control::connection::routing: eBPF routing handoff outbound=4 mark=0 must=0 dscp=0 decision_token=0
2026-10-10T19:52:48.822397+00:00 DEBUG honk_core::control::connection::tcp::dial: Pooled TCP to 10.10.10.70:2447 acquired for 10.10.10.70:8003
2026-10-10T19:52:48.822442+00:00 DEBUG honk_core::control::connection::tcp: TCP connection: 192.168.222.2:34664 <-> 10.10.10.70:8003 network="tcp" outbound=proxy-ss2022 dialer=ss2022 sniffed="" ip=10.10.10.70:8003 dscp=0 src=192.168.222.2:34664
2026-10-10T19:52:48.822446+00:00 DEBUG honk_core::relay: TCP relay started: 192.168.222.2:34664 → 10.10.10.70:8003
2026-10-10T19:52:48.823722+00:00 DEBUG honk_core::relay: TCP relay complete: 192.168.222.2:34664 → 10.10.10.70:8003 (1305 bytes in 1ms)
2026-10-10T19:52:48.823732+00:00 DEBUG honk_core::control::connection::handoff: TCP flow conn-state retired removed=1 self.tuples=TuplesKey { src_ip: ::ffff:2.222.168.192, dst_ip: ::ffff:70.10.10.10, src_port: 34664, dst_port: 8003, l4proto: 6 }
2026-10-10T19:52:48.823784+00:00 DEBUG honk_core::control::connection::tcp: TPROXY TCP connection from 192.168.222.2:40680
2026-10-10T19:52:48.823789+00:00 DEBUG honk_core::control::connection::tcp: Original destination: 10.10.10.70:8004
2026-10-10T19:52:48.823794+00:00 DEBUG honk_core::routing: Connection 10.10.10.70:8004 matched rule 'rule-4' → 'proxy-trojan' (must=false, mark=0)
2026-10-10T19:52:48.823796+00:00 DEBUG honk_core::control::connection::routing: eBPF routing handoff outbound=5 mark=0 must=0 dscp=0 decision_token=0
2026-10-10T19:52:48.823807+00:00 DEBUG honk_core::control::connection::tcp::dial: Pooled TCP to 10.10.10.70:2446 acquired for 10.10.10.70:8004
2026-10-10T19:52:48.823940+00:00 DEBUG honk_core::pool: Pool deposit: 10.10.10.70:2447 (3 total pooled)
2026-10-10T19:52:48.826245+00:00 DEBUG honk_core::control::connection::tcp: TCP connection: 192.168.222.2:40680 <-> 10.10.10.70:8004 network="tcp" outbound=proxy-trojan dialer=trojan sniffed="" ip=10.10.10.70:8004 dscp=0 src=192.168.222.2:40680
2026-10-10T19:52:48.826258+00:00 DEBUG honk_core::relay: TCP relay started: 192.168.222.2:40680 → 10.10.10.70:8004
2026-10-10T19:52:48.827176+00:00 DEBUG honk_core::relay: TCP relay complete: 192.168.222.2:40680 → 10.10.10.70:8004 (1305 bytes in 0ms)
2026-10-10T19:52:48.827194+00:00 DEBUG honk_core::control::connection::handoff: TCP flow conn-state retired removed=1 self.tuples=TuplesKey { src_ip: ::ffff:2.222.168.192, dst_ip: ::ffff:70.10.10.10, src_port: 40680, dst_port: 8004, l4proto: 6 }
2026-10-10T19:52:48.827224+00:00 DEBUG honk_core::control::connection::tcp: TPROXY TCP connection from 192.168.222.2:33398
2026-10-10T19:52:48.827228+00:00 DEBUG honk_core::control::connection::tcp: Original destination: 10.10.10.70:8005
2026-10-10T19:52:48.827233+00:00 DEBUG honk_core::routing: Connection 10.10.10.70:8005 matched rule 'rule-5' → 'proxy-anytls-sb' (must=false, mark=0)
2026-10-10T19:52:48.827234+00:00 DEBUG honk_core::control::connection::routing: eBPF routing handoff outbound=6 mark=0 must=0 dscp=0 decision_token=0
2026-10-10T19:52:48.827242+00:00 DEBUG honk_core::control::connection::tcp::dial: Fresh TCP connect to 10.10.10.70:2445 for 10.10.10.70:8005
2026-10-10T19:52:48.827249+00:00 DEBUG honk_outbound::proxy::anytls: AnyTLS: multiplexing on session 4 (1 open stream(s))
2026-10-10T19:52:48.827253+00:00 DEBUG honk_outbound::proxy::anytls: AnyTLS session 4 opened direct sid=3
2026-10-10T19:52:48.827260+00:00 DEBUG honk_core::control::connection::tcp: TCP connection: 192.168.222.2:33398 <-> 10.10.10.70:8005 network="tcp" outbound=proxy-anytls-sb dialer=anytls-sb sniffed="" ip=10.10.10.70:8005 dscp=0 src=192.168.222.2:33398
2026-10-10T19:52:48.827264+00:00 DEBUG honk_core::relay: TCP relay started: 192.168.222.2:33398 → 10.10.10.70:8005
2026-10-10T19:52:48.828214+00:00 DEBUG honk_outbound::proxy::anytls: AnyTLS session 4 sid=3 stream ended
2026-10-10T19:52:48.828227+00:00 DEBUG honk_core::relay: TCP relay complete: 192.168.222.2:33398 → 10.10.10.70:8005 (1305 bytes in 0ms)
2026-10-10T19:52:48.828229+00:00 DEBUG honk_outbound::proxy::anytls: AnyTLS session 4 sid=3 stream ended
2026-10-10T19:52:48.828232+00:00 DEBUG honk_core::control::connection::handoff: TCP flow conn-state retired removed=1 self.tuples=TuplesKey { src_ip: ::ffff:2.222.168.192, dst_ip: ::ffff:70.10.10.10, src_port: 33398, dst_port: 8005, l4proto: 6 }
2026-10-10T19:52:48.828282+00:00 DEBUG honk_core::control::connection::tcp: TPROXY TCP connection from 192.168.222.2:44594
2026-10-10T19:52:48.828292+00:00 DEBUG honk_core::control::connection::tcp: Original destination: 10.10.10.70:8006
2026-10-10T19:52:48.828299+00:00 DEBUG honk_core::routing: Connection 10.10.10.70:8006 matched rule 'rule-6' → 'proxy-anytls-go' (must=false, mark=0)
2026-10-10T19:52:48.828300+00:00 DEBUG honk_core::control::connection::routing: eBPF routing handoff outbound=7 mark=0 must=0 dscp=0 decision_token=0
2026-10-10T19:52:48.828313+00:00 DEBUG honk_core::control::connection::tcp::dial: Fresh TCP connect to 10.10.10.70:2443 for 10.10.10.70:8006
2026-10-10T19:52:48.828319+00:00 DEBUG honk_outbound::proxy::anytls: AnyTLS: multiplexing on session 2 (1 open stream(s))
2026-10-10T19:52:48.828322+00:00 DEBUG honk_outbound::proxy::anytls: AnyTLS session 2 opened direct sid=3
2026-10-10T19:52:48.828331+00:00 DEBUG honk_core::control::connection::tcp: TCP connection: 192.168.222.2:44594 <-> 10.10.10.70:8006 network="tcp" outbound=proxy-anytls-go dialer=anytls-go sniffed="" ip=10.10.10.70:8006 dscp=0 src=192.168.222.2:44594
2026-10-10T19:52:48.828335+00:00 DEBUG honk_core::relay: TCP relay started: 192.168.222.2:44594 → 10.10.10.70:8006
2026-10-10T19:52:48.829493+00:00 DEBUG honk_core::control::connection::udp: UDP datagram from 192.168.222.2:39629 -> 10.10.10.70:53531 (15 bytes, decision token 0)
2026-10-10T19:52:48.829502+00:00 DEBUG honk_core::routing: Connection 10.10.10.70:53531 matched rule 'rule-1' → 'proxy-hy2' (must=false, mark=0)
2026-10-10T19:52:48.829507+00:00 DEBUG honk_core::control::connection::routing: eBPF routing handoff outbound=2 mark=0 must=0 dscp=0 decision_token=0
2026-10-10T19:52:48.829611+00:00 DEBUG honk_outbound::proxy::anytls: AnyTLS session 2 sid=3 stream ended
2026-10-10T19:52:48.829634+00:00 DEBUG honk_core::relay: TCP relay complete: 192.168.222.2:44594 → 10.10.10.70:8006 (1305 bytes in 1ms)
2026-10-10T19:52:48.829636+00:00 DEBUG honk_outbound::proxy::anytls: AnyTLS session 2 sid=3 stream ended
2026-10-10T19:52:48.829636+00:00 DEBUG honk_core::control::connection::udp: UDP connection: 192.168.222.2:39629 -> 10.10.10.70:53531 via hy2 (endpoint driver ready) network="udp" outbound=proxy-hy2 dialer=hy2 sniffed="" ip=10.10.10.70:53531 src=192.168.222.2:39629
2026-10-10T19:52:48.829641+00:00 DEBUG honk_core::control::connection::handoff: TCP flow conn-state retired removed=1 self.tuples=TuplesKey { src_ip: ::ffff:2.222.168.192, dst_ip: ::ffff:70.10.10.10, src_port: 44594, dst_port: 8006, l4proto: 6 }
2026-10-10T19:52:48.830230+00:00 DEBUG honk_core::control::connection::udp: UDP datagram from 192.168.222.2:46933 -> 10.10.10.70:53532 (15 bytes, decision token 0)
2026-10-10T19:52:48.830238+00:00 DEBUG honk_core::routing: Connection 10.10.10.70:53532 matched rule 'rule-2' → 'proxy-tuic' (must=false, mark=0)
2026-10-10T19:52:48.830240+00:00 DEBUG honk_core::control::connection::routing: eBPF routing handoff outbound=3 mark=0 must=0 dscp=0 decision_token=0
2026-10-10T19:52:48.830328+00:00 DEBUG honk_core::control::connection::udp: UDP connection: 192.168.222.2:46933 -> 10.10.10.70:53532 via tuic (endpoint driver ready) network="udp" outbound=proxy-tuic dialer=tuic sniffed="" ip=10.10.10.70:53532 src=192.168.222.2:46933
2026-10-10T19:52:48.830808+00:00 DEBUG honk_core::control::connection::udp: UDP datagram from 192.168.222.2:53994 -> 10.10.10.70:53533 (15 bytes, decision token 0)
2026-10-10T19:52:48.830815+00:00 DEBUG honk_core::routing: Connection 10.10.10.70:53533 matched rule 'rule-3' → 'proxy-ss2022' (must=false, mark=0)
2026-10-10T19:52:48.830817+00:00 DEBUG honk_core::control::connection::routing: eBPF routing handoff outbound=4 mark=0 must=0 dscp=0 decision_token=0
2026-10-10T19:52:48.830846+00:00 DEBUG honk_outbound::proxy::shadowsocks: Shadowsocks UDP: session to 10.10.10.70:2447 for target 10.10.10.70:53533
2026-10-10T19:52:48.830923+00:00 DEBUG honk_core::control::connection::udp: UDP connection: 192.168.222.2:53994 -> 10.10.10.70:53533 via ss2022 (endpoint driver ready) network="udp" outbound=proxy-ss2022 dialer=ss2022 sniffed="" ip=10.10.10.70:53533 src=192.168.222.2:53994
2026-10-10T19:52:48.831408+00:00 DEBUG honk_outbound::proxy::shadowsocks::aead2022: Shadowsocks 2022 UDP: new server session 84732ea081bae446
2026-10-10T19:52:48.831458+00:00 DEBUG honk_core::control::connection::udp: UDP datagram from 192.168.222.2:46617 -> 10.10.10.70:53534 (15 bytes, decision token 0)
2026-10-10T19:52:48.831463+00:00 DEBUG honk_core::routing: Connection 10.10.10.70:53534 matched rule 'rule-4' → 'proxy-trojan' (must=false, mark=0)
2026-10-10T19:52:48.831465+00:00 DEBUG honk_core::control::connection::routing: eBPF routing handoff outbound=5 mark=0 must=0 dscp=0 decision_token=0
2026-10-10T19:52:48.836893+00:00 DEBUG honk_core::control::connection::udp: UDP connection: 192.168.222.2:46617 -> 10.10.10.70:53534 via trojan (endpoint driver ready) network="udp" outbound=proxy-trojan dialer=trojan sniffed="" ip=10.10.10.70:53534 src=192.168.222.2:46617
2026-10-10T19:52:48.837306+00:00 DEBUG honk_core::control::connection::udp: UDP datagram from 192.168.222.2:57123 -> 10.10.10.70:53535 (15 bytes, decision token 0)
2026-10-10T19:52:48.837320+00:00 DEBUG honk_core::routing: Connection 10.10.10.70:53535 matched rule 'rule-5' → 'proxy-anytls-sb' (must=false, mark=0)
2026-10-10T19:52:48.837323+00:00 DEBUG honk_core::control::connection::routing: eBPF routing handoff outbound=6 mark=0 must=0 dscp=0 decision_token=0
2026-10-10T19:52:48.837352+00:00 DEBUG honk_outbound::proxy::anytls: AnyTLS session 4 opened uot sid=4
2026-10-10T19:52:48.837484+00:00 DEBUG honk_core::control::connection::udp: UDP connection: 192.168.222.2:57123 -> 10.10.10.70:53535 via anytls-sb (endpoint driver ready) network="udp" outbound=proxy-anytls-sb dialer=anytls-sb sniffed="" ip=10.10.10.70:53535 src=192.168.222.2:57123
2026-10-10T19:52:48.838053+00:00 DEBUG honk_core::control::connection::udp: UDP datagram from 192.168.222.2:60036 -> 10.10.10.70:53536 (15 bytes, decision token 0)
2026-10-10T19:52:48.838092+00:00 DEBUG honk_core::routing: Connection 10.10.10.70:53536 matched rule 'rule-6' → 'proxy-anytls-go' (must=false, mark=0)
2026-10-10T19:52:48.838097+00:00 DEBUG honk_core::control::connection::routing: eBPF routing handoff outbound=7 mark=0 must=0 dscp=0 decision_token=0
2026-10-10T19:52:48.838128+00:00 DEBUG honk_outbound::proxy::anytls: AnyTLS session 2 opened uot sid=4
2026-10-10T19:52:48.838254+00:00 DEBUG honk_core::control::connection::udp: UDP connection: 192.168.222.2:60036 -> 10.10.10.70:53536 via anytls-go (endpoint driver ready) network="udp" outbound=proxy-anytls-go dialer=anytls-go sniffed="" ip=10.10.10.70:53536 src=192.168.222.2:60036
2026-10-10T19:52:48.857044+00:00  INFO honk_core: Received SIGINT, shutting down...
2026-10-10T19:52:48.857092+00:00  INFO honk_core::control::drain: DrainTracker: rejecting new connections
2026-10-10T19:52:48.857778+00:00 DEBUG honk_core::ebpf::real::iface_watch: interface watcher stopped
2026-10-10T19:52:48.857800+00:00  INFO honk_core::ebpf::real: Detaching BPF hooks (lan_ingress, lan_egress, wan_egress, wan_ingress, bond slaves, bridge slaves, cgroup, dae0, sk_lookup)
2026-10-10T19:52:48.898142+00:00  INFO honk_core::ebpf::real: BPF hooks detached, network restored
2026-10-10T19:52:48.898203+00:00  INFO honk_core::control::drain: DrainTracker: rejecting new connections
2026-10-10T19:52:48.898207+00:00  INFO honk_core::control::drain: DrainTracker: no active connections to drain
2026-10-10T19:52:48.898360+00:00 DEBUG honk_core::control::udp_endpoint::driver: UDP endpoint driver 192.168.222.2:60036 -> 10.10.10.70:53536 stopped: UDP endpoint queue closed
2026-10-10T19:52:48.898377+00:00 DEBUG honk_outbound::proxy::anytls: AnyTLS session 2 sid=4 uot stream ended
2026-10-10T19:52:48.898403+00:00 DEBUG honk_core::control::udp_endpoint::driver: UDP endpoint driver 192.168.222.2:46617 -> 10.10.10.70:53534 stopped: UDP endpoint queue closed
2026-10-10T19:52:48.898532+00:00 DEBUG honk_core::control::udp_endpoint::driver: UDP endpoint driver 192.168.222.2:53994 -> 10.10.10.70:53533 stopped: UDP endpoint queue closed
2026-10-10T19:52:48.898548+00:00 DEBUG honk_core::control::udp_endpoint::driver: UDP endpoint driver 192.168.222.2:39629 -> 10.10.10.70:53531 stopped: UDP endpoint queue closed
2026-10-10T19:52:48.898558+00:00 DEBUG honk_core::control::udp_endpoint::driver: UDP endpoint driver 192.168.222.2:57123 -> 10.10.10.70:53535 stopped: UDP endpoint queue closed
2026-10-10T19:52:48.898562+00:00 DEBUG honk_outbound::proxy::anytls: AnyTLS session 4 sid=4 uot stream ended
2026-10-10T19:52:48.898570+00:00 DEBUG honk_core::control::udp_endpoint::driver: UDP endpoint driver 192.168.222.2:46933 -> 10.10.10.70:53532 stopped: UDP endpoint queue closed
2026-10-10T19:52:48.937316+00:00 DEBUG honk_outbound::proxy::anytls: AnyTLS session 4 for 10.10.10.70:2445 closed
2026-10-10T19:52:48.937383+00:00 DEBUG honk_outbound::proxy::anytls: AnyTLS session 2 for 10.10.10.70:2443 closed
2026-10-10T19:52:48.937511+00:00  INFO honk_core::control::shutdown: shutdown: stopping DNS controller
2026-10-10T19:52:48.937876+00:00  INFO honk_core::control::shutdown: shutdown: cleaning up eBPF backend
2026-10-10T19:52:48.937888+00:00  INFO honk_core::ebpf::real: Detaching BPF hooks (lan_ingress, lan_egress, wan_egress, wan_ingress, bond slaves, bridge slaves, cgroup, dae0, sk_lookup)
2026-10-10T19:52:48.937895+00:00  INFO honk_core::ebpf::real: BPF hooks detached, network restored
2026-10-10T19:52:49.140518+00:00  INFO honk_core::control::shutdown: Control plane stopped
2026-10-10T19:52:49.140870+00:00  INFO honk_core: honk-core stopped
2026-10-10T19:52:49.140932+00:00  INFO honk_core: Cleaning up dae0 side effects
2026-10-10T19:52:49.159235+00:00  INFO honk_core::ebpf::real: Detaching BPF hooks (lan_ingress, lan_egress, wan_egress, wan_ingress, bond slaves, bridge slaves, cgroup, dae0, sk_lookup)
2026-10-10T19:52:49.159266+00:00  INFO honk_core::ebpf::real: BPF hooks detached, network restored
